[
    {
        "id": 31452,
        "statement": "of the professional sport team in wenatchee , washington , the wenatchee applesox have be in the most number of championship",
        "label": 1,
        "table_caption": "wenatchee , washington",
        "table_text": "club#sport#league#venue#established#championships\nwenatchee fire fc#indoor soccer#premier arena soccer league#wenatchee valley sportsplex#2008#0\nwenatchee applesox#baseball#west coast league#paul thomas sr field#2000#6\nwenatchee united fc#soccer#evergreen premier league#apple bowl#2013#0\nwenatchee wild#ice hockey#north american hockey league#town toyota center#2008#0\nwenatchee valley rams#football#washington football league#wildcat stadium#2005#2\n",
        "pandas_code": "df[df['club'] == 'wenatchee applesox']['championships'].max() == df['championships'].max()",
        "pandas_eval": "True"
    },
    {
        "id": 31453,
        "statement": "of the professional sport team in wenatchee , washington , the oldest be the wenatchee applesox",
        "label": 1,
        "table_caption": "wenatchee , washington",
        "table_text": "club#sport#league#venue#established#championships\nwenatchee fire fc#indoor soccer#premier arena soccer league#wenatchee valley sportsplex#2008#0\nwenatchee applesox#baseball#west coast league#paul thomas sr field#2000#6\nwenatchee united fc#soccer#evergreen premier league#apple bowl#2013#0\nwenatchee wild#ice hockey#north american hockey league#town toyota center#2008#0\nwenatchee valley rams#football#washington football league#wildcat stadium#2005#2\n",
        "pandas_code": "df[df['club'] == 'wenatchee applesox']['established'].min() == df['established'].min()",
        "pandas_eval": "True"
    },
    {
        "id": 31454,
        "statement": "of the professional sport team in wenatchee , washington , the newest be the wenatchee unite fc",
        "label": 1,
        "table_caption": "wenatchee , washington",
        "table_text": "club#sport#league#venue#established#championships\nwenatchee fire fc#indoor soccer#premier arena soccer league#wenatchee valley sportsplex#2008#0\nwenatchee applesox#baseball#west coast league#paul thomas sr field#2000#6\nwenatchee united fc#soccer#evergreen premier league#apple bowl#2013#0\nwenatchee wild#ice hockey#north american hockey league#town toyota center#2008#0\nwenatchee valley rams#football#washington football league#wildcat stadium#2005#2\n",
        "pandas_code": "df[df['club'] == 'wenatchee united fc']['established'].max() == df['established'].max()",
        "pandas_eval": "True"
    },
    {
        "id": 31455,
        "statement": "of the professional sport team in wenatchee , washington , 3 have never be to a championship",
        "label": 1,
        "table_caption": "wenatchee , washington",
        "table_text": "club#sport#league#venue#established#championships\nwenatchee fire fc#indoor soccer#premier arena soccer league#wenatchee valley sportsplex#2008#0\nwenatchee applesox#baseball#west coast league#paul thomas sr field#2000#6\nwenatchee united fc#soccer#evergreen premier league#apple bowl#2013#0\nwenatchee wild#ice hockey#north american hockey league#town toyota center#2008#0\nwenatchee valley rams#football#washington football league#wildcat stadium#2005#2\n",
        "pandas_code": "(df['championships'] == 0).sum() == 3",
        "pandas_eval": "True"
    },
    {
        "id": 31456,
        "statement": "of the professional sport team in wenatchee , washington , all have wenatchee in their name",
        "label": 1,
        "table_caption": "wenatchee , washington",
        "table_text": "club#sport#league#venue#established#championships\nwenatchee fire fc#indoor soccer#premier arena soccer league#wenatchee valley sportsplex#2008#0\nwenatchee applesox#baseball#west coast league#paul thomas sr field#2000#6\nwenatchee united fc#soccer#evergreen premier league#apple bowl#2013#0\nwenatchee wild#ice hockey#north american hockey league#town toyota center#2008#0\nwenatchee valley rams#football#washington football league#wildcat stadium#2005#2\n",
        "pandas_code": "all(df['club'].str.contains('wenatchee', case=False))",
        "pandas_eval": "True"
    },
    {
        "id": 31457,
        "statement": "the wenatchee applesox have the same number of championship as the other professional sport team in wenatchee , washington",
        "label": 0,
        "table_caption": "wenatchee , washington",
        "table_text": "club#sport#league#venue#established#championships\nwenatchee fire fc#indoor soccer#premier arena soccer league#wenatchee valley sportsplex#2008#0\nwenatchee applesox#baseball#west coast league#paul thomas sr field#2000#6\nwenatchee united fc#soccer#evergreen premier league#apple bowl#2013#0\nwenatchee wild#ice hockey#north american hockey league#town toyota center#2008#0\nwenatchee valley rams#football#washington football league#wildcat stadium#2005#2\n",
        "pandas_code": "df[df['club'] == 'wenatchee applesox']['championships'].values[0] == df[df['club'] != 'wenatchee applesox']['championships'].max()",
        "pandas_eval": "False"
    },
    {
        "id": 31458,
        "statement": "the wenatchee applesox be the newest establish sport team in wenatchee , washington",
        "label": 0,
        "table_caption": "wenatchee , washington",
        "table_text": "club#sport#league#venue#established#championships\nwenatchee fire fc#indoor soccer#premier arena soccer league#wenatchee valley sportsplex#2008#0\nwenatchee applesox#baseball#west coast league#paul thomas sr field#2000#6\nwenatchee united fc#soccer#evergreen premier league#apple bowl#2013#0\nwenatchee wild#ice hockey#north american hockey league#town toyota center#2008#0\nwenatchee valley rams#football#washington football league#wildcat stadium#2005#2\n",
        "pandas_code": "df.loc[df['established'] == df['established'].max(), 'club'].iloc[0] == 'wenatchee applesox'",
        "pandas_eval": "False"
    },
    {
        "id": 31459,
        "statement": "the wenatchee unite fc be establish the same year as the wenatchee ice hockey team",
        "label": 0,
        "table_caption": "wenatchee , washington",
        "table_text": "club#sport#league#venue#established#championships\nwenatchee fire fc#indoor soccer#premier arena soccer league#wenatchee valley sportsplex#2008#0\nwenatchee applesox#baseball#west coast league#paul thomas sr field#2000#6\nwenatchee united fc#soccer#evergreen premier league#apple bowl#2013#0\nwenatchee wild#ice hockey#north american hockey league#town toyota center#2008#0\nwenatchee valley rams#football#washington football league#wildcat stadium#2005#2\n",
        "pandas_code": "df[df['club'].isin(['wenatchee united fc', 'wenatchee wild'])]['established'].nunique() == 1",
        "pandas_eval": "False"
    },
    {
        "id": 31460,
        "statement": "all of the professional sport team in wenatchee , washington have win a championship",
        "label": 0,
        "table_caption": "wenatchee , washington",
        "table_text": "club#sport#league#venue#established#championships\nwenatchee fire fc#indoor soccer#premier arena soccer league#wenatchee valley sportsplex#2008#0\nwenatchee applesox#baseball#west coast league#paul thomas sr field#2000#6\nwenatchee united fc#soccer#evergreen premier league#apple bowl#2013#0\nwenatchee wild#ice hockey#north american hockey league#town toyota center#2008#0\nwenatchee valley rams#football#washington football league#wildcat stadium#2005#2\n",
        "pandas_code": "df['championships'].gt(0).all()",
        "pandas_eval": "False"
    },
    {
        "id": 31461,
        "statement": "the baseball team in wenatchee , washington do not have wenatchee in its name",
        "label": 0,
        "table_caption": "wenatchee , washington",
        "table_text": "club#sport#league#venue#established#championships\nwenatchee fire fc#indoor soccer#premier arena soccer league#wenatchee valley sportsplex#2008#0\nwenatchee applesox#baseball#west coast league#paul thomas sr field#2000#6\nwenatchee united fc#soccer#evergreen premier league#apple bowl#2013#0\nwenatchee wild#ice hockey#north american hockey league#town toyota center#2008#0\nwenatchee valley rams#football#washington football league#wildcat stadium#2005#2\n",
        "pandas_code": "not any(df[df['sport'] == 'baseball']['club'].str.contains('wenatchee'))",
        "pandas_eval": "False"
    }
]