[
    {
        "id": 31674,
        "statement": "geoff lees only drove car with ford v8 engine",
        "label": 1,
        "table_caption": "geoff lees",
        "table_text": "year#entrant#chassis#engine#points\n1978#mario deliotti racing#ensign n175#ford v8#0\n1979#candy tyrrell team#tyrrell 009#ford v8#0\n1980#shadow cars#shadow dn11#ford v8#0\n1980#shadow cars#shadow dn12#ford v8#0\n1980#unipart racing team#ensign n180#ford v8#0\n1980#ram theodore#williams fw07b#ford v8#0\n1982#theodore racing team#theodore ty02#ford v8#0\n1982#john player team lotus#lotus 91#ford v8#0\n",
        "pandas_code": "all(df[df['entrant'].str.contains('geoff lees', case=False)]['engine'] == 'ford v8')",
        "pandas_eval": "True"
    },
    {
        "id": 31675,
        "statement": "geoff lee never score any point between the year 1978 and 1982",
        "label": 1,
        "table_caption": "geoff lees",
        "table_text": "year#entrant#chassis#engine#points\n1978#mario deliotti racing#ensign n175#ford v8#0\n1979#candy tyrrell team#tyrrell 009#ford v8#0\n1980#shadow cars#shadow dn11#ford v8#0\n1980#shadow cars#shadow dn12#ford v8#0\n1980#unipart racing team#ensign n180#ford v8#0\n1980#ram theodore#williams fw07b#ford v8#0\n1982#theodore racing team#theodore ty02#ford v8#0\n1982#john player team lotus#lotus 91#ford v8#0\n",
        "pandas_code": "df[(df['year'] >= 1978) & (df['year'] <= 1982)]['points'].sum() == 0",
        "pandas_eval": "True"
    },
    {
        "id": 31676,
        "statement": "4 different car be drive in the year 1980",
        "label": 1,
        "table_caption": "geoff lees",
        "table_text": "year#entrant#chassis#engine#points\n1978#mario deliotti racing#ensign n175#ford v8#0\n1979#candy tyrrell team#tyrrell 009#ford v8#0\n1980#shadow cars#shadow dn11#ford v8#0\n1980#shadow cars#shadow dn12#ford v8#0\n1980#unipart racing team#ensign n180#ford v8#0\n1980#ram theodore#williams fw07b#ford v8#0\n1982#theodore racing team#theodore ty02#ford v8#0\n1982#john player team lotus#lotus 91#ford v8#0\n",
        "pandas_code": "len(df[df['year'] == 1980]['chassis'].unique()) == 4",
        "pandas_eval": "True"
    },
    {
        "id": 31677,
        "statement": "the shadow dn11 and shadow dn12 be both under the shadow car entrant",
        "label": 1,
        "table_caption": "geoff lees",
        "table_text": "year#entrant#chassis#engine#points\n1978#mario deliotti racing#ensign n175#ford v8#0\n1979#candy tyrrell team#tyrrell 009#ford v8#0\n1980#shadow cars#shadow dn11#ford v8#0\n1980#shadow cars#shadow dn12#ford v8#0\n1980#unipart racing team#ensign n180#ford v8#0\n1980#ram theodore#williams fw07b#ford v8#0\n1982#theodore racing team#theodore ty02#ford v8#0\n1982#john player team lotus#lotus 91#ford v8#0\n",
        "pandas_code": "all(df[(df['chassis'].isin(['shadow dn11', 'shadow dn12']))]['entrant'] == 'shadow cars')",
        "pandas_eval": "True"
    },
    {
        "id": 31678,
        "statement": "shadow car be the only entrant use 2 time by geoff",
        "label": 1,
        "table_caption": "geoff lees",
        "table_text": "year#entrant#chassis#engine#points\n1978#mario deliotti racing#ensign n175#ford v8#0\n1979#candy tyrrell team#tyrrell 009#ford v8#0\n1980#shadow cars#shadow dn11#ford v8#0\n1980#shadow cars#shadow dn12#ford v8#0\n1980#unipart racing team#ensign n180#ford v8#0\n1980#ram theodore#williams fw07b#ford v8#0\n1982#theodore racing team#theodore ty02#ford v8#0\n1982#john player team lotus#lotus 91#ford v8#0\n",
        "pandas_code": "df[df['entrant'].str.contains('shadow cars', case=False, na=False)]['entrant'].value_counts().eq(2).all()",
        "pandas_eval": "True"
    },
    {
        "id": 31679,
        "statement": "geoff lee drive car with a variety of different engine",
        "label": 0,
        "table_caption": "geoff lees",
        "table_text": "year#entrant#chassis#engine#points\n1978#mario deliotti racing#ensign n175#ford v8#0\n1979#candy tyrrell team#tyrrell 009#ford v8#0\n1980#shadow cars#shadow dn11#ford v8#0\n1980#shadow cars#shadow dn12#ford v8#0\n1980#unipart racing team#ensign n180#ford v8#0\n1980#ram theodore#williams fw07b#ford v8#0\n1982#theodore racing team#theodore ty02#ford v8#0\n1982#john player team lotus#lotus 91#ford v8#0\n",
        "pandas_code": "len(df[df['entrant'].str.contains('geoff lee', case=False)]['engine'].unique()) > 1",
        "pandas_eval": "False"
    },
    {
        "id": 31681,
        "statement": "geoff lees only drive a single car",
        "label": 0,
        "table_caption": "geoff lees",
        "table_text": "year#entrant#chassis#engine#points\n1978#mario deliotti racing#ensign n175#ford v8#0\n1979#candy tyrrell team#tyrrell 009#ford v8#0\n1980#shadow cars#shadow dn11#ford v8#0\n1980#shadow cars#shadow dn12#ford v8#0\n1980#unipart racing team#ensign n180#ford v8#0\n1980#ram theodore#williams fw07b#ford v8#0\n1982#theodore racing team#theodore ty02#ford v8#0\n1982#john player team lotus#lotus 91#ford v8#0\n",
        "pandas_code": "len(df[df['entrant'] == 'geoff lees']['chassis'].unique()) == 1",
        "pandas_eval": "False"
    },
    {
        "id": 31682,
        "statement": "only the shadow dn11 be under the shadow car entrant",
        "label": 0,
        "table_caption": "geoff lees",
        "table_text": "year#entrant#chassis#engine#points\n1978#mario deliotti racing#ensign n175#ford v8#0\n1979#candy tyrrell team#tyrrell 009#ford v8#0\n1980#shadow cars#shadow dn11#ford v8#0\n1980#shadow cars#shadow dn12#ford v8#0\n1980#unipart racing team#ensign n180#ford v8#0\n1980#ram theodore#williams fw07b#ford v8#0\n1982#theodore racing team#theodore ty02#ford v8#0\n1982#john player team lotus#lotus 91#ford v8#0\n",
        "pandas_code": "df[df['entrant'] == 'shadow cars']['chassis'].nunique() == 1",
        "pandas_eval": "False"
    },
    {
        "id": 31683,
        "statement": "2 entrant be use 2 time by geoff",
        "label": 0,
        "table_caption": "geoff lees",
        "table_text": "year#entrant#chassis#engine#points\n1978#mario deliotti racing#ensign n175#ford v8#0\n1979#candy tyrrell team#tyrrell 009#ford v8#0\n1980#shadow cars#shadow dn11#ford v8#0\n1980#shadow cars#shadow dn12#ford v8#0\n1980#unipart racing team#ensign n180#ford v8#0\n1980#ram theodore#williams fw07b#ford v8#0\n1982#theodore racing team#theodore ty02#ford v8#0\n1982#john player team lotus#lotus 91#ford v8#0\n",
        "pandas_code": "df['entrant'].value_counts().eq(2).any() == False",
        "pandas_eval": "False"
    }
]