[
    {
        "id": 32898,
        "statement": "brian noble coat the bradford bull for 6 season",
        "label": 1,
        "table_caption": "bradford bulls",
        "table_text": "competition#played#drawn#lost#position#coach#captain#main article\nsuper league 1#22#0#5#3 / 12#brian smith#robbie paul#bradford bulls 1996\nsuper league 2#22#0#2#1 / 12#matthew elliott#robbie paul#bradford bulls 1997\nsuper league 3#23#0#11#5 / 12#matthew elliott#robbie paul#bradford bulls 1998\nsuper league 4#30#1#4#1 / 14#matthew elliott#robbie paul#bradford bulls 1999\nsuper league 5#28#3#5#3 / 12#matthew elliott#robbie paul#bradford bulls 2000\nsuper league 6#28#1#5#1 / 12#brian noble#robbie paul#bradford bulls 2001\nsuper league 7#30#0#6#3 / 12#brian noble#robbie paul#bradford bulls 2002\nsuper league 8#30#0#6#1 / 12#brian noble#robbie paul#bradford bulls 2003\nsuper league 9#28#1#7#2 / 12#brian noble#robbie paul#bradford bulls 2004\nsuper league 10#28#1#9#3 / 12#brian noble#jamie peacock#bradford bulls 2005\nsuper league 11#28#2#10#4 / 12#brian noble#iestyn harris#bradford bulls 2006\nsuper league 11#28#2#10#4 / 12#steve mcnamara#iestyn harris#bradford bulls 2006\nsuper league 12#27#1#9#3 / 12#steve mcnamara#paul deacon#bradford bulls 2007\nsuper league 13#27#0#13#5 / 12#steve mcnamara#paul deacon#bradford bulls 2008\nsuper league 14#27#1#14#9 / 14#steve mcnamara#paul deacon#bradford bulls 2009\nsuper league 15#27#1#17#10 / 14#lee st hilaire#andy lynch#bradford bulls 2010\nsuper league 16#27#2#16#10 / 14#mick potter#andy lynch#bradford bulls 2011\nsuper league 17#27#1#12#9 / 14#mick potter#heath l'estrange , matt diskin#bradford bulls 2012\nsuper league 18#27#2#16#9 / 14#francis cummins#heath l'estrange , matt diskin#bradford bulls 2013\nsuper league 19#0#0#0#0 / 14#francis cummins#heath l'estrange , matt diskin#bradford bulls 2014\n",
        "pandas_code": "len(df[df['coach'] == 'brian noble']) == 6",
        "pandas_eval": "True"
    },
    {
        "id": 32899,
        "statement": "lee st hilaire only coach the team of 1 year , in 2010",
        "label": 1,
        "table_caption": "bradford bulls",
        "table_text": "competition#played#drawn#lost#position#coach#captain#main article\nsuper league 1#22#0#5#3 / 12#brian smith#robbie paul#bradford bulls 1996\nsuper league 2#22#0#2#1 / 12#matthew elliott#robbie paul#bradford bulls 1997\nsuper league 3#23#0#11#5 / 12#matthew elliott#robbie paul#bradford bulls 1998\nsuper league 4#30#1#4#1 / 14#matthew elliott#robbie paul#bradford bulls 1999\nsuper league 5#28#3#5#3 / 12#matthew elliott#robbie paul#bradford bulls 2000\nsuper league 6#28#1#5#1 / 12#brian noble#robbie paul#bradford bulls 2001\nsuper league 7#30#0#6#3 / 12#brian noble#robbie paul#bradford bulls 2002\nsuper league 8#30#0#6#1 / 12#brian noble#robbie paul#bradford bulls 2003\nsuper league 9#28#1#7#2 / 12#brian noble#robbie paul#bradford bulls 2004\nsuper league 10#28#1#9#3 / 12#brian noble#jamie peacock#bradford bulls 2005\nsuper league 11#28#2#10#4 / 12#brian noble#iestyn harris#bradford bulls 2006\nsuper league 11#28#2#10#4 / 12#steve mcnamara#iestyn harris#bradford bulls 2006\nsuper league 12#27#1#9#3 / 12#steve mcnamara#paul deacon#bradford bulls 2007\nsuper league 13#27#0#13#5 / 12#steve mcnamara#paul deacon#bradford bulls 2008\nsuper league 14#27#1#14#9 / 14#steve mcnamara#paul deacon#bradford bulls 2009\nsuper league 15#27#1#17#10 / 14#lee st hilaire#andy lynch#bradford bulls 2010\nsuper league 16#27#2#16#10 / 14#mick potter#andy lynch#bradford bulls 2011\nsuper league 17#27#1#12#9 / 14#mick potter#heath l'estrange , matt diskin#bradford bulls 2012\nsuper league 18#27#2#16#9 / 14#francis cummins#heath l'estrange , matt diskin#bradford bulls 2013\nsuper league 19#0#0#0#0 / 14#francis cummins#heath l'estrange , matt diskin#bradford bulls 2014\n",
        "pandas_code": "(df[df['coach'] == 'lee st hilaire'].shape[0] == 1) and (df[df['coach'] == 'lee st hilaire']['main article'].iloc[0] == 'bradford bulls 2010')",
        "pandas_eval": "True"
    },
    {
        "id": 32900,
        "statement": "the team play in thirty game 3 time , with the last in 2003",
        "label": 1,
        "table_caption": "bradford bulls",
        "table_text": "competition#played#drawn#lost#position#coach#captain#main article\nsuper league 1#22#0#5#3 / 12#brian smith#robbie paul#bradford bulls 1996\nsuper league 2#22#0#2#1 / 12#matthew elliott#robbie paul#bradford bulls 1997\nsuper league 3#23#0#11#5 / 12#matthew elliott#robbie paul#bradford bulls 1998\nsuper league 4#30#1#4#1 / 14#matthew elliott#robbie paul#bradford bulls 1999\nsuper league 5#28#3#5#3 / 12#matthew elliott#robbie paul#bradford bulls 2000\nsuper league 6#28#1#5#1 / 12#brian noble#robbie paul#bradford bulls 2001\nsuper league 7#30#0#6#3 / 12#brian noble#robbie paul#bradford bulls 2002\nsuper league 8#30#0#6#1 / 12#brian noble#robbie paul#bradford bulls 2003\nsuper league 9#28#1#7#2 / 12#brian noble#robbie paul#bradford bulls 2004\nsuper league 10#28#1#9#3 / 12#brian noble#jamie peacock#bradford bulls 2005\nsuper league 11#28#2#10#4 / 12#brian noble#iestyn harris#bradford bulls 2006\nsuper league 11#28#2#10#4 / 12#steve mcnamara#iestyn harris#bradford bulls 2006\nsuper league 12#27#1#9#3 / 12#steve mcnamara#paul deacon#bradford bulls 2007\nsuper league 13#27#0#13#5 / 12#steve mcnamara#paul deacon#bradford bulls 2008\nsuper league 14#27#1#14#9 / 14#steve mcnamara#paul deacon#bradford bulls 2009\nsuper league 15#27#1#17#10 / 14#lee st hilaire#andy lynch#bradford bulls 2010\nsuper league 16#27#2#16#10 / 14#mick potter#andy lynch#bradford bulls 2011\nsuper league 17#27#1#12#9 / 14#mick potter#heath l'estrange , matt diskin#bradford bulls 2012\nsuper league 18#27#2#16#9 / 14#francis cummins#heath l'estrange , matt diskin#bradford bulls 2013\nsuper league 19#0#0#0#0 / 14#francis cummins#heath l'estrange , matt diskin#bradford bulls 2014\n",
        "pandas_code": "df[(df['played'] == 30) & (df['main article'].str.contains('2003'))].shape[0] == 1",
        "pandas_eval": "True"
    },
    {
        "id": 32901,
        "statement": "the team have their most losing season in 2010 , when they lost 17 game",
        "label": 1,
        "table_caption": "bradford bulls",
        "table_text": "competition#played#drawn#lost#position#coach#captain#main article\nsuper league 1#22#0#5#3 / 12#brian smith#robbie paul#bradford bulls 1996\nsuper league 2#22#0#2#1 / 12#matthew elliott#robbie paul#bradford bulls 1997\nsuper league 3#23#0#11#5 / 12#matthew elliott#robbie paul#bradford bulls 1998\nsuper league 4#30#1#4#1 / 14#matthew elliott#robbie paul#bradford bulls 1999\nsuper league 5#28#3#5#3 / 12#matthew elliott#robbie paul#bradford bulls 2000\nsuper league 6#28#1#5#1 / 12#brian noble#robbie paul#bradford bulls 2001\nsuper league 7#30#0#6#3 / 12#brian noble#robbie paul#bradford bulls 2002\nsuper league 8#30#0#6#1 / 12#brian noble#robbie paul#bradford bulls 2003\nsuper league 9#28#1#7#2 / 12#brian noble#robbie paul#bradford bulls 2004\nsuper league 10#28#1#9#3 / 12#brian noble#jamie peacock#bradford bulls 2005\nsuper league 11#28#2#10#4 / 12#brian noble#iestyn harris#bradford bulls 2006\nsuper league 11#28#2#10#4 / 12#steve mcnamara#iestyn harris#bradford bulls 2006\nsuper league 12#27#1#9#3 / 12#steve mcnamara#paul deacon#bradford bulls 2007\nsuper league 13#27#0#13#5 / 12#steve mcnamara#paul deacon#bradford bulls 2008\nsuper league 14#27#1#14#9 / 14#steve mcnamara#paul deacon#bradford bulls 2009\nsuper league 15#27#1#17#10 / 14#lee st hilaire#andy lynch#bradford bulls 2010\nsuper league 16#27#2#16#10 / 14#mick potter#andy lynch#bradford bulls 2011\nsuper league 17#27#1#12#9 / 14#mick potter#heath l'estrange , matt diskin#bradford bulls 2012\nsuper league 18#27#2#16#9 / 14#francis cummins#heath l'estrange , matt diskin#bradford bulls 2013\nsuper league 19#0#0#0#0 / 14#francis cummins#heath l'estrange , matt diskin#bradford bulls 2014\n",
        "pandas_code": "df[df['main article'] == 'bradford bulls 2010']['lost'].values[0] == 17",
        "pandas_eval": "True"
    },
    {
        "id": 32902,
        "statement": "the team only have 3 or more draw in 1 season , that be 2000",
        "label": 1,
        "table_caption": "bradford bulls",
        "table_text": "competition#played#drawn#lost#position#coach#captain#main article\nsuper league 1#22#0#5#3 / 12#brian smith#robbie paul#bradford bulls 1996\nsuper league 2#22#0#2#1 / 12#matthew elliott#robbie paul#bradford bulls 1997\nsuper league 3#23#0#11#5 / 12#matthew elliott#robbie paul#bradford bulls 1998\nsuper league 4#30#1#4#1 / 14#matthew elliott#robbie paul#bradford bulls 1999\nsuper league 5#28#3#5#3 / 12#matthew elliott#robbie paul#bradford bulls 2000\nsuper league 6#28#1#5#1 / 12#brian noble#robbie paul#bradford bulls 2001\nsuper league 7#30#0#6#3 / 12#brian noble#robbie paul#bradford bulls 2002\nsuper league 8#30#0#6#1 / 12#brian noble#robbie paul#bradford bulls 2003\nsuper league 9#28#1#7#2 / 12#brian noble#robbie paul#bradford bulls 2004\nsuper league 10#28#1#9#3 / 12#brian noble#jamie peacock#bradford bulls 2005\nsuper league 11#28#2#10#4 / 12#brian noble#iestyn harris#bradford bulls 2006\nsuper league 11#28#2#10#4 / 12#steve mcnamara#iestyn harris#bradford bulls 2006\nsuper league 12#27#1#9#3 / 12#steve mcnamara#paul deacon#bradford bulls 2007\nsuper league 13#27#0#13#5 / 12#steve mcnamara#paul deacon#bradford bulls 2008\nsuper league 14#27#1#14#9 / 14#steve mcnamara#paul deacon#bradford bulls 2009\nsuper league 15#27#1#17#10 / 14#lee st hilaire#andy lynch#bradford bulls 2010\nsuper league 16#27#2#16#10 / 14#mick potter#andy lynch#bradford bulls 2011\nsuper league 17#27#1#12#9 / 14#mick potter#heath l'estrange , matt diskin#bradford bulls 2012\nsuper league 18#27#2#16#9 / 14#francis cummins#heath l'estrange , matt diskin#bradford bulls 2013\nsuper league 19#0#0#0#0 / 14#francis cummins#heath l'estrange , matt diskin#bradford bulls 2014\n",
        "pandas_code": "df[(df['drawn'] >= 3) & (df['main article'] == 'bradford bulls 2000')].shape[0] == 1",
        "pandas_eval": "True"
    },
    {
        "id": 32903,
        "statement": "brian noble coat the bradford bull for 2 season",
        "label": 0,
        "table_caption": "bradford bulls",
        "table_text": "competition#played#drawn#lost#position#coach#captain#main article\nsuper league 1#22#0#5#3 / 12#brian smith#robbie paul#bradford bulls 1996\nsuper league 2#22#0#2#1 / 12#matthew elliott#robbie paul#bradford bulls 1997\nsuper league 3#23#0#11#5 / 12#matthew elliott#robbie paul#bradford bulls 1998\nsuper league 4#30#1#4#1 / 14#matthew elliott#robbie paul#bradford bulls 1999\nsuper league 5#28#3#5#3 / 12#matthew elliott#robbie paul#bradford bulls 2000\nsuper league 6#28#1#5#1 / 12#brian noble#robbie paul#bradford bulls 2001\nsuper league 7#30#0#6#3 / 12#brian noble#robbie paul#bradford bulls 2002\nsuper league 8#30#0#6#1 / 12#brian noble#robbie paul#bradford bulls 2003\nsuper league 9#28#1#7#2 / 12#brian noble#robbie paul#bradford bulls 2004\nsuper league 10#28#1#9#3 / 12#brian noble#jamie peacock#bradford bulls 2005\nsuper league 11#28#2#10#4 / 12#brian noble#iestyn harris#bradford bulls 2006\nsuper league 11#28#2#10#4 / 12#steve mcnamara#iestyn harris#bradford bulls 2006\nsuper league 12#27#1#9#3 / 12#steve mcnamara#paul deacon#bradford bulls 2007\nsuper league 13#27#0#13#5 / 12#steve mcnamara#paul deacon#bradford bulls 2008\nsuper league 14#27#1#14#9 / 14#steve mcnamara#paul deacon#bradford bulls 2009\nsuper league 15#27#1#17#10 / 14#lee st hilaire#andy lynch#bradford bulls 2010\nsuper league 16#27#2#16#10 / 14#mick potter#andy lynch#bradford bulls 2011\nsuper league 17#27#1#12#9 / 14#mick potter#heath l'estrange , matt diskin#bradford bulls 2012\nsuper league 18#27#2#16#9 / 14#francis cummins#heath l'estrange , matt diskin#bradford bulls 2013\nsuper league 19#0#0#0#0 / 14#francis cummins#heath l'estrange , matt diskin#bradford bulls 2014\n",
        "pandas_code": "df[df['coach'] == 'brian noble'].shape[0] == 2",
        "pandas_eval": "False"
    },
    {
        "id": 32904,
        "statement": "steve mcnamara only coach the team of 1 year , in 2010",
        "label": 0,
        "table_caption": "bradford bulls",
        "table_text": "competition#played#drawn#lost#position#coach#captain#main article\nsuper league 1#22#0#5#3 / 12#brian smith#robbie paul#bradford bulls 1996\nsuper league 2#22#0#2#1 / 12#matthew elliott#robbie paul#bradford bulls 1997\nsuper league 3#23#0#11#5 / 12#matthew elliott#robbie paul#bradford bulls 1998\nsuper league 4#30#1#4#1 / 14#matthew elliott#robbie paul#bradford bulls 1999\nsuper league 5#28#3#5#3 / 12#matthew elliott#robbie paul#bradford bulls 2000\nsuper league 6#28#1#5#1 / 12#brian noble#robbie paul#bradford bulls 2001\nsuper league 7#30#0#6#3 / 12#brian noble#robbie paul#bradford bulls 2002\nsuper league 8#30#0#6#1 / 12#brian noble#robbie paul#bradford bulls 2003\nsuper league 9#28#1#7#2 / 12#brian noble#robbie paul#bradford bulls 2004\nsuper league 10#28#1#9#3 / 12#brian noble#jamie peacock#bradford bulls 2005\nsuper league 11#28#2#10#4 / 12#brian noble#iestyn harris#bradford bulls 2006\nsuper league 11#28#2#10#4 / 12#steve mcnamara#iestyn harris#bradford bulls 2006\nsuper league 12#27#1#9#3 / 12#steve mcnamara#paul deacon#bradford bulls 2007\nsuper league 13#27#0#13#5 / 12#steve mcnamara#paul deacon#bradford bulls 2008\nsuper league 14#27#1#14#9 / 14#steve mcnamara#paul deacon#bradford bulls 2009\nsuper league 15#27#1#17#10 / 14#lee st hilaire#andy lynch#bradford bulls 2010\nsuper league 16#27#2#16#10 / 14#mick potter#andy lynch#bradford bulls 2011\nsuper league 17#27#1#12#9 / 14#mick potter#heath l'estrange , matt diskin#bradford bulls 2012\nsuper league 18#27#2#16#9 / 14#francis cummins#heath l'estrange , matt diskin#bradford bulls 2013\nsuper league 19#0#0#0#0 / 14#francis cummins#heath l'estrange , matt diskin#bradford bulls 2014\n",
        "pandas_code": "(df[df['coach'] == 'steve mcnamara']['main article'].nunique() == 1) & (df[df['coach'] == 'steve mcnamara']['main article'].str.contains('2010').any())",
        "pandas_eval": "False"
    },
    {
        "id": 32905,
        "statement": "the team play in thirty game 3 time , with the last in 2010",
        "label": 0,
        "table_caption": "bradford bulls",
        "table_text": "competition#played#drawn#lost#position#coach#captain#main article\nsuper league 1#22#0#5#3 / 12#brian smith#robbie paul#bradford bulls 1996\nsuper league 2#22#0#2#1 / 12#matthew elliott#robbie paul#bradford bulls 1997\nsuper league 3#23#0#11#5 / 12#matthew elliott#robbie paul#bradford bulls 1998\nsuper league 4#30#1#4#1 / 14#matthew elliott#robbie paul#bradford bulls 1999\nsuper league 5#28#3#5#3 / 12#matthew elliott#robbie paul#bradford bulls 2000\nsuper league 6#28#1#5#1 / 12#brian noble#robbie paul#bradford bulls 2001\nsuper league 7#30#0#6#3 / 12#brian noble#robbie paul#bradford bulls 2002\nsuper league 8#30#0#6#1 / 12#brian noble#robbie paul#bradford bulls 2003\nsuper league 9#28#1#7#2 / 12#brian noble#robbie paul#bradford bulls 2004\nsuper league 10#28#1#9#3 / 12#brian noble#jamie peacock#bradford bulls 2005\nsuper league 11#28#2#10#4 / 12#brian noble#iestyn harris#bradford bulls 2006\nsuper league 11#28#2#10#4 / 12#steve mcnamara#iestyn harris#bradford bulls 2006\nsuper league 12#27#1#9#3 / 12#steve mcnamara#paul deacon#bradford bulls 2007\nsuper league 13#27#0#13#5 / 12#steve mcnamara#paul deacon#bradford bulls 2008\nsuper league 14#27#1#14#9 / 14#steve mcnamara#paul deacon#bradford bulls 2009\nsuper league 15#27#1#17#10 / 14#lee st hilaire#andy lynch#bradford bulls 2010\nsuper league 16#27#2#16#10 / 14#mick potter#andy lynch#bradford bulls 2011\nsuper league 17#27#1#12#9 / 14#mick potter#heath l'estrange , matt diskin#bradford bulls 2012\nsuper league 18#27#2#16#9 / 14#francis cummins#heath l'estrange , matt diskin#bradford bulls 2013\nsuper league 19#0#0#0#0 / 14#francis cummins#heath l'estrange , matt diskin#bradford bulls 2014\n",
        "pandas_code": "df[(df['played'] == 30) & (df['main article'].str.contains('2010'))].shape[0] == 3",
        "pandas_eval": "False"
    },
    {
        "id": 32906,
        "statement": "the team have their most losing season in 2010 , when they win 17 game",
        "label": 0,
        "table_caption": "bradford bulls",
        "table_text": "competition#played#drawn#lost#position#coach#captain#main article\nsuper league 1#22#0#5#3 / 12#brian smith#robbie paul#bradford bulls 1996\nsuper league 2#22#0#2#1 / 12#matthew elliott#robbie paul#bradford bulls 1997\nsuper league 3#23#0#11#5 / 12#matthew elliott#robbie paul#bradford bulls 1998\nsuper league 4#30#1#4#1 / 14#matthew elliott#robbie paul#bradford bulls 1999\nsuper league 5#28#3#5#3 / 12#matthew elliott#robbie paul#bradford bulls 2000\nsuper league 6#28#1#5#1 / 12#brian noble#robbie paul#bradford bulls 2001\nsuper league 7#30#0#6#3 / 12#brian noble#robbie paul#bradford bulls 2002\nsuper league 8#30#0#6#1 / 12#brian noble#robbie paul#bradford bulls 2003\nsuper league 9#28#1#7#2 / 12#brian noble#robbie paul#bradford bulls 2004\nsuper league 10#28#1#9#3 / 12#brian noble#jamie peacock#bradford bulls 2005\nsuper league 11#28#2#10#4 / 12#brian noble#iestyn harris#bradford bulls 2006\nsuper league 11#28#2#10#4 / 12#steve mcnamara#iestyn harris#bradford bulls 2006\nsuper league 12#27#1#9#3 / 12#steve mcnamara#paul deacon#bradford bulls 2007\nsuper league 13#27#0#13#5 / 12#steve mcnamara#paul deacon#bradford bulls 2008\nsuper league 14#27#1#14#9 / 14#steve mcnamara#paul deacon#bradford bulls 2009\nsuper league 15#27#1#17#10 / 14#lee st hilaire#andy lynch#bradford bulls 2010\nsuper league 16#27#2#16#10 / 14#mick potter#andy lynch#bradford bulls 2011\nsuper league 17#27#1#12#9 / 14#mick potter#heath l'estrange , matt diskin#bradford bulls 2012\nsuper league 18#27#2#16#9 / 14#francis cummins#heath l'estrange , matt diskin#bradford bulls 2013\nsuper league 19#0#0#0#0 / 14#francis cummins#heath l'estrange , matt diskin#bradford bulls 2014\n",
        "pandas_code": "(df[df['main article'] == 'bradford bulls 2010']['lost'].values[0] != 17)",
        "pandas_eval": "False"
    },
    {
        "id": 32907,
        "statement": "the team only have 1 draw in 1 season , that be 2000",
        "label": 0,
        "table_caption": "bradford bulls",
        "table_text": "competition#played#drawn#lost#position#coach#captain#main article\nsuper league 1#22#0#5#3 / 12#brian smith#robbie paul#bradford bulls 1996\nsuper league 2#22#0#2#1 / 12#matthew elliott#robbie paul#bradford bulls 1997\nsuper league 3#23#0#11#5 / 12#matthew elliott#robbie paul#bradford bulls 1998\nsuper league 4#30#1#4#1 / 14#matthew elliott#robbie paul#bradford bulls 1999\nsuper league 5#28#3#5#3 / 12#matthew elliott#robbie paul#bradford bulls 2000\nsuper league 6#28#1#5#1 / 12#brian noble#robbie paul#bradford bulls 2001\nsuper league 7#30#0#6#3 / 12#brian noble#robbie paul#bradford bulls 2002\nsuper league 8#30#0#6#1 / 12#brian noble#robbie paul#bradford bulls 2003\nsuper league 9#28#1#7#2 / 12#brian noble#robbie paul#bradford bulls 2004\nsuper league 10#28#1#9#3 / 12#brian noble#jamie peacock#bradford bulls 2005\nsuper league 11#28#2#10#4 / 12#brian noble#iestyn harris#bradford bulls 2006\nsuper league 11#28#2#10#4 / 12#steve mcnamara#iestyn harris#bradford bulls 2006\nsuper league 12#27#1#9#3 / 12#steve mcnamara#paul deacon#bradford bulls 2007\nsuper league 13#27#0#13#5 / 12#steve mcnamara#paul deacon#bradford bulls 2008\nsuper league 14#27#1#14#9 / 14#steve mcnamara#paul deacon#bradford bulls 2009\nsuper league 15#27#1#17#10 / 14#lee st hilaire#andy lynch#bradford bulls 2010\nsuper league 16#27#2#16#10 / 14#mick potter#andy lynch#bradford bulls 2011\nsuper league 17#27#1#12#9 / 14#mick potter#heath l'estrange , matt diskin#bradford bulls 2012\nsuper league 18#27#2#16#9 / 14#francis cummins#heath l'estrange , matt diskin#bradford bulls 2013\nsuper league 19#0#0#0#0 / 14#francis cummins#heath l'estrange , matt diskin#bradford bulls 2014\n",
        "pandas_code": "df[(df['drawn'] == 1) & (df['main article'].str.contains('2000'))].shape[0] == 1",
        "pandas_eval": "False"
    }
]