[
    {
        "id": 31694,
        "statement": "john mccain be 1 of the 2 candidate with their counties carries number at 11",
        "label": 1,
        "table_caption": "united states presidential election in washington (state) , 2008",
        "table_text": "candidate#state delegate#percentage#delegates#counties carries\njohn mccain#3228#25.9%#16#11\nmike huckabee#2959#23.52%#8#11\nron paul#2740#21.64%#5#9\nmitt romney#1903#15.45%#0#4\nuncommitted#1662#13.49%#0#2\ntotal#12320#100%#29#37\n",
        "pandas_code": "df[df['candidate'] == 'john mccain']['counties carries'].values[0] == 11 and len(df[df['counties carries'] == 11]) == 2",
        "pandas_eval": "True"
    },
    {
        "id": 31695,
        "statement": "john mccain archive 269 state delegate more than mike huckabee",
        "label": 1,
        "table_caption": "united states presidential election in washington (state) , 2008",
        "table_text": "candidate#state delegate#percentage#delegates#counties carries\njohn mccain#3228#25.9%#16#11\nmike huckabee#2959#23.52%#8#11\nron paul#2740#21.64%#5#9\nmitt romney#1903#15.45%#0#4\nuncommitted#1662#13.49%#0#2\ntotal#12320#100%#29#37\n",
        "pandas_code": "(df[df['candidate'] == 'john mccain']['state delegate'].values[0] - df[df['candidate'] == 'mike huckabee']['state delegate'].values[0]) == 269",
        "pandas_eval": "True"
    },
    {
        "id": 31697,
        "statement": "ron paul have 5 delegate while mitt romney have none",
        "label": 1,
        "table_caption": "united states presidential election in washington (state) , 2008",
        "table_text": "candidate#state delegate#percentage#delegates#counties carries\njohn mccain#3228#25.9%#16#11\nmike huckabee#2959#23.52%#8#11\nron paul#2740#21.64%#5#9\nmitt romney#1903#15.45%#0#4\nuncommitted#1662#13.49%#0#2\ntotal#12320#100%#29#37\n",
        "pandas_code": "(df[df['candidate'] == 'ron paul']['delegates'].values[0] == 5) & (df[df['candidate'] == 'mitt romney']['delegates'].values[0] == 0)",
        "pandas_eval": "True"
    },
    {
        "id": 31698,
        "statement": "john mccain obtain more than a quarter percentage of the total election result",
        "label": 1,
        "table_caption": "united states presidential election in washington (state) , 2008",
        "table_text": "candidate#state delegate#percentage#delegates#counties carries\njohn mccain#3228#25.9%#16#11\nmike huckabee#2959#23.52%#8#11\nron paul#2740#21.64%#5#9\nmitt romney#1903#15.45%#0#4\nuncommitted#1662#13.49%#0#2\ntotal#12320#100%#29#37\n",
        "pandas_code": "df[df['candidate'] == 'john mccain']['percentage'].str.rstrip('%').astype(float).iloc[0] > 25",
        "pandas_eval": "True"
    },
    {
        "id": 31699,
        "statement": "john mccain be 1 of the 2 candidate with their counties carries number at 13",
        "label": 0,
        "table_caption": "united states presidential election in washington (state) , 2008",
        "table_text": "candidate#state delegate#percentage#delegates#counties carries\njohn mccain#3228#25.9%#16#11\nmike huckabee#2959#23.52%#8#11\nron paul#2740#21.64%#5#9\nmitt romney#1903#15.45%#0#4\nuncommitted#1662#13.49%#0#2\ntotal#12320#100%#29#37\n",
        "pandas_code": "(df[df['candidate'] == 'john mccain']['counties carries'].values[0] == 13) & (df['counties carries'].value_counts().get(13, 0) == 2)",
        "pandas_eval": "False"
    },
    {
        "id": 31700,
        "statement": "john mccain archive 268 state delegate more than mike huckabee",
        "label": 0,
        "table_caption": "united states presidential election in washington (state) , 2008",
        "table_text": "candidate#state delegate#percentage#delegates#counties carries\njohn mccain#3228#25.9%#16#11\nmike huckabee#2959#23.52%#8#11\nron paul#2740#21.64%#5#9\nmitt romney#1903#15.45%#0#4\nuncommitted#1662#13.49%#0#2\ntotal#12320#100%#29#37\n",
        "pandas_code": "(df[df['candidate'] == 'john mccain']['state delegate'].values[0] - df[df['candidate'] == 'mike huckabee']['state delegate'].values[0]) == 268",
        "pandas_eval": "False"
    },
    {
        "id": 31701,
        "statement": "in the presidential election , john mccain have the lowest number of delegate",
        "label": 0,
        "table_caption": "united states presidential election in washington (state) , 2008",
        "table_text": "candidate#state delegate#percentage#delegates#counties carries\njohn mccain#3228#25.9%#16#11\nmike huckabee#2959#23.52%#8#11\nron paul#2740#21.64%#5#9\nmitt romney#1903#15.45%#0#4\nuncommitted#1662#13.49%#0#2\ntotal#12320#100%#29#37\n",
        "pandas_code": "df[df['candidate'] == 'john mccain']['delegates'].values[0] == df['delegates'].min()",
        "pandas_eval": "False"
    },
    {
        "id": 31702,
        "statement": "ron paul have 6 delegate while mitt romney have none",
        "label": 0,
        "table_caption": "united states presidential election in washington (state) , 2008",
        "table_text": "candidate#state delegate#percentage#delegates#counties carries\njohn mccain#3228#25.9%#16#11\nmike huckabee#2959#23.52%#8#11\nron paul#2740#21.64%#5#9\nmitt romney#1903#15.45%#0#4\nuncommitted#1662#13.49%#0#2\ntotal#12320#100%#29#37\n",
        "pandas_code": "(df[df['candidate'] == 'ron paul']['delegates'].values[0] == 6) & (df[df['candidate'] == 'mitt romney']['delegates'].values[0] == 0)",
        "pandas_eval": "False"
    },
    {
        "id": 31703,
        "statement": "john mccain obtain less than a quarter percentage of the total election result",
        "label": 0,
        "table_caption": "united states presidential election in washington (state) , 2008",
        "table_text": "candidate#state delegate#percentage#delegates#counties carries\njohn mccain#3228#25.9%#16#11\nmike huckabee#2959#23.52%#8#11\nron paul#2740#21.64%#5#9\nmitt romney#1903#15.45%#0#4\nuncommitted#1662#13.49%#0#2\ntotal#12320#100%#29#37\n",
        "pandas_code": "df[df['candidate'] == 'john mccain']['percentage'].str.rstrip('%').astype(float).iloc[0] < 25",
        "pandas_eval": "False"
    }
]