[
    {
        "id": 32565,
        "statement": "in the 1969 world judo championship , the soviet union win more medal than the netherlands",
        "label": 1,
        "table_caption": "1969 world judo championships",
        "table_text": "rank#nation#gold#silver#bronze#total\n1#japan#6#3#3#12\n2#germany#0#2#0#2\n3#netherlands#0#1#2#3\n4#soviet union#0#0#4#4\n5#south korea#0#0#3#3\n",
        "pandas_code": "df[df['nation'] == 'soviet union']['total'].values[0] > df[df['nation'] == 'netherlands']['total'].values[0]",
        "pandas_eval": "True"
    },
    {
        "id": 32566,
        "statement": "in the 1969 world judo championship , germany win more silver medal than south korea",
        "label": 1,
        "table_caption": "1969 world judo championships",
        "table_text": "rank#nation#gold#silver#bronze#total\n1#japan#6#3#3#12\n2#germany#0#2#0#2\n3#netherlands#0#1#2#3\n4#soviet union#0#0#4#4\n5#south korea#0#0#3#3\n",
        "pandas_code": "(df[df['nation'] == 'germany']['silver'].values[0] > df[df['nation'] == 'south korea']['silver'].values[0])",
        "pandas_eval": "True"
    },
    {
        "id": 32567,
        "statement": "in the 1969 world judo championship , south korea win more bronze medal than germany",
        "label": 1,
        "table_caption": "1969 world judo championships",
        "table_text": "rank#nation#gold#silver#bronze#total\n1#japan#6#3#3#12\n2#germany#0#2#0#2\n3#netherlands#0#1#2#3\n4#soviet union#0#0#4#4\n5#south korea#0#0#3#3\n",
        "pandas_code": "df[df['nation'] == 'south korea']['bronze'].values[0] > df[df['nation'] == 'germany']['bronze'].values[0]",
        "pandas_eval": "True"
    },
    {
        "id": 32568,
        "statement": "in the 1969 world judo championship , the netherlands win more total medal than germany",
        "label": 1,
        "table_caption": "1969 world judo championships",
        "table_text": "rank#nation#gold#silver#bronze#total\n1#japan#6#3#3#12\n2#germany#0#2#0#2\n3#netherlands#0#1#2#3\n4#soviet union#0#0#4#4\n5#south korea#0#0#3#3\n",
        "pandas_code": "df[df['nation'] == 'netherlands']['total'].values[0] > df[df['nation'] == 'germany']['total'].values[0]",
        "pandas_eval": "True"
    },
    {
        "id": 32569,
        "statement": "in the 1969 world judo championship , the soviet union win more bronze medal than germany",
        "label": 1,
        "table_caption": "1969 world judo championships",
        "table_text": "rank#nation#gold#silver#bronze#total\n1#japan#6#3#3#12\n2#germany#0#2#0#2\n3#netherlands#0#1#2#3\n4#soviet union#0#0#4#4\n5#south korea#0#0#3#3\n",
        "pandas_code": "df[df['nation'] == 'soviet union']['bronze'].values[0] > df[df['nation'] == 'germany']['bronze'].values[0]",
        "pandas_eval": "True"
    },
    {
        "id": 32570,
        "statement": "in the 1969 world judo championship the soviet union win the least amount of medal of all the nation",
        "label": 0,
        "table_caption": "1969 world judo championships",
        "table_text": "rank#nation#gold#silver#bronze#total\n1#japan#6#3#3#12\n2#germany#0#2#0#2\n3#netherlands#0#1#2#3\n4#soviet union#0#0#4#4\n5#south korea#0#0#3#3\n",
        "pandas_code": "df[df['nation'] == 'soviet union']['total'].iloc[0] == df['total'].min()",
        "pandas_eval": "False"
    },
    {
        "id": 32571,
        "statement": "in the 1969 world judo championship , germany win more gold medal than south korea",
        "label": 0,
        "table_caption": "1969 world judo championships",
        "table_text": "rank#nation#gold#silver#bronze#total\n1#japan#6#3#3#12\n2#germany#0#2#0#2\n3#netherlands#0#1#2#3\n4#soviet union#0#0#4#4\n5#south korea#0#0#3#3\n",
        "pandas_code": "(df[df['nation'] == 'germany']['gold'].values[0] > df[df['nation'] == 'south korea']['gold'].values[0])",
        "pandas_eval": "False"
    },
    {
        "id": 32572,
        "statement": "in the 1969 world judo championship , south korea win the same amount of bronze medal as germany",
        "label": 0,
        "table_caption": "1969 world judo championships",
        "table_text": "rank#nation#gold#silver#bronze#total\n1#japan#6#3#3#12\n2#germany#0#2#0#2\n3#netherlands#0#1#2#3\n4#soviet union#0#0#4#4\n5#south korea#0#0#3#3\n",
        "pandas_code": "(df[df['nation'] == 'south korea']['bronze'].values[0] == df[df['nation'] == 'germany']['bronze'].values[0])",
        "pandas_eval": "False"
    },
    {
        "id": 32573,
        "statement": "in the 1969 world judo championship , the netherlands win 5 more total medal than germany",
        "label": 0,
        "table_caption": "1969 world judo championships",
        "table_text": "rank#nation#gold#silver#bronze#total\n1#japan#6#3#3#12\n2#germany#0#2#0#2\n3#netherlands#0#1#2#3\n4#soviet union#0#0#4#4\n5#south korea#0#0#3#3\n",
        "pandas_code": "(df[df['nation'] == 'netherlands']['total'].values[0] - df[df['nation'] == 'germany']['total'].values[0]) == 5",
        "pandas_eval": "False"
    },
    {
        "id": 32574,
        "statement": "in the 1969 world judo championship , the soviet union win the same amount of bronze medal as germany",
        "label": 0,
        "table_caption": "1969 world judo championships",
        "table_text": "rank#nation#gold#silver#bronze#total\n1#japan#6#3#3#12\n2#germany#0#2#0#2\n3#netherlands#0#1#2#3\n4#soviet union#0#0#4#4\n5#south korea#0#0#3#3\n",
        "pandas_code": "df[df['nation'] == 'soviet union']['bronze'].values[0] == df[df['nation'] == 'germany']['bronze'].values[0]",
        "pandas_eval": "False"
    }
]