[
    {
        "id": 33366,
        "statement": "6 - 4 , 6 - 2 be final score on last date",
        "label": 1,
        "table_caption": "laura golarsa",
        "table_text": "date#tournament#surface#partner#opponents in final#score in final\n6 august 1989#sofia , bulgaria#clay#laura garrone#silke meier elena pampoulova#6 - 4 , 7 - 5\n13 may 1990#rome , italy#clay#laura garrone#helen kelesi monica seles#3 - 6 , 4 - 6\n28 april 1991#bol island , yugoslavia#clay#magdalena maleeva#sandra cecchini laura garrone#6 - 3 , 1 - 6 , 6 - 4 w / o\n5 may 1991#taranto , italy#carpet#ann grossman#alexia dechaume florencia labat#2 - 6 , 5 - 7\n18 july 1993#prague , czech republic#hard#caroline vis#inés gorrochategui patricia tarabini#2 - 6 , 1 - 6\n24 october 1993#brighton , england#carpet (i)#natalia medvedeva#anke huber larisa savchenko#6 - 3 , 1 - 6 , 6 - 4\n9 january 1994#brisbane , australia#hard#natalia medvedeva#jenny byrne rachel mcquillan#6 - 3 , 6 - 1\n15 may 1994#prague , czech republic#clay#kristie boogert#amanda coetzer linda wild#4 - 6 , 6 - 3 2 - 6\n24 september 1994#moscow , russia#carpet#caroline vis#elena makarova eugenia maniokova#6 - 7 , 4 - 6\n5 february 1995#auckland , new zealand#hard#caroline vis#jill hetherington elna reinach#6 - 7 , 2 - 6\n19 february 1995#oklahoma city , oklahoma , usa#hard#nicole arendt#katrina adams brenda schultz#6 - 4 , 6 - 3\n5 marich 1995#san juan , puerto rico#hard#linda wild#karin kschwendt rene collins#2 - 6 , 6 - 0 , 4 - 6\n30 april 1995#zagreb , croatia#clay#irina spîrlea#mercedes paz rene collins#5 - 7 , 2 - 6\n16 may 1999#antwerp , belgium#clay#katarina srebotnik#louise pleming meghann shaughnessy#6 - 4 , 6 - 2\n",
        "pandas_code": "df.loc[df['date'] == df['date'].iloc[-1], 'score in final'].iloc[0] == '6 - 4 , 6 - 2'",
        "pandas_eval": "True"
    },
    {
        "id": 33367,
        "statement": "sofia bulgaria play date before rome italy",
        "label": 1,
        "table_caption": "laura golarsa",
        "table_text": "date#tournament#surface#partner#opponents in final#score in final\n6 august 1989#sofia , bulgaria#clay#laura garrone#silke meier elena pampoulova#6 - 4 , 7 - 5\n13 may 1990#rome , italy#clay#laura garrone#helen kelesi monica seles#3 - 6 , 4 - 6\n28 april 1991#bol island , yugoslavia#clay#magdalena maleeva#sandra cecchini laura garrone#6 - 3 , 1 - 6 , 6 - 4 w / o\n5 may 1991#taranto , italy#carpet#ann grossman#alexia dechaume florencia labat#2 - 6 , 5 - 7\n18 july 1993#prague , czech republic#hard#caroline vis#inés gorrochategui patricia tarabini#2 - 6 , 1 - 6\n24 october 1993#brighton , england#carpet (i)#natalia medvedeva#anke huber larisa savchenko#6 - 3 , 1 - 6 , 6 - 4\n9 january 1994#brisbane , australia#hard#natalia medvedeva#jenny byrne rachel mcquillan#6 - 3 , 6 - 1\n15 may 1994#prague , czech republic#clay#kristie boogert#amanda coetzer linda wild#4 - 6 , 6 - 3 2 - 6\n24 september 1994#moscow , russia#carpet#caroline vis#elena makarova eugenia maniokova#6 - 7 , 4 - 6\n5 february 1995#auckland , new zealand#hard#caroline vis#jill hetherington elna reinach#6 - 7 , 2 - 6\n19 february 1995#oklahoma city , oklahoma , usa#hard#nicole arendt#katrina adams brenda schultz#6 - 4 , 6 - 3\n5 marich 1995#san juan , puerto rico#hard#linda wild#karin kschwendt rene collins#2 - 6 , 6 - 0 , 4 - 6\n30 april 1995#zagreb , croatia#clay#irina spîrlea#mercedes paz rene collins#5 - 7 , 2 - 6\n16 may 1999#antwerp , belgium#clay#katarina srebotnik#louise pleming meghann shaughnessy#6 - 4 , 6 - 2\n",
        "pandas_code": "pd.to_datetime(df[df['tournament'] == 'sofia , bulgaria']['date'].iloc[0], format='%d %B %Y') < pd.to_datetime(df[df['tournament'] == 'rome , italy']['date'].iloc[0], format='%d %B %Y')",
        "pandas_eval": "True"
    },
    {
        "id": 33368,
        "statement": "18 july 1993 first date play on hard surface",
        "label": 1,
        "table_caption": "laura golarsa",
        "table_text": "date#tournament#surface#partner#opponents in final#score in final\n6 august 1989#sofia , bulgaria#clay#laura garrone#silke meier elena pampoulova#6 - 4 , 7 - 5\n13 may 1990#rome , italy#clay#laura garrone#helen kelesi monica seles#3 - 6 , 4 - 6\n28 april 1991#bol island , yugoslavia#clay#magdalena maleeva#sandra cecchini laura garrone#6 - 3 , 1 - 6 , 6 - 4 w / o\n5 may 1991#taranto , italy#carpet#ann grossman#alexia dechaume florencia labat#2 - 6 , 5 - 7\n18 july 1993#prague , czech republic#hard#caroline vis#inés gorrochategui patricia tarabini#2 - 6 , 1 - 6\n24 october 1993#brighton , england#carpet (i)#natalia medvedeva#anke huber larisa savchenko#6 - 3 , 1 - 6 , 6 - 4\n9 january 1994#brisbane , australia#hard#natalia medvedeva#jenny byrne rachel mcquillan#6 - 3 , 6 - 1\n15 may 1994#prague , czech republic#clay#kristie boogert#amanda coetzer linda wild#4 - 6 , 6 - 3 2 - 6\n24 september 1994#moscow , russia#carpet#caroline vis#elena makarova eugenia maniokova#6 - 7 , 4 - 6\n5 february 1995#auckland , new zealand#hard#caroline vis#jill hetherington elna reinach#6 - 7 , 2 - 6\n19 february 1995#oklahoma city , oklahoma , usa#hard#nicole arendt#katrina adams brenda schultz#6 - 4 , 6 - 3\n5 marich 1995#san juan , puerto rico#hard#linda wild#karin kschwendt rene collins#2 - 6 , 6 - 0 , 4 - 6\n30 april 1995#zagreb , croatia#clay#irina spîrlea#mercedes paz rene collins#5 - 7 , 2 - 6\n16 may 1999#antwerp , belgium#clay#katarina srebotnik#louise pleming meghann shaughnessy#6 - 4 , 6 - 2\n",
        "pandas_code": "df[df['date'] == '18 july 1993']['surface'].iloc[0] == 'hard'",
        "pandas_eval": "True"
    },
    {
        "id": 33369,
        "statement": "first date on carpet be final score be 2 - 6 , 5 - 7",
        "label": 1,
        "table_caption": "laura golarsa",
        "table_text": "date#tournament#surface#partner#opponents in final#score in final\n6 august 1989#sofia , bulgaria#clay#laura garrone#silke meier elena pampoulova#6 - 4 , 7 - 5\n13 may 1990#rome , italy#clay#laura garrone#helen kelesi monica seles#3 - 6 , 4 - 6\n28 april 1991#bol island , yugoslavia#clay#magdalena maleeva#sandra cecchini laura garrone#6 - 3 , 1 - 6 , 6 - 4 w / o\n5 may 1991#taranto , italy#carpet#ann grossman#alexia dechaume florencia labat#2 - 6 , 5 - 7\n18 july 1993#prague , czech republic#hard#caroline vis#inés gorrochategui patricia tarabini#2 - 6 , 1 - 6\n24 october 1993#brighton , england#carpet (i)#natalia medvedeva#anke huber larisa savchenko#6 - 3 , 1 - 6 , 6 - 4\n9 january 1994#brisbane , australia#hard#natalia medvedeva#jenny byrne rachel mcquillan#6 - 3 , 6 - 1\n15 may 1994#prague , czech republic#clay#kristie boogert#amanda coetzer linda wild#4 - 6 , 6 - 3 2 - 6\n24 september 1994#moscow , russia#carpet#caroline vis#elena makarova eugenia maniokova#6 - 7 , 4 - 6\n5 february 1995#auckland , new zealand#hard#caroline vis#jill hetherington elna reinach#6 - 7 , 2 - 6\n19 february 1995#oklahoma city , oklahoma , usa#hard#nicole arendt#katrina adams brenda schultz#6 - 4 , 6 - 3\n5 marich 1995#san juan , puerto rico#hard#linda wild#karin kschwendt rene collins#2 - 6 , 6 - 0 , 4 - 6\n30 april 1995#zagreb , croatia#clay#irina spîrlea#mercedes paz rene collins#5 - 7 , 2 - 6\n16 may 1999#antwerp , belgium#clay#katarina srebotnik#louise pleming meghann shaughnessy#6 - 4 , 6 - 2\n",
        "pandas_code": "df[df['surface'] == 'carpet'].iloc[0]['score in final'] == '2 - 6 , 5 - 7'",
        "pandas_eval": "True"
    },
    {
        "id": 33370,
        "statement": "laura golarsa first partner on carpet be ann grossman",
        "label": 1,
        "table_caption": "laura golarsa",
        "table_text": "date#tournament#surface#partner#opponents in final#score in final\n6 august 1989#sofia , bulgaria#clay#laura garrone#silke meier elena pampoulova#6 - 4 , 7 - 5\n13 may 1990#rome , italy#clay#laura garrone#helen kelesi monica seles#3 - 6 , 4 - 6\n28 april 1991#bol island , yugoslavia#clay#magdalena maleeva#sandra cecchini laura garrone#6 - 3 , 1 - 6 , 6 - 4 w / o\n5 may 1991#taranto , italy#carpet#ann grossman#alexia dechaume florencia labat#2 - 6 , 5 - 7\n18 july 1993#prague , czech republic#hard#caroline vis#inés gorrochategui patricia tarabini#2 - 6 , 1 - 6\n24 october 1993#brighton , england#carpet (i)#natalia medvedeva#anke huber larisa savchenko#6 - 3 , 1 - 6 , 6 - 4\n9 january 1994#brisbane , australia#hard#natalia medvedeva#jenny byrne rachel mcquillan#6 - 3 , 6 - 1\n15 may 1994#prague , czech republic#clay#kristie boogert#amanda coetzer linda wild#4 - 6 , 6 - 3 2 - 6\n24 september 1994#moscow , russia#carpet#caroline vis#elena makarova eugenia maniokova#6 - 7 , 4 - 6\n5 february 1995#auckland , new zealand#hard#caroline vis#jill hetherington elna reinach#6 - 7 , 2 - 6\n19 february 1995#oklahoma city , oklahoma , usa#hard#nicole arendt#katrina adams brenda schultz#6 - 4 , 6 - 3\n5 marich 1995#san juan , puerto rico#hard#linda wild#karin kschwendt rene collins#2 - 6 , 6 - 0 , 4 - 6\n30 april 1995#zagreb , croatia#clay#irina spîrlea#mercedes paz rene collins#5 - 7 , 2 - 6\n16 may 1999#antwerp , belgium#clay#katarina srebotnik#louise pleming meghann shaughnessy#6 - 4 , 6 - 2\n",
        "pandas_code": "df[df['surface'] == 'carpet'].iloc[0]['partner'] == 'ann grossman'",
        "pandas_eval": "True"
    },
    {
        "id": 33371,
        "statement": "6 - 4 , 6 - 2 be final score on the first date",
        "label": 0,
        "table_caption": "laura golarsa",
        "table_text": "date#tournament#surface#partner#opponents in final#score in final\n6 august 1989#sofia , bulgaria#clay#laura garrone#silke meier elena pampoulova#6 - 4 , 7 - 5\n13 may 1990#rome , italy#clay#laura garrone#helen kelesi monica seles#3 - 6 , 4 - 6\n28 april 1991#bol island , yugoslavia#clay#magdalena maleeva#sandra cecchini laura garrone#6 - 3 , 1 - 6 , 6 - 4 w / o\n5 may 1991#taranto , italy#carpet#ann grossman#alexia dechaume florencia labat#2 - 6 , 5 - 7\n18 july 1993#prague , czech republic#hard#caroline vis#inés gorrochategui patricia tarabini#2 - 6 , 1 - 6\n24 october 1993#brighton , england#carpet (i)#natalia medvedeva#anke huber larisa savchenko#6 - 3 , 1 - 6 , 6 - 4\n9 january 1994#brisbane , australia#hard#natalia medvedeva#jenny byrne rachel mcquillan#6 - 3 , 6 - 1\n15 may 1994#prague , czech republic#clay#kristie boogert#amanda coetzer linda wild#4 - 6 , 6 - 3 2 - 6\n24 september 1994#moscow , russia#carpet#caroline vis#elena makarova eugenia maniokova#6 - 7 , 4 - 6\n5 february 1995#auckland , new zealand#hard#caroline vis#jill hetherington elna reinach#6 - 7 , 2 - 6\n19 february 1995#oklahoma city , oklahoma , usa#hard#nicole arendt#katrina adams brenda schultz#6 - 4 , 6 - 3\n5 marich 1995#san juan , puerto rico#hard#linda wild#karin kschwendt rene collins#2 - 6 , 6 - 0 , 4 - 6\n30 april 1995#zagreb , croatia#clay#irina spîrlea#mercedes paz rene collins#5 - 7 , 2 - 6\n16 may 1999#antwerp , belgium#clay#katarina srebotnik#louise pleming meghann shaughnessy#6 - 4 , 6 - 2\n",
        "pandas_code": "df.loc[0, 'score in final'] == '6 - 4 , 6 - 2'",
        "pandas_eval": "False"
    },
    {
        "id": 33372,
        "statement": "sofia bulgaria play date on the same date of rome italy",
        "label": 0,
        "table_caption": "laura golarsa",
        "table_text": "date#tournament#surface#partner#opponents in final#score in final\n6 august 1989#sofia , bulgaria#clay#laura garrone#silke meier elena pampoulova#6 - 4 , 7 - 5\n13 may 1990#rome , italy#clay#laura garrone#helen kelesi monica seles#3 - 6 , 4 - 6\n28 april 1991#bol island , yugoslavia#clay#magdalena maleeva#sandra cecchini laura garrone#6 - 3 , 1 - 6 , 6 - 4 w / o\n5 may 1991#taranto , italy#carpet#ann grossman#alexia dechaume florencia labat#2 - 6 , 5 - 7\n18 july 1993#prague , czech republic#hard#caroline vis#inés gorrochategui patricia tarabini#2 - 6 , 1 - 6\n24 october 1993#brighton , england#carpet (i)#natalia medvedeva#anke huber larisa savchenko#6 - 3 , 1 - 6 , 6 - 4\n9 january 1994#brisbane , australia#hard#natalia medvedeva#jenny byrne rachel mcquillan#6 - 3 , 6 - 1\n15 may 1994#prague , czech republic#clay#kristie boogert#amanda coetzer linda wild#4 - 6 , 6 - 3 2 - 6\n24 september 1994#moscow , russia#carpet#caroline vis#elena makarova eugenia maniokova#6 - 7 , 4 - 6\n5 february 1995#auckland , new zealand#hard#caroline vis#jill hetherington elna reinach#6 - 7 , 2 - 6\n19 february 1995#oklahoma city , oklahoma , usa#hard#nicole arendt#katrina adams brenda schultz#6 - 4 , 6 - 3\n5 marich 1995#san juan , puerto rico#hard#linda wild#karin kschwendt rene collins#2 - 6 , 6 - 0 , 4 - 6\n30 april 1995#zagreb , croatia#clay#irina spîrlea#mercedes paz rene collins#5 - 7 , 2 - 6\n16 may 1999#antwerp , belgium#clay#katarina srebotnik#louise pleming meghann shaughnessy#6 - 4 , 6 - 2\n",
        "pandas_code": "df[df['tournament'].str.contains('sofia , bulgaria')]['date'].isin(df[df['tournament'].str.contains('rome , italy')]['date']).any()",
        "pandas_eval": "False"
    },
    {
        "id": 33373,
        "statement": "18 july 1993 first date play on a carpet surface",
        "label": 0,
        "table_caption": "laura golarsa",
        "table_text": "date#tournament#surface#partner#opponents in final#score in final\n6 august 1989#sofia , bulgaria#clay#laura garrone#silke meier elena pampoulova#6 - 4 , 7 - 5\n13 may 1990#rome , italy#clay#laura garrone#helen kelesi monica seles#3 - 6 , 4 - 6\n28 april 1991#bol island , yugoslavia#clay#magdalena maleeva#sandra cecchini laura garrone#6 - 3 , 1 - 6 , 6 - 4 w / o\n5 may 1991#taranto , italy#carpet#ann grossman#alexia dechaume florencia labat#2 - 6 , 5 - 7\n18 july 1993#prague , czech republic#hard#caroline vis#inés gorrochategui patricia tarabini#2 - 6 , 1 - 6\n24 october 1993#brighton , england#carpet (i)#natalia medvedeva#anke huber larisa savchenko#6 - 3 , 1 - 6 , 6 - 4\n9 january 1994#brisbane , australia#hard#natalia medvedeva#jenny byrne rachel mcquillan#6 - 3 , 6 - 1\n15 may 1994#prague , czech republic#clay#kristie boogert#amanda coetzer linda wild#4 - 6 , 6 - 3 2 - 6\n24 september 1994#moscow , russia#carpet#caroline vis#elena makarova eugenia maniokova#6 - 7 , 4 - 6\n5 february 1995#auckland , new zealand#hard#caroline vis#jill hetherington elna reinach#6 - 7 , 2 - 6\n19 february 1995#oklahoma city , oklahoma , usa#hard#nicole arendt#katrina adams brenda schultz#6 - 4 , 6 - 3\n5 marich 1995#san juan , puerto rico#hard#linda wild#karin kschwendt rene collins#2 - 6 , 6 - 0 , 4 - 6\n30 april 1995#zagreb , croatia#clay#irina spîrlea#mercedes paz rene collins#5 - 7 , 2 - 6\n16 may 1999#antwerp , belgium#clay#katarina srebotnik#louise pleming meghann shaughnessy#6 - 4 , 6 - 2\n",
        "pandas_code": "df[df['date'] == '18 july 1993']['surface'].iloc[0] == 'carpet'",
        "pandas_eval": "False"
    },
    {
        "id": 33374,
        "statement": "third date on carpet be final score be 2 - 6 , 5 - 7",
        "label": 0,
        "table_caption": "laura golarsa",
        "table_text": "date#tournament#surface#partner#opponents in final#score in final\n6 august 1989#sofia , bulgaria#clay#laura garrone#silke meier elena pampoulova#6 - 4 , 7 - 5\n13 may 1990#rome , italy#clay#laura garrone#helen kelesi monica seles#3 - 6 , 4 - 6\n28 april 1991#bol island , yugoslavia#clay#magdalena maleeva#sandra cecchini laura garrone#6 - 3 , 1 - 6 , 6 - 4 w / o\n5 may 1991#taranto , italy#carpet#ann grossman#alexia dechaume florencia labat#2 - 6 , 5 - 7\n18 july 1993#prague , czech republic#hard#caroline vis#inés gorrochategui patricia tarabini#2 - 6 , 1 - 6\n24 october 1993#brighton , england#carpet (i)#natalia medvedeva#anke huber larisa savchenko#6 - 3 , 1 - 6 , 6 - 4\n9 january 1994#brisbane , australia#hard#natalia medvedeva#jenny byrne rachel mcquillan#6 - 3 , 6 - 1\n15 may 1994#prague , czech republic#clay#kristie boogert#amanda coetzer linda wild#4 - 6 , 6 - 3 2 - 6\n24 september 1994#moscow , russia#carpet#caroline vis#elena makarova eugenia maniokova#6 - 7 , 4 - 6\n5 february 1995#auckland , new zealand#hard#caroline vis#jill hetherington elna reinach#6 - 7 , 2 - 6\n19 february 1995#oklahoma city , oklahoma , usa#hard#nicole arendt#katrina adams brenda schultz#6 - 4 , 6 - 3\n5 marich 1995#san juan , puerto rico#hard#linda wild#karin kschwendt rene collins#2 - 6 , 6 - 0 , 4 - 6\n30 april 1995#zagreb , croatia#clay#irina spîrlea#mercedes paz rene collins#5 - 7 , 2 - 6\n16 may 1999#antwerp , belgium#clay#katarina srebotnik#louise pleming meghann shaughnessy#6 - 4 , 6 - 2\n",
        "pandas_code": "df[(df['surface'] == 'carpet')].iloc[2]['score in final'] == '2 - 6 , 5 - 7' if len(df[df['surface'] == 'carpet']) > 2 else False",
        "pandas_eval": "False"
    },
    {
        "id": 33375,
        "statement": "laura golarsa first partner on clay be ann grossman",
        "label": 0,
        "table_caption": "laura golarsa",
        "table_text": "date#tournament#surface#partner#opponents in final#score in final\n6 august 1989#sofia , bulgaria#clay#laura garrone#silke meier elena pampoulova#6 - 4 , 7 - 5\n13 may 1990#rome , italy#clay#laura garrone#helen kelesi monica seles#3 - 6 , 4 - 6\n28 april 1991#bol island , yugoslavia#clay#magdalena maleeva#sandra cecchini laura garrone#6 - 3 , 1 - 6 , 6 - 4 w / o\n5 may 1991#taranto , italy#carpet#ann grossman#alexia dechaume florencia labat#2 - 6 , 5 - 7\n18 july 1993#prague , czech republic#hard#caroline vis#inés gorrochategui patricia tarabini#2 - 6 , 1 - 6\n24 october 1993#brighton , england#carpet (i)#natalia medvedeva#anke huber larisa savchenko#6 - 3 , 1 - 6 , 6 - 4\n9 january 1994#brisbane , australia#hard#natalia medvedeva#jenny byrne rachel mcquillan#6 - 3 , 6 - 1\n15 may 1994#prague , czech republic#clay#kristie boogert#amanda coetzer linda wild#4 - 6 , 6 - 3 2 - 6\n24 september 1994#moscow , russia#carpet#caroline vis#elena makarova eugenia maniokova#6 - 7 , 4 - 6\n5 february 1995#auckland , new zealand#hard#caroline vis#jill hetherington elna reinach#6 - 7 , 2 - 6\n19 february 1995#oklahoma city , oklahoma , usa#hard#nicole arendt#katrina adams brenda schultz#6 - 4 , 6 - 3\n5 marich 1995#san juan , puerto rico#hard#linda wild#karin kschwendt rene collins#2 - 6 , 6 - 0 , 4 - 6\n30 april 1995#zagreb , croatia#clay#irina spîrlea#mercedes paz rene collins#5 - 7 , 2 - 6\n16 may 1999#antwerp , belgium#clay#katarina srebotnik#louise pleming meghann shaughnessy#6 - 4 , 6 - 2\n",
        "pandas_code": "any((df['surface'] == 'clay') & (df['partner'] == 'ann grossman'))",
        "pandas_eval": "False"
    }
]