[
    {
        "id": 33544,
        "statement": "3 country , the netherlands , france , and austria , win 2 gold medal each",
        "label": 1,
        "table_caption": "2008 european judo championships",
        "table_text": "rank#nation#gold#silver#bronze#total\n1#netherlands#2#2#0#4\n2#france#2#1#3#6\n3#austria#2#0#0#2\n4#spain#1#3#1#5\n5#germany#1#2#3#6\n6#russia#1#2#1#4\n7#italy#1#1#1#3\n8 =#georgia#1#0#3#4\n8 =#portugal#1#0#3#4\n10#romania#1#0#1#2\n11#belgium#1#0#0#1\n12#hungary#0#1#2#3\n13#azerbaijan#0#1#1#2\n14#poland#0#1#0#1\n15#slovenia#0#0#3#3\n16 =#belarus#0#0#2#2\n16 =#israel#0#0#2#2\n18 =#greece#0#0#1#1\n18 =#ukraine#0#0#1#1\n",
        "pandas_code": "(df[df['nation'].isin(['netherlands', 'france', 'austria'])]['gold'] == 2).all()",
        "pandas_eval": "True"
    },
    {
        "id": 33545,
        "statement": "france and germany have the most total medal , with each country have 6",
        "label": 1,
        "table_caption": "2008 european judo championships",
        "table_text": "rank#nation#gold#silver#bronze#total\n1#netherlands#2#2#0#4\n2#france#2#1#3#6\n3#austria#2#0#0#2\n4#spain#1#3#1#5\n5#germany#1#2#3#6\n6#russia#1#2#1#4\n7#italy#1#1#1#3\n8 =#georgia#1#0#3#4\n8 =#portugal#1#0#3#4\n10#romania#1#0#1#2\n11#belgium#1#0#0#1\n12#hungary#0#1#2#3\n13#azerbaijan#0#1#1#2\n14#poland#0#1#0#1\n15#slovenia#0#0#3#3\n16 =#belarus#0#0#2#2\n16 =#israel#0#0#2#2\n18 =#greece#0#0#1#1\n18 =#ukraine#0#0#1#1\n",
        "pandas_code": "(df[df['nation'].isin(['france', 'germany'])]['total'] == 6).all()",
        "pandas_eval": "True"
    },
    {
        "id": 33546,
        "statement": "israel earn 1 more bronze medal than greece do",
        "label": 1,
        "table_caption": "2008 european judo championships",
        "table_text": "rank#nation#gold#silver#bronze#total\n1#netherlands#2#2#0#4\n2#france#2#1#3#6\n3#austria#2#0#0#2\n4#spain#1#3#1#5\n5#germany#1#2#3#6\n6#russia#1#2#1#4\n7#italy#1#1#1#3\n8 =#georgia#1#0#3#4\n8 =#portugal#1#0#3#4\n10#romania#1#0#1#2\n11#belgium#1#0#0#1\n12#hungary#0#1#2#3\n13#azerbaijan#0#1#1#2\n14#poland#0#1#0#1\n15#slovenia#0#0#3#3\n16 =#belarus#0#0#2#2\n16 =#israel#0#0#2#2\n18 =#greece#0#0#1#1\n18 =#ukraine#0#0#1#1\n",
        "pandas_code": "(df[df['nation'] == 'israel']['bronze'].values[0] - df[df['nation'] == 'greece']['bronze'].values[0]) == 1",
        "pandas_eval": "True"
    },
    {
        "id": 33547,
        "statement": "spain win 3 silver medal , which be 1 more silver than the netherlands , germany , and russia",
        "label": 1,
        "table_caption": "2008 european judo championships",
        "table_text": "rank#nation#gold#silver#bronze#total\n1#netherlands#2#2#0#4\n2#france#2#1#3#6\n3#austria#2#0#0#2\n4#spain#1#3#1#5\n5#germany#1#2#3#6\n6#russia#1#2#1#4\n7#italy#1#1#1#3\n8 =#georgia#1#0#3#4\n8 =#portugal#1#0#3#4\n10#romania#1#0#1#2\n11#belgium#1#0#0#1\n12#hungary#0#1#2#3\n13#azerbaijan#0#1#1#2\n14#poland#0#1#0#1\n15#slovenia#0#0#3#3\n16 =#belarus#0#0#2#2\n16 =#israel#0#0#2#2\n18 =#greece#0#0#1#1\n18 =#ukraine#0#0#1#1\n",
        "pandas_code": "(df.loc[df['nation'] == 'spain', 'silver'].values[0] == 3) & (df.loc[df['nation'] == 'netherlands', 'silver'].values[0] == 2) & (df.loc[df['nation'] == 'germany', 'silver'].values[0] == 2) & (df.loc[df['nation'] == 'russia', 'silver'].values[0] == 2)",
        "pandas_eval": "True"
    },
    {
        "id": 33548,
        "statement": "france , germany , georgia , portugal , and slovenia all win 3 bronze medal",
        "label": 1,
        "table_caption": "2008 european judo championships",
        "table_text": "rank#nation#gold#silver#bronze#total\n1#netherlands#2#2#0#4\n2#france#2#1#3#6\n3#austria#2#0#0#2\n4#spain#1#3#1#5\n5#germany#1#2#3#6\n6#russia#1#2#1#4\n7#italy#1#1#1#3\n8 =#georgia#1#0#3#4\n8 =#portugal#1#0#3#4\n10#romania#1#0#1#2\n11#belgium#1#0#0#1\n12#hungary#0#1#2#3\n13#azerbaijan#0#1#1#2\n14#poland#0#1#0#1\n15#slovenia#0#0#3#3\n16 =#belarus#0#0#2#2\n16 =#israel#0#0#2#2\n18 =#greece#0#0#1#1\n18 =#ukraine#0#0#1#1\n",
        "pandas_code": "all(df.loc[df['nation'].isin(['france', 'germany', 'georgia', 'portugal', 'slovenia']), 'bronze'] == 3)",
        "pandas_eval": "True"
    },
    {
        "id": 33549,
        "statement": "3 country , the netherlands , france , and austria , win 2 gold medal and 3 bronze each",
        "label": 0,
        "table_caption": "2008 european judo championships",
        "table_text": "rank#nation#gold#silver#bronze#total\n1#netherlands#2#2#0#4\n2#france#2#1#3#6\n3#austria#2#0#0#2\n4#spain#1#3#1#5\n5#germany#1#2#3#6\n6#russia#1#2#1#4\n7#italy#1#1#1#3\n8 =#georgia#1#0#3#4\n8 =#portugal#1#0#3#4\n10#romania#1#0#1#2\n11#belgium#1#0#0#1\n12#hungary#0#1#2#3\n13#azerbaijan#0#1#1#2\n14#poland#0#1#0#1\n15#slovenia#0#0#3#3\n16 =#belarus#0#0#2#2\n16 =#israel#0#0#2#2\n18 =#greece#0#0#1#1\n18 =#ukraine#0#0#1#1\n",
        "pandas_code": "df[(df['nation'].isin(['netherlands', 'france', 'austria'])) & (df['gold'] == 2) & (df['bronze'] == 3)].shape[0] == 3",
        "pandas_eval": "False"
    },
    {
        "id": 33550,
        "statement": "france and germany have the most total medal , with each country have 6 silver medal",
        "label": 0,
        "table_caption": "2008 european judo championships",
        "table_text": "rank#nation#gold#silver#bronze#total\n1#netherlands#2#2#0#4\n2#france#2#1#3#6\n3#austria#2#0#0#2\n4#spain#1#3#1#5\n5#germany#1#2#3#6\n6#russia#1#2#1#4\n7#italy#1#1#1#3\n8 =#georgia#1#0#3#4\n8 =#portugal#1#0#3#4\n10#romania#1#0#1#2\n11#belgium#1#0#0#1\n12#hungary#0#1#2#3\n13#azerbaijan#0#1#1#2\n14#poland#0#1#0#1\n15#slovenia#0#0#3#3\n16 =#belarus#0#0#2#2\n16 =#israel#0#0#2#2\n18 =#greece#0#0#1#1\n18 =#ukraine#0#0#1#1\n",
        "pandas_code": "(df[df['nation'].isin(['france', 'germany'])]['total'].max() == 6) & (df[df['nation'].isin(['france', 'germany'])]['silver'].sum() == 12)",
        "pandas_eval": "False"
    },
    {
        "id": 33551,
        "statement": "israel earn 1 more bronze medal than greece and slovenia do",
        "label": 0,
        "table_caption": "2008 european judo championships",
        "table_text": "rank#nation#gold#silver#bronze#total\n1#netherlands#2#2#0#4\n2#france#2#1#3#6\n3#austria#2#0#0#2\n4#spain#1#3#1#5\n5#germany#1#2#3#6\n6#russia#1#2#1#4\n7#italy#1#1#1#3\n8 =#georgia#1#0#3#4\n8 =#portugal#1#0#3#4\n10#romania#1#0#1#2\n11#belgium#1#0#0#1\n12#hungary#0#1#2#3\n13#azerbaijan#0#1#1#2\n14#poland#0#1#0#1\n15#slovenia#0#0#3#3\n16 =#belarus#0#0#2#2\n16 =#israel#0#0#2#2\n18 =#greece#0#0#1#1\n18 =#ukraine#0#0#1#1\n",
        "pandas_code": "(df[df['nation'] == 'israel']['bronze'].values[0] == df[df['nation'] == 'greece']['bronze'].values[0] + 1) & (df[df['nation'] == 'israel']['bronze'].values[0] == df[df['nation'] == 'slovenia']['bronze'].values[0] + 1)",
        "pandas_eval": "False"
    },
    {
        "id": 33552,
        "statement": "spain win 3 silver medal , which be 1 more silver than the netherlands , germany , ukraine and russia",
        "label": 0,
        "table_caption": "2008 european judo championships",
        "table_text": "rank#nation#gold#silver#bronze#total\n1#netherlands#2#2#0#4\n2#france#2#1#3#6\n3#austria#2#0#0#2\n4#spain#1#3#1#5\n5#germany#1#2#3#6\n6#russia#1#2#1#4\n7#italy#1#1#1#3\n8 =#georgia#1#0#3#4\n8 =#portugal#1#0#3#4\n10#romania#1#0#1#2\n11#belgium#1#0#0#1\n12#hungary#0#1#2#3\n13#azerbaijan#0#1#1#2\n14#poland#0#1#0#1\n15#slovenia#0#0#3#3\n16 =#belarus#0#0#2#2\n16 =#israel#0#0#2#2\n18 =#greece#0#0#1#1\n18 =#ukraine#0#0#1#1\n",
        "pandas_code": "(df[df['nation'] == 'spain']['silver'].values[0] == 3) & (df[df['nation'] == 'netherlands']['silver'].values[0] == 2) & (df[df['nation'] == 'germany']['silver'].values[0] == 2) & (df[df['nation'] == 'ukraine']['silver'].values[0] == 2) & (df[df['nation'] == 'russia']['silver'].values[0] == 2)",
        "pandas_eval": "False"
    },
    {
        "id": 33553,
        "statement": "france , germany , georgia , portugal , and slovenia all win 3 bronze medal , 1 more than ukraine",
        "label": 0,
        "table_caption": "2008 european judo championships",
        "table_text": "rank#nation#gold#silver#bronze#total\n1#netherlands#2#2#0#4\n2#france#2#1#3#6\n3#austria#2#0#0#2\n4#spain#1#3#1#5\n5#germany#1#2#3#6\n6#russia#1#2#1#4\n7#italy#1#1#1#3\n8 =#georgia#1#0#3#4\n8 =#portugal#1#0#3#4\n10#romania#1#0#1#2\n11#belgium#1#0#0#1\n12#hungary#0#1#2#3\n13#azerbaijan#0#1#1#2\n14#poland#0#1#0#1\n15#slovenia#0#0#3#3\n16 =#belarus#0#0#2#2\n16 =#israel#0#0#2#2\n18 =#greece#0#0#1#1\n18 =#ukraine#0#0#1#1\n",
        "pandas_code": "all(df[df['nation'].isin(['france', 'germany', 'georgia', 'portugal', 'slovenia'])]['bronze'] == 3) and df[df['nation'] == 'ukraine']['bronze'].values[0] == 2",
        "pandas_eval": "False"
    }
]