[
    {
        "id": 31515,
        "statement": "the united state have the most number of player participate in the tournament",
        "label": 1,
        "table_caption": "2007 fedex cup playoffs",
        "table_text": "player#country#score#to par#points#winnings\nsteve stricker#united states#67 + 67 + 65 + 69 = 268#- 16#9000#1260000\nkj choi#south korea#64 + 66 + 70 + 70 = 270#- 14#5400#756000\nrory sabbatini#south africa#63 + 71 + 69 + 68 = 271#- 13#3400#476000\nmark calcavecchia#united states#67 + 75 + 65 + 65 = 272#- 12#2067#289333\nernie els#south africa#65 + 71 + 68 + 68 = 272#- 12#2067#289333\ngeoff ogilvy#australia#68 + 66 + 69 + 69 = 272#- 12#2067#289333\nrich beem#united states#64 + 68 + 69 + 72 = 273#- 11#1613#225750\nphil mickelson#united states#67 + 70 + 69 + 67 = 273#- 11#1613#225750\nrobert garrigus#united states#70 + 70 + 68 + 66 = 274#- 10#1350#189000\njerry kelly#united states#67 + 70 + 69 + 68 = 274#- 10#1350#189000\nian poulter#england#70 + 67 + 70 + 67 = 274#- 10#1350#189000\n",
        "pandas_code": "df[df['country'] == 'united states']['player'].count() == df['country'].value_counts().max()",
        "pandas_eval": "True"
    },
    {
        "id": 31516,
        "statement": "the second place winner be only 2 stroke away from the first place winner",
        "label": 1,
        "table_caption": "2007 fedex cup playoffs",
        "table_text": "player#country#score#to par#points#winnings\nsteve stricker#united states#67 + 67 + 65 + 69 = 268#- 16#9000#1260000\nkj choi#south korea#64 + 66 + 70 + 70 = 270#- 14#5400#756000\nrory sabbatini#south africa#63 + 71 + 69 + 68 = 271#- 13#3400#476000\nmark calcavecchia#united states#67 + 75 + 65 + 65 = 272#- 12#2067#289333\nernie els#south africa#65 + 71 + 68 + 68 = 272#- 12#2067#289333\ngeoff ogilvy#australia#68 + 66 + 69 + 69 = 272#- 12#2067#289333\nrich beem#united states#64 + 68 + 69 + 72 = 273#- 11#1613#225750\nphil mickelson#united states#67 + 70 + 69 + 67 = 273#- 11#1613#225750\nrobert garrigus#united states#70 + 70 + 68 + 66 = 274#- 10#1350#189000\njerry kelly#united states#67 + 70 + 69 + 68 = 274#- 10#1350#189000\nian poulter#england#70 + 67 + 70 + 67 = 274#- 10#1350#189000\n",
        "pandas_code": "abs(int(df.loc[df['points'] == df['points'].max(), 'to par'].str.extract(r'(-?\\d+)')[0].values[0]) - int(df.loc[df['points'] == df['points'].nlargest(2).iloc[1], 'to par'].str.extract(r'(-?\\d+)')[0].values[0])) == 2",
        "pandas_eval": "True"
    },
    {
        "id": 31517,
        "statement": "there be a 1071000 difference between the first place winning and last place winning",
        "label": 1,
        "table_caption": "2007 fedex cup playoffs",
        "table_text": "player#country#score#to par#points#winnings\nsteve stricker#united states#67 + 67 + 65 + 69 = 268#- 16#9000#1260000\nkj choi#south korea#64 + 66 + 70 + 70 = 270#- 14#5400#756000\nrory sabbatini#south africa#63 + 71 + 69 + 68 = 271#- 13#3400#476000\nmark calcavecchia#united states#67 + 75 + 65 + 65 = 272#- 12#2067#289333\nernie els#south africa#65 + 71 + 68 + 68 = 272#- 12#2067#289333\ngeoff ogilvy#australia#68 + 66 + 69 + 69 = 272#- 12#2067#289333\nrich beem#united states#64 + 68 + 69 + 72 = 273#- 11#1613#225750\nphil mickelson#united states#67 + 70 + 69 + 67 = 273#- 11#1613#225750\nrobert garrigus#united states#70 + 70 + 68 + 66 = 274#- 10#1350#189000\njerry kelly#united states#67 + 70 + 69 + 68 = 274#- 10#1350#189000\nian poulter#england#70 + 67 + 70 + 67 = 274#- 10#1350#189000\n",
        "pandas_code": "(df['winnings'].iloc[0] - df['winnings'].iloc[-1]) == 1071000",
        "pandas_eval": "True"
    },
    {
        "id": 31519,
        "statement": "there be only a 6 stroke spread between the first place and last place player",
        "label": 1,
        "table_caption": "2007 fedex cup playoffs",
        "table_text": "player#country#score#to par#points#winnings\nsteve stricker#united states#67 + 67 + 65 + 69 = 268#- 16#9000#1260000\nkj choi#south korea#64 + 66 + 70 + 70 = 270#- 14#5400#756000\nrory sabbatini#south africa#63 + 71 + 69 + 68 = 271#- 13#3400#476000\nmark calcavecchia#united states#67 + 75 + 65 + 65 = 272#- 12#2067#289333\nernie els#south africa#65 + 71 + 68 + 68 = 272#- 12#2067#289333\ngeoff ogilvy#australia#68 + 66 + 69 + 69 = 272#- 12#2067#289333\nrich beem#united states#64 + 68 + 69 + 72 = 273#- 11#1613#225750\nphil mickelson#united states#67 + 70 + 69 + 67 = 273#- 11#1613#225750\nrobert garrigus#united states#70 + 70 + 68 + 66 = 274#- 10#1350#189000\njerry kelly#united states#67 + 70 + 69 + 68 = 274#- 10#1350#189000\nian poulter#england#70 + 67 + 70 + 67 = 274#- 10#1350#189000\n",
        "pandas_code": "(int(df['score'].iloc[-1].split('=')[-1].strip()) - int(df['score'].iloc[0].split('=')[-1].strip())) == 6",
        "pandas_eval": "True"
    },
    {
        "id": 31520,
        "statement": "the united state have the least number of player participate in the tournament",
        "label": 0,
        "table_caption": "2007 fedex cup playoffs",
        "table_text": "player#country#score#to par#points#winnings\nsteve stricker#united states#67 + 67 + 65 + 69 = 268#- 16#9000#1260000\nkj choi#south korea#64 + 66 + 70 + 70 = 270#- 14#5400#756000\nrory sabbatini#south africa#63 + 71 + 69 + 68 = 271#- 13#3400#476000\nmark calcavecchia#united states#67 + 75 + 65 + 65 = 272#- 12#2067#289333\nernie els#south africa#65 + 71 + 68 + 68 = 272#- 12#2067#289333\ngeoff ogilvy#australia#68 + 66 + 69 + 69 = 272#- 12#2067#289333\nrich beem#united states#64 + 68 + 69 + 72 = 273#- 11#1613#225750\nphil mickelson#united states#67 + 70 + 69 + 67 = 273#- 11#1613#225750\nrobert garrigus#united states#70 + 70 + 68 + 66 = 274#- 10#1350#189000\njerry kelly#united states#67 + 70 + 69 + 68 = 274#- 10#1350#189000\nian poulter#england#70 + 67 + 70 + 67 = 274#- 10#1350#189000\n",
        "pandas_code": "df[df['country'] == 'united states'].shape[0] == df['country'].value_counts().min()",
        "pandas_eval": "False"
    },
    {
        "id": 31521,
        "statement": "the second place winner be only 3 stroke away from the first place winner",
        "label": 0,
        "table_caption": "2007 fedex cup playoffs",
        "table_text": "player#country#score#to par#points#winnings\nsteve stricker#united states#67 + 67 + 65 + 69 = 268#- 16#9000#1260000\nkj choi#south korea#64 + 66 + 70 + 70 = 270#- 14#5400#756000\nrory sabbatini#south africa#63 + 71 + 69 + 68 = 271#- 13#3400#476000\nmark calcavecchia#united states#67 + 75 + 65 + 65 = 272#- 12#2067#289333\nernie els#south africa#65 + 71 + 68 + 68 = 272#- 12#2067#289333\ngeoff ogilvy#australia#68 + 66 + 69 + 69 = 272#- 12#2067#289333\nrich beem#united states#64 + 68 + 69 + 72 = 273#- 11#1613#225750\nphil mickelson#united states#67 + 70 + 69 + 67 = 273#- 11#1613#225750\nrobert garrigus#united states#70 + 70 + 68 + 66 = 274#- 10#1350#189000\njerry kelly#united states#67 + 70 + 69 + 68 = 274#- 10#1350#189000\nian poulter#england#70 + 67 + 70 + 67 = 274#- 10#1350#189000\n",
        "pandas_code": "abs(int(df.loc[df['points'] == df['points'].nlargest(2).iloc[1], 'to par'].str.extract(r'(-?\\d+)')[0].values[0]) - int(df.loc[df['points'] == df['points'].max(), 'to par'].str.extract(r'(-?\\d+)')[0].values[0])) == 3",
        "pandas_eval": "False"
    },
    {
        "id": 31522,
        "statement": "there be a 1260000 difference between the first place winning and last place winning",
        "label": 0,
        "table_caption": "2007 fedex cup playoffs",
        "table_text": "player#country#score#to par#points#winnings\nsteve stricker#united states#67 + 67 + 65 + 69 = 268#- 16#9000#1260000\nkj choi#south korea#64 + 66 + 70 + 70 = 270#- 14#5400#756000\nrory sabbatini#south africa#63 + 71 + 69 + 68 = 271#- 13#3400#476000\nmark calcavecchia#united states#67 + 75 + 65 + 65 = 272#- 12#2067#289333\nernie els#south africa#65 + 71 + 68 + 68 = 272#- 12#2067#289333\ngeoff ogilvy#australia#68 + 66 + 69 + 69 = 272#- 12#2067#289333\nrich beem#united states#64 + 68 + 69 + 72 = 273#- 11#1613#225750\nphil mickelson#united states#67 + 70 + 69 + 67 = 273#- 11#1613#225750\nrobert garrigus#united states#70 + 70 + 68 + 66 = 274#- 10#1350#189000\njerry kelly#united states#67 + 70 + 69 + 68 = 274#- 10#1350#189000\nian poulter#england#70 + 67 + 70 + 67 = 274#- 10#1350#189000\n",
        "pandas_code": "df['winnings'].iloc[0] - df['winnings'].iloc[-1] == 1260000",
        "pandas_eval": "False"
    },
    {
        "id": 31523,
        "statement": "the lowest scoring player be only single digit under par",
        "label": 0,
        "table_caption": "2007 fedex cup playoffs",
        "table_text": "player#country#score#to par#points#winnings\nsteve stricker#united states#67 + 67 + 65 + 69 = 268#- 16#9000#1260000\nkj choi#south korea#64 + 66 + 70 + 70 = 270#- 14#5400#756000\nrory sabbatini#south africa#63 + 71 + 69 + 68 = 271#- 13#3400#476000\nmark calcavecchia#united states#67 + 75 + 65 + 65 = 272#- 12#2067#289333\nernie els#south africa#65 + 71 + 68 + 68 = 272#- 12#2067#289333\ngeoff ogilvy#australia#68 + 66 + 69 + 69 = 272#- 12#2067#289333\nrich beem#united states#64 + 68 + 69 + 72 = 273#- 11#1613#225750\nphil mickelson#united states#67 + 70 + 69 + 67 = 273#- 11#1613#225750\nrobert garrigus#united states#70 + 70 + 68 + 66 = 274#- 10#1350#189000\njerry kelly#united states#67 + 70 + 69 + 68 = 274#- 10#1350#189000\nian poulter#england#70 + 67 + 70 + 67 = 274#- 10#1350#189000\n",
        "pandas_code": "df[df['to par'].str.extract(r'(-?\\d+)').astype(int) == -9].shape[0] == 1",
        "pandas_eval": "False"
    },
    {
        "id": 31524,
        "statement": "there be only a 2 stroke spread between the first place and last place player",
        "label": 0,
        "table_caption": "2007 fedex cup playoffs",
        "table_text": "player#country#score#to par#points#winnings\nsteve stricker#united states#67 + 67 + 65 + 69 = 268#- 16#9000#1260000\nkj choi#south korea#64 + 66 + 70 + 70 = 270#- 14#5400#756000\nrory sabbatini#south africa#63 + 71 + 69 + 68 = 271#- 13#3400#476000\nmark calcavecchia#united states#67 + 75 + 65 + 65 = 272#- 12#2067#289333\nernie els#south africa#65 + 71 + 68 + 68 = 272#- 12#2067#289333\ngeoff ogilvy#australia#68 + 66 + 69 + 69 = 272#- 12#2067#289333\nrich beem#united states#64 + 68 + 69 + 72 = 273#- 11#1613#225750\nphil mickelson#united states#67 + 70 + 69 + 67 = 273#- 11#1613#225750\nrobert garrigus#united states#70 + 70 + 68 + 66 = 274#- 10#1350#189000\njerry kelly#united states#67 + 70 + 69 + 68 = 274#- 10#1350#189000\nian poulter#england#70 + 67 + 70 + 67 = 274#- 10#1350#189000\n",
        "pandas_code": "abs(int(df['score'].iloc[0].split('=')[1].strip()) - int(df['score'].iloc[-1].split('=')[1].strip())) == 2",
        "pandas_eval": "False"
    }
]