[
    {
        "id": 33784,
        "statement": "in the 2008 - phoenix sun season , they win 7 game",
        "label": 1,
        "table_caption": "2008 - 09 phoenix suns season",
        "table_text": "game#date#team#score#high points#high rebounds#high assists#location attendance#record\n31#january 2#la clippers#w 106 - 98 (ot)#amar'e stoudemire (23)#shaquille o'neal (9)#steve nash (11)#us airways center 18422#19 - 12\n32#january 7#indiana#l 110 - 113 (ot)#amar'e stoudemire (23)#louis amundson (14)#steve nash (12)#us airways center 18422#19 - 13\n33#january 9#dallas#w 128 - 100 (ot)#shaquille o'neal (25)#shaquille o'neal (10)#steve nash (12)#us airways center 18422#20 - 13\n34#january 11#la clippers#w 109 - 103 (ot)#amar'e stoudemire (26)#shaquille o'neal (10)#steve nash (12)#staples center 17307#21 - 13\n35#january 13#atlanta#w 107 - 102 (ot)#shaquille o'neal (26)#matt barnes , shaquille o'neal (10)#steve nash (6)#us airways center 18422#22 - 13\n36#january 15#denver#l 113 - 119 (ot)#grant hill (25)#grant hill , amar'e stoudemire (8)#steve nash (14)#pepsi center 18073#22 - 14\n37#january 16#minnesota#l 103 - 105 (ot)#shaquille o'neal , leandro barbosa (22)#shaquille o'neal (11)#steve nash (6)#us airways center 18422#22 - 15\n38#january 18#toronto#w 117 - 113 (ot)#amar'e stoudemire (31)#grant hill (9)#steve nash (18)#air canada centre 19800#23 - 15\n39#january 19#boston#l 87 - 104 (ot)#shaquille o'neal (16)#shaquille o'neal (11)#steve nash (8)#td banknorth garden 18624#23 - 16\n40#january 21#new york#l 109 - 114 (ot)#jason richardson (27)#shaquille o'neal (12)#steve nash (19)#madison square garden 19256#23 - 17\n41#january 23#charlotte#l 76 - 98 (ot)#shaquille o'neal (20)#amar'e stoudemire (9)#steve nash (5)#time warner cable arena 19104#23 - 18\n42#january 25#atlanta#w 104 - 99 (ot)#amar'e stoudemire (23)#shaquille o'neal (11)#steve nash (13)#philips arena 19153#24 - 18\n43#january 26#washington#w 103 - 87 (ot)#shaquille o'neal (29)#amar'e stoudemire (15)#steve nash (15)#verizon center 17344#25 - 18\n44#january 29#san antonio#l 104 - 114 (ot)#amar'e stoudemire (28)#amar'e stoudemire , grant hill (10)#steve nash (18)#us airways center 18422#25 - 19\n45#january 31#chicago#l 111 - 122 (ot)#leandro barbosa (32)#shaquille o'neal (8)#steve nash (10)#us airways center 18422#25 - 20\n",
        "pandas_code": "(df['score'].str.startswith('w').sum() == 7)",
        "pandas_eval": "True"
    },
    {
        "id": 33785,
        "statement": "in the 2008 - phoenix sun season , steve nash be the only player to ever get high assist",
        "label": 1,
        "table_caption": "2008 - 09 phoenix suns season",
        "table_text": "game#date#team#score#high points#high rebounds#high assists#location attendance#record\n31#january 2#la clippers#w 106 - 98 (ot)#amar'e stoudemire (23)#shaquille o'neal (9)#steve nash (11)#us airways center 18422#19 - 12\n32#january 7#indiana#l 110 - 113 (ot)#amar'e stoudemire (23)#louis amundson (14)#steve nash (12)#us airways center 18422#19 - 13\n33#january 9#dallas#w 128 - 100 (ot)#shaquille o'neal (25)#shaquille o'neal (10)#steve nash (12)#us airways center 18422#20 - 13\n34#january 11#la clippers#w 109 - 103 (ot)#amar'e stoudemire (26)#shaquille o'neal (10)#steve nash (12)#staples center 17307#21 - 13\n35#january 13#atlanta#w 107 - 102 (ot)#shaquille o'neal (26)#matt barnes , shaquille o'neal (10)#steve nash (6)#us airways center 18422#22 - 13\n36#january 15#denver#l 113 - 119 (ot)#grant hill (25)#grant hill , amar'e stoudemire (8)#steve nash (14)#pepsi center 18073#22 - 14\n37#january 16#minnesota#l 103 - 105 (ot)#shaquille o'neal , leandro barbosa (22)#shaquille o'neal (11)#steve nash (6)#us airways center 18422#22 - 15\n38#january 18#toronto#w 117 - 113 (ot)#amar'e stoudemire (31)#grant hill (9)#steve nash (18)#air canada centre 19800#23 - 15\n39#january 19#boston#l 87 - 104 (ot)#shaquille o'neal (16)#shaquille o'neal (11)#steve nash (8)#td banknorth garden 18624#23 - 16\n40#january 21#new york#l 109 - 114 (ot)#jason richardson (27)#shaquille o'neal (12)#steve nash (19)#madison square garden 19256#23 - 17\n41#january 23#charlotte#l 76 - 98 (ot)#shaquille o'neal (20)#amar'e stoudemire (9)#steve nash (5)#time warner cable arena 19104#23 - 18\n42#january 25#atlanta#w 104 - 99 (ot)#amar'e stoudemire (23)#shaquille o'neal (11)#steve nash (13)#philips arena 19153#24 - 18\n43#january 26#washington#w 103 - 87 (ot)#shaquille o'neal (29)#amar'e stoudemire (15)#steve nash (15)#verizon center 17344#25 - 18\n44#january 29#san antonio#l 104 - 114 (ot)#amar'e stoudemire (28)#amar'e stoudemire , grant hill (10)#steve nash (18)#us airways center 18422#25 - 19\n45#january 31#chicago#l 111 - 122 (ot)#leandro barbosa (32)#shaquille o'neal (8)#steve nash (10)#us airways center 18422#25 - 20\n",
        "pandas_code": "all(df['high assists'].str.contains('steve nash'))",
        "pandas_eval": "True"
    },
    {
        "id": 33786,
        "statement": "in the 2008 - phoenix sun season , leandro barbosa score the highest point on january 31",
        "label": 1,
        "table_caption": "2008 - 09 phoenix suns season",
        "table_text": "game#date#team#score#high points#high rebounds#high assists#location attendance#record\n31#january 2#la clippers#w 106 - 98 (ot)#amar'e stoudemire (23)#shaquille o'neal (9)#steve nash (11)#us airways center 18422#19 - 12\n32#january 7#indiana#l 110 - 113 (ot)#amar'e stoudemire (23)#louis amundson (14)#steve nash (12)#us airways center 18422#19 - 13\n33#january 9#dallas#w 128 - 100 (ot)#shaquille o'neal (25)#shaquille o'neal (10)#steve nash (12)#us airways center 18422#20 - 13\n34#january 11#la clippers#w 109 - 103 (ot)#amar'e stoudemire (26)#shaquille o'neal (10)#steve nash (12)#staples center 17307#21 - 13\n35#january 13#atlanta#w 107 - 102 (ot)#shaquille o'neal (26)#matt barnes , shaquille o'neal (10)#steve nash (6)#us airways center 18422#22 - 13\n36#january 15#denver#l 113 - 119 (ot)#grant hill (25)#grant hill , amar'e stoudemire (8)#steve nash (14)#pepsi center 18073#22 - 14\n37#january 16#minnesota#l 103 - 105 (ot)#shaquille o'neal , leandro barbosa (22)#shaquille o'neal (11)#steve nash (6)#us airways center 18422#22 - 15\n38#january 18#toronto#w 117 - 113 (ot)#amar'e stoudemire (31)#grant hill (9)#steve nash (18)#air canada centre 19800#23 - 15\n39#january 19#boston#l 87 - 104 (ot)#shaquille o'neal (16)#shaquille o'neal (11)#steve nash (8)#td banknorth garden 18624#23 - 16\n40#january 21#new york#l 109 - 114 (ot)#jason richardson (27)#shaquille o'neal (12)#steve nash (19)#madison square garden 19256#23 - 17\n41#january 23#charlotte#l 76 - 98 (ot)#shaquille o'neal (20)#amar'e stoudemire (9)#steve nash (5)#time warner cable arena 19104#23 - 18\n42#january 25#atlanta#w 104 - 99 (ot)#amar'e stoudemire (23)#shaquille o'neal (11)#steve nash (13)#philips arena 19153#24 - 18\n43#january 26#washington#w 103 - 87 (ot)#shaquille o'neal (29)#amar'e stoudemire (15)#steve nash (15)#verizon center 17344#25 - 18\n44#january 29#san antonio#l 104 - 114 (ot)#amar'e stoudemire (28)#amar'e stoudemire , grant hill (10)#steve nash (18)#us airways center 18422#25 - 19\n45#january 31#chicago#l 111 - 122 (ot)#leandro barbosa (32)#shaquille o'neal (8)#steve nash (10)#us airways center 18422#25 - 20\n",
        "pandas_code": "df[(df['date'] == 'january 31') & (df['high points'].str.contains('leandro barbosa'))].any().any()",
        "pandas_eval": "True"
    },
    {
        "id": 33787,
        "statement": "in the 2008 - phoenix sun season , grant hill score the highest point on january 15",
        "label": 1,
        "table_caption": "2008 - 09 phoenix suns season",
        "table_text": "game#date#team#score#high points#high rebounds#high assists#location attendance#record\n31#january 2#la clippers#w 106 - 98 (ot)#amar'e stoudemire (23)#shaquille o'neal (9)#steve nash (11)#us airways center 18422#19 - 12\n32#january 7#indiana#l 110 - 113 (ot)#amar'e stoudemire (23)#louis amundson (14)#steve nash (12)#us airways center 18422#19 - 13\n33#january 9#dallas#w 128 - 100 (ot)#shaquille o'neal (25)#shaquille o'neal (10)#steve nash (12)#us airways center 18422#20 - 13\n34#january 11#la clippers#w 109 - 103 (ot)#amar'e stoudemire (26)#shaquille o'neal (10)#steve nash (12)#staples center 17307#21 - 13\n35#january 13#atlanta#w 107 - 102 (ot)#shaquille o'neal (26)#matt barnes , shaquille o'neal (10)#steve nash (6)#us airways center 18422#22 - 13\n36#january 15#denver#l 113 - 119 (ot)#grant hill (25)#grant hill , amar'e stoudemire (8)#steve nash (14)#pepsi center 18073#22 - 14\n37#january 16#minnesota#l 103 - 105 (ot)#shaquille o'neal , leandro barbosa (22)#shaquille o'neal (11)#steve nash (6)#us airways center 18422#22 - 15\n38#january 18#toronto#w 117 - 113 (ot)#amar'e stoudemire (31)#grant hill (9)#steve nash (18)#air canada centre 19800#23 - 15\n39#january 19#boston#l 87 - 104 (ot)#shaquille o'neal (16)#shaquille o'neal (11)#steve nash (8)#td banknorth garden 18624#23 - 16\n40#january 21#new york#l 109 - 114 (ot)#jason richardson (27)#shaquille o'neal (12)#steve nash (19)#madison square garden 19256#23 - 17\n41#january 23#charlotte#l 76 - 98 (ot)#shaquille o'neal (20)#amar'e stoudemire (9)#steve nash (5)#time warner cable arena 19104#23 - 18\n42#january 25#atlanta#w 104 - 99 (ot)#amar'e stoudemire (23)#shaquille o'neal (11)#steve nash (13)#philips arena 19153#24 - 18\n43#january 26#washington#w 103 - 87 (ot)#shaquille o'neal (29)#amar'e stoudemire (15)#steve nash (15)#verizon center 17344#25 - 18\n44#january 29#san antonio#l 104 - 114 (ot)#amar'e stoudemire (28)#amar'e stoudemire , grant hill (10)#steve nash (18)#us airways center 18422#25 - 19\n45#january 31#chicago#l 111 - 122 (ot)#leandro barbosa (32)#shaquille o'neal (8)#steve nash (10)#us airways center 18422#25 - 20\n",
        "pandas_code": "df[(df['date'] == 'january 15') & (df['high points'].str.contains('grant hill'))].any().any()",
        "pandas_eval": "True"
    },
    {
        "id": 33788,
        "statement": "in the 2008 - phoenix sun season , they lose 8 game",
        "label": 1,
        "table_caption": "2008 - 09 phoenix suns season",
        "table_text": "game#date#team#score#high points#high rebounds#high assists#location attendance#record\n31#january 2#la clippers#w 106 - 98 (ot)#amar'e stoudemire (23)#shaquille o'neal (9)#steve nash (11)#us airways center 18422#19 - 12\n32#january 7#indiana#l 110 - 113 (ot)#amar'e stoudemire (23)#louis amundson (14)#steve nash (12)#us airways center 18422#19 - 13\n33#january 9#dallas#w 128 - 100 (ot)#shaquille o'neal (25)#shaquille o'neal (10)#steve nash (12)#us airways center 18422#20 - 13\n34#january 11#la clippers#w 109 - 103 (ot)#amar'e stoudemire (26)#shaquille o'neal (10)#steve nash (12)#staples center 17307#21 - 13\n35#january 13#atlanta#w 107 - 102 (ot)#shaquille o'neal (26)#matt barnes , shaquille o'neal (10)#steve nash (6)#us airways center 18422#22 - 13\n36#january 15#denver#l 113 - 119 (ot)#grant hill (25)#grant hill , amar'e stoudemire (8)#steve nash (14)#pepsi center 18073#22 - 14\n37#january 16#minnesota#l 103 - 105 (ot)#shaquille o'neal , leandro barbosa (22)#shaquille o'neal (11)#steve nash (6)#us airways center 18422#22 - 15\n38#january 18#toronto#w 117 - 113 (ot)#amar'e stoudemire (31)#grant hill (9)#steve nash (18)#air canada centre 19800#23 - 15\n39#january 19#boston#l 87 - 104 (ot)#shaquille o'neal (16)#shaquille o'neal (11)#steve nash (8)#td banknorth garden 18624#23 - 16\n40#january 21#new york#l 109 - 114 (ot)#jason richardson (27)#shaquille o'neal (12)#steve nash (19)#madison square garden 19256#23 - 17\n41#january 23#charlotte#l 76 - 98 (ot)#shaquille o'neal (20)#amar'e stoudemire (9)#steve nash (5)#time warner cable arena 19104#23 - 18\n42#january 25#atlanta#w 104 - 99 (ot)#amar'e stoudemire (23)#shaquille o'neal (11)#steve nash (13)#philips arena 19153#24 - 18\n43#january 26#washington#w 103 - 87 (ot)#shaquille o'neal (29)#amar'e stoudemire (15)#steve nash (15)#verizon center 17344#25 - 18\n44#january 29#san antonio#l 104 - 114 (ot)#amar'e stoudemire (28)#amar'e stoudemire , grant hill (10)#steve nash (18)#us airways center 18422#25 - 19\n45#january 31#chicago#l 111 - 122 (ot)#leandro barbosa (32)#shaquille o'neal (8)#steve nash (10)#us airways center 18422#25 - 20\n",
        "pandas_code": "len(df[df['score'].str.startswith('l')]) == 8",
        "pandas_eval": "True"
    },
    {
        "id": 33789,
        "statement": "in the 2008 - phoenix sun season , they lose 7 game",
        "label": 0,
        "table_caption": "2008 - 09 phoenix suns season",
        "table_text": "game#date#team#score#high points#high rebounds#high assists#location attendance#record\n31#january 2#la clippers#w 106 - 98 (ot)#amar'e stoudemire (23)#shaquille o'neal (9)#steve nash (11)#us airways center 18422#19 - 12\n32#january 7#indiana#l 110 - 113 (ot)#amar'e stoudemire (23)#louis amundson (14)#steve nash (12)#us airways center 18422#19 - 13\n33#january 9#dallas#w 128 - 100 (ot)#shaquille o'neal (25)#shaquille o'neal (10)#steve nash (12)#us airways center 18422#20 - 13\n34#january 11#la clippers#w 109 - 103 (ot)#amar'e stoudemire (26)#shaquille o'neal (10)#steve nash (12)#staples center 17307#21 - 13\n35#january 13#atlanta#w 107 - 102 (ot)#shaquille o'neal (26)#matt barnes , shaquille o'neal (10)#steve nash (6)#us airways center 18422#22 - 13\n36#january 15#denver#l 113 - 119 (ot)#grant hill (25)#grant hill , amar'e stoudemire (8)#steve nash (14)#pepsi center 18073#22 - 14\n37#january 16#minnesota#l 103 - 105 (ot)#shaquille o'neal , leandro barbosa (22)#shaquille o'neal (11)#steve nash (6)#us airways center 18422#22 - 15\n38#january 18#toronto#w 117 - 113 (ot)#amar'e stoudemire (31)#grant hill (9)#steve nash (18)#air canada centre 19800#23 - 15\n39#january 19#boston#l 87 - 104 (ot)#shaquille o'neal (16)#shaquille o'neal (11)#steve nash (8)#td banknorth garden 18624#23 - 16\n40#january 21#new york#l 109 - 114 (ot)#jason richardson (27)#shaquille o'neal (12)#steve nash (19)#madison square garden 19256#23 - 17\n41#january 23#charlotte#l 76 - 98 (ot)#shaquille o'neal (20)#amar'e stoudemire (9)#steve nash (5)#time warner cable arena 19104#23 - 18\n42#january 25#atlanta#w 104 - 99 (ot)#amar'e stoudemire (23)#shaquille o'neal (11)#steve nash (13)#philips arena 19153#24 - 18\n43#january 26#washington#w 103 - 87 (ot)#shaquille o'neal (29)#amar'e stoudemire (15)#steve nash (15)#verizon center 17344#25 - 18\n44#january 29#san antonio#l 104 - 114 (ot)#amar'e stoudemire (28)#amar'e stoudemire , grant hill (10)#steve nash (18)#us airways center 18422#25 - 19\n45#january 31#chicago#l 111 - 122 (ot)#leandro barbosa (32)#shaquille o'neal (8)#steve nash (10)#us airways center 18422#25 - 20\n",
        "pandas_code": "len(df[df['score'].str.startswith('l')]) == 7",
        "pandas_eval": "False"
    },
    {
        "id": 33790,
        "statement": "in the 2008 - phoenix sun season , steve nash be the the only player to ever get high rebound",
        "label": 0,
        "table_caption": "2008 - 09 phoenix suns season",
        "table_text": "game#date#team#score#high points#high rebounds#high assists#location attendance#record\n31#january 2#la clippers#w 106 - 98 (ot)#amar'e stoudemire (23)#shaquille o'neal (9)#steve nash (11)#us airways center 18422#19 - 12\n32#january 7#indiana#l 110 - 113 (ot)#amar'e stoudemire (23)#louis amundson (14)#steve nash (12)#us airways center 18422#19 - 13\n33#january 9#dallas#w 128 - 100 (ot)#shaquille o'neal (25)#shaquille o'neal (10)#steve nash (12)#us airways center 18422#20 - 13\n34#january 11#la clippers#w 109 - 103 (ot)#amar'e stoudemire (26)#shaquille o'neal (10)#steve nash (12)#staples center 17307#21 - 13\n35#january 13#atlanta#w 107 - 102 (ot)#shaquille o'neal (26)#matt barnes , shaquille o'neal (10)#steve nash (6)#us airways center 18422#22 - 13\n36#january 15#denver#l 113 - 119 (ot)#grant hill (25)#grant hill , amar'e stoudemire (8)#steve nash (14)#pepsi center 18073#22 - 14\n37#january 16#minnesota#l 103 - 105 (ot)#shaquille o'neal , leandro barbosa (22)#shaquille o'neal (11)#steve nash (6)#us airways center 18422#22 - 15\n38#january 18#toronto#w 117 - 113 (ot)#amar'e stoudemire (31)#grant hill (9)#steve nash (18)#air canada centre 19800#23 - 15\n39#january 19#boston#l 87 - 104 (ot)#shaquille o'neal (16)#shaquille o'neal (11)#steve nash (8)#td banknorth garden 18624#23 - 16\n40#january 21#new york#l 109 - 114 (ot)#jason richardson (27)#shaquille o'neal (12)#steve nash (19)#madison square garden 19256#23 - 17\n41#january 23#charlotte#l 76 - 98 (ot)#shaquille o'neal (20)#amar'e stoudemire (9)#steve nash (5)#time warner cable arena 19104#23 - 18\n42#january 25#atlanta#w 104 - 99 (ot)#amar'e stoudemire (23)#shaquille o'neal (11)#steve nash (13)#philips arena 19153#24 - 18\n43#january 26#washington#w 103 - 87 (ot)#shaquille o'neal (29)#amar'e stoudemire (15)#steve nash (15)#verizon center 17344#25 - 18\n44#january 29#san antonio#l 104 - 114 (ot)#amar'e stoudemire (28)#amar'e stoudemire , grant hill (10)#steve nash (18)#us airways center 18422#25 - 19\n45#january 31#chicago#l 111 - 122 (ot)#leandro barbosa (32)#shaquille o'neal (8)#steve nash (10)#us airways center 18422#25 - 20\n",
        "pandas_code": "any(df['high rebounds'].apply(lambda x: 'steve nash' in x.lower()))",
        "pandas_eval": "False"
    },
    {
        "id": 33791,
        "statement": "in the 2008 - phoenix sun season , leandro barbosa score the lowest point on january 31",
        "label": 0,
        "table_caption": "2008 - 09 phoenix suns season",
        "table_text": "game#date#team#score#high points#high rebounds#high assists#location attendance#record\n31#january 2#la clippers#w 106 - 98 (ot)#amar'e stoudemire (23)#shaquille o'neal (9)#steve nash (11)#us airways center 18422#19 - 12\n32#january 7#indiana#l 110 - 113 (ot)#amar'e stoudemire (23)#louis amundson (14)#steve nash (12)#us airways center 18422#19 - 13\n33#january 9#dallas#w 128 - 100 (ot)#shaquille o'neal (25)#shaquille o'neal (10)#steve nash (12)#us airways center 18422#20 - 13\n34#january 11#la clippers#w 109 - 103 (ot)#amar'e stoudemire (26)#shaquille o'neal (10)#steve nash (12)#staples center 17307#21 - 13\n35#january 13#atlanta#w 107 - 102 (ot)#shaquille o'neal (26)#matt barnes , shaquille o'neal (10)#steve nash (6)#us airways center 18422#22 - 13\n36#january 15#denver#l 113 - 119 (ot)#grant hill (25)#grant hill , amar'e stoudemire (8)#steve nash (14)#pepsi center 18073#22 - 14\n37#january 16#minnesota#l 103 - 105 (ot)#shaquille o'neal , leandro barbosa (22)#shaquille o'neal (11)#steve nash (6)#us airways center 18422#22 - 15\n38#january 18#toronto#w 117 - 113 (ot)#amar'e stoudemire (31)#grant hill (9)#steve nash (18)#air canada centre 19800#23 - 15\n39#january 19#boston#l 87 - 104 (ot)#shaquille o'neal (16)#shaquille o'neal (11)#steve nash (8)#td banknorth garden 18624#23 - 16\n40#january 21#new york#l 109 - 114 (ot)#jason richardson (27)#shaquille o'neal (12)#steve nash (19)#madison square garden 19256#23 - 17\n41#january 23#charlotte#l 76 - 98 (ot)#shaquille o'neal (20)#amar'e stoudemire (9)#steve nash (5)#time warner cable arena 19104#23 - 18\n42#january 25#atlanta#w 104 - 99 (ot)#amar'e stoudemire (23)#shaquille o'neal (11)#steve nash (13)#philips arena 19153#24 - 18\n43#january 26#washington#w 103 - 87 (ot)#shaquille o'neal (29)#amar'e stoudemire (15)#steve nash (15)#verizon center 17344#25 - 18\n44#january 29#san antonio#l 104 - 114 (ot)#amar'e stoudemire (28)#amar'e stoudemire , grant hill (10)#steve nash (18)#us airways center 18422#25 - 19\n45#january 31#chicago#l 111 - 122 (ot)#leandro barbosa (32)#shaquille o'neal (8)#steve nash (10)#us airways center 18422#25 - 20\n",
        "pandas_code": "df[(df['date'] == 'january 31') & (df['high points'].str.contains('leandro barbosa'))]['score'].str.extract(r'(\\d+)')[0].astype(int).min() == 32",
        "pandas_eval": "False"
    },
    {
        "id": 33792,
        "statement": "in the 2008 - phoenix sun season , grant hill score the lowest point on january 15",
        "label": 0,
        "table_caption": "2008 - 09 phoenix suns season",
        "table_text": "game#date#team#score#high points#high rebounds#high assists#location attendance#record\n31#january 2#la clippers#w 106 - 98 (ot)#amar'e stoudemire (23)#shaquille o'neal (9)#steve nash (11)#us airways center 18422#19 - 12\n32#january 7#indiana#l 110 - 113 (ot)#amar'e stoudemire (23)#louis amundson (14)#steve nash (12)#us airways center 18422#19 - 13\n33#january 9#dallas#w 128 - 100 (ot)#shaquille o'neal (25)#shaquille o'neal (10)#steve nash (12)#us airways center 18422#20 - 13\n34#january 11#la clippers#w 109 - 103 (ot)#amar'e stoudemire (26)#shaquille o'neal (10)#steve nash (12)#staples center 17307#21 - 13\n35#january 13#atlanta#w 107 - 102 (ot)#shaquille o'neal (26)#matt barnes , shaquille o'neal (10)#steve nash (6)#us airways center 18422#22 - 13\n36#january 15#denver#l 113 - 119 (ot)#grant hill (25)#grant hill , amar'e stoudemire (8)#steve nash (14)#pepsi center 18073#22 - 14\n37#january 16#minnesota#l 103 - 105 (ot)#shaquille o'neal , leandro barbosa (22)#shaquille o'neal (11)#steve nash (6)#us airways center 18422#22 - 15\n38#january 18#toronto#w 117 - 113 (ot)#amar'e stoudemire (31)#grant hill (9)#steve nash (18)#air canada centre 19800#23 - 15\n39#january 19#boston#l 87 - 104 (ot)#shaquille o'neal (16)#shaquille o'neal (11)#steve nash (8)#td banknorth garden 18624#23 - 16\n40#january 21#new york#l 109 - 114 (ot)#jason richardson (27)#shaquille o'neal (12)#steve nash (19)#madison square garden 19256#23 - 17\n41#january 23#charlotte#l 76 - 98 (ot)#shaquille o'neal (20)#amar'e stoudemire (9)#steve nash (5)#time warner cable arena 19104#23 - 18\n42#january 25#atlanta#w 104 - 99 (ot)#amar'e stoudemire (23)#shaquille o'neal (11)#steve nash (13)#philips arena 19153#24 - 18\n43#january 26#washington#w 103 - 87 (ot)#shaquille o'neal (29)#amar'e stoudemire (15)#steve nash (15)#verizon center 17344#25 - 18\n44#january 29#san antonio#l 104 - 114 (ot)#amar'e stoudemire (28)#amar'e stoudemire , grant hill (10)#steve nash (18)#us airways center 18422#25 - 19\n45#january 31#chicago#l 111 - 122 (ot)#leandro barbosa (32)#shaquille o'neal (8)#steve nash (10)#us airways center 18422#25 - 20\n",
        "pandas_code": "df[(df['date'] == 'january 15') & (df['high points'].str.contains('grant hill'))].empty",
        "pandas_eval": "False"
    },
    {
        "id": 33793,
        "statement": "in the 2008 - phoenix sun season , they win 8 game",
        "label": 0,
        "table_caption": "2008 - 09 phoenix suns season",
        "table_text": "game#date#team#score#high points#high rebounds#high assists#location attendance#record\n31#january 2#la clippers#w 106 - 98 (ot)#amar'e stoudemire (23)#shaquille o'neal (9)#steve nash (11)#us airways center 18422#19 - 12\n32#january 7#indiana#l 110 - 113 (ot)#amar'e stoudemire (23)#louis amundson (14)#steve nash (12)#us airways center 18422#19 - 13\n33#january 9#dallas#w 128 - 100 (ot)#shaquille o'neal (25)#shaquille o'neal (10)#steve nash (12)#us airways center 18422#20 - 13\n34#january 11#la clippers#w 109 - 103 (ot)#amar'e stoudemire (26)#shaquille o'neal (10)#steve nash (12)#staples center 17307#21 - 13\n35#january 13#atlanta#w 107 - 102 (ot)#shaquille o'neal (26)#matt barnes , shaquille o'neal (10)#steve nash (6)#us airways center 18422#22 - 13\n36#january 15#denver#l 113 - 119 (ot)#grant hill (25)#grant hill , amar'e stoudemire (8)#steve nash (14)#pepsi center 18073#22 - 14\n37#january 16#minnesota#l 103 - 105 (ot)#shaquille o'neal , leandro barbosa (22)#shaquille o'neal (11)#steve nash (6)#us airways center 18422#22 - 15\n38#january 18#toronto#w 117 - 113 (ot)#amar'e stoudemire (31)#grant hill (9)#steve nash (18)#air canada centre 19800#23 - 15\n39#january 19#boston#l 87 - 104 (ot)#shaquille o'neal (16)#shaquille o'neal (11)#steve nash (8)#td banknorth garden 18624#23 - 16\n40#january 21#new york#l 109 - 114 (ot)#jason richardson (27)#shaquille o'neal (12)#steve nash (19)#madison square garden 19256#23 - 17\n41#january 23#charlotte#l 76 - 98 (ot)#shaquille o'neal (20)#amar'e stoudemire (9)#steve nash (5)#time warner cable arena 19104#23 - 18\n42#january 25#atlanta#w 104 - 99 (ot)#amar'e stoudemire (23)#shaquille o'neal (11)#steve nash (13)#philips arena 19153#24 - 18\n43#january 26#washington#w 103 - 87 (ot)#shaquille o'neal (29)#amar'e stoudemire (15)#steve nash (15)#verizon center 17344#25 - 18\n44#january 29#san antonio#l 104 - 114 (ot)#amar'e stoudemire (28)#amar'e stoudemire , grant hill (10)#steve nash (18)#us airways center 18422#25 - 19\n45#january 31#chicago#l 111 - 122 (ot)#leandro barbosa (32)#shaquille o'neal (8)#steve nash (10)#us airways center 18422#25 - 20\n",
        "pandas_code": "(df['score'].str.startswith('w').sum() == 8)",
        "pandas_eval": "False"
    },
    {
        "id": 35390,
        "statement": "shaquille o' neal score the most point in 3 different game in march",
        "label": 1,
        "table_caption": "2008 - 09 phoenix suns season",
        "table_text": "game#date#team#score#high points#high rebounds#high assists#location attendance#record\n59#march 1#la lakers#w 118 - 111 (ot)#shaquille o'neal (33)#matt barnes (10)#matt barnes , leandro barbosa (7)#us airways center 18422#34 - 25\n60#march 3#orlando#l 99 - 111 (ot)#jason richardson (27)#shaquille o'neal (11)#steve nash (8)#amway arena 17461#34 - 26\n61#march 4#miami#l 129 - 135 (ot)#steve nash (29)#shaquille o'neal (8)#steve nash (10)#american airlines arena 19600#34 - 27\n62#march 6#houston#l 112 - 116 (ot)#steve nash (32)#matt barnes (9)#steve nash (13)#toyota center 18045#34 - 28\n63#march 8#san antonio#l 98 - 103 (ot)#steve nash (23)#grant hill (8)#steve nash (11)#at&t center 18797#34 - 29\n64#march 10#dallas#l 117 - 122 (ot)#steve nash (23)#louis amundson (9)#steve nash (13)#us airways center 18422#34 - 30\n65#march 12#cleveland#l 111 - 119 (ot)#matt barnes (21)#jason richardson , shaquille o'neal (7)#steve nash (6)#us airways center 18422#34 - 31\n66#march 14#oklahoma city#w 106 - 95 (ot)#leandro barbosa (22)#jared dudley (9)#steve nash (8)#us airways center 18422#35 - 31\n67#march 15#golden state#w 154 - 130 (ot)#jason richardson (31)#grant hill (8)#matt barnes (11)#oracle arena 19596#36 - 31\n68#march 18#philadelphia#w 126 - 116 (ot)#shaquille o'neal (26)#shaquille o'neal (11)#steve nash (10)#us airways center 18422#37 - 31\n69#march 21#washington#w 128 - 96 (ot)#jason richardson (35)#stromile swift (12)#jared dudley (6)#us airways center 18422#38 - 31\n70#march 23#denver#w 118 - 115 (ot)#grant hill (23)#grant hill (10)#steve nash (9)#us airways center 18422#39 - 31\n71#march 25#utah#w 118 - 114 (ot)#grant hill (26)#shaquille o'neal (12)#steve nash (14)#us airways center 18422#40 - 31\n72#march 26#portland#l 109 - 129 (ot)#shaquille o'neal (20)#shaquille o'neal (7)#steve nash (5)#rose garden 20650#40 - 32\n73#march 28#utah#l 99 - 104 (ot)#steve nash (20)#shaquille o'neal , matt barnes (10)#steve nash (6)#energysolutions arena 19911#40 - 33\n74#march 29#sacramento#l 118 - 126 (ot)#steve nash (31)#jared dudley (11)#steve nash (14)#arco arena 13623#40 - 34\n",
        "pandas_code": "df[df['high points'].str.contains(\"shaquille o'neal\") & df['date'].str.startswith('march')].shape[0] >= 3",
        "pandas_eval": "True"
    },
    {
        "id": 35391,
        "statement": "the phoenix sun win 7 time in march during the 2008 - 2009 season",
        "label": 1,
        "table_caption": "2008 - 09 phoenix suns season",
        "table_text": "game#date#team#score#high points#high rebounds#high assists#location attendance#record\n59#march 1#la lakers#w 118 - 111 (ot)#shaquille o'neal (33)#matt barnes (10)#matt barnes , leandro barbosa (7)#us airways center 18422#34 - 25\n60#march 3#orlando#l 99 - 111 (ot)#jason richardson (27)#shaquille o'neal (11)#steve nash (8)#amway arena 17461#34 - 26\n61#march 4#miami#l 129 - 135 (ot)#steve nash (29)#shaquille o'neal (8)#steve nash (10)#american airlines arena 19600#34 - 27\n62#march 6#houston#l 112 - 116 (ot)#steve nash (32)#matt barnes (9)#steve nash (13)#toyota center 18045#34 - 28\n63#march 8#san antonio#l 98 - 103 (ot)#steve nash (23)#grant hill (8)#steve nash (11)#at&t center 18797#34 - 29\n64#march 10#dallas#l 117 - 122 (ot)#steve nash (23)#louis amundson (9)#steve nash (13)#us airways center 18422#34 - 30\n65#march 12#cleveland#l 111 - 119 (ot)#matt barnes (21)#jason richardson , shaquille o'neal (7)#steve nash (6)#us airways center 18422#34 - 31\n66#march 14#oklahoma city#w 106 - 95 (ot)#leandro barbosa (22)#jared dudley (9)#steve nash (8)#us airways center 18422#35 - 31\n67#march 15#golden state#w 154 - 130 (ot)#jason richardson (31)#grant hill (8)#matt barnes (11)#oracle arena 19596#36 - 31\n68#march 18#philadelphia#w 126 - 116 (ot)#shaquille o'neal (26)#shaquille o'neal (11)#steve nash (10)#us airways center 18422#37 - 31\n69#march 21#washington#w 128 - 96 (ot)#jason richardson (35)#stromile swift (12)#jared dudley (6)#us airways center 18422#38 - 31\n70#march 23#denver#w 118 - 115 (ot)#grant hill (23)#grant hill (10)#steve nash (9)#us airways center 18422#39 - 31\n71#march 25#utah#w 118 - 114 (ot)#grant hill (26)#shaquille o'neal (12)#steve nash (14)#us airways center 18422#40 - 31\n72#march 26#portland#l 109 - 129 (ot)#shaquille o'neal (20)#shaquille o'neal (7)#steve nash (5)#rose garden 20650#40 - 32\n73#march 28#utah#l 99 - 104 (ot)#steve nash (20)#shaquille o'neal , matt barnes (10)#steve nash (6)#energysolutions arena 19911#40 - 33\n74#march 29#sacramento#l 118 - 126 (ot)#steve nash (31)#jared dudley (11)#steve nash (14)#arco arena 13623#40 - 34\n",
        "pandas_code": "(df['date'].str.contains('march') & df['score'].str.startswith('w')).sum() == 7",
        "pandas_eval": "True"
    },
    {
        "id": 35392,
        "statement": "steve nash have the most assist a total of 13 different time in march",
        "label": 1,
        "table_caption": "2008 - 09 phoenix suns season",
        "table_text": "game#date#team#score#high points#high rebounds#high assists#location attendance#record\n59#march 1#la lakers#w 118 - 111 (ot)#shaquille o'neal (33)#matt barnes (10)#matt barnes , leandro barbosa (7)#us airways center 18422#34 - 25\n60#march 3#orlando#l 99 - 111 (ot)#jason richardson (27)#shaquille o'neal (11)#steve nash (8)#amway arena 17461#34 - 26\n61#march 4#miami#l 129 - 135 (ot)#steve nash (29)#shaquille o'neal (8)#steve nash (10)#american airlines arena 19600#34 - 27\n62#march 6#houston#l 112 - 116 (ot)#steve nash (32)#matt barnes (9)#steve nash (13)#toyota center 18045#34 - 28\n63#march 8#san antonio#l 98 - 103 (ot)#steve nash (23)#grant hill (8)#steve nash (11)#at&t center 18797#34 - 29\n64#march 10#dallas#l 117 - 122 (ot)#steve nash (23)#louis amundson (9)#steve nash (13)#us airways center 18422#34 - 30\n65#march 12#cleveland#l 111 - 119 (ot)#matt barnes (21)#jason richardson , shaquille o'neal (7)#steve nash (6)#us airways center 18422#34 - 31\n66#march 14#oklahoma city#w 106 - 95 (ot)#leandro barbosa (22)#jared dudley (9)#steve nash (8)#us airways center 18422#35 - 31\n67#march 15#golden state#w 154 - 130 (ot)#jason richardson (31)#grant hill (8)#matt barnes (11)#oracle arena 19596#36 - 31\n68#march 18#philadelphia#w 126 - 116 (ot)#shaquille o'neal (26)#shaquille o'neal (11)#steve nash (10)#us airways center 18422#37 - 31\n69#march 21#washington#w 128 - 96 (ot)#jason richardson (35)#stromile swift (12)#jared dudley (6)#us airways center 18422#38 - 31\n70#march 23#denver#w 118 - 115 (ot)#grant hill (23)#grant hill (10)#steve nash (9)#us airways center 18422#39 - 31\n71#march 25#utah#w 118 - 114 (ot)#grant hill (26)#shaquille o'neal (12)#steve nash (14)#us airways center 18422#40 - 31\n72#march 26#portland#l 109 - 129 (ot)#shaquille o'neal (20)#shaquille o'neal (7)#steve nash (5)#rose garden 20650#40 - 32\n73#march 28#utah#l 99 - 104 (ot)#steve nash (20)#shaquille o'neal , matt barnes (10)#steve nash (6)#energysolutions arena 19911#40 - 33\n74#march 29#sacramento#l 118 - 126 (ot)#steve nash (31)#jared dudley (11)#steve nash (14)#arco arena 13623#40 - 34\n",
        "pandas_code": "(df['high assists'].str.contains('steve nash').sum() == 13) and (df['date'].str.contains('march').all())",
        "pandas_eval": "True"
    },
    {
        "id": 35393,
        "statement": "the highest attendance during a game be at the rise garden versus portland on march 27",
        "label": 1,
        "table_caption": "2008 - 09 phoenix suns season",
        "table_text": "game#date#team#score#high points#high rebounds#high assists#location attendance#record\n59#march 1#la lakers#w 118 - 111 (ot)#shaquille o'neal (33)#matt barnes (10)#matt barnes , leandro barbosa (7)#us airways center 18422#34 - 25\n60#march 3#orlando#l 99 - 111 (ot)#jason richardson (27)#shaquille o'neal (11)#steve nash (8)#amway arena 17461#34 - 26\n61#march 4#miami#l 129 - 135 (ot)#steve nash (29)#shaquille o'neal (8)#steve nash (10)#american airlines arena 19600#34 - 27\n62#march 6#houston#l 112 - 116 (ot)#steve nash (32)#matt barnes (9)#steve nash (13)#toyota center 18045#34 - 28\n63#march 8#san antonio#l 98 - 103 (ot)#steve nash (23)#grant hill (8)#steve nash (11)#at&t center 18797#34 - 29\n64#march 10#dallas#l 117 - 122 (ot)#steve nash (23)#louis amundson (9)#steve nash (13)#us airways center 18422#34 - 30\n65#march 12#cleveland#l 111 - 119 (ot)#matt barnes (21)#jason richardson , shaquille o'neal (7)#steve nash (6)#us airways center 18422#34 - 31\n66#march 14#oklahoma city#w 106 - 95 (ot)#leandro barbosa (22)#jared dudley (9)#steve nash (8)#us airways center 18422#35 - 31\n67#march 15#golden state#w 154 - 130 (ot)#jason richardson (31)#grant hill (8)#matt barnes (11)#oracle arena 19596#36 - 31\n68#march 18#philadelphia#w 126 - 116 (ot)#shaquille o'neal (26)#shaquille o'neal (11)#steve nash (10)#us airways center 18422#37 - 31\n69#march 21#washington#w 128 - 96 (ot)#jason richardson (35)#stromile swift (12)#jared dudley (6)#us airways center 18422#38 - 31\n70#march 23#denver#w 118 - 115 (ot)#grant hill (23)#grant hill (10)#steve nash (9)#us airways center 18422#39 - 31\n71#march 25#utah#w 118 - 114 (ot)#grant hill (26)#shaquille o'neal (12)#steve nash (14)#us airways center 18422#40 - 31\n72#march 26#portland#l 109 - 129 (ot)#shaquille o'neal (20)#shaquille o'neal (7)#steve nash (5)#rose garden 20650#40 - 32\n73#march 28#utah#l 99 - 104 (ot)#steve nash (20)#shaquille o'neal , matt barnes (10)#steve nash (6)#energysolutions arena 19911#40 - 33\n74#march 29#sacramento#l 118 - 126 (ot)#steve nash (31)#jared dudley (11)#steve nash (14)#arco arena 13623#40 - 34\n",
        "pandas_code": "df[df['location attendance'].str.contains('rose garden') & df['team'].eq('portland') & df['date'].eq('march 26')]['location attendance'].str.extract('(\\d+)')[0].astype(int).max() == df['location attendance'].str.extract('(\\d+)')[0].astype(int).max()",
        "pandas_eval": "True"
    },
    {
        "id": 35394,
        "statement": "the most point score by the sun be 154 on march 15 while play golden state",
        "label": 1,
        "table_caption": "2008 - 09 phoenix suns season",
        "table_text": "game#date#team#score#high points#high rebounds#high assists#location attendance#record\n59#march 1#la lakers#w 118 - 111 (ot)#shaquille o'neal (33)#matt barnes (10)#matt barnes , leandro barbosa (7)#us airways center 18422#34 - 25\n60#march 3#orlando#l 99 - 111 (ot)#jason richardson (27)#shaquille o'neal (11)#steve nash (8)#amway arena 17461#34 - 26\n61#march 4#miami#l 129 - 135 (ot)#steve nash (29)#shaquille o'neal (8)#steve nash (10)#american airlines arena 19600#34 - 27\n62#march 6#houston#l 112 - 116 (ot)#steve nash (32)#matt barnes (9)#steve nash (13)#toyota center 18045#34 - 28\n63#march 8#san antonio#l 98 - 103 (ot)#steve nash (23)#grant hill (8)#steve nash (11)#at&t center 18797#34 - 29\n64#march 10#dallas#l 117 - 122 (ot)#steve nash (23)#louis amundson (9)#steve nash (13)#us airways center 18422#34 - 30\n65#march 12#cleveland#l 111 - 119 (ot)#matt barnes (21)#jason richardson , shaquille o'neal (7)#steve nash (6)#us airways center 18422#34 - 31\n66#march 14#oklahoma city#w 106 - 95 (ot)#leandro barbosa (22)#jared dudley (9)#steve nash (8)#us airways center 18422#35 - 31\n67#march 15#golden state#w 154 - 130 (ot)#jason richardson (31)#grant hill (8)#matt barnes (11)#oracle arena 19596#36 - 31\n68#march 18#philadelphia#w 126 - 116 (ot)#shaquille o'neal (26)#shaquille o'neal (11)#steve nash (10)#us airways center 18422#37 - 31\n69#march 21#washington#w 128 - 96 (ot)#jason richardson (35)#stromile swift (12)#jared dudley (6)#us airways center 18422#38 - 31\n70#march 23#denver#w 118 - 115 (ot)#grant hill (23)#grant hill (10)#steve nash (9)#us airways center 18422#39 - 31\n71#march 25#utah#w 118 - 114 (ot)#grant hill (26)#shaquille o'neal (12)#steve nash (14)#us airways center 18422#40 - 31\n72#march 26#portland#l 109 - 129 (ot)#shaquille o'neal (20)#shaquille o'neal (7)#steve nash (5)#rose garden 20650#40 - 32\n73#march 28#utah#l 99 - 104 (ot)#steve nash (20)#shaquille o'neal , matt barnes (10)#steve nash (6)#energysolutions arena 19911#40 - 33\n74#march 29#sacramento#l 118 - 126 (ot)#steve nash (31)#jared dudley (11)#steve nash (14)#arco arena 13623#40 - 34\n",
        "pandas_code": "df[(df['date'] == 'march 15') & (df['team'] == 'golden state') & (df['score'].str.contains('154'))].any().any()",
        "pandas_eval": "True"
    },
    {
        "id": 35395,
        "statement": "shaquille o' neal score the most point in more than 3 game in march",
        "label": 0,
        "table_caption": "2008 - 09 phoenix suns season",
        "table_text": "game#date#team#score#high points#high rebounds#high assists#location attendance#record\n59#march 1#la lakers#w 118 - 111 (ot)#shaquille o'neal (33)#matt barnes (10)#matt barnes , leandro barbosa (7)#us airways center 18422#34 - 25\n60#march 3#orlando#l 99 - 111 (ot)#jason richardson (27)#shaquille o'neal (11)#steve nash (8)#amway arena 17461#34 - 26\n61#march 4#miami#l 129 - 135 (ot)#steve nash (29)#shaquille o'neal (8)#steve nash (10)#american airlines arena 19600#34 - 27\n62#march 6#houston#l 112 - 116 (ot)#steve nash (32)#matt barnes (9)#steve nash (13)#toyota center 18045#34 - 28\n63#march 8#san antonio#l 98 - 103 (ot)#steve nash (23)#grant hill (8)#steve nash (11)#at&t center 18797#34 - 29\n64#march 10#dallas#l 117 - 122 (ot)#steve nash (23)#louis amundson (9)#steve nash (13)#us airways center 18422#34 - 30\n65#march 12#cleveland#l 111 - 119 (ot)#matt barnes (21)#jason richardson , shaquille o'neal (7)#steve nash (6)#us airways center 18422#34 - 31\n66#march 14#oklahoma city#w 106 - 95 (ot)#leandro barbosa (22)#jared dudley (9)#steve nash (8)#us airways center 18422#35 - 31\n67#march 15#golden state#w 154 - 130 (ot)#jason richardson (31)#grant hill (8)#matt barnes (11)#oracle arena 19596#36 - 31\n68#march 18#philadelphia#w 126 - 116 (ot)#shaquille o'neal (26)#shaquille o'neal (11)#steve nash (10)#us airways center 18422#37 - 31\n69#march 21#washington#w 128 - 96 (ot)#jason richardson (35)#stromile swift (12)#jared dudley (6)#us airways center 18422#38 - 31\n70#march 23#denver#w 118 - 115 (ot)#grant hill (23)#grant hill (10)#steve nash (9)#us airways center 18422#39 - 31\n71#march 25#utah#w 118 - 114 (ot)#grant hill (26)#shaquille o'neal (12)#steve nash (14)#us airways center 18422#40 - 31\n72#march 26#portland#l 109 - 129 (ot)#shaquille o'neal (20)#shaquille o'neal (7)#steve nash (5)#rose garden 20650#40 - 32\n73#march 28#utah#l 99 - 104 (ot)#steve nash (20)#shaquille o'neal , matt barnes (10)#steve nash (6)#energysolutions arena 19911#40 - 33\n74#march 29#sacramento#l 118 - 126 (ot)#steve nash (31)#jared dudley (11)#steve nash (14)#arco arena 13623#40 - 34\n",
        "pandas_code": "df[(df['date'].str.contains('march')) & (df['high points'].str.contains(\"shaquille o'neal\"))].shape[0] > 3",
        "pandas_eval": "False"
    },
    {
        "id": 35396,
        "statement": "the phoenix sun win less than 7 time in march during the 2008 - 2009 season",
        "label": 0,
        "table_caption": "2008 - 09 phoenix suns season",
        "table_text": "game#date#team#score#high points#high rebounds#high assists#location attendance#record\n59#march 1#la lakers#w 118 - 111 (ot)#shaquille o'neal (33)#matt barnes (10)#matt barnes , leandro barbosa (7)#us airways center 18422#34 - 25\n60#march 3#orlando#l 99 - 111 (ot)#jason richardson (27)#shaquille o'neal (11)#steve nash (8)#amway arena 17461#34 - 26\n61#march 4#miami#l 129 - 135 (ot)#steve nash (29)#shaquille o'neal (8)#steve nash (10)#american airlines arena 19600#34 - 27\n62#march 6#houston#l 112 - 116 (ot)#steve nash (32)#matt barnes (9)#steve nash (13)#toyota center 18045#34 - 28\n63#march 8#san antonio#l 98 - 103 (ot)#steve nash (23)#grant hill (8)#steve nash (11)#at&t center 18797#34 - 29\n64#march 10#dallas#l 117 - 122 (ot)#steve nash (23)#louis amundson (9)#steve nash (13)#us airways center 18422#34 - 30\n65#march 12#cleveland#l 111 - 119 (ot)#matt barnes (21)#jason richardson , shaquille o'neal (7)#steve nash (6)#us airways center 18422#34 - 31\n66#march 14#oklahoma city#w 106 - 95 (ot)#leandro barbosa (22)#jared dudley (9)#steve nash (8)#us airways center 18422#35 - 31\n67#march 15#golden state#w 154 - 130 (ot)#jason richardson (31)#grant hill (8)#matt barnes (11)#oracle arena 19596#36 - 31\n68#march 18#philadelphia#w 126 - 116 (ot)#shaquille o'neal (26)#shaquille o'neal (11)#steve nash (10)#us airways center 18422#37 - 31\n69#march 21#washington#w 128 - 96 (ot)#jason richardson (35)#stromile swift (12)#jared dudley (6)#us airways center 18422#38 - 31\n70#march 23#denver#w 118 - 115 (ot)#grant hill (23)#grant hill (10)#steve nash (9)#us airways center 18422#39 - 31\n71#march 25#utah#w 118 - 114 (ot)#grant hill (26)#shaquille o'neal (12)#steve nash (14)#us airways center 18422#40 - 31\n72#march 26#portland#l 109 - 129 (ot)#shaquille o'neal (20)#shaquille o'neal (7)#steve nash (5)#rose garden 20650#40 - 32\n73#march 28#utah#l 99 - 104 (ot)#steve nash (20)#shaquille o'neal , matt barnes (10)#steve nash (6)#energysolutions arena 19911#40 - 33\n74#march 29#sacramento#l 118 - 126 (ot)#steve nash (31)#jared dudley (11)#steve nash (14)#arco arena 13623#40 - 34\n",
        "pandas_code": "len(df[(df['date'].str.contains('march')) & (df['score'].str.startswith('w'))]) < 7",
        "pandas_eval": "False"
    },
    {
        "id": 35397,
        "statement": "steve nash have the most assist a less than a dozen different time in march",
        "label": 0,
        "table_caption": "2008 - 09 phoenix suns season",
        "table_text": "game#date#team#score#high points#high rebounds#high assists#location attendance#record\n59#march 1#la lakers#w 118 - 111 (ot)#shaquille o'neal (33)#matt barnes (10)#matt barnes , leandro barbosa (7)#us airways center 18422#34 - 25\n60#march 3#orlando#l 99 - 111 (ot)#jason richardson (27)#shaquille o'neal (11)#steve nash (8)#amway arena 17461#34 - 26\n61#march 4#miami#l 129 - 135 (ot)#steve nash (29)#shaquille o'neal (8)#steve nash (10)#american airlines arena 19600#34 - 27\n62#march 6#houston#l 112 - 116 (ot)#steve nash (32)#matt barnes (9)#steve nash (13)#toyota center 18045#34 - 28\n63#march 8#san antonio#l 98 - 103 (ot)#steve nash (23)#grant hill (8)#steve nash (11)#at&t center 18797#34 - 29\n64#march 10#dallas#l 117 - 122 (ot)#steve nash (23)#louis amundson (9)#steve nash (13)#us airways center 18422#34 - 30\n65#march 12#cleveland#l 111 - 119 (ot)#matt barnes (21)#jason richardson , shaquille o'neal (7)#steve nash (6)#us airways center 18422#34 - 31\n66#march 14#oklahoma city#w 106 - 95 (ot)#leandro barbosa (22)#jared dudley (9)#steve nash (8)#us airways center 18422#35 - 31\n67#march 15#golden state#w 154 - 130 (ot)#jason richardson (31)#grant hill (8)#matt barnes (11)#oracle arena 19596#36 - 31\n68#march 18#philadelphia#w 126 - 116 (ot)#shaquille o'neal (26)#shaquille o'neal (11)#steve nash (10)#us airways center 18422#37 - 31\n69#march 21#washington#w 128 - 96 (ot)#jason richardson (35)#stromile swift (12)#jared dudley (6)#us airways center 18422#38 - 31\n70#march 23#denver#w 118 - 115 (ot)#grant hill (23)#grant hill (10)#steve nash (9)#us airways center 18422#39 - 31\n71#march 25#utah#w 118 - 114 (ot)#grant hill (26)#shaquille o'neal (12)#steve nash (14)#us airways center 18422#40 - 31\n72#march 26#portland#l 109 - 129 (ot)#shaquille o'neal (20)#shaquille o'neal (7)#steve nash (5)#rose garden 20650#40 - 32\n73#march 28#utah#l 99 - 104 (ot)#steve nash (20)#shaquille o'neal , matt barnes (10)#steve nash (6)#energysolutions arena 19911#40 - 33\n74#march 29#sacramento#l 118 - 126 (ot)#steve nash (31)#jared dudley (11)#steve nash (14)#arco arena 13623#40 - 34\n",
        "pandas_code": "((df['date'].str.contains('march')) & (df['high assists'].str.contains('steve nash'))).sum() < 12",
        "pandas_eval": "False"
    },
    {
        "id": 35399,
        "statement": "the most opponent point allow by the sun be 154 on march 15 while play golden state",
        "label": 0,
        "table_caption": "2008 - 09 phoenix suns season",
        "table_text": "game#date#team#score#high points#high rebounds#high assists#location attendance#record\n59#march 1#la lakers#w 118 - 111 (ot)#shaquille o'neal (33)#matt barnes (10)#matt barnes , leandro barbosa (7)#us airways center 18422#34 - 25\n60#march 3#orlando#l 99 - 111 (ot)#jason richardson (27)#shaquille o'neal (11)#steve nash (8)#amway arena 17461#34 - 26\n61#march 4#miami#l 129 - 135 (ot)#steve nash (29)#shaquille o'neal (8)#steve nash (10)#american airlines arena 19600#34 - 27\n62#march 6#houston#l 112 - 116 (ot)#steve nash (32)#matt barnes (9)#steve nash (13)#toyota center 18045#34 - 28\n63#march 8#san antonio#l 98 - 103 (ot)#steve nash (23)#grant hill (8)#steve nash (11)#at&t center 18797#34 - 29\n64#march 10#dallas#l 117 - 122 (ot)#steve nash (23)#louis amundson (9)#steve nash (13)#us airways center 18422#34 - 30\n65#march 12#cleveland#l 111 - 119 (ot)#matt barnes (21)#jason richardson , shaquille o'neal (7)#steve nash (6)#us airways center 18422#34 - 31\n66#march 14#oklahoma city#w 106 - 95 (ot)#leandro barbosa (22)#jared dudley (9)#steve nash (8)#us airways center 18422#35 - 31\n67#march 15#golden state#w 154 - 130 (ot)#jason richardson (31)#grant hill (8)#matt barnes (11)#oracle arena 19596#36 - 31\n68#march 18#philadelphia#w 126 - 116 (ot)#shaquille o'neal (26)#shaquille o'neal (11)#steve nash (10)#us airways center 18422#37 - 31\n69#march 21#washington#w 128 - 96 (ot)#jason richardson (35)#stromile swift (12)#jared dudley (6)#us airways center 18422#38 - 31\n70#march 23#denver#w 118 - 115 (ot)#grant hill (23)#grant hill (10)#steve nash (9)#us airways center 18422#39 - 31\n71#march 25#utah#w 118 - 114 (ot)#grant hill (26)#shaquille o'neal (12)#steve nash (14)#us airways center 18422#40 - 31\n72#march 26#portland#l 109 - 129 (ot)#shaquille o'neal (20)#shaquille o'neal (7)#steve nash (5)#rose garden 20650#40 - 32\n73#march 28#utah#l 99 - 104 (ot)#steve nash (20)#shaquille o'neal , matt barnes (10)#steve nash (6)#energysolutions arena 19911#40 - 33\n74#march 29#sacramento#l 118 - 126 (ot)#steve nash (31)#jared dudley (11)#steve nash (14)#arco arena 13623#40 - 34\n",
        "pandas_code": "len(df[(df['score'].str.extract(r'(\\\\d+) - (\\\\d+)')[1].astype(float) == 154) & (df['team'] == 'golden state') & (df['date'] == 'march 15')]) > 0",
        "pandas_eval": "False"
    },
    {
        "id": 53152,
        "statement": "14471 people attend the game on december 30",
        "label": 1,
        "table_caption": "2008 - 09 phoenix suns season",
        "table_text": "game#date#team#score#high rebounds#high assists#location attendance#record\n19#december 3#new orleans#l 91 - 104 (ot)#matt barnes (7)#grant hill (6)#new orleans arena 15804#11 - 8\n20#december 4#dallas#l 97 - 112 (ot)#matt barnes (6)#steve nash (10)#american airlines center 19813#11 - 9\n21#december 6#utah#w 106 - 104 (ot)#amar'e stoudemire (20)#steve nash (9)#us airways center 18422#12 - 9\n22#december 9#milwaukee#w 125 - 110 (ot)#shaquille o'neal , amar'e stoudemire (8)#steve nash (10)#us airways center 18422#13 - 9\n23#december 10#la lakers#l 110 - 115 (ot)#amar'e stoudemire (11)#steve nash (9)#staples center 18997#13 - 10\n24#december 12#orlando#w 113 - 112 (ot)#amar'e stoudemire (14)#steve nash (10)#us airways center 18422#14 - 10\n25#december 15#new york#w 111 - 103 (ot)#amar'e stoudemire (14)#steve nash (6)#us airways center 18422#15 - 10\n26#december 18#portland#l 119 - 124 (ot)#amar'e stoudemire (8)#steve nash (11)#rose garden 20650#15 - 11\n27#december 20#denver#w 108 - 101 (ot)#amar'e stoudemire (10)#steve nash (11)#us airways center 18422#16 - 11\n28#december 25#san antonio#l 90 - 91 (ot)#amar'e stoudemire (13)#steve nash (8)#us airways center 18422#16 - 12\n29#december 29#oklahoma city#w 110 - 102 (ot)#shaquille o'neal (12)#leandro barbosa , amar'e stoudemire (5)#ford center 19136#17 - 12\n30#december 30#memphis#w 101 - 89 (ot)#shaquille o'neal (13)#matt barnes (5)#fedexforum 14471#18 - 12\n",
        "pandas_code": "df[df['date'] == 'december 30']['location attendance'].str.contains('14471').any()",
        "pandas_eval": "True"
    },
    {
        "id": 53154,
        "statement": "the 21st game be play at us airways center , have an attendance of 18422 people and have a final score of 106 - 104 in overtime",
        "label": 1,
        "table_caption": "2008 - 09 phoenix suns season",
        "table_text": "game#date#team#score#high rebounds#high assists#location attendance#record\n19#december 3#new orleans#l 91 - 104 (ot)#matt barnes (7)#grant hill (6)#new orleans arena 15804#11 - 8\n20#december 4#dallas#l 97 - 112 (ot)#matt barnes (6)#steve nash (10)#american airlines center 19813#11 - 9\n21#december 6#utah#w 106 - 104 (ot)#amar'e stoudemire (20)#steve nash (9)#us airways center 18422#12 - 9\n22#december 9#milwaukee#w 125 - 110 (ot)#shaquille o'neal , amar'e stoudemire (8)#steve nash (10)#us airways center 18422#13 - 9\n23#december 10#la lakers#l 110 - 115 (ot)#amar'e stoudemire (11)#steve nash (9)#staples center 18997#13 - 10\n24#december 12#orlando#w 113 - 112 (ot)#amar'e stoudemire (14)#steve nash (10)#us airways center 18422#14 - 10\n25#december 15#new york#w 111 - 103 (ot)#amar'e stoudemire (14)#steve nash (6)#us airways center 18422#15 - 10\n26#december 18#portland#l 119 - 124 (ot)#amar'e stoudemire (8)#steve nash (11)#rose garden 20650#15 - 11\n27#december 20#denver#w 108 - 101 (ot)#amar'e stoudemire (10)#steve nash (11)#us airways center 18422#16 - 11\n28#december 25#san antonio#l 90 - 91 (ot)#amar'e stoudemire (13)#steve nash (8)#us airways center 18422#16 - 12\n29#december 29#oklahoma city#w 110 - 102 (ot)#shaquille o'neal (12)#leandro barbosa , amar'e stoudemire (5)#ford center 19136#17 - 12\n30#december 30#memphis#w 101 - 89 (ot)#shaquille o'neal (13)#matt barnes (5)#fedexforum 14471#18 - 12\n",
        "pandas_code": "(df.loc[df['game'] == 21, ['location attendance', 'score']].values == ['us airways center 18422', 'w 106 - 104 (ot)']).all()",
        "pandas_eval": "True"
    },
    {
        "id": 53155,
        "statement": "the 19th game have a score if 91 - 104 in overtime",
        "label": 1,
        "table_caption": "2008 - 09 phoenix suns season",
        "table_text": "game#date#team#score#high rebounds#high assists#location attendance#record\n19#december 3#new orleans#l 91 - 104 (ot)#matt barnes (7)#grant hill (6)#new orleans arena 15804#11 - 8\n20#december 4#dallas#l 97 - 112 (ot)#matt barnes (6)#steve nash (10)#american airlines center 19813#11 - 9\n21#december 6#utah#w 106 - 104 (ot)#amar'e stoudemire (20)#steve nash (9)#us airways center 18422#12 - 9\n22#december 9#milwaukee#w 125 - 110 (ot)#shaquille o'neal , amar'e stoudemire (8)#steve nash (10)#us airways center 18422#13 - 9\n23#december 10#la lakers#l 110 - 115 (ot)#amar'e stoudemire (11)#steve nash (9)#staples center 18997#13 - 10\n24#december 12#orlando#w 113 - 112 (ot)#amar'e stoudemire (14)#steve nash (10)#us airways center 18422#14 - 10\n25#december 15#new york#w 111 - 103 (ot)#amar'e stoudemire (14)#steve nash (6)#us airways center 18422#15 - 10\n26#december 18#portland#l 119 - 124 (ot)#amar'e stoudemire (8)#steve nash (11)#rose garden 20650#15 - 11\n27#december 20#denver#w 108 - 101 (ot)#amar'e stoudemire (10)#steve nash (11)#us airways center 18422#16 - 11\n28#december 25#san antonio#l 90 - 91 (ot)#amar'e stoudemire (13)#steve nash (8)#us airways center 18422#16 - 12\n29#december 29#oklahoma city#w 110 - 102 (ot)#shaquille o'neal (12)#leandro barbosa , amar'e stoudemire (5)#ford center 19136#17 - 12\n30#december 30#memphis#w 101 - 89 (ot)#shaquille o'neal (13)#matt barnes (5)#fedexforum 14471#18 - 12\n",
        "pandas_code": "df[df['game'] == 19]['score'].values[0] == 'l 91 - 104 (ot)'",
        "pandas_eval": "True"
    },
    {
        "id": 53156,
        "statement": "when the oppose team be orlando the attendance at us airways center 18422",
        "label": 1,
        "table_caption": "2008 - 09 phoenix suns season",
        "table_text": "game#date#team#score#high rebounds#high assists#location attendance#record\n19#december 3#new orleans#l 91 - 104 (ot)#matt barnes (7)#grant hill (6)#new orleans arena 15804#11 - 8\n20#december 4#dallas#l 97 - 112 (ot)#matt barnes (6)#steve nash (10)#american airlines center 19813#11 - 9\n21#december 6#utah#w 106 - 104 (ot)#amar'e stoudemire (20)#steve nash (9)#us airways center 18422#12 - 9\n22#december 9#milwaukee#w 125 - 110 (ot)#shaquille o'neal , amar'e stoudemire (8)#steve nash (10)#us airways center 18422#13 - 9\n23#december 10#la lakers#l 110 - 115 (ot)#amar'e stoudemire (11)#steve nash (9)#staples center 18997#13 - 10\n24#december 12#orlando#w 113 - 112 (ot)#amar'e stoudemire (14)#steve nash (10)#us airways center 18422#14 - 10\n25#december 15#new york#w 111 - 103 (ot)#amar'e stoudemire (14)#steve nash (6)#us airways center 18422#15 - 10\n26#december 18#portland#l 119 - 124 (ot)#amar'e stoudemire (8)#steve nash (11)#rose garden 20650#15 - 11\n27#december 20#denver#w 108 - 101 (ot)#amar'e stoudemire (10)#steve nash (11)#us airways center 18422#16 - 11\n28#december 25#san antonio#l 90 - 91 (ot)#amar'e stoudemire (13)#steve nash (8)#us airways center 18422#16 - 12\n29#december 29#oklahoma city#w 110 - 102 (ot)#shaquille o'neal (12)#leandro barbosa , amar'e stoudemire (5)#ford center 19136#17 - 12\n30#december 30#memphis#w 101 - 89 (ot)#shaquille o'neal (13)#matt barnes (5)#fedexforum 14471#18 - 12\n",
        "pandas_code": "df[(df['team'] == 'orlando') & (df['location attendance'] == 'us airways center 18422')].shape[0] == 1",
        "pandas_eval": "True"
    },
    {
        "id": 53157,
        "statement": "game 30 be on december 30 with the location list as the fedexforum and the attendance at 14471",
        "label": 1,
        "table_caption": "2008 - 09 phoenix suns season",
        "table_text": "game#date#team#score#high rebounds#high assists#location attendance#record\n19#december 3#new orleans#l 91 - 104 (ot)#matt barnes (7)#grant hill (6)#new orleans arena 15804#11 - 8\n20#december 4#dallas#l 97 - 112 (ot)#matt barnes (6)#steve nash (10)#american airlines center 19813#11 - 9\n21#december 6#utah#w 106 - 104 (ot)#amar'e stoudemire (20)#steve nash (9)#us airways center 18422#12 - 9\n22#december 9#milwaukee#w 125 - 110 (ot)#shaquille o'neal , amar'e stoudemire (8)#steve nash (10)#us airways center 18422#13 - 9\n23#december 10#la lakers#l 110 - 115 (ot)#amar'e stoudemire (11)#steve nash (9)#staples center 18997#13 - 10\n24#december 12#orlando#w 113 - 112 (ot)#amar'e stoudemire (14)#steve nash (10)#us airways center 18422#14 - 10\n25#december 15#new york#w 111 - 103 (ot)#amar'e stoudemire (14)#steve nash (6)#us airways center 18422#15 - 10\n26#december 18#portland#l 119 - 124 (ot)#amar'e stoudemire (8)#steve nash (11)#rose garden 20650#15 - 11\n27#december 20#denver#w 108 - 101 (ot)#amar'e stoudemire (10)#steve nash (11)#us airways center 18422#16 - 11\n28#december 25#san antonio#l 90 - 91 (ot)#amar'e stoudemire (13)#steve nash (8)#us airways center 18422#16 - 12\n29#december 29#oklahoma city#w 110 - 102 (ot)#shaquille o'neal (12)#leandro barbosa , amar'e stoudemire (5)#ford center 19136#17 - 12\n30#december 30#memphis#w 101 - 89 (ot)#shaquille o'neal (13)#matt barnes (5)#fedexforum 14471#18 - 12\n",
        "pandas_code": "((df['game'] == 30) & (df['date'] == 'december 30') & (df['location attendance'] == 'fedexforum 14471')).any()",
        "pandas_eval": "True"
    },
    {
        "id": 53158,
        "statement": "december 25 have amar'e stoudemire (13) with the high in rebound",
        "label": 1,
        "table_caption": "2008 - 09 phoenix suns season",
        "table_text": "game#date#team#score#high rebounds#high assists#location attendance#record\n19#december 3#new orleans#l 91 - 104 (ot)#matt barnes (7)#grant hill (6)#new orleans arena 15804#11 - 8\n20#december 4#dallas#l 97 - 112 (ot)#matt barnes (6)#steve nash (10)#american airlines center 19813#11 - 9\n21#december 6#utah#w 106 - 104 (ot)#amar'e stoudemire (20)#steve nash (9)#us airways center 18422#12 - 9\n22#december 9#milwaukee#w 125 - 110 (ot)#shaquille o'neal , amar'e stoudemire (8)#steve nash (10)#us airways center 18422#13 - 9\n23#december 10#la lakers#l 110 - 115 (ot)#amar'e stoudemire (11)#steve nash (9)#staples center 18997#13 - 10\n24#december 12#orlando#w 113 - 112 (ot)#amar'e stoudemire (14)#steve nash (10)#us airways center 18422#14 - 10\n25#december 15#new york#w 111 - 103 (ot)#amar'e stoudemire (14)#steve nash (6)#us airways center 18422#15 - 10\n26#december 18#portland#l 119 - 124 (ot)#amar'e stoudemire (8)#steve nash (11)#rose garden 20650#15 - 11\n27#december 20#denver#w 108 - 101 (ot)#amar'e stoudemire (10)#steve nash (11)#us airways center 18422#16 - 11\n28#december 25#san antonio#l 90 - 91 (ot)#amar'e stoudemire (13)#steve nash (8)#us airways center 18422#16 - 12\n29#december 29#oklahoma city#w 110 - 102 (ot)#shaquille o'neal (12)#leandro barbosa , amar'e stoudemire (5)#ford center 19136#17 - 12\n30#december 30#memphis#w 101 - 89 (ot)#shaquille o'neal (13)#matt barnes (5)#fedexforum 14471#18 - 12\n",
        "pandas_code": "df.loc[df['date'] == 'december 25', 'high rebounds'].eq(\"amar'e stoudemire (13)\").any()",
        "pandas_eval": "True"
    },
    {
        "id": 53159,
        "statement": "the score of game 21 be w 106 - 104 (ot) and be play at us airways center with an attendance of 18422",
        "label": 1,
        "table_caption": "2008 - 09 phoenix suns season",
        "table_text": "game#date#team#score#high rebounds#high assists#location attendance#record\n19#december 3#new orleans#l 91 - 104 (ot)#matt barnes (7)#grant hill (6)#new orleans arena 15804#11 - 8\n20#december 4#dallas#l 97 - 112 (ot)#matt barnes (6)#steve nash (10)#american airlines center 19813#11 - 9\n21#december 6#utah#w 106 - 104 (ot)#amar'e stoudemire (20)#steve nash (9)#us airways center 18422#12 - 9\n22#december 9#milwaukee#w 125 - 110 (ot)#shaquille o'neal , amar'e stoudemire (8)#steve nash (10)#us airways center 18422#13 - 9\n23#december 10#la lakers#l 110 - 115 (ot)#amar'e stoudemire (11)#steve nash (9)#staples center 18997#13 - 10\n24#december 12#orlando#w 113 - 112 (ot)#amar'e stoudemire (14)#steve nash (10)#us airways center 18422#14 - 10\n25#december 15#new york#w 111 - 103 (ot)#amar'e stoudemire (14)#steve nash (6)#us airways center 18422#15 - 10\n26#december 18#portland#l 119 - 124 (ot)#amar'e stoudemire (8)#steve nash (11)#rose garden 20650#15 - 11\n27#december 20#denver#w 108 - 101 (ot)#amar'e stoudemire (10)#steve nash (11)#us airways center 18422#16 - 11\n28#december 25#san antonio#l 90 - 91 (ot)#amar'e stoudemire (13)#steve nash (8)#us airways center 18422#16 - 12\n29#december 29#oklahoma city#w 110 - 102 (ot)#shaquille o'neal (12)#leandro barbosa , amar'e stoudemire (5)#ford center 19136#17 - 12\n30#december 30#memphis#w 101 - 89 (ot)#shaquille o'neal (13)#matt barnes (5)#fedexforum 14471#18 - 12\n",
        "pandas_code": "(df.loc[df['game'] == 21, 'score'].values[0] == 'w 106 - 104 (ot)') & (df.loc[df['game'] == 21, 'location attendance'].values[0] == 'us airways center 18422')",
        "pandas_eval": "True"
    },
    {
        "id": 53160,
        "statement": "game 19 be on december 3 and the score be l 91 - 104 (ot)",
        "label": 1,
        "table_caption": "2008 - 09 phoenix suns season",
        "table_text": "game#date#team#score#high rebounds#high assists#location attendance#record\n19#december 3#new orleans#l 91 - 104 (ot)#matt barnes (7)#grant hill (6)#new orleans arena 15804#11 - 8\n20#december 4#dallas#l 97 - 112 (ot)#matt barnes (6)#steve nash (10)#american airlines center 19813#11 - 9\n21#december 6#utah#w 106 - 104 (ot)#amar'e stoudemire (20)#steve nash (9)#us airways center 18422#12 - 9\n22#december 9#milwaukee#w 125 - 110 (ot)#shaquille o'neal , amar'e stoudemire (8)#steve nash (10)#us airways center 18422#13 - 9\n23#december 10#la lakers#l 110 - 115 (ot)#amar'e stoudemire (11)#steve nash (9)#staples center 18997#13 - 10\n24#december 12#orlando#w 113 - 112 (ot)#amar'e stoudemire (14)#steve nash (10)#us airways center 18422#14 - 10\n25#december 15#new york#w 111 - 103 (ot)#amar'e stoudemire (14)#steve nash (6)#us airways center 18422#15 - 10\n26#december 18#portland#l 119 - 124 (ot)#amar'e stoudemire (8)#steve nash (11)#rose garden 20650#15 - 11\n27#december 20#denver#w 108 - 101 (ot)#amar'e stoudemire (10)#steve nash (11)#us airways center 18422#16 - 11\n28#december 25#san antonio#l 90 - 91 (ot)#amar'e stoudemire (13)#steve nash (8)#us airways center 18422#16 - 12\n29#december 29#oklahoma city#w 110 - 102 (ot)#shaquille o'neal (12)#leandro barbosa , amar'e stoudemire (5)#ford center 19136#17 - 12\n30#december 30#memphis#w 101 - 89 (ot)#shaquille o'neal (13)#matt barnes (5)#fedexforum 14471#18 - 12\n",
        "pandas_code": "((df['game'] == 19) & (df['date'] == 'december 3') & (df['score'] == 'l 91 - 104 (ot)')).any()",
        "pandas_eval": "True"
    },
    {
        "id": 53161,
        "statement": "steve nash have 10 assist in game 24 at the us airways center with 18 , 422 in attendance",
        "label": 1,
        "table_caption": "2008 - 09 phoenix suns season",
        "table_text": "game#date#team#score#high rebounds#high assists#location attendance#record\n19#december 3#new orleans#l 91 - 104 (ot)#matt barnes (7)#grant hill (6)#new orleans arena 15804#11 - 8\n20#december 4#dallas#l 97 - 112 (ot)#matt barnes (6)#steve nash (10)#american airlines center 19813#11 - 9\n21#december 6#utah#w 106 - 104 (ot)#amar'e stoudemire (20)#steve nash (9)#us airways center 18422#12 - 9\n22#december 9#milwaukee#w 125 - 110 (ot)#shaquille o'neal , amar'e stoudemire (8)#steve nash (10)#us airways center 18422#13 - 9\n23#december 10#la lakers#l 110 - 115 (ot)#amar'e stoudemire (11)#steve nash (9)#staples center 18997#13 - 10\n24#december 12#orlando#w 113 - 112 (ot)#amar'e stoudemire (14)#steve nash (10)#us airways center 18422#14 - 10\n25#december 15#new york#w 111 - 103 (ot)#amar'e stoudemire (14)#steve nash (6)#us airways center 18422#15 - 10\n26#december 18#portland#l 119 - 124 (ot)#amar'e stoudemire (8)#steve nash (11)#rose garden 20650#15 - 11\n27#december 20#denver#w 108 - 101 (ot)#amar'e stoudemire (10)#steve nash (11)#us airways center 18422#16 - 11\n28#december 25#san antonio#l 90 - 91 (ot)#amar'e stoudemire (13)#steve nash (8)#us airways center 18422#16 - 12\n29#december 29#oklahoma city#w 110 - 102 (ot)#shaquille o'neal (12)#leandro barbosa , amar'e stoudemire (5)#ford center 19136#17 - 12\n30#december 30#memphis#w 101 - 89 (ot)#shaquille o'neal (13)#matt barnes (5)#fedexforum 14471#18 - 12\n",
        "pandas_code": "(df.loc[df['game'] == 24, 'high assists'].iloc[0] == 'steve nash (10)') & (df.loc[df['game'] == 24, 'location attendance'].iloc[0] == 'us airways center 18422')",
        "pandas_eval": "True"
    },
    {
        "id": 53164,
        "statement": "the score be w 105 - 102 (ot) when location attendance be us airway center 18422 and when the game isn't less than 22",
        "label": 0,
        "table_caption": "2008 - 09 phoenix suns season",
        "table_text": "game#date#team#score#high rebounds#high assists#location attendance#record\n19#december 3#new orleans#l 91 - 104 (ot)#matt barnes (7)#grant hill (6)#new orleans arena 15804#11 - 8\n20#december 4#dallas#l 97 - 112 (ot)#matt barnes (6)#steve nash (10)#american airlines center 19813#11 - 9\n21#december 6#utah#w 106 - 104 (ot)#amar'e stoudemire (20)#steve nash (9)#us airways center 18422#12 - 9\n22#december 9#milwaukee#w 125 - 110 (ot)#shaquille o'neal , amar'e stoudemire (8)#steve nash (10)#us airways center 18422#13 - 9\n23#december 10#la lakers#l 110 - 115 (ot)#amar'e stoudemire (11)#steve nash (9)#staples center 18997#13 - 10\n24#december 12#orlando#w 113 - 112 (ot)#amar'e stoudemire (14)#steve nash (10)#us airways center 18422#14 - 10\n25#december 15#new york#w 111 - 103 (ot)#amar'e stoudemire (14)#steve nash (6)#us airways center 18422#15 - 10\n26#december 18#portland#l 119 - 124 (ot)#amar'e stoudemire (8)#steve nash (11)#rose garden 20650#15 - 11\n27#december 20#denver#w 108 - 101 (ot)#amar'e stoudemire (10)#steve nash (11)#us airways center 18422#16 - 11\n28#december 25#san antonio#l 90 - 91 (ot)#amar'e stoudemire (13)#steve nash (8)#us airways center 18422#16 - 12\n29#december 29#oklahoma city#w 110 - 102 (ot)#shaquille o'neal (12)#leandro barbosa , amar'e stoudemire (5)#ford center 19136#17 - 12\n30#december 30#memphis#w 101 - 89 (ot)#shaquille o'neal (13)#matt barnes (5)#fedexforum 14471#18 - 12\n",
        "pandas_code": "((df['location attendance'] == 'us airways center 18422') & (df['game'] >= 22) & (df['score'] == 'w 105 - 102 (ot)')).any()",
        "pandas_eval": "False"
    },
    {
        "id": 53165,
        "statement": "the location attendance be fedexforum , 18322 when the team be orlando",
        "label": 0,
        "table_caption": "2008 - 09 phoenix suns season",
        "table_text": "game#date#team#score#high rebounds#high assists#location attendance#record\n19#december 3#new orleans#l 91 - 104 (ot)#matt barnes (7)#grant hill (6)#new orleans arena 15804#11 - 8\n20#december 4#dallas#l 97 - 112 (ot)#matt barnes (6)#steve nash (10)#american airlines center 19813#11 - 9\n21#december 6#utah#w 106 - 104 (ot)#amar'e stoudemire (20)#steve nash (9)#us airways center 18422#12 - 9\n22#december 9#milwaukee#w 125 - 110 (ot)#shaquille o'neal , amar'e stoudemire (8)#steve nash (10)#us airways center 18422#13 - 9\n23#december 10#la lakers#l 110 - 115 (ot)#amar'e stoudemire (11)#steve nash (9)#staples center 18997#13 - 10\n24#december 12#orlando#w 113 - 112 (ot)#amar'e stoudemire (14)#steve nash (10)#us airways center 18422#14 - 10\n25#december 15#new york#w 111 - 103 (ot)#amar'e stoudemire (14)#steve nash (6)#us airways center 18422#15 - 10\n26#december 18#portland#l 119 - 124 (ot)#amar'e stoudemire (8)#steve nash (11)#rose garden 20650#15 - 11\n27#december 20#denver#w 108 - 101 (ot)#amar'e stoudemire (10)#steve nash (11)#us airways center 18422#16 - 11\n28#december 25#san antonio#l 90 - 91 (ot)#amar'e stoudemire (13)#steve nash (8)#us airways center 18422#16 - 12\n29#december 29#oklahoma city#w 110 - 102 (ot)#shaquille o'neal (12)#leandro barbosa , amar'e stoudemire (5)#ford center 19136#17 - 12\n30#december 30#memphis#w 101 - 89 (ot)#shaquille o'neal (13)#matt barnes (5)#fedexforum 14471#18 - 12\n",
        "pandas_code": "df[(df['team'] == 'orlando') & (df['location attendance'] == 'us airways center 18422')].empty",
        "pandas_eval": "False"
    },
    {
        "id": 53166,
        "statement": "the record after game 21 be 13 - 9",
        "label": 0,
        "table_caption": "2008 - 09 phoenix suns season",
        "table_text": "game#date#team#score#high rebounds#high assists#location attendance#record\n19#december 3#new orleans#l 91 - 104 (ot)#matt barnes (7)#grant hill (6)#new orleans arena 15804#11 - 8\n20#december 4#dallas#l 97 - 112 (ot)#matt barnes (6)#steve nash (10)#american airlines center 19813#11 - 9\n21#december 6#utah#w 106 - 104 (ot)#amar'e stoudemire (20)#steve nash (9)#us airways center 18422#12 - 9\n22#december 9#milwaukee#w 125 - 110 (ot)#shaquille o'neal , amar'e stoudemire (8)#steve nash (10)#us airways center 18422#13 - 9\n23#december 10#la lakers#l 110 - 115 (ot)#amar'e stoudemire (11)#steve nash (9)#staples center 18997#13 - 10\n24#december 12#orlando#w 113 - 112 (ot)#amar'e stoudemire (14)#steve nash (10)#us airways center 18422#14 - 10\n25#december 15#new york#w 111 - 103 (ot)#amar'e stoudemire (14)#steve nash (6)#us airways center 18422#15 - 10\n26#december 18#portland#l 119 - 124 (ot)#amar'e stoudemire (8)#steve nash (11)#rose garden 20650#15 - 11\n27#december 20#denver#w 108 - 101 (ot)#amar'e stoudemire (10)#steve nash (11)#us airways center 18422#16 - 11\n28#december 25#san antonio#l 90 - 91 (ot)#amar'e stoudemire (13)#steve nash (8)#us airways center 18422#16 - 12\n29#december 29#oklahoma city#w 110 - 102 (ot)#shaquille o'neal (12)#leandro barbosa , amar'e stoudemire (5)#ford center 19136#17 - 12\n30#december 30#memphis#w 101 - 89 (ot)#shaquille o'neal (13)#matt barnes (5)#fedexforum 14471#18 - 12\n",
        "pandas_code": "df[df['game'] == 21]['record'].values[0] == '13 - 9'",
        "pandas_eval": "False"
    },
    {
        "id": 68790,
        "statement": "game 22 be play by team milwaukee",
        "label": 1,
        "table_caption": "2008 - 09 phoenix suns season",
        "table_text": "game#date#team#score#high points#high rebounds#high assists#location attendance#record\n19#december 3#new orleans#l 91 - 104 (ot)#amar'e stoudemire (26)#matt barnes (7)#grant hill (6)#new orleans arena 15804#11 - 8\n20#december 4#dallas#l 97 - 112 (ot)#amar'e stoudemire (28)#matt barnes (6)#steve nash (10)#american airlines center 19813#11 - 9\n21#december 6#utah#w 106 - 104 (ot)#leandro barbosa (25)#amar'e stoudemire (20)#steve nash (9)#us airways center 18422#12 - 9\n22#december 9#milwaukee#w 125 - 110 (ot)#shaquille o'neal (35)#shaquille o'neal , amar'e stoudemire (8)#steve nash (10)#us airways center 18422#13 - 9\n23#december 10#la lakers#l 110 - 115 (ot)#matt barnes (25)#amar'e stoudemire (11)#steve nash (9)#staples center 18997#13 - 10\n25#december 15#new york#w 111 - 103 (ot)#shaquille o'neal (23)#amar'e stoudemire (14)#steve nash (6)#us airways center 18422#15 - 10\n26#december 18#portland#l 119 - 124 (ot)#amar'e stoudemire (23)#amar'e stoudemire (8)#steve nash (11)#rose garden 20650#15 - 11\n27#december 20#denver#w 108 - 101 (ot)#amar'e stoudemire (27)#amar'e stoudemire (10)#steve nash (11)#us airways center 18422#16 - 11\n28#december 25#san antonio#l 90 - 91 (ot)#amar'e stoudemire (25)#amar'e stoudemire (13)#steve nash (8)#us airways center 18422#16 - 12\n29#december 29#oklahoma city#w 110 - 102 (ot)#shaquille o'neal (28)#shaquille o'neal (12)#leandro barbosa , amar'e stoudemire (5)#ford center 19136#17 - 12\n",
        "pandas_code": "df.loc[df['game'] == 22, 'team'].values[0] == 'milwaukee'",
        "pandas_eval": "True"
    },
    {
        "id": 68791,
        "statement": "steve nash high assist in a game of score 106 - 104 (ot) with 9 point",
        "label": 1,
        "table_caption": "2008 - 09 phoenix suns season",
        "table_text": "game#date#team#score#high points#high rebounds#high assists#location attendance#record\n19#december 3#new orleans#l 91 - 104 (ot)#amar'e stoudemire (26)#matt barnes (7)#grant hill (6)#new orleans arena 15804#11 - 8\n20#december 4#dallas#l 97 - 112 (ot)#amar'e stoudemire (28)#matt barnes (6)#steve nash (10)#american airlines center 19813#11 - 9\n21#december 6#utah#w 106 - 104 (ot)#leandro barbosa (25)#amar'e stoudemire (20)#steve nash (9)#us airways center 18422#12 - 9\n22#december 9#milwaukee#w 125 - 110 (ot)#shaquille o'neal (35)#shaquille o'neal , amar'e stoudemire (8)#steve nash (10)#us airways center 18422#13 - 9\n23#december 10#la lakers#l 110 - 115 (ot)#matt barnes (25)#amar'e stoudemire (11)#steve nash (9)#staples center 18997#13 - 10\n25#december 15#new york#w 111 - 103 (ot)#shaquille o'neal (23)#amar'e stoudemire (14)#steve nash (6)#us airways center 18422#15 - 10\n26#december 18#portland#l 119 - 124 (ot)#amar'e stoudemire (23)#amar'e stoudemire (8)#steve nash (11)#rose garden 20650#15 - 11\n27#december 20#denver#w 108 - 101 (ot)#amar'e stoudemire (27)#amar'e stoudemire (10)#steve nash (11)#us airways center 18422#16 - 11\n28#december 25#san antonio#l 90 - 91 (ot)#amar'e stoudemire (25)#amar'e stoudemire (13)#steve nash (8)#us airways center 18422#16 - 12\n29#december 29#oklahoma city#w 110 - 102 (ot)#shaquille o'neal (28)#shaquille o'neal (12)#leandro barbosa , amar'e stoudemire (5)#ford center 19136#17 - 12\n",
        "pandas_code": "df[(df['score'] == 'w 106 - 104 (ot)') & (df['high assists'].str.contains('steve nash')) & (df['high assists'].str.contains('9'))].any().any()",
        "pandas_eval": "True"
    },
    {
        "id": 68793,
        "statement": "the game on december 10 will be at staple center 18997",
        "label": 1,
        "table_caption": "2008 - 09 phoenix suns season",
        "table_text": "game#date#team#score#high points#high rebounds#high assists#location attendance#record\n19#december 3#new orleans#l 91 - 104 (ot)#amar'e stoudemire (26)#matt barnes (7)#grant hill (6)#new orleans arena 15804#11 - 8\n20#december 4#dallas#l 97 - 112 (ot)#amar'e stoudemire (28)#matt barnes (6)#steve nash (10)#american airlines center 19813#11 - 9\n21#december 6#utah#w 106 - 104 (ot)#leandro barbosa (25)#amar'e stoudemire (20)#steve nash (9)#us airways center 18422#12 - 9\n22#december 9#milwaukee#w 125 - 110 (ot)#shaquille o'neal (35)#shaquille o'neal , amar'e stoudemire (8)#steve nash (10)#us airways center 18422#13 - 9\n23#december 10#la lakers#l 110 - 115 (ot)#matt barnes (25)#amar'e stoudemire (11)#steve nash (9)#staples center 18997#13 - 10\n25#december 15#new york#w 111 - 103 (ot)#shaquille o'neal (23)#amar'e stoudemire (14)#steve nash (6)#us airways center 18422#15 - 10\n26#december 18#portland#l 119 - 124 (ot)#amar'e stoudemire (23)#amar'e stoudemire (8)#steve nash (11)#rose garden 20650#15 - 11\n27#december 20#denver#w 108 - 101 (ot)#amar'e stoudemire (27)#amar'e stoudemire (10)#steve nash (11)#us airways center 18422#16 - 11\n28#december 25#san antonio#l 90 - 91 (ot)#amar'e stoudemire (25)#amar'e stoudemire (13)#steve nash (8)#us airways center 18422#16 - 12\n29#december 29#oklahoma city#w 110 - 102 (ot)#shaquille o'neal (28)#shaquille o'neal (12)#leandro barbosa , amar'e stoudemire (5)#ford center 19136#17 - 12\n",
        "pandas_code": "df[df['date'] == 'december 10']['location attendance'].iloc[0] == 'staples center 18997'",
        "pandas_eval": "True"
    },
    {
        "id": 68794,
        "statement": "milwaukee play in game 22 on december 25",
        "label": 0,
        "table_caption": "2008 - 09 phoenix suns season",
        "table_text": "game#date#team#score#high points#high rebounds#high assists#location attendance#record\n19#december 3#new orleans#l 91 - 104 (ot)#amar'e stoudemire (26)#matt barnes (7)#grant hill (6)#new orleans arena 15804#11 - 8\n20#december 4#dallas#l 97 - 112 (ot)#amar'e stoudemire (28)#matt barnes (6)#steve nash (10)#american airlines center 19813#11 - 9\n21#december 6#utah#w 106 - 104 (ot)#leandro barbosa (25)#amar'e stoudemire (20)#steve nash (9)#us airways center 18422#12 - 9\n22#december 9#milwaukee#w 125 - 110 (ot)#shaquille o'neal (35)#shaquille o'neal , amar'e stoudemire (8)#steve nash (10)#us airways center 18422#13 - 9\n23#december 10#la lakers#l 110 - 115 (ot)#matt barnes (25)#amar'e stoudemire (11)#steve nash (9)#staples center 18997#13 - 10\n25#december 15#new york#w 111 - 103 (ot)#shaquille o'neal (23)#amar'e stoudemire (14)#steve nash (6)#us airways center 18422#15 - 10\n26#december 18#portland#l 119 - 124 (ot)#amar'e stoudemire (23)#amar'e stoudemire (8)#steve nash (11)#rose garden 20650#15 - 11\n27#december 20#denver#w 108 - 101 (ot)#amar'e stoudemire (27)#amar'e stoudemire (10)#steve nash (11)#us airways center 18422#16 - 11\n28#december 25#san antonio#l 90 - 91 (ot)#amar'e stoudemire (25)#amar'e stoudemire (13)#steve nash (8)#us airways center 18422#16 - 12\n29#december 29#oklahoma city#w 110 - 102 (ot)#shaquille o'neal (28)#shaquille o'neal (12)#leandro barbosa , amar'e stoudemire (5)#ford center 19136#17 - 12\n",
        "pandas_code": "df[(df['game'] == 22) & (df['date'] == 'december 9') & (df['team'] == 'milwaukee')].empty",
        "pandas_eval": "False"
    },
    {
        "id": 68795,
        "statement": "in game 27 , steve nash have the high in assist with 9 when the score be w 106 - 104 (ot)",
        "label": 0,
        "table_caption": "2008 - 09 phoenix suns season",
        "table_text": "game#date#team#score#high points#high rebounds#high assists#location attendance#record\n19#december 3#new orleans#l 91 - 104 (ot)#amar'e stoudemire (26)#matt barnes (7)#grant hill (6)#new orleans arena 15804#11 - 8\n20#december 4#dallas#l 97 - 112 (ot)#amar'e stoudemire (28)#matt barnes (6)#steve nash (10)#american airlines center 19813#11 - 9\n21#december 6#utah#w 106 - 104 (ot)#leandro barbosa (25)#amar'e stoudemire (20)#steve nash (9)#us airways center 18422#12 - 9\n22#december 9#milwaukee#w 125 - 110 (ot)#shaquille o'neal (35)#shaquille o'neal , amar'e stoudemire (8)#steve nash (10)#us airways center 18422#13 - 9\n23#december 10#la lakers#l 110 - 115 (ot)#matt barnes (25)#amar'e stoudemire (11)#steve nash (9)#staples center 18997#13 - 10\n25#december 15#new york#w 111 - 103 (ot)#shaquille o'neal (23)#amar'e stoudemire (14)#steve nash (6)#us airways center 18422#15 - 10\n26#december 18#portland#l 119 - 124 (ot)#amar'e stoudemire (23)#amar'e stoudemire (8)#steve nash (11)#rose garden 20650#15 - 11\n27#december 20#denver#w 108 - 101 (ot)#amar'e stoudemire (27)#amar'e stoudemire (10)#steve nash (11)#us airways center 18422#16 - 11\n28#december 25#san antonio#l 90 - 91 (ot)#amar'e stoudemire (25)#amar'e stoudemire (13)#steve nash (8)#us airways center 18422#16 - 12\n29#december 29#oklahoma city#w 110 - 102 (ot)#shaquille o'neal (28)#shaquille o'neal (12)#leandro barbosa , amar'e stoudemire (5)#ford center 19136#17 - 12\n",
        "pandas_code": "(df.loc[df['game'] == 27, 'high assists'].iloc[0] == 'steve nash (9)') & (df.loc[df['game'] == 27, 'score'].iloc[0] == 'w 106 - 104 (ot)')",
        "pandas_eval": "False"
    },
    {
        "id": 68796,
        "statement": "there be only 1 game where amar'e stoudemire be the high rebounder (11)",
        "label": 0,
        "table_caption": "2008 - 09 phoenix suns season",
        "table_text": "game#date#team#score#high points#high rebounds#high assists#location attendance#record\n19#december 3#new orleans#l 91 - 104 (ot)#amar'e stoudemire (26)#matt barnes (7)#grant hill (6)#new orleans arena 15804#11 - 8\n20#december 4#dallas#l 97 - 112 (ot)#amar'e stoudemire (28)#matt barnes (6)#steve nash (10)#american airlines center 19813#11 - 9\n21#december 6#utah#w 106 - 104 (ot)#leandro barbosa (25)#amar'e stoudemire (20)#steve nash (9)#us airways center 18422#12 - 9\n22#december 9#milwaukee#w 125 - 110 (ot)#shaquille o'neal (35)#shaquille o'neal , amar'e stoudemire (8)#steve nash (10)#us airways center 18422#13 - 9\n23#december 10#la lakers#l 110 - 115 (ot)#matt barnes (25)#amar'e stoudemire (11)#steve nash (9)#staples center 18997#13 - 10\n25#december 15#new york#w 111 - 103 (ot)#shaquille o'neal (23)#amar'e stoudemire (14)#steve nash (6)#us airways center 18422#15 - 10\n26#december 18#portland#l 119 - 124 (ot)#amar'e stoudemire (23)#amar'e stoudemire (8)#steve nash (11)#rose garden 20650#15 - 11\n27#december 20#denver#w 108 - 101 (ot)#amar'e stoudemire (27)#amar'e stoudemire (10)#steve nash (11)#us airways center 18422#16 - 11\n28#december 25#san antonio#l 90 - 91 (ot)#amar'e stoudemire (25)#amar'e stoudemire (13)#steve nash (8)#us airways center 18422#16 - 12\n29#december 29#oklahoma city#w 110 - 102 (ot)#shaquille o'neal (28)#shaquille o'neal (12)#leandro barbosa , amar'e stoudemire (5)#ford center 19136#17 - 12\n",
        "pandas_code": "(df['high rebounds'].str.contains(\"amar'e stoudemire (11)\").sum() == 1)",
        "pandas_eval": "False"
    },
    {
        "id": 68797,
        "statement": "staple center 19997 be the location of the the game on december 11",
        "label": 0,
        "table_caption": "2008 - 09 phoenix suns season",
        "table_text": "game#date#team#score#high points#high rebounds#high assists#location attendance#record\n19#december 3#new orleans#l 91 - 104 (ot)#amar'e stoudemire (26)#matt barnes (7)#grant hill (6)#new orleans arena 15804#11 - 8\n20#december 4#dallas#l 97 - 112 (ot)#amar'e stoudemire (28)#matt barnes (6)#steve nash (10)#american airlines center 19813#11 - 9\n21#december 6#utah#w 106 - 104 (ot)#leandro barbosa (25)#amar'e stoudemire (20)#steve nash (9)#us airways center 18422#12 - 9\n22#december 9#milwaukee#w 125 - 110 (ot)#shaquille o'neal (35)#shaquille o'neal , amar'e stoudemire (8)#steve nash (10)#us airways center 18422#13 - 9\n23#december 10#la lakers#l 110 - 115 (ot)#matt barnes (25)#amar'e stoudemire (11)#steve nash (9)#staples center 18997#13 - 10\n25#december 15#new york#w 111 - 103 (ot)#shaquille o'neal (23)#amar'e stoudemire (14)#steve nash (6)#us airways center 18422#15 - 10\n26#december 18#portland#l 119 - 124 (ot)#amar'e stoudemire (23)#amar'e stoudemire (8)#steve nash (11)#rose garden 20650#15 - 11\n27#december 20#denver#w 108 - 101 (ot)#amar'e stoudemire (27)#amar'e stoudemire (10)#steve nash (11)#us airways center 18422#16 - 11\n28#december 25#san antonio#l 90 - 91 (ot)#amar'e stoudemire (25)#amar'e stoudemire (13)#steve nash (8)#us airways center 18422#16 - 12\n29#december 29#oklahoma city#w 110 - 102 (ot)#shaquille o'neal (28)#shaquille o'neal (12)#leandro barbosa , amar'e stoudemire (5)#ford center 19136#17 - 12\n",
        "pandas_code": "df[df['date'] == 'december 11']['location attendance'].str.contains('staples center 19997').any()",
        "pandas_eval": "False"
    },
    {
        "id": 72367,
        "statement": "the team play indiana on january 7",
        "label": 1,
        "table_caption": "2008 - 09 phoenix suns season",
        "table_text": "game#date#team#score#high points#high rebounds#high assists#location attendance#record\n31#january 2#la clippers#w 106 - 98 (ot)#amar'e stoudemire (23)#shaquille o'neal (9)#steve nash (11)#us airways center 18422#19 - 12\n32#january 7#indiana#l 110 - 113 (ot)#amar'e stoudemire (23)#louis amundson (14)#steve nash (12)#us airways center 18422#19 - 13\n33#january 9#dallas#w 128 - 100 (ot)#shaquille o'neal (25)#shaquille o'neal (10)#steve nash (12)#us airways center 18422#20 - 13\n34#january 11#la clippers#w 109 - 103 (ot)#amar'e stoudemire (26)#shaquille o'neal (10)#steve nash (12)#staples center 17307#21 - 13\n35#january 13#atlanta#w 107 - 102 (ot)#shaquille o'neal (26)#matt barnes , shaquille o'neal (10)#steve nash (6)#us airways center 18422#22 - 13\n36#january 15#denver#l 113 - 119 (ot)#grant hill (25)#grant hill , amar'e stoudemire (8)#steve nash (14)#pepsi center 18073#22 - 14\n37#january 16#minnesota#l 103 - 105 (ot)#shaquille o'neal , leandro barbosa (22)#shaquille o'neal (11)#steve nash (6)#us airways center 18422#22 - 15\n38#january 18#toronto#w 117 - 113 (ot)#amar'e stoudemire (31)#grant hill (9)#steve nash (18)#air canada centre 19800#23 - 15\n39#january 19#boston#l 87 - 104 (ot)#shaquille o'neal (16)#shaquille o'neal (11)#steve nash (8)#td banknorth garden 18624#23 - 16\n40#january 21#new york#l 109 - 114 (ot)#jason richardson (27)#shaquille o'neal (12)#steve nash (19)#madison square garden 19256#23 - 17\n41#january 23#charlotte#l 76 - 98 (ot)#shaquille o'neal (20)#amar'e stoudemire (9)#steve nash (5)#time warner cable arena 19104#23 - 18\n42#january 25#atlanta#w 104 - 99 (ot)#amar'e stoudemire (23)#shaquille o'neal (11)#steve nash (13)#philips arena 19153#24 - 18\n43#january 26#washington#w 103 - 87 (ot)#shaquille o'neal (29)#amar'e stoudemire (15)#steve nash (15)#verizon center 17344#25 - 18\n44#january 29#san antonio#l 104 - 114 (ot)#amar'e stoudemire (28)#amar'e stoudemire , grant hill (10)#steve nash (18)#us airways center 18422#25 - 19\n",
        "pandas_code": "df[(df['team'] == 'indiana') & (df['date'] == 'january 7')].shape[0] == 1",
        "pandas_eval": "True"
    },
    {
        "id": 72368,
        "statement": "on january 2 , steve nash have the high assist total of 11",
        "label": 1,
        "table_caption": "2008 - 09 phoenix suns season",
        "table_text": "game#date#team#score#high points#high rebounds#high assists#location attendance#record\n31#january 2#la clippers#w 106 - 98 (ot)#amar'e stoudemire (23)#shaquille o'neal (9)#steve nash (11)#us airways center 18422#19 - 12\n32#january 7#indiana#l 110 - 113 (ot)#amar'e stoudemire (23)#louis amundson (14)#steve nash (12)#us airways center 18422#19 - 13\n33#january 9#dallas#w 128 - 100 (ot)#shaquille o'neal (25)#shaquille o'neal (10)#steve nash (12)#us airways center 18422#20 - 13\n34#january 11#la clippers#w 109 - 103 (ot)#amar'e stoudemire (26)#shaquille o'neal (10)#steve nash (12)#staples center 17307#21 - 13\n35#january 13#atlanta#w 107 - 102 (ot)#shaquille o'neal (26)#matt barnes , shaquille o'neal (10)#steve nash (6)#us airways center 18422#22 - 13\n36#january 15#denver#l 113 - 119 (ot)#grant hill (25)#grant hill , amar'e stoudemire (8)#steve nash (14)#pepsi center 18073#22 - 14\n37#january 16#minnesota#l 103 - 105 (ot)#shaquille o'neal , leandro barbosa (22)#shaquille o'neal (11)#steve nash (6)#us airways center 18422#22 - 15\n38#january 18#toronto#w 117 - 113 (ot)#amar'e stoudemire (31)#grant hill (9)#steve nash (18)#air canada centre 19800#23 - 15\n39#january 19#boston#l 87 - 104 (ot)#shaquille o'neal (16)#shaquille o'neal (11)#steve nash (8)#td banknorth garden 18624#23 - 16\n40#january 21#new york#l 109 - 114 (ot)#jason richardson (27)#shaquille o'neal (12)#steve nash (19)#madison square garden 19256#23 - 17\n41#january 23#charlotte#l 76 - 98 (ot)#shaquille o'neal (20)#amar'e stoudemire (9)#steve nash (5)#time warner cable arena 19104#23 - 18\n42#january 25#atlanta#w 104 - 99 (ot)#amar'e stoudemire (23)#shaquille o'neal (11)#steve nash (13)#philips arena 19153#24 - 18\n43#january 26#washington#w 103 - 87 (ot)#shaquille o'neal (29)#amar'e stoudemire (15)#steve nash (15)#verizon center 17344#25 - 18\n44#january 29#san antonio#l 104 - 114 (ot)#amar'e stoudemire (28)#amar'e stoudemire , grant hill (10)#steve nash (18)#us airways center 18422#25 - 19\n",
        "pandas_code": "(df[df['date'] == 'january 2']['high assists'].str.contains('steve nash \\\\(11\\\\)')).any()",
        "pandas_eval": "True"
    },
    {
        "id": 72369,
        "statement": "the team play indiana in the spring",
        "label": 0,
        "table_caption": "2008 - 09 phoenix suns season",
        "table_text": "game#date#team#score#high points#high rebounds#high assists#location attendance#record\n31#january 2#la clippers#w 106 - 98 (ot)#amar'e stoudemire (23)#shaquille o'neal (9)#steve nash (11)#us airways center 18422#19 - 12\n32#january 7#indiana#l 110 - 113 (ot)#amar'e stoudemire (23)#louis amundson (14)#steve nash (12)#us airways center 18422#19 - 13\n33#january 9#dallas#w 128 - 100 (ot)#shaquille o'neal (25)#shaquille o'neal (10)#steve nash (12)#us airways center 18422#20 - 13\n34#january 11#la clippers#w 109 - 103 (ot)#amar'e stoudemire (26)#shaquille o'neal (10)#steve nash (12)#staples center 17307#21 - 13\n35#january 13#atlanta#w 107 - 102 (ot)#shaquille o'neal (26)#matt barnes , shaquille o'neal (10)#steve nash (6)#us airways center 18422#22 - 13\n36#january 15#denver#l 113 - 119 (ot)#grant hill (25)#grant hill , amar'e stoudemire (8)#steve nash (14)#pepsi center 18073#22 - 14\n37#january 16#minnesota#l 103 - 105 (ot)#shaquille o'neal , leandro barbosa (22)#shaquille o'neal (11)#steve nash (6)#us airways center 18422#22 - 15\n38#january 18#toronto#w 117 - 113 (ot)#amar'e stoudemire (31)#grant hill (9)#steve nash (18)#air canada centre 19800#23 - 15\n39#january 19#boston#l 87 - 104 (ot)#shaquille o'neal (16)#shaquille o'neal (11)#steve nash (8)#td banknorth garden 18624#23 - 16\n40#january 21#new york#l 109 - 114 (ot)#jason richardson (27)#shaquille o'neal (12)#steve nash (19)#madison square garden 19256#23 - 17\n41#january 23#charlotte#l 76 - 98 (ot)#shaquille o'neal (20)#amar'e stoudemire (9)#steve nash (5)#time warner cable arena 19104#23 - 18\n42#january 25#atlanta#w 104 - 99 (ot)#amar'e stoudemire (23)#shaquille o'neal (11)#steve nash (13)#philips arena 19153#24 - 18\n43#january 26#washington#w 103 - 87 (ot)#shaquille o'neal (29)#amar'e stoudemire (15)#steve nash (15)#verizon center 17344#25 - 18\n44#january 29#san antonio#l 104 - 114 (ot)#amar'e stoudemire (28)#amar'e stoudemire , grant hill (10)#steve nash (18)#us airways center 18422#25 - 19\n",
        "pandas_code": "('indiana' in df['team'].values) and any(month in df[df['team'] == 'indiana']['date'].values[0] for month in ['march', 'april', 'may'])",
        "pandas_eval": "False"
    }
]