[
    {
        "id": 28911,
        "statement": "the swimmer with the time of 2:03.34 be deng jian from china and the swimmer with the time of 2:02.00 be simon dufour from france",
        "label": 1,
        "table_caption": "swimming at the 2008 summer olympics - men 's 200 metre backstroke",
        "table_text": "heat#lane#name#nationality#time\n6#4#ryan lochte#united states#1:56.29\n5#4#aaron peirsol#united states#1:56.35\n4#4#markus rogan#austria#1:56.64\n5#5#arkady vyatchanin#russia#1:56.97\n6#5#gregor tait#great britain#1:57.03\n4#5#hayden stoeckel#australia#1:57.15\n5#3#ryosuke irie#japan#1:57.68\n6#7#gordan kožulj#croatia#1:57.81\n6#3#ashley delaney#australia#1:57.87\n4#3#răzvan florea#romania#1:57.97\n5#6#helge meeuw#germany#1:58.42\n4#2#damiano lestingi#italy#1:58.53\n3#7#george du rand#south africa#1:58.62\n6#6#stanislav donets#russia#1:58.68\n6#8#keith beavers#canada#1:58.84\n3#4#tobias oriwol#canada#1:58.94\n5#2#pierre roger#france#1:59.01\n3#1#omar pinzón#colombia#1:59.11\n4#1#sebastian stoss#austria#1:59.44\n6#1#roland rudolf#hungary#1:59.44\n4#6#takashi nakano#japan#1:59.59\n3#6#derya büyükuncu#turkey#1:59.86\n5#8#lucas salatta#brazil#1:59.91\n5#1#nick driebergen#netherlands#2:00.24\n5#7#mattia aversa#italy#2:00.25\n3#8#kim ji - heun#south korea#2:00.72\n2#5#itai chammah#israel#2:00.93\n3#2#pedro oliveira#portugal#2:01.08\n1#4#brett fraser#cayman islands#2:01.17\n2#1#pedro medel#cuba#2:01.32\n4#7#gabor balog#hungary#2:01.42\n3#3#jonathan massacand#switzerland#2:01.80\n1#5#oleg rabota#kazakhstan#2:01.95\n4#8#simon dufour#france#2:02.00\n3#5#dimitrios chasiotis#greece#2:02.30\n2#2#květoslav svoboda#czech republic#2:03.12\n2#4#deng jian#china#2:03.34\n1#3#sergey pankov#uzbekistan#2:03.51\n2#6#oleksandr isakov#ukraine#2:03.59\n2#3#andres olvik#estonia#2:03.66\n2#7#simon sjödin#sweden#dns\n6#2#aschwin wildeboer faber#spain#dns\n",
        "pandas_code": "((df['time'] == '2:03.34') & (df['name'] == 'deng jian') & (df['nationality'] == 'china')).any() and ((df['time'] == '2:02.00') & (df['name'] == 'simon dufour') & (df['nationality'] == 'france')).any()",
        "pandas_eval": "True"
    },
    {
        "id": 28912,
        "statement": "when the time be 2:02.30 the nationality be greece and the swimmer be dimitrios chasiotis in lane 5 and heat 3",
        "label": 1,
        "table_caption": "swimming at the 2008 summer olympics - men 's 200 metre backstroke",
        "table_text": "heat#lane#name#nationality#time\n6#4#ryan lochte#united states#1:56.29\n5#4#aaron peirsol#united states#1:56.35\n4#4#markus rogan#austria#1:56.64\n5#5#arkady vyatchanin#russia#1:56.97\n6#5#gregor tait#great britain#1:57.03\n4#5#hayden stoeckel#australia#1:57.15\n5#3#ryosuke irie#japan#1:57.68\n6#7#gordan kožulj#croatia#1:57.81\n6#3#ashley delaney#australia#1:57.87\n4#3#răzvan florea#romania#1:57.97\n5#6#helge meeuw#germany#1:58.42\n4#2#damiano lestingi#italy#1:58.53\n3#7#george du rand#south africa#1:58.62\n6#6#stanislav donets#russia#1:58.68\n6#8#keith beavers#canada#1:58.84\n3#4#tobias oriwol#canada#1:58.94\n5#2#pierre roger#france#1:59.01\n3#1#omar pinzón#colombia#1:59.11\n4#1#sebastian stoss#austria#1:59.44\n6#1#roland rudolf#hungary#1:59.44\n4#6#takashi nakano#japan#1:59.59\n3#6#derya büyükuncu#turkey#1:59.86\n5#8#lucas salatta#brazil#1:59.91\n5#1#nick driebergen#netherlands#2:00.24\n5#7#mattia aversa#italy#2:00.25\n3#8#kim ji - heun#south korea#2:00.72\n2#5#itai chammah#israel#2:00.93\n3#2#pedro oliveira#portugal#2:01.08\n1#4#brett fraser#cayman islands#2:01.17\n2#1#pedro medel#cuba#2:01.32\n4#7#gabor balog#hungary#2:01.42\n3#3#jonathan massacand#switzerland#2:01.80\n1#5#oleg rabota#kazakhstan#2:01.95\n4#8#simon dufour#france#2:02.00\n3#5#dimitrios chasiotis#greece#2:02.30\n2#2#květoslav svoboda#czech republic#2:03.12\n2#4#deng jian#china#2:03.34\n1#3#sergey pankov#uzbekistan#2:03.51\n2#6#oleksandr isakov#ukraine#2:03.59\n2#3#andres olvik#estonia#2:03.66\n2#7#simon sjödin#sweden#dns\n6#2#aschwin wildeboer faber#spain#dns\n",
        "pandas_code": "df[(df['time'] == '2:02.30') & (df['nationality'] == 'greece') & (df['name'] == 'dimitrios chasiotis') & (df['lane'] == 5) & (df['heat'] == 3)].any().any()",
        "pandas_eval": "True"
    },
    {
        "id": 28913,
        "statement": "there be 2 swimmer from the united state and they be ryan lochte and aaron peirsol both in lane 4",
        "label": 1,
        "table_caption": "swimming at the 2008 summer olympics - men 's 200 metre backstroke",
        "table_text": "heat#lane#name#nationality#time\n6#4#ryan lochte#united states#1:56.29\n5#4#aaron peirsol#united states#1:56.35\n4#4#markus rogan#austria#1:56.64\n5#5#arkady vyatchanin#russia#1:56.97\n6#5#gregor tait#great britain#1:57.03\n4#5#hayden stoeckel#australia#1:57.15\n5#3#ryosuke irie#japan#1:57.68\n6#7#gordan kožulj#croatia#1:57.81\n6#3#ashley delaney#australia#1:57.87\n4#3#răzvan florea#romania#1:57.97\n5#6#helge meeuw#germany#1:58.42\n4#2#damiano lestingi#italy#1:58.53\n3#7#george du rand#south africa#1:58.62\n6#6#stanislav donets#russia#1:58.68\n6#8#keith beavers#canada#1:58.84\n3#4#tobias oriwol#canada#1:58.94\n5#2#pierre roger#france#1:59.01\n3#1#omar pinzón#colombia#1:59.11\n4#1#sebastian stoss#austria#1:59.44\n6#1#roland rudolf#hungary#1:59.44\n4#6#takashi nakano#japan#1:59.59\n3#6#derya büyükuncu#turkey#1:59.86\n5#8#lucas salatta#brazil#1:59.91\n5#1#nick driebergen#netherlands#2:00.24\n5#7#mattia aversa#italy#2:00.25\n3#8#kim ji - heun#south korea#2:00.72\n2#5#itai chammah#israel#2:00.93\n3#2#pedro oliveira#portugal#2:01.08\n1#4#brett fraser#cayman islands#2:01.17\n2#1#pedro medel#cuba#2:01.32\n4#7#gabor balog#hungary#2:01.42\n3#3#jonathan massacand#switzerland#2:01.80\n1#5#oleg rabota#kazakhstan#2:01.95\n4#8#simon dufour#france#2:02.00\n3#5#dimitrios chasiotis#greece#2:02.30\n2#2#květoslav svoboda#czech republic#2:03.12\n2#4#deng jian#china#2:03.34\n1#3#sergey pankov#uzbekistan#2:03.51\n2#6#oleksandr isakov#ukraine#2:03.59\n2#3#andres olvik#estonia#2:03.66\n2#7#simon sjödin#sweden#dns\n6#2#aschwin wildeboer faber#spain#dns\n",
        "pandas_code": "len(df[(df['nationality'] == 'united states') & (df['lane'] == 4) & (df['name'].isin(['ryan lochte', 'aaron peirsol']))]) == 2",
        "pandas_eval": "True"
    },
    {
        "id": 28914,
        "statement": "simon sjödin from sweden and aschwin wildeboer faber from spain both have time of dns while andres olvik from estonia have a time of 2:03.066",
        "label": 1,
        "table_caption": "swimming at the 2008 summer olympics - men 's 200 metre backstroke",
        "table_text": "heat#lane#name#nationality#time\n6#4#ryan lochte#united states#1:56.29\n5#4#aaron peirsol#united states#1:56.35\n4#4#markus rogan#austria#1:56.64\n5#5#arkady vyatchanin#russia#1:56.97\n6#5#gregor tait#great britain#1:57.03\n4#5#hayden stoeckel#australia#1:57.15\n5#3#ryosuke irie#japan#1:57.68\n6#7#gordan kožulj#croatia#1:57.81\n6#3#ashley delaney#australia#1:57.87\n4#3#răzvan florea#romania#1:57.97\n5#6#helge meeuw#germany#1:58.42\n4#2#damiano lestingi#italy#1:58.53\n3#7#george du rand#south africa#1:58.62\n6#6#stanislav donets#russia#1:58.68\n6#8#keith beavers#canada#1:58.84\n3#4#tobias oriwol#canada#1:58.94\n5#2#pierre roger#france#1:59.01\n3#1#omar pinzón#colombia#1:59.11\n4#1#sebastian stoss#austria#1:59.44\n6#1#roland rudolf#hungary#1:59.44\n4#6#takashi nakano#japan#1:59.59\n3#6#derya büyükuncu#turkey#1:59.86\n5#8#lucas salatta#brazil#1:59.91\n5#1#nick driebergen#netherlands#2:00.24\n5#7#mattia aversa#italy#2:00.25\n3#8#kim ji - heun#south korea#2:00.72\n2#5#itai chammah#israel#2:00.93\n3#2#pedro oliveira#portugal#2:01.08\n1#4#brett fraser#cayman islands#2:01.17\n2#1#pedro medel#cuba#2:01.32\n4#7#gabor balog#hungary#2:01.42\n3#3#jonathan massacand#switzerland#2:01.80\n1#5#oleg rabota#kazakhstan#2:01.95\n4#8#simon dufour#france#2:02.00\n3#5#dimitrios chasiotis#greece#2:02.30\n2#2#květoslav svoboda#czech republic#2:03.12\n2#4#deng jian#china#2:03.34\n1#3#sergey pankov#uzbekistan#2:03.51\n2#6#oleksandr isakov#ukraine#2:03.59\n2#3#andres olvik#estonia#2:03.66\n2#7#simon sjödin#sweden#dns\n6#2#aschwin wildeboer faber#spain#dns\n",
        "pandas_code": "(df[(df['name'] == 'simon sjödin') & (df['nationality'] == 'sweden')]['time'].values[0] == 'dns') & (df[(df['name'] == 'aschwin wildeboer faber') & (df['nationality'] == 'spain')]['time'].values[0] == 'dns') & (df[(df['name'] == 'andres olvik') & (df['nationality'] == 'estonia')]['time'].values[0] == '2:03.66')",
        "pandas_eval": "True"
    },
    {
        "id": 28915,
        "statement": "nobody have a time of less than 1:55.00 and more than 2:05.00 in any heat or lane",
        "label": 1,
        "table_caption": "swimming at the 2008 summer olympics - men 's 200 metre backstroke",
        "table_text": "heat#lane#name#nationality#time\n6#4#ryan lochte#united states#1:56.29\n5#4#aaron peirsol#united states#1:56.35\n4#4#markus rogan#austria#1:56.64\n5#5#arkady vyatchanin#russia#1:56.97\n6#5#gregor tait#great britain#1:57.03\n4#5#hayden stoeckel#australia#1:57.15\n5#3#ryosuke irie#japan#1:57.68\n6#7#gordan kožulj#croatia#1:57.81\n6#3#ashley delaney#australia#1:57.87\n4#3#răzvan florea#romania#1:57.97\n5#6#helge meeuw#germany#1:58.42\n4#2#damiano lestingi#italy#1:58.53\n3#7#george du rand#south africa#1:58.62\n6#6#stanislav donets#russia#1:58.68\n6#8#keith beavers#canada#1:58.84\n3#4#tobias oriwol#canada#1:58.94\n5#2#pierre roger#france#1:59.01\n3#1#omar pinzón#colombia#1:59.11\n4#1#sebastian stoss#austria#1:59.44\n6#1#roland rudolf#hungary#1:59.44\n4#6#takashi nakano#japan#1:59.59\n3#6#derya büyükuncu#turkey#1:59.86\n5#8#lucas salatta#brazil#1:59.91\n5#1#nick driebergen#netherlands#2:00.24\n5#7#mattia aversa#italy#2:00.25\n3#8#kim ji - heun#south korea#2:00.72\n2#5#itai chammah#israel#2:00.93\n3#2#pedro oliveira#portugal#2:01.08\n1#4#brett fraser#cayman islands#2:01.17\n2#1#pedro medel#cuba#2:01.32\n4#7#gabor balog#hungary#2:01.42\n3#3#jonathan massacand#switzerland#2:01.80\n1#5#oleg rabota#kazakhstan#2:01.95\n4#8#simon dufour#france#2:02.00\n3#5#dimitrios chasiotis#greece#2:02.30\n2#2#květoslav svoboda#czech republic#2:03.12\n2#4#deng jian#china#2:03.34\n1#3#sergey pankov#uzbekistan#2:03.51\n2#6#oleksandr isakov#ukraine#2:03.59\n2#3#andres olvik#estonia#2:03.66\n2#7#simon sjödin#sweden#dns\n6#2#aschwin wildeboer faber#spain#dns\n",
        "pandas_code": "((df['time'] >= '1:55.00') & (df['time'] <= '2:05.00')).all() or (df['time'] == 'dns').any()",
        "pandas_eval": "True"
    },
    {
        "id": 28916,
        "statement": "both deng jian from china and simon dufour from france finish in just under 2 minute",
        "label": 0,
        "table_caption": "swimming at the 2008 summer olympics - men 's 200 metre backstroke",
        "table_text": "heat#lane#name#nationality#time\n6#4#ryan lochte#united states#1:56.29\n5#4#aaron peirsol#united states#1:56.35\n4#4#markus rogan#austria#1:56.64\n5#5#arkady vyatchanin#russia#1:56.97\n6#5#gregor tait#great britain#1:57.03\n4#5#hayden stoeckel#australia#1:57.15\n5#3#ryosuke irie#japan#1:57.68\n6#7#gordan kožulj#croatia#1:57.81\n6#3#ashley delaney#australia#1:57.87\n4#3#răzvan florea#romania#1:57.97\n5#6#helge meeuw#germany#1:58.42\n4#2#damiano lestingi#italy#1:58.53\n3#7#george du rand#south africa#1:58.62\n6#6#stanislav donets#russia#1:58.68\n6#8#keith beavers#canada#1:58.84\n3#4#tobias oriwol#canada#1:58.94\n5#2#pierre roger#france#1:59.01\n3#1#omar pinzón#colombia#1:59.11\n4#1#sebastian stoss#austria#1:59.44\n6#1#roland rudolf#hungary#1:59.44\n4#6#takashi nakano#japan#1:59.59\n3#6#derya büyükuncu#turkey#1:59.86\n5#8#lucas salatta#brazil#1:59.91\n5#1#nick driebergen#netherlands#2:00.24\n5#7#mattia aversa#italy#2:00.25\n3#8#kim ji - heun#south korea#2:00.72\n2#5#itai chammah#israel#2:00.93\n3#2#pedro oliveira#portugal#2:01.08\n1#4#brett fraser#cayman islands#2:01.17\n2#1#pedro medel#cuba#2:01.32\n4#7#gabor balog#hungary#2:01.42\n3#3#jonathan massacand#switzerland#2:01.80\n1#5#oleg rabota#kazakhstan#2:01.95\n4#8#simon dufour#france#2:02.00\n3#5#dimitrios chasiotis#greece#2:02.30\n2#2#květoslav svoboda#czech republic#2:03.12\n2#4#deng jian#china#2:03.34\n1#3#sergey pankov#uzbekistan#2:03.51\n2#6#oleksandr isakov#ukraine#2:03.59\n2#3#andres olvik#estonia#2:03.66\n2#7#simon sjödin#sweden#dns\n6#2#aschwin wildeboer faber#spain#dns\n",
        "pandas_code": "not all(df[(df['name'].isin(['deng jian', 'simon dufour'])) & (df['nationality'].isin(['china', 'france'])) & (df['time'].str.extract(r'(\\\\d+):(\\\\d+\\\\.\\\\d+)')[0].astype(float) * 60 + df['time'].str.extract(r'(\\\\d+):(\\\\d+\\\\.\\\\d+)')[1].astype(float) < 120)]['time'].notna())",
        "pandas_eval": "False"
    },
    {
        "id": 28917,
        "statement": "dimitrios chastiosis of greece finish in 2:03:30 in lane 3 and heat 5",
        "label": 0,
        "table_caption": "swimming at the 2008 summer olympics - men 's 200 metre backstroke",
        "table_text": "heat#lane#name#nationality#time\n6#4#ryan lochte#united states#1:56.29\n5#4#aaron peirsol#united states#1:56.35\n4#4#markus rogan#austria#1:56.64\n5#5#arkady vyatchanin#russia#1:56.97\n6#5#gregor tait#great britain#1:57.03\n4#5#hayden stoeckel#australia#1:57.15\n5#3#ryosuke irie#japan#1:57.68\n6#7#gordan kožulj#croatia#1:57.81\n6#3#ashley delaney#australia#1:57.87\n4#3#răzvan florea#romania#1:57.97\n5#6#helge meeuw#germany#1:58.42\n4#2#damiano lestingi#italy#1:58.53\n3#7#george du rand#south africa#1:58.62\n6#6#stanislav donets#russia#1:58.68\n6#8#keith beavers#canada#1:58.84\n3#4#tobias oriwol#canada#1:58.94\n5#2#pierre roger#france#1:59.01\n3#1#omar pinzón#colombia#1:59.11\n4#1#sebastian stoss#austria#1:59.44\n6#1#roland rudolf#hungary#1:59.44\n4#6#takashi nakano#japan#1:59.59\n3#6#derya büyükuncu#turkey#1:59.86\n5#8#lucas salatta#brazil#1:59.91\n5#1#nick driebergen#netherlands#2:00.24\n5#7#mattia aversa#italy#2:00.25\n3#8#kim ji - heun#south korea#2:00.72\n2#5#itai chammah#israel#2:00.93\n3#2#pedro oliveira#portugal#2:01.08\n1#4#brett fraser#cayman islands#2:01.17\n2#1#pedro medel#cuba#2:01.32\n4#7#gabor balog#hungary#2:01.42\n3#3#jonathan massacand#switzerland#2:01.80\n1#5#oleg rabota#kazakhstan#2:01.95\n4#8#simon dufour#france#2:02.00\n3#5#dimitrios chasiotis#greece#2:02.30\n2#2#květoslav svoboda#czech republic#2:03.12\n2#4#deng jian#china#2:03.34\n1#3#sergey pankov#uzbekistan#2:03.51\n2#6#oleksandr isakov#ukraine#2:03.59\n2#3#andres olvik#estonia#2:03.66\n2#7#simon sjödin#sweden#dns\n6#2#aschwin wildeboer faber#spain#dns\n",
        "pandas_code": "(df['name'].eq('dimitrios chasiotis') & df['nationality'].eq('greece') & df['time'].eq('2:03.30') & df['lane'].eq(3) & df['heat'].eq(5)).any()",
        "pandas_eval": "False"
    },
    {
        "id": 28918,
        "statement": "ryan lochte and aaron peirsol both swam for the united state in lane 5",
        "label": 0,
        "table_caption": "swimming at the 2008 summer olympics - men 's 200 metre backstroke",
        "table_text": "heat#lane#name#nationality#time\n6#4#ryan lochte#united states#1:56.29\n5#4#aaron peirsol#united states#1:56.35\n4#4#markus rogan#austria#1:56.64\n5#5#arkady vyatchanin#russia#1:56.97\n6#5#gregor tait#great britain#1:57.03\n4#5#hayden stoeckel#australia#1:57.15\n5#3#ryosuke irie#japan#1:57.68\n6#7#gordan kožulj#croatia#1:57.81\n6#3#ashley delaney#australia#1:57.87\n4#3#răzvan florea#romania#1:57.97\n5#6#helge meeuw#germany#1:58.42\n4#2#damiano lestingi#italy#1:58.53\n3#7#george du rand#south africa#1:58.62\n6#6#stanislav donets#russia#1:58.68\n6#8#keith beavers#canada#1:58.84\n3#4#tobias oriwol#canada#1:58.94\n5#2#pierre roger#france#1:59.01\n3#1#omar pinzón#colombia#1:59.11\n4#1#sebastian stoss#austria#1:59.44\n6#1#roland rudolf#hungary#1:59.44\n4#6#takashi nakano#japan#1:59.59\n3#6#derya büyükuncu#turkey#1:59.86\n5#8#lucas salatta#brazil#1:59.91\n5#1#nick driebergen#netherlands#2:00.24\n5#7#mattia aversa#italy#2:00.25\n3#8#kim ji - heun#south korea#2:00.72\n2#5#itai chammah#israel#2:00.93\n3#2#pedro oliveira#portugal#2:01.08\n1#4#brett fraser#cayman islands#2:01.17\n2#1#pedro medel#cuba#2:01.32\n4#7#gabor balog#hungary#2:01.42\n3#3#jonathan massacand#switzerland#2:01.80\n1#5#oleg rabota#kazakhstan#2:01.95\n4#8#simon dufour#france#2:02.00\n3#5#dimitrios chasiotis#greece#2:02.30\n2#2#květoslav svoboda#czech republic#2:03.12\n2#4#deng jian#china#2:03.34\n1#3#sergey pankov#uzbekistan#2:03.51\n2#6#oleksandr isakov#ukraine#2:03.59\n2#3#andres olvik#estonia#2:03.66\n2#7#simon sjödin#sweden#dns\n6#2#aschwin wildeboer faber#spain#dns\n",
        "pandas_code": "((df['name'] == 'ryan lochte') & (df['nationality'] == 'united states') & (df['lane'] == 5)).any() & ((df['name'] == 'aaron peirsol') & (df['nationality'] == 'united states') & (df['lane'] == 5)).any()",
        "pandas_eval": "False"
    },
    {
        "id": 28919,
        "statement": "simon sjödin , aschwin wildeboer , and andres olvik be all dns",
        "label": 0,
        "table_caption": "swimming at the 2008 summer olympics - men 's 200 metre backstroke",
        "table_text": "heat#lane#name#nationality#time\n6#4#ryan lochte#united states#1:56.29\n5#4#aaron peirsol#united states#1:56.35\n4#4#markus rogan#austria#1:56.64\n5#5#arkady vyatchanin#russia#1:56.97\n6#5#gregor tait#great britain#1:57.03\n4#5#hayden stoeckel#australia#1:57.15\n5#3#ryosuke irie#japan#1:57.68\n6#7#gordan kožulj#croatia#1:57.81\n6#3#ashley delaney#australia#1:57.87\n4#3#răzvan florea#romania#1:57.97\n5#6#helge meeuw#germany#1:58.42\n4#2#damiano lestingi#italy#1:58.53\n3#7#george du rand#south africa#1:58.62\n6#6#stanislav donets#russia#1:58.68\n6#8#keith beavers#canada#1:58.84\n3#4#tobias oriwol#canada#1:58.94\n5#2#pierre roger#france#1:59.01\n3#1#omar pinzón#colombia#1:59.11\n4#1#sebastian stoss#austria#1:59.44\n6#1#roland rudolf#hungary#1:59.44\n4#6#takashi nakano#japan#1:59.59\n3#6#derya büyükuncu#turkey#1:59.86\n5#8#lucas salatta#brazil#1:59.91\n5#1#nick driebergen#netherlands#2:00.24\n5#7#mattia aversa#italy#2:00.25\n3#8#kim ji - heun#south korea#2:00.72\n2#5#itai chammah#israel#2:00.93\n3#2#pedro oliveira#portugal#2:01.08\n1#4#brett fraser#cayman islands#2:01.17\n2#1#pedro medel#cuba#2:01.32\n4#7#gabor balog#hungary#2:01.42\n3#3#jonathan massacand#switzerland#2:01.80\n1#5#oleg rabota#kazakhstan#2:01.95\n4#8#simon dufour#france#2:02.00\n3#5#dimitrios chasiotis#greece#2:02.30\n2#2#květoslav svoboda#czech republic#2:03.12\n2#4#deng jian#china#2:03.34\n1#3#sergey pankov#uzbekistan#2:03.51\n2#6#oleksandr isakov#ukraine#2:03.59\n2#3#andres olvik#estonia#2:03.66\n2#7#simon sjödin#sweden#dns\n6#2#aschwin wildeboer faber#spain#dns\n",
        "pandas_code": "all(df[df['name'].isin(['simon sjödin', 'aschwin wildeboer faber', 'andres olvik'])]['time'] == 'dns')",
        "pandas_eval": "False"
    }
]