[
    {
        "id": 30401,
        "statement": "in the list ultras of oceania , aoraki / mount cook stand the tallest at an elevation of 3755 m",
        "label": 1,
        "table_caption": "list of ultras of oceania",
        "table_text": "rank#peak#country#island#elevation (m)#prominence (m)#col (m)\n1#aoraki / mount cook#new zealand#south island#3755#3755#0\n2#mount ruapehu#new zealand#north island#2797#2797#0\n3#mount aspiring / tititea#new zealand#south island#3033#2471#562\n4#mount taranaki / egmont#new zealand#north island#2518#2308#210\n5#mount tutoko#new zealand#south island#2723#2191#532\n6#mount tapuaenuku#new zealand#south island#2884#2021#863\n7#single cone#new zealand#south island#2319#1969#350\n8#manakau#new zealand#south island#2608#1798#810\n9#mount taylor#new zealand#south island#2333#1636#698\n",
        "pandas_code": "df[df['peak'] == 'aoraki / mount cook']['elevation (m)'].values[0] == 3755",
        "pandas_eval": "True"
    },
    {
        "id": 30402,
        "statement": "mount taylor be merely 275 m in elevation shorter than manakau",
        "label": 1,
        "table_caption": "list of ultras of oceania",
        "table_text": "rank#peak#country#island#elevation (m)#prominence (m)#col (m)\n1#aoraki / mount cook#new zealand#south island#3755#3755#0\n2#mount ruapehu#new zealand#north island#2797#2797#0\n3#mount aspiring / tititea#new zealand#south island#3033#2471#562\n4#mount taranaki / egmont#new zealand#north island#2518#2308#210\n5#mount tutoko#new zealand#south island#2723#2191#532\n6#mount tapuaenuku#new zealand#south island#2884#2021#863\n7#single cone#new zealand#south island#2319#1969#350\n8#manakau#new zealand#south island#2608#1798#810\n9#mount taylor#new zealand#south island#2333#1636#698\n",
        "pandas_code": "abs(df[df['peak'] == 'mount taylor']['elevation (m)'].values[0] - df[df['peak'] == 'manakau']['elevation (m)'].values[0]) == 275",
        "pandas_eval": "True"
    },
    {
        "id": 30403,
        "statement": "there be 2 peak , mount tuapehu and aoraki / mount cook , which have a col of 0 m",
        "label": 1,
        "table_caption": "list of ultras of oceania",
        "table_text": "rank#peak#country#island#elevation (m)#prominence (m)#col (m)\n1#aoraki / mount cook#new zealand#south island#3755#3755#0\n2#mount ruapehu#new zealand#north island#2797#2797#0\n3#mount aspiring / tititea#new zealand#south island#3033#2471#562\n4#mount taranaki / egmont#new zealand#north island#2518#2308#210\n5#mount tutoko#new zealand#south island#2723#2191#532\n6#mount tapuaenuku#new zealand#south island#2884#2021#863\n7#single cone#new zealand#south island#2319#1969#350\n8#manakau#new zealand#south island#2608#1798#810\n9#mount taylor#new zealand#south island#2333#1636#698\n",
        "pandas_code": "df[df['peak'].isin(['mount ruapehu', 'aoraki / mount cook'])]['col (m)'].eq(0).all()",
        "pandas_eval": "True"
    },
    {
        "id": 30404,
        "statement": "the peak of single cone be shorter in elevation than mount tutoko",
        "label": 1,
        "table_caption": "list of ultras of oceania",
        "table_text": "rank#peak#country#island#elevation (m)#prominence (m)#col (m)\n1#aoraki / mount cook#new zealand#south island#3755#3755#0\n2#mount ruapehu#new zealand#north island#2797#2797#0\n3#mount aspiring / tititea#new zealand#south island#3033#2471#562\n4#mount taranaki / egmont#new zealand#north island#2518#2308#210\n5#mount tutoko#new zealand#south island#2723#2191#532\n6#mount tapuaenuku#new zealand#south island#2884#2021#863\n7#single cone#new zealand#south island#2319#1969#350\n8#manakau#new zealand#south island#2608#1798#810\n9#mount taylor#new zealand#south island#2333#1636#698\n",
        "pandas_code": "df[df['peak'] == 'single cone']['elevation (m)'].values[0] < df[df['peak'] == 'mount tutoko']['elevation (m)'].values[0]",
        "pandas_eval": "True"
    },
    {
        "id": 30405,
        "statement": "mount taylor and manakau have an average elevation of 2470.5 m",
        "label": 1,
        "table_caption": "list of ultras of oceania",
        "table_text": "rank#peak#country#island#elevation (m)#prominence (m)#col (m)\n1#aoraki / mount cook#new zealand#south island#3755#3755#0\n2#mount ruapehu#new zealand#north island#2797#2797#0\n3#mount aspiring / tititea#new zealand#south island#3033#2471#562\n4#mount taranaki / egmont#new zealand#north island#2518#2308#210\n5#mount tutoko#new zealand#south island#2723#2191#532\n6#mount tapuaenuku#new zealand#south island#2884#2021#863\n7#single cone#new zealand#south island#2319#1969#350\n8#manakau#new zealand#south island#2608#1798#810\n9#mount taylor#new zealand#south island#2333#1636#698\n",
        "pandas_code": "df[df['peak'].isin(['mount taylor', 'manakau'])]['elevation (m)'].mean() == 2470.5",
        "pandas_eval": "True"
    },
    {
        "id": 62862,
        "statement": "all of these have a col (m) of 0",
        "label": 1,
        "table_caption": "list of ultras of oceania",
        "table_text": "rank#peak#country#island#elevation (m)#col (m)\n1#mount popomanaseu#solomon islands#guadalcanal#2335#0\n2#mont orohena#french polynesia#tahiti#2241#0\n3#mount tabwemasana#vanuatu#espiritu santo#1879#0\n4#silisili#samoa#savai'i#1858#0\n5#mount veve#solomon islands#kolombangara#1768#0\n6#mont paniã#new caledonia#grande terre#1628#0\n",
        "pandas_code": "(df['col (m)'] == 0).all()",
        "pandas_eval": "True"
    },
    {
        "id": 62863,
        "statement": "all of these have a col (m) of 0",
        "label": 1,
        "table_caption": "list of ultras of oceania",
        "table_text": "rank#peak#country#island#elevation (m)#col (m)\n1#mount popomanaseu#solomon islands#guadalcanal#2335#0\n2#mont orohena#french polynesia#tahiti#2241#0\n3#mount tabwemasana#vanuatu#espiritu santo#1879#0\n4#silisili#samoa#savai'i#1858#0\n5#mount veve#solomon islands#kolombangara#1768#0\n6#mont paniã#new caledonia#grande terre#1628#0\n",
        "pandas_code": "(df['col (m)'] == 0).all()",
        "pandas_eval": "True"
    },
    {
        "id": 62864,
        "statement": "all of these have a col (m) larger than 1",
        "label": 0,
        "table_caption": "list of ultras of oceania",
        "table_text": "rank#peak#country#island#elevation (m)#col (m)\n1#mount popomanaseu#solomon islands#guadalcanal#2335#0\n2#mont orohena#french polynesia#tahiti#2241#0\n3#mount tabwemasana#vanuatu#espiritu santo#1879#0\n4#silisili#samoa#savai'i#1858#0\n5#mount veve#solomon islands#kolombangara#1768#0\n6#mont paniã#new caledonia#grande terre#1628#0\n",
        "pandas_code": "all(df['col (m)'] > 1)",
        "pandas_eval": "False"
    },
    {
        "id": 62865,
        "statement": "rank 3 have a col (m) larger than 0",
        "label": 0,
        "table_caption": "list of ultras of oceania",
        "table_text": "rank#peak#country#island#elevation (m)#col (m)\n1#mount popomanaseu#solomon islands#guadalcanal#2335#0\n2#mont orohena#french polynesia#tahiti#2241#0\n3#mount tabwemasana#vanuatu#espiritu santo#1879#0\n4#silisili#samoa#savai'i#1858#0\n5#mount veve#solomon islands#kolombangara#1768#0\n6#mont paniã#new caledonia#grande terre#1628#0\n",
        "pandas_code": "df.loc[df['rank'] == 3, 'col (m)'].iloc[0] > 0",
        "pandas_eval": "False"
    },
    {
        "id": 81376,
        "statement": "all of the top 5 col (m) have a prominence greater than 1897 m",
        "label": 1,
        "table_caption": "list of ultras of oceania",
        "table_text": "rank#peak#country#island#elevation (m)#prominence (m)#col (m)\n1#finisterre range high point#papua new guinea#new guinea#4175#3734#441\n2#mount suckling#papua new guinea#new guinea#3676#2976#700\n3#mount wilhelm#papua new guinea#new guinea#4509#2969#1540\n4#mount victoria#papua new guinea#new guinea#4038#2738#1300\n5#mount balbi#papua new guinea#bougainville island#2715#2715#0\n6#mount oiautukekea#papua new guinea#goodenough island#2536#2536#0\n7#mount giluwe#papua new guinea#new guinea#4367#2507#1860\n8#new ireland high point#papua new guinea#new ireland#2340#2340#0\n9#mount ulawun#papua new guinea#new britain#2334#2334#0\n10#mount kabangama#papua new guinea#new guinea#4104#2284#1820\n11#nakanai mountains high point#papua new guinea#new britain#2316#2056#260\n12#mount kilkerran#papua new guinea#fergusson island#1947#1947#0\n13#mount piora#papua new guinea#new guinea#3557#1897#1660\n14#mount bosavi#papua new guinea#new guinea#2507#1887#620\n15#mount karoma#papua new guinea#new guinea#3623#1883#1740\n16#mount simpson#papua new guinea#new guinea#2883#1863#1020\n17#mount kunugui#papua new guinea#karkar island#1833#1833#0\n18#mount victory#papua new guinea#new guinea#1891#1831#60\n19#manam high point#papua new guinea#manam#1807#1807#0\n20#mount michael#papua new guinea#new guinea#3647#1787#1860\n21#mount talawe#papua new guinea#new britain#1824#1773#51\n22#barurumea ridge#papua new guinea#new britain#2063#1723#340\n23#mount sarawaget#papua new guinea#new guinea#4121#1701#2420\n24#bewani mountains high point#papua new guinea#new guinea#1980#1664#316\n25#mount bel#papua new guinea#umboi island#1658#1658#0\n26#unnamed summit#papua new guinea#new britain#1951#1651#300\n27#mount maybole#papua new guinea#fergusson island#1665#1597#68\n28#adelbert range high point#papua new guinea#new guinea#1716#1576#140\n29#sibium mountains high point#papua new guinea#new guinea#2295#1555#740\n30#mount shungol#papua new guinea#new guinea#2752#1518#1234\n31#mount taraka#papua new guinea#bougainville island#2251#1511#740\n",
        "pandas_code": "(df['prominence (m)'].head(5) > 1897).all()",
        "pandas_eval": "True"
    },
    {
        "id": 83305,
        "statement": "the peak , mount wondiwoi on the island of new guinea , have an elevation of 2180 meter",
        "label": 1,
        "table_caption": "list of ultras of oceania",
        "table_text": "rank#peak#country#island#elevation (m)#prominence (m)#col (m)\n1#puncak jaya (carstensz pyramid)#indonesia#new guinea#4884#4884#0\n2#mount arfak#indonesia#new guinea#2940#2761#179\n3#puncak mandala#indonesia#new guinea#4760#2760#2000\n4#mount kobowre#indonesia#new guinea#3750#2217#1533\n5#mount gauttier#indonesia#new guinea#2230#2007#223\n6#mount wondiwoi#indonesia#new guinea#2180#1985#195\n7#bon irau#indonesia#new guinea#2500#1900#600\n8#mount cycloop#indonesia#new guinea#2000#1876#124\n9#undundi - wandandi#indonesia#new guinea#3640#1740#1900\n10#mount kumawa#indonesia#new guinea#1680#1636#44\n11#angemuk#indonesia#new guinea#3949#1565#2384\n",
        "pandas_code": "df[(df['peak'] == 'mount wondiwoi') & (df['island'] == 'new guinea') & (df['elevation (m)'] == 2180)].shape[0] == 1",
        "pandas_eval": "True"
    },
    {
        "id": 83306,
        "statement": "the peak call mount gauttier peak be on the new guinea island",
        "label": 1,
        "table_caption": "list of ultras of oceania",
        "table_text": "rank#peak#country#island#elevation (m)#prominence (m)#col (m)\n1#puncak jaya (carstensz pyramid)#indonesia#new guinea#4884#4884#0\n2#mount arfak#indonesia#new guinea#2940#2761#179\n3#puncak mandala#indonesia#new guinea#4760#2760#2000\n4#mount kobowre#indonesia#new guinea#3750#2217#1533\n5#mount gauttier#indonesia#new guinea#2230#2007#223\n6#mount wondiwoi#indonesia#new guinea#2180#1985#195\n7#bon irau#indonesia#new guinea#2500#1900#600\n8#mount cycloop#indonesia#new guinea#2000#1876#124\n9#undundi - wandandi#indonesia#new guinea#3640#1740#1900\n10#mount kumawa#indonesia#new guinea#1680#1636#44\n11#angemuk#indonesia#new guinea#3949#1565#2384\n",
        "pandas_code": "df[(df['peak'] == 'mount gauttier') & (df['island'] == 'new guinea')].shape[0] == 1",
        "pandas_eval": "True"
    },
    {
        "id": 83307,
        "statement": "the peak mount kobowre have an elevation of 3750 meter",
        "label": 1,
        "table_caption": "list of ultras of oceania",
        "table_text": "rank#peak#country#island#elevation (m)#prominence (m)#col (m)\n1#puncak jaya (carstensz pyramid)#indonesia#new guinea#4884#4884#0\n2#mount arfak#indonesia#new guinea#2940#2761#179\n3#puncak mandala#indonesia#new guinea#4760#2760#2000\n4#mount kobowre#indonesia#new guinea#3750#2217#1533\n5#mount gauttier#indonesia#new guinea#2230#2007#223\n6#mount wondiwoi#indonesia#new guinea#2180#1985#195\n7#bon irau#indonesia#new guinea#2500#1900#600\n8#mount cycloop#indonesia#new guinea#2000#1876#124\n9#undundi - wandandi#indonesia#new guinea#3640#1740#1900\n10#mount kumawa#indonesia#new guinea#1680#1636#44\n11#angemuk#indonesia#new guinea#3949#1565#2384\n",
        "pandas_code": "df.loc[df['peak'] == 'mount kobowre', 'elevation (m)'].values[0] == 3750",
        "pandas_eval": "True"
    },
    {
        "id": 83308,
        "statement": "the prominence of the peak mount gauttier be 2007 meter",
        "label": 1,
        "table_caption": "list of ultras of oceania",
        "table_text": "rank#peak#country#island#elevation (m)#prominence (m)#col (m)\n1#puncak jaya (carstensz pyramid)#indonesia#new guinea#4884#4884#0\n2#mount arfak#indonesia#new guinea#2940#2761#179\n3#puncak mandala#indonesia#new guinea#4760#2760#2000\n4#mount kobowre#indonesia#new guinea#3750#2217#1533\n5#mount gauttier#indonesia#new guinea#2230#2007#223\n6#mount wondiwoi#indonesia#new guinea#2180#1985#195\n7#bon irau#indonesia#new guinea#2500#1900#600\n8#mount cycloop#indonesia#new guinea#2000#1876#124\n9#undundi - wandandi#indonesia#new guinea#3640#1740#1900\n10#mount kumawa#indonesia#new guinea#1680#1636#44\n11#angemuk#indonesia#new guinea#3949#1565#2384\n",
        "pandas_code": "df.loc[df['peak'] == 'mount gauttier', 'prominence (m)'].values[0] == 2007",
        "pandas_eval": "True"
    },
    {
        "id": 83309,
        "statement": "the peak call mount gauttier be on new guinea and have an elevation of 2180 m",
        "label": 0,
        "table_caption": "list of ultras of oceania",
        "table_text": "rank#peak#country#island#elevation (m)#prominence (m)#col (m)\n1#puncak jaya (carstensz pyramid)#indonesia#new guinea#4884#4884#0\n2#mount arfak#indonesia#new guinea#2940#2761#179\n3#puncak mandala#indonesia#new guinea#4760#2760#2000\n4#mount kobowre#indonesia#new guinea#3750#2217#1533\n5#mount gauttier#indonesia#new guinea#2230#2007#223\n6#mount wondiwoi#indonesia#new guinea#2180#1985#195\n7#bon irau#indonesia#new guinea#2500#1900#600\n8#mount cycloop#indonesia#new guinea#2000#1876#124\n9#undundi - wandandi#indonesia#new guinea#3640#1740#1900\n10#mount kumawa#indonesia#new guinea#1680#1636#44\n11#angemuk#indonesia#new guinea#3949#1565#2384\n",
        "pandas_code": "df[(df['peak'] == 'mount gauttier') & (df['island'] == 'new guinea') & (df['elevation (m)'] == 2180)].any().any()",
        "pandas_eval": "False"
    },
    {
        "id": 83310,
        "statement": "the peak mount kobowre have an elevation of 3750 meter and a prominence of over 2300 meter",
        "label": 0,
        "table_caption": "list of ultras of oceania",
        "table_text": "rank#peak#country#island#elevation (m)#prominence (m)#col (m)\n1#puncak jaya (carstensz pyramid)#indonesia#new guinea#4884#4884#0\n2#mount arfak#indonesia#new guinea#2940#2761#179\n3#puncak mandala#indonesia#new guinea#4760#2760#2000\n4#mount kobowre#indonesia#new guinea#3750#2217#1533\n5#mount gauttier#indonesia#new guinea#2230#2007#223\n6#mount wondiwoi#indonesia#new guinea#2180#1985#195\n7#bon irau#indonesia#new guinea#2500#1900#600\n8#mount cycloop#indonesia#new guinea#2000#1876#124\n9#undundi - wandandi#indonesia#new guinea#3640#1740#1900\n10#mount kumawa#indonesia#new guinea#1680#1636#44\n11#angemuk#indonesia#new guinea#3949#1565#2384\n",
        "pandas_code": "((df['peak'] == 'mount kobowre') & (df['elevation (m)'] == 3750) & (df['prominence (m)'] > 2300)).any()",
        "pandas_eval": "False"
    },
    {
        "id": 83311,
        "statement": "the peak of mount kumawa in indonesia have a higher elevation than mount cycloop , also in indonesia",
        "label": 0,
        "table_caption": "list of ultras of oceania",
        "table_text": "rank#peak#country#island#elevation (m)#prominence (m)#col (m)\n1#puncak jaya (carstensz pyramid)#indonesia#new guinea#4884#4884#0\n2#mount arfak#indonesia#new guinea#2940#2761#179\n3#puncak mandala#indonesia#new guinea#4760#2760#2000\n4#mount kobowre#indonesia#new guinea#3750#2217#1533\n5#mount gauttier#indonesia#new guinea#2230#2007#223\n6#mount wondiwoi#indonesia#new guinea#2180#1985#195\n7#bon irau#indonesia#new guinea#2500#1900#600\n8#mount cycloop#indonesia#new guinea#2000#1876#124\n9#undundi - wandandi#indonesia#new guinea#3640#1740#1900\n10#mount kumawa#indonesia#new guinea#1680#1636#44\n11#angemuk#indonesia#new guinea#3949#1565#2384\n",
        "pandas_code": "df.loc[df['peak'] == 'mount kumawa', 'elevation (m)'].values[0] > df.loc[df['peak'] == 'mount cycloop', 'elevation (m)'].values[0]",
        "pandas_eval": "False"
    },
    {
        "id": 83312,
        "statement": "out of 11 peak , 3 have an elevation (m) of 4000 or more",
        "label": 0,
        "table_caption": "list of ultras of oceania",
        "table_text": "rank#peak#country#island#elevation (m)#prominence (m)#col (m)\n1#puncak jaya (carstensz pyramid)#indonesia#new guinea#4884#4884#0\n2#mount arfak#indonesia#new guinea#2940#2761#179\n3#puncak mandala#indonesia#new guinea#4760#2760#2000\n4#mount kobowre#indonesia#new guinea#3750#2217#1533\n5#mount gauttier#indonesia#new guinea#2230#2007#223\n6#mount wondiwoi#indonesia#new guinea#2180#1985#195\n7#bon irau#indonesia#new guinea#2500#1900#600\n8#mount cycloop#indonesia#new guinea#2000#1876#124\n9#undundi - wandandi#indonesia#new guinea#3640#1740#1900\n10#mount kumawa#indonesia#new guinea#1680#1636#44\n11#angemuk#indonesia#new guinea#3949#1565#2384\n",
        "pandas_code": "(df['elevation (m)'] >= 4000).sum() == 3",
        "pandas_eval": "False"
    },
    {
        "id": 83313,
        "statement": "the peak of mount wondiwoi have a higher elevation than mount arfak",
        "label": 0,
        "table_caption": "list of ultras of oceania",
        "table_text": "rank#peak#country#island#elevation (m)#prominence (m)#col (m)\n1#puncak jaya (carstensz pyramid)#indonesia#new guinea#4884#4884#0\n2#mount arfak#indonesia#new guinea#2940#2761#179\n3#puncak mandala#indonesia#new guinea#4760#2760#2000\n4#mount kobowre#indonesia#new guinea#3750#2217#1533\n5#mount gauttier#indonesia#new guinea#2230#2007#223\n6#mount wondiwoi#indonesia#new guinea#2180#1985#195\n7#bon irau#indonesia#new guinea#2500#1900#600\n8#mount cycloop#indonesia#new guinea#2000#1876#124\n9#undundi - wandandi#indonesia#new guinea#3640#1740#1900\n10#mount kumawa#indonesia#new guinea#1680#1636#44\n11#angemuk#indonesia#new guinea#3949#1565#2384\n",
        "pandas_code": "df[df['peak'] == 'mount wondiwoi']['elevation (m)'].values[0] > df[df['peak'] == 'mount arfak']['elevation (m)'].values[0]",
        "pandas_eval": "False"
    }
]