[
    {
        "id": 28603,
        "statement": "when team 1 be sparta prague with an agg of 1 - 3 the team 2 be panathinaikos with a 1st leg of 1 - 2",
        "label": 1,
        "table_caption": "2008 - 09 uefa champions league",
        "table_text": "team 1#agg#team 2#1st leg#2nd leg\nanorthosis#3 - 1#olympiacos#3 - 0#0 - 1\nvitória guimarães#1 - 2#basel#0 - 0#1 - 2\nshakhtar donetsk#5 - 1#dinamo zagreb#2 - 0#3 - 1\nschalke 04#1 - 4#atlético madrid#1 - 0#0 - 4\naalborg bk#4 - 0#kaunas#2 - 0#2 - 0\nbarcelona#4 - 1#wisła kraków#4 - 0#0 - 1\nlevski sofia#1 - 2#bate borisov#0 - 1#1 - 1\nstandard liège#0 - 1#liverpool#0 - 0#0 - 1 ( aet )\npartizan#3 - 4#fenerbahçe#2 - 2#1 - 2\ntwente#0 - 6#arsenal#0 - 2#0 - 4\nspartak moscow#2 - 8#dynamo kyiv#1 - 4#1 - 4\njuventus#5 - 1#artmedia petržalka#4 - 0#1 - 1\nbrann#1 - 3#marseille#0 - 1#1 - 2\nfiorentina#2 - 0#slavia prague#2 - 0#0 - 0\ngalatasaray#2 - 3#steaua bucureşti#2 - 2#0 - 1\nsparta prague#1 - 3#panathinaikos#1 - 2#0 - 1\n",
        "pandas_code": "((df['team 1'] == 'sparta prague') & (df['agg'] == '1 - 3') & (df['team 2'] == 'panathinaikos') & (df['1st leg'] == '1 - 2')).any()",
        "pandas_eval": "True"
    },
    {
        "id": 28604,
        "statement": "when the 2nd leg be 0 - 1 with the team steaua bucureşti the 1st leg be 2 - 2",
        "label": 1,
        "table_caption": "2008 - 09 uefa champions league",
        "table_text": "team 1#agg#team 2#1st leg#2nd leg\nanorthosis#3 - 1#olympiacos#3 - 0#0 - 1\nvitória guimarães#1 - 2#basel#0 - 0#1 - 2\nshakhtar donetsk#5 - 1#dinamo zagreb#2 - 0#3 - 1\nschalke 04#1 - 4#atlético madrid#1 - 0#0 - 4\naalborg bk#4 - 0#kaunas#2 - 0#2 - 0\nbarcelona#4 - 1#wisła kraków#4 - 0#0 - 1\nlevski sofia#1 - 2#bate borisov#0 - 1#1 - 1\nstandard liège#0 - 1#liverpool#0 - 0#0 - 1 ( aet )\npartizan#3 - 4#fenerbahçe#2 - 2#1 - 2\ntwente#0 - 6#arsenal#0 - 2#0 - 4\nspartak moscow#2 - 8#dynamo kyiv#1 - 4#1 - 4\njuventus#5 - 1#artmedia petržalka#4 - 0#1 - 1\nbrann#1 - 3#marseille#0 - 1#1 - 2\nfiorentina#2 - 0#slavia prague#2 - 0#0 - 0\ngalatasaray#2 - 3#steaua bucureşti#2 - 2#0 - 1\nsparta prague#1 - 3#panathinaikos#1 - 2#0 - 1\n",
        "pandas_code": "df[(df['2nd leg'] == '0 - 1') & (df['team 2'] == 'steaua bucureşti') & (df['1st leg'] == '2 - 2')].shape[0] == 1",
        "pandas_eval": "True"
    },
    {
        "id": 28605,
        "statement": "the highest agg be 2 - 8 with spartak moscow as the team while the lowest be 0 - 1 with the team be standard liège",
        "label": 1,
        "table_caption": "2008 - 09 uefa champions league",
        "table_text": "team 1#agg#team 2#1st leg#2nd leg\nanorthosis#3 - 1#olympiacos#3 - 0#0 - 1\nvitória guimarães#1 - 2#basel#0 - 0#1 - 2\nshakhtar donetsk#5 - 1#dinamo zagreb#2 - 0#3 - 1\nschalke 04#1 - 4#atlético madrid#1 - 0#0 - 4\naalborg bk#4 - 0#kaunas#2 - 0#2 - 0\nbarcelona#4 - 1#wisła kraków#4 - 0#0 - 1\nlevski sofia#1 - 2#bate borisov#0 - 1#1 - 1\nstandard liège#0 - 1#liverpool#0 - 0#0 - 1 ( aet )\npartizan#3 - 4#fenerbahçe#2 - 2#1 - 2\ntwente#0 - 6#arsenal#0 - 2#0 - 4\nspartak moscow#2 - 8#dynamo kyiv#1 - 4#1 - 4\njuventus#5 - 1#artmedia petržalka#4 - 0#1 - 1\nbrann#1 - 3#marseille#0 - 1#1 - 2\nfiorentina#2 - 0#slavia prague#2 - 0#0 - 0\ngalatasaray#2 - 3#steaua bucureşti#2 - 2#0 - 1\nsparta prague#1 - 3#panathinaikos#1 - 2#0 - 1\n",
        "pandas_code": "(df.loc[df['agg'] == '2 - 8', 'team 1'].values[0] == 'spartak moscow') & (df.loc[df['agg'] == '0 - 1', 'team 1'].values[0] == 'standard liège')",
        "pandas_eval": "True"
    },
    {
        "id": 28606,
        "statement": "when the agg be 2 - 0 the team 1 be fiorentina and when the agg be 1 - 3 the team 1 be brann",
        "label": 1,
        "table_caption": "2008 - 09 uefa champions league",
        "table_text": "team 1#agg#team 2#1st leg#2nd leg\nanorthosis#3 - 1#olympiacos#3 - 0#0 - 1\nvitória guimarães#1 - 2#basel#0 - 0#1 - 2\nshakhtar donetsk#5 - 1#dinamo zagreb#2 - 0#3 - 1\nschalke 04#1 - 4#atlético madrid#1 - 0#0 - 4\naalborg bk#4 - 0#kaunas#2 - 0#2 - 0\nbarcelona#4 - 1#wisła kraków#4 - 0#0 - 1\nlevski sofia#1 - 2#bate borisov#0 - 1#1 - 1\nstandard liège#0 - 1#liverpool#0 - 0#0 - 1 ( aet )\npartizan#3 - 4#fenerbahçe#2 - 2#1 - 2\ntwente#0 - 6#arsenal#0 - 2#0 - 4\nspartak moscow#2 - 8#dynamo kyiv#1 - 4#1 - 4\njuventus#5 - 1#artmedia petržalka#4 - 0#1 - 1\nbrann#1 - 3#marseille#0 - 1#1 - 2\nfiorentina#2 - 0#slavia prague#2 - 0#0 - 0\ngalatasaray#2 - 3#steaua bucureşti#2 - 2#0 - 1\nsparta prague#1 - 3#panathinaikos#1 - 2#0 - 1\n",
        "pandas_code": "(df[(df['agg'] == '2 - 0') & (df['team 1'] == 'fiorentina')].shape[0] > 0) & (df[(df['agg'] == '1 - 3') & (df['team 1'] == 'brann')].shape[0] > 0)",
        "pandas_eval": "True"
    },
    {
        "id": 28607,
        "statement": "partizan be the team 1 when the agg be 3 - 4 and fenerbahçe be the team 2 when the 1st leg be 2 - 2",
        "label": 1,
        "table_caption": "2008 - 09 uefa champions league",
        "table_text": "team 1#agg#team 2#1st leg#2nd leg\nanorthosis#3 - 1#olympiacos#3 - 0#0 - 1\nvitória guimarães#1 - 2#basel#0 - 0#1 - 2\nshakhtar donetsk#5 - 1#dinamo zagreb#2 - 0#3 - 1\nschalke 04#1 - 4#atlético madrid#1 - 0#0 - 4\naalborg bk#4 - 0#kaunas#2 - 0#2 - 0\nbarcelona#4 - 1#wisła kraków#4 - 0#0 - 1\nlevski sofia#1 - 2#bate borisov#0 - 1#1 - 1\nstandard liège#0 - 1#liverpool#0 - 0#0 - 1 ( aet )\npartizan#3 - 4#fenerbahçe#2 - 2#1 - 2\ntwente#0 - 6#arsenal#0 - 2#0 - 4\nspartak moscow#2 - 8#dynamo kyiv#1 - 4#1 - 4\njuventus#5 - 1#artmedia petržalka#4 - 0#1 - 1\nbrann#1 - 3#marseille#0 - 1#1 - 2\nfiorentina#2 - 0#slavia prague#2 - 0#0 - 0\ngalatasaray#2 - 3#steaua bucureşti#2 - 2#0 - 1\nsparta prague#1 - 3#panathinaikos#1 - 2#0 - 1\n",
        "pandas_code": "((df['team 1'] == 'partizan') & (df['agg'] == '3 - 4') & (df['team 2'] == 'fenerbahçe') & (df['1st leg'] == '2 - 2')).any()",
        "pandas_eval": "True"
    },
    {
        "id": 28608,
        "statement": "when team 1 be galatasaray with an agg of 1 - 3 the team 2 be panathinaikos with a 1st leg of 1 - 2",
        "label": 0,
        "table_caption": "2008 - 09 uefa champions league",
        "table_text": "team 1#agg#team 2#1st leg#2nd leg\nanorthosis#3 - 1#olympiacos#3 - 0#0 - 1\nvitória guimarães#1 - 2#basel#0 - 0#1 - 2\nshakhtar donetsk#5 - 1#dinamo zagreb#2 - 0#3 - 1\nschalke 04#1 - 4#atlético madrid#1 - 0#0 - 4\naalborg bk#4 - 0#kaunas#2 - 0#2 - 0\nbarcelona#4 - 1#wisła kraków#4 - 0#0 - 1\nlevski sofia#1 - 2#bate borisov#0 - 1#1 - 1\nstandard liège#0 - 1#liverpool#0 - 0#0 - 1 ( aet )\npartizan#3 - 4#fenerbahçe#2 - 2#1 - 2\ntwente#0 - 6#arsenal#0 - 2#0 - 4\nspartak moscow#2 - 8#dynamo kyiv#1 - 4#1 - 4\njuventus#5 - 1#artmedia petržalka#4 - 0#1 - 1\nbrann#1 - 3#marseille#0 - 1#1 - 2\nfiorentina#2 - 0#slavia prague#2 - 0#0 - 0\ngalatasaray#2 - 3#steaua bucureşti#2 - 2#0 - 1\nsparta prague#1 - 3#panathinaikos#1 - 2#0 - 1\n",
        "pandas_code": "((df['team 1'] == 'galatasaray') & (df['agg'] == '1 - 3') & (df['team 2'] == 'panathinaikos') & (df['1st leg'] == '1 - 2')).any()",
        "pandas_eval": "False"
    },
    {
        "id": 28609,
        "statement": "when the 2nd leg be 0 - 1 with the team steaua bucureşti the 1st leg be 4 - 0",
        "label": 0,
        "table_caption": "2008 - 09 uefa champions league",
        "table_text": "team 1#agg#team 2#1st leg#2nd leg\nanorthosis#3 - 1#olympiacos#3 - 0#0 - 1\nvitória guimarães#1 - 2#basel#0 - 0#1 - 2\nshakhtar donetsk#5 - 1#dinamo zagreb#2 - 0#3 - 1\nschalke 04#1 - 4#atlético madrid#1 - 0#0 - 4\naalborg bk#4 - 0#kaunas#2 - 0#2 - 0\nbarcelona#4 - 1#wisła kraków#4 - 0#0 - 1\nlevski sofia#1 - 2#bate borisov#0 - 1#1 - 1\nstandard liège#0 - 1#liverpool#0 - 0#0 - 1 ( aet )\npartizan#3 - 4#fenerbahçe#2 - 2#1 - 2\ntwente#0 - 6#arsenal#0 - 2#0 - 4\nspartak moscow#2 - 8#dynamo kyiv#1 - 4#1 - 4\njuventus#5 - 1#artmedia petržalka#4 - 0#1 - 1\nbrann#1 - 3#marseille#0 - 1#1 - 2\nfiorentina#2 - 0#slavia prague#2 - 0#0 - 0\ngalatasaray#2 - 3#steaua bucureşti#2 - 2#0 - 1\nsparta prague#1 - 3#panathinaikos#1 - 2#0 - 1\n",
        "pandas_code": "((df['2nd leg'] == '0 - 1') & (df['team 2'] == 'steaua bucureşti') & (df['1st leg'] == '4 - 0')).any()",
        "pandas_eval": "False"
    },
    {
        "id": 28610,
        "statement": "the highest agg be 2 - 8 with juventus as the team while the lowest be 0 - 1 with the team be standard liège",
        "label": 0,
        "table_caption": "2008 - 09 uefa champions league",
        "table_text": "team 1#agg#team 2#1st leg#2nd leg\nanorthosis#3 - 1#olympiacos#3 - 0#0 - 1\nvitória guimarães#1 - 2#basel#0 - 0#1 - 2\nshakhtar donetsk#5 - 1#dinamo zagreb#2 - 0#3 - 1\nschalke 04#1 - 4#atlético madrid#1 - 0#0 - 4\naalborg bk#4 - 0#kaunas#2 - 0#2 - 0\nbarcelona#4 - 1#wisła kraków#4 - 0#0 - 1\nlevski sofia#1 - 2#bate borisov#0 - 1#1 - 1\nstandard liège#0 - 1#liverpool#0 - 0#0 - 1 ( aet )\npartizan#3 - 4#fenerbahçe#2 - 2#1 - 2\ntwente#0 - 6#arsenal#0 - 2#0 - 4\nspartak moscow#2 - 8#dynamo kyiv#1 - 4#1 - 4\njuventus#5 - 1#artmedia petržalka#4 - 0#1 - 1\nbrann#1 - 3#marseille#0 - 1#1 - 2\nfiorentina#2 - 0#slavia prague#2 - 0#0 - 0\ngalatasaray#2 - 3#steaua bucureşti#2 - 2#0 - 1\nsparta prague#1 - 3#panathinaikos#1 - 2#0 - 1\n",
        "pandas_code": "(df.loc[df['agg'] == '2 - 8', 'team 1'].values[0] == 'juventus') & (df.loc[df['agg'] == '0 - 1', 'team 1'].values[0] == 'standard liège')",
        "pandas_eval": "False"
    },
    {
        "id": 28611,
        "statement": "when the agg be 2 - 0 the team 1 be sparta prague and when the agg be 1 - 3 the team 1 be brann",
        "label": 0,
        "table_caption": "2008 - 09 uefa champions league",
        "table_text": "team 1#agg#team 2#1st leg#2nd leg\nanorthosis#3 - 1#olympiacos#3 - 0#0 - 1\nvitória guimarães#1 - 2#basel#0 - 0#1 - 2\nshakhtar donetsk#5 - 1#dinamo zagreb#2 - 0#3 - 1\nschalke 04#1 - 4#atlético madrid#1 - 0#0 - 4\naalborg bk#4 - 0#kaunas#2 - 0#2 - 0\nbarcelona#4 - 1#wisła kraków#4 - 0#0 - 1\nlevski sofia#1 - 2#bate borisov#0 - 1#1 - 1\nstandard liège#0 - 1#liverpool#0 - 0#0 - 1 ( aet )\npartizan#3 - 4#fenerbahçe#2 - 2#1 - 2\ntwente#0 - 6#arsenal#0 - 2#0 - 4\nspartak moscow#2 - 8#dynamo kyiv#1 - 4#1 - 4\njuventus#5 - 1#artmedia petržalka#4 - 0#1 - 1\nbrann#1 - 3#marseille#0 - 1#1 - 2\nfiorentina#2 - 0#slavia prague#2 - 0#0 - 0\ngalatasaray#2 - 3#steaua bucureşti#2 - 2#0 - 1\nsparta prague#1 - 3#panathinaikos#1 - 2#0 - 1\n",
        "pandas_code": "(df[(df['agg'] == '2 - 0') & (df['team 1'] == 'sparta prague')].empty == False) & (df[(df['agg'] == '1 - 3') & (df['team 1'] == 'brann')].empty == False)",
        "pandas_eval": "False"
    },
    {
        "id": 28612,
        "statement": "sparta prague be the team 1 when the agg be 3 - 4 and fenerbahçe be the team 2 when the 1st leg be 2 - 2",
        "label": 0,
        "table_caption": "2008 - 09 uefa champions league",
        "table_text": "team 1#agg#team 2#1st leg#2nd leg\nanorthosis#3 - 1#olympiacos#3 - 0#0 - 1\nvitória guimarães#1 - 2#basel#0 - 0#1 - 2\nshakhtar donetsk#5 - 1#dinamo zagreb#2 - 0#3 - 1\nschalke 04#1 - 4#atlético madrid#1 - 0#0 - 4\naalborg bk#4 - 0#kaunas#2 - 0#2 - 0\nbarcelona#4 - 1#wisła kraków#4 - 0#0 - 1\nlevski sofia#1 - 2#bate borisov#0 - 1#1 - 1\nstandard liège#0 - 1#liverpool#0 - 0#0 - 1 ( aet )\npartizan#3 - 4#fenerbahçe#2 - 2#1 - 2\ntwente#0 - 6#arsenal#0 - 2#0 - 4\nspartak moscow#2 - 8#dynamo kyiv#1 - 4#1 - 4\njuventus#5 - 1#artmedia petržalka#4 - 0#1 - 1\nbrann#1 - 3#marseille#0 - 1#1 - 2\nfiorentina#2 - 0#slavia prague#2 - 0#0 - 0\ngalatasaray#2 - 3#steaua bucureşti#2 - 2#0 - 1\nsparta prague#1 - 3#panathinaikos#1 - 2#0 - 1\n",
        "pandas_code": "((df['team 1'] == 'sparta prague') & (df['agg'] == '3 - 4') & (df['team 2'] == 'fenerbahçe') & (df['1st leg'] == '2 - 2')).any()",
        "pandas_eval": "False"
    },
    {
        "id": 37745,
        "statement": "the largest margin of victory be 12 - 1 by bayern munich over sport cp",
        "label": 1,
        "table_caption": "2008 - 09 uefa champions league",
        "table_text": "team 1#agg#team 2#1st leg#2nd leg\nchelsea#3 - 2#juventus#1 - 0#2 - 2\nvillarreal#3 - 2#panathinaikos#1 - 1#2 - 1\nsporting cp#1 - 12#bayern munich#0 - 5#1 - 7\natlético madrid#2 - 2 ( a )#porto#2 - 2#0 - 0\nlyon#3 - 6#barcelona#1 - 1#2 - 5\nreal madrid#0 - 5#liverpool#0 - 1#0 - 4\narsenal#1 - 1 (7 - 6 p )#roma#1 - 0#0 - 1 ( aet )\ninternazionale#0 - 2#manchester united#0 - 0#0 - 2\n",
        "pandas_code": "df.loc[df['team 2'] == 'bayern munich', 'agg'].str.contains('1 - 12').any()",
        "pandas_eval": "True"
    },
    {
        "id": 37746,
        "statement": "the biggest single game margin be 7 - 1 by bayern munich over sport cp",
        "label": 1,
        "table_caption": "2008 - 09 uefa champions league",
        "table_text": "team 1#agg#team 2#1st leg#2nd leg\nchelsea#3 - 2#juventus#1 - 0#2 - 2\nvillarreal#3 - 2#panathinaikos#1 - 1#2 - 1\nsporting cp#1 - 12#bayern munich#0 - 5#1 - 7\natlético madrid#2 - 2 ( a )#porto#2 - 2#0 - 0\nlyon#3 - 6#barcelona#1 - 1#2 - 5\nreal madrid#0 - 5#liverpool#0 - 1#0 - 4\narsenal#1 - 1 (7 - 6 p )#roma#1 - 0#0 - 1 ( aet )\ninternazionale#0 - 2#manchester united#0 - 0#0 - 2\n",
        "pandas_code": "any(df['2nd leg'].str.contains('1 - 7') & (df['team 2'] == 'bayern munich') & (df['team 1'] == 'sporting cp'))",
        "pandas_eval": "True"
    },
    {
        "id": 37747,
        "statement": "the only match up that go to penalty be arsenal v rom",
        "label": 1,
        "table_caption": "2008 - 09 uefa champions league",
        "table_text": "team 1#agg#team 2#1st leg#2nd leg\nchelsea#3 - 2#juventus#1 - 0#2 - 2\nvillarreal#3 - 2#panathinaikos#1 - 1#2 - 1\nsporting cp#1 - 12#bayern munich#0 - 5#1 - 7\natlético madrid#2 - 2 ( a )#porto#2 - 2#0 - 0\nlyon#3 - 6#barcelona#1 - 1#2 - 5\nreal madrid#0 - 5#liverpool#0 - 1#0 - 4\narsenal#1 - 1 (7 - 6 p )#roma#1 - 0#0 - 1 ( aet )\ninternazionale#0 - 2#manchester united#0 - 0#0 - 2\n",
        "pandas_code": "len(df[(df['team 1'] == 'arsenal') & (df['team 2'] == 'roma') & (df['agg'].str.contains('p'))]) == 1",
        "pandas_eval": "True"
    },
    {
        "id": 37748,
        "statement": "real madrid and internazionale be the only team to not score a goal in either leg",
        "label": 1,
        "table_caption": "2008 - 09 uefa champions league",
        "table_text": "team 1#agg#team 2#1st leg#2nd leg\nchelsea#3 - 2#juventus#1 - 0#2 - 2\nvillarreal#3 - 2#panathinaikos#1 - 1#2 - 1\nsporting cp#1 - 12#bayern munich#0 - 5#1 - 7\natlético madrid#2 - 2 ( a )#porto#2 - 2#0 - 0\nlyon#3 - 6#barcelona#1 - 1#2 - 5\nreal madrid#0 - 5#liverpool#0 - 1#0 - 4\narsenal#1 - 1 (7 - 6 p )#roma#1 - 0#0 - 1 ( aet )\ninternazionale#0 - 2#manchester united#0 - 0#0 - 2\n",
        "pandas_code": "all(df.loc[df['team 1'].isin(['real madrid', 'internazionale']), 'agg'].str.contains('0 -')) and not any(df.loc[~df['team 1'].isin(['real madrid', 'internazionale']), 'agg'].str.contains('0 -'))",
        "pandas_eval": "True"
    },
    {
        "id": 37749,
        "statement": "arsenal v rom be the only match up where each team win 1 game",
        "label": 1,
        "table_caption": "2008 - 09 uefa champions league",
        "table_text": "team 1#agg#team 2#1st leg#2nd leg\nchelsea#3 - 2#juventus#1 - 0#2 - 2\nvillarreal#3 - 2#panathinaikos#1 - 1#2 - 1\nsporting cp#1 - 12#bayern munich#0 - 5#1 - 7\natlético madrid#2 - 2 ( a )#porto#2 - 2#0 - 0\nlyon#3 - 6#barcelona#1 - 1#2 - 5\nreal madrid#0 - 5#liverpool#0 - 1#0 - 4\narsenal#1 - 1 (7 - 6 p )#roma#1 - 0#0 - 1 ( aet )\ninternazionale#0 - 2#manchester united#0 - 0#0 - 2\n",
        "pandas_code": "len(df[(df['team 1'] == 'arsenal') & (df['team 2'] == 'roma') & (df['1st leg'].str.contains('1 - 0')) & (df['2nd leg'].str.contains('0 - 1'))]) == 1",
        "pandas_eval": "True"
    },
    {
        "id": 37751,
        "statement": "the smallest single game margin be 7 - 1 by bayern munich over sport cp",
        "label": 0,
        "table_caption": "2008 - 09 uefa champions league",
        "table_text": "team 1#agg#team 2#1st leg#2nd leg\nchelsea#3 - 2#juventus#1 - 0#2 - 2\nvillarreal#3 - 2#panathinaikos#1 - 1#2 - 1\nsporting cp#1 - 12#bayern munich#0 - 5#1 - 7\natlético madrid#2 - 2 ( a )#porto#2 - 2#0 - 0\nlyon#3 - 6#barcelona#1 - 1#2 - 5\nreal madrid#0 - 5#liverpool#0 - 1#0 - 4\narsenal#1 - 1 (7 - 6 p )#roma#1 - 0#0 - 1 ( aet )\ninternazionale#0 - 2#manchester united#0 - 0#0 - 2\n",
        "pandas_code": "any(df['2nd leg'].str.contains('7 - 1') & (df['team 2'] == 'bayern munich') & (df['team 1'] == 'sporting cp'))",
        "pandas_eval": "False"
    },
    {
        "id": 37752,
        "statement": "the only match up that go to penalty be arsenal v liverpool",
        "label": 0,
        "table_caption": "2008 - 09 uefa champions league",
        "table_text": "team 1#agg#team 2#1st leg#2nd leg\nchelsea#3 - 2#juventus#1 - 0#2 - 2\nvillarreal#3 - 2#panathinaikos#1 - 1#2 - 1\nsporting cp#1 - 12#bayern munich#0 - 5#1 - 7\natlético madrid#2 - 2 ( a )#porto#2 - 2#0 - 0\nlyon#3 - 6#barcelona#1 - 1#2 - 5\nreal madrid#0 - 5#liverpool#0 - 1#0 - 4\narsenal#1 - 1 (7 - 6 p )#roma#1 - 0#0 - 1 ( aet )\ninternazionale#0 - 2#manchester united#0 - 0#0 - 2\n",
        "pandas_code": "df[df['team 1'].eq('arsenal') & df['team 2'].eq('liverpool') & df['agg'].str.contains('p')].shape[0] == 1",
        "pandas_eval": "False"
    },
    {
        "id": 37753,
        "statement": "real madrid and internazionale be the only team to score a goal in either leg",
        "label": 0,
        "table_caption": "2008 - 09 uefa champions league",
        "table_text": "team 1#agg#team 2#1st leg#2nd leg\nchelsea#3 - 2#juventus#1 - 0#2 - 2\nvillarreal#3 - 2#panathinaikos#1 - 1#2 - 1\nsporting cp#1 - 12#bayern munich#0 - 5#1 - 7\natlético madrid#2 - 2 ( a )#porto#2 - 2#0 - 0\nlyon#3 - 6#barcelona#1 - 1#2 - 5\nreal madrid#0 - 5#liverpool#0 - 1#0 - 4\narsenal#1 - 1 (7 - 6 p )#roma#1 - 0#0 - 1 ( aet )\ninternazionale#0 - 2#manchester united#0 - 0#0 - 2\n",
        "pandas_code": "all(df[~df['team 1'].isin(['real madrid', 'internazionale']) & ~df['team 2'].isin(['real madrid', 'internazionale'])]['1st leg'].str.contains('0 - 0') & df[~df['team 1'].isin(['real madrid', 'internazionale']) & ~df['team 2'].isin(['real madrid', 'internazionale'])]['2nd leg'].str.contains('0 - 0'))",
        "pandas_eval": "False"
    },
    {
        "id": 37754,
        "statement": "arsenal v rom be the only match up where each team do not win the game",
        "label": 0,
        "table_caption": "2008 - 09 uefa champions league",
        "table_text": "team 1#agg#team 2#1st leg#2nd leg\nchelsea#3 - 2#juventus#1 - 0#2 - 2\nvillarreal#3 - 2#panathinaikos#1 - 1#2 - 1\nsporting cp#1 - 12#bayern munich#0 - 5#1 - 7\natlético madrid#2 - 2 ( a )#porto#2 - 2#0 - 0\nlyon#3 - 6#barcelona#1 - 1#2 - 5\nreal madrid#0 - 5#liverpool#0 - 1#0 - 4\narsenal#1 - 1 (7 - 6 p )#roma#1 - 0#0 - 1 ( aet )\ninternazionale#0 - 2#manchester united#0 - 0#0 - 2\n",
        "pandas_code": "((df['team 1'] == 'arsenal') & (df['team 2'] == 'roma') & (df['1st leg'] != '1 - 0') & (df['2nd leg'] != '0 - 1')).any()",
        "pandas_eval": "False"
    },
    {
        "id": 70419,
        "statement": "artmedia petržalka be team 2 when valletta be team 1",
        "label": 1,
        "table_caption": "2008 - 09 uefa champions league",
        "table_text": "team 1#agg#team 2#1st leg#2nd leg\nlinfield#1 - 3#dinamo zagreb#0 - 2#1 - 1\nvalletta#0 - 3#artmedia petržalka#0 - 2#0 - 1\ndinamo tbilisi#3 - 1#nsí runavík#3 - 0#0 - 1\nfc santa coloma#2 - 7#kaunas#1 - 4#1 - 3\nmurata#0 - 9#ifk göteborg#0 - 5#0 - 4\nllanelli#1 - 4#ventspils#1 - 0#0 - 4\nanorthosis#3 - 0#pyunik yerevan#1 - 0#2 - 0\ninter baku#1 - 1 ( a )#rabotnički#0 - 0#1 - 1\ntampere united#3 - 2#budućnost#2 - 1#1 - 1\nf91 dudelange#0 - 3#domžale#0 - 1#0 - 2\ndinamo tirana#1 - 4#modriča#0 - 2#1 - 2\naktobe#1 - 4#sheriff tiraspol#1 - 0#0 - 4\ndrogheda united#3 - 1#levadia#2 - 1#1 - 0\nbate borisov#3 - 0#valur#2 - 0#1 - 0\n",
        "pandas_code": "df[(df['team 1'] == 'valletta') & (df['team 2'] == 'artmedia petržalka')].shape[0] > 0",
        "pandas_eval": "True"
    }
]