[
    {
        "id": 31128,
        "statement": "assyriska ff have the same first season as 3 other club",
        "label": 1,
        "table_caption": "superettan",
        "table_text": "club#position in 2013#first season#first season of current spell#number of seasons in superettan#number of seasons in second tier\nassyriska ff#8th#2000#2008#12#17\ndegerfors if#4th#2005#2010#8#35\ngais#7th#2001#2013#4#29\nhammarby if#5th#2010#2010#4#36.5\nhusqvarna ff#1st in div 1 södra#2014#2014#0#1\njönköpings södra#11th#2006#2006#8#35\nlandskrona bois#12th#2000#2006#10#51\nljungskile sk#9th#2000#2009#9#14\nik sirius#1st in div 1 norra#2007#2014#3#23\nsyrianska fc#16th in allsvenskan#2009#2014#2#2\nängelholms ff#6th#2002#2008#7#11\nösters if#15th in allsvenskan#2000#2014#9#19\n",
        "pandas_code": "df[df['first season'] == df.loc[df['club'] == 'assyriska ff', 'first season'].values[0]].shape[0] == 4",
        "pandas_eval": "True"
    },
    {
        "id": 31129,
        "statement": "husqvarna ff be the only club with 0 number of season in superettan",
        "label": 1,
        "table_caption": "superettan",
        "table_text": "club#position in 2013#first season#first season of current spell#number of seasons in superettan#number of seasons in second tier\nassyriska ff#8th#2000#2008#12#17\ndegerfors if#4th#2005#2010#8#35\ngais#7th#2001#2013#4#29\nhammarby if#5th#2010#2010#4#36.5\nhusqvarna ff#1st in div 1 södra#2014#2014#0#1\njönköpings södra#11th#2006#2006#8#35\nlandskrona bois#12th#2000#2006#10#51\nljungskile sk#9th#2000#2009#9#14\nik sirius#1st in div 1 norra#2007#2014#3#23\nsyrianska fc#16th in allsvenskan#2009#2014#2#2\nängelholms ff#6th#2002#2008#7#11\nösters if#15th in allsvenskan#2000#2014#9#19\n",
        "pandas_code": "len(df[df['number of seasons in superettan'] == 0]) == 1 and df[df['number of seasons in superettan'] == 0]['club'].iloc[0] == 'husqvarna ff'",
        "pandas_eval": "True"
    },
    {
        "id": 31130,
        "statement": "ängelholms ff have 6 more season in second tier than assyriska ff",
        "label": 1,
        "table_caption": "superettan",
        "table_text": "club#position in 2013#first season#first season of current spell#number of seasons in superettan#number of seasons in second tier\nassyriska ff#8th#2000#2008#12#17\ndegerfors if#4th#2005#2010#8#35\ngais#7th#2001#2013#4#29\nhammarby if#5th#2010#2010#4#36.5\nhusqvarna ff#1st in div 1 södra#2014#2014#0#1\njönköpings södra#11th#2006#2006#8#35\nlandskrona bois#12th#2000#2006#10#51\nljungskile sk#9th#2000#2009#9#14\nik sirius#1st in div 1 norra#2007#2014#3#23\nsyrianska fc#16th in allsvenskan#2009#2014#2#2\nängelholms ff#6th#2002#2008#7#11\nösters if#15th in allsvenskan#2000#2014#9#19\n",
        "pandas_code": "abs(df.loc[df['club'] == 'ängelholms ff', 'number of seasons in second tier'].values[0] - df.loc[df['club'] == 'assyriska ff', 'number of seasons in second tier'].values[0]) == 6",
        "pandas_eval": "True"
    },
    {
        "id": 31131,
        "statement": "gais and hammarby if spend the same number of season in superettan",
        "label": 1,
        "table_caption": "superettan",
        "table_text": "club#position in 2013#first season#first season of current spell#number of seasons in superettan#number of seasons in second tier\nassyriska ff#8th#2000#2008#12#17\ndegerfors if#4th#2005#2010#8#35\ngais#7th#2001#2013#4#29\nhammarby if#5th#2010#2010#4#36.5\nhusqvarna ff#1st in div 1 södra#2014#2014#0#1\njönköpings södra#11th#2006#2006#8#35\nlandskrona bois#12th#2000#2006#10#51\nljungskile sk#9th#2000#2009#9#14\nik sirius#1st in div 1 norra#2007#2014#3#23\nsyrianska fc#16th in allsvenskan#2009#2014#2#2\nängelholms ff#6th#2002#2008#7#11\nösters if#15th in allsvenskan#2000#2014#9#19\n",
        "pandas_code": "df[df['club'].isin(['gais', 'hammarby if'])]['number of seasons in superettan'].nunique() == 1",
        "pandas_eval": "True"
    },
    {
        "id": 31132,
        "statement": "there be 4 club with the first season of current spell in 2014",
        "label": 1,
        "table_caption": "superettan",
        "table_text": "club#position in 2013#first season#first season of current spell#number of seasons in superettan#number of seasons in second tier\nassyriska ff#8th#2000#2008#12#17\ndegerfors if#4th#2005#2010#8#35\ngais#7th#2001#2013#4#29\nhammarby if#5th#2010#2010#4#36.5\nhusqvarna ff#1st in div 1 södra#2014#2014#0#1\njönköpings södra#11th#2006#2006#8#35\nlandskrona bois#12th#2000#2006#10#51\nljungskile sk#9th#2000#2009#9#14\nik sirius#1st in div 1 norra#2007#2014#3#23\nsyrianska fc#16th in allsvenskan#2009#2014#2#2\nängelholms ff#6th#2002#2008#7#11\nösters if#15th in allsvenskan#2000#2014#9#19\n",
        "pandas_code": "(df['first season of current spell'] == 2014).sum() == 4",
        "pandas_eval": "True"
    },
    {
        "id": 86934,
        "statement": "when the first season of current spell be 2014 and first season 2000 , the number of season in second tier be 19",
        "label": 1,
        "table_caption": "superettan",
        "table_text": "club#position in 2013#first season#first season of current spell#number of seasons in superettan#number of seasons in second tier\nassyriska ff#8th#2000#2008#12#17\ndegerfors if#4th#2005#2010#8#35\ngais#7th#2001#2013#4#29\nhammarby if#5th#2010#2010#4#36.5\nhusqvarna ff#1st in div 1 södra#2014#2014#0#1\njönköpings södra#11th#2006#2006#8#35\nlandskrona bois#12th#2000#2006#10#51\nljungskile sk#9th#2000#2009#9#14\nik sirius#1st in div 1 norra#2007#2014#3#23\nsyrianska fc#16th in allsvenskan#2009#2014#2#2\nängelholms ff#6th#2002#2008#7#11\nösters if#15th in allsvenskan#2000#2014#9#19\nöstersunds fk#10th#2013#2013#1#1\n",
        "pandas_code": "df[(df['first season of current spell'] == 2014) & (df['first season'] == 2000)]['number of seasons in second tier'].eq(19).any()",
        "pandas_eval": "True"
    },
    {
        "id": 86935,
        "statement": "Östers if have 19 season in the second tier , it 's first season be air in 2000 , and the first season of current spell be air in 2014",
        "label": 1,
        "table_caption": "superettan",
        "table_text": "club#position in 2013#first season#first season of current spell#number of seasons in superettan#number of seasons in second tier\nassyriska ff#8th#2000#2008#12#17\ndegerfors if#4th#2005#2010#8#35\ngais#7th#2001#2013#4#29\nhammarby if#5th#2010#2010#4#36.5\nhusqvarna ff#1st in div 1 södra#2014#2014#0#1\njönköpings södra#11th#2006#2006#8#35\nlandskrona bois#12th#2000#2006#10#51\nljungskile sk#9th#2000#2009#9#14\nik sirius#1st in div 1 norra#2007#2014#3#23\nsyrianska fc#16th in allsvenskan#2009#2014#2#2\nängelholms ff#6th#2002#2008#7#11\nösters if#15th in allsvenskan#2000#2014#9#19\nöstersunds fk#10th#2013#2013#1#1\n",
        "pandas_code": "(df[df['club'] == 'östers if']['number of seasons in second tier'].values[0] == 19) & (df[df['club'] == 'östers if']['first season'].values[0] == 2000) & (df[df['club'] == 'östers if']['first season of current spell'].values[0] == 2014)",
        "pandas_eval": "True"
    },
    {
        "id": 86936,
        "statement": "2015.0 first season of current spell be the lowest on that have a first season larger than 2005 , and a number of season in superettan smaller than 10 , and a club of syrianska fc",
        "label": 0,
        "table_caption": "superettan",
        "table_text": "club#position in 2013#first season#first season of current spell#number of seasons in superettan#number of seasons in second tier\nassyriska ff#8th#2000#2008#12#17\ndegerfors if#4th#2005#2010#8#35\ngais#7th#2001#2013#4#29\nhammarby if#5th#2010#2010#4#36.5\nhusqvarna ff#1st in div 1 södra#2014#2014#0#1\njönköpings södra#11th#2006#2006#8#35\nlandskrona bois#12th#2000#2006#10#51\nljungskile sk#9th#2000#2009#9#14\nik sirius#1st in div 1 norra#2007#2014#3#23\nsyrianska fc#16th in allsvenskan#2009#2014#2#2\nängelholms ff#6th#2002#2008#7#11\nösters if#15th in allsvenskan#2000#2014#9#19\nöstersunds fk#10th#2013#2013#1#1\n",
        "pandas_code": "(df[(df['first season'] > 2005) & (df['number of seasons in superettan'] < 10)]['first season of current spell'].min() == 2015.0) & (df[df['club'] == 'syrianska fc']['first season of current spell'].values[0] == 2015.0)",
        "pandas_eval": "False"
    },
    {
        "id": 86937,
        "statement": "19.0 number of seaons in second tier have a first season of 2000 , and a first season of current spel of 2016",
        "label": 0,
        "table_caption": "superettan",
        "table_text": "club#position in 2013#first season#first season of current spell#number of seasons in superettan#number of seasons in second tier\nassyriska ff#8th#2000#2008#12#17\ndegerfors if#4th#2005#2010#8#35\ngais#7th#2001#2013#4#29\nhammarby if#5th#2010#2010#4#36.5\nhusqvarna ff#1st in div 1 södra#2014#2014#0#1\njönköpings södra#11th#2006#2006#8#35\nlandskrona bois#12th#2000#2006#10#51\nljungskile sk#9th#2000#2009#9#14\nik sirius#1st in div 1 norra#2007#2014#3#23\nsyrianska fc#16th in allsvenskan#2009#2014#2#2\nängelholms ff#6th#2002#2008#7#11\nösters if#15th in allsvenskan#2000#2014#9#19\nöstersunds fk#10th#2013#2013#1#1\n",
        "pandas_code": "((df['number of seasons in second tier'] == 19.0) & (df['first season'] == 2000) & (df['first season of current spell'] == 2016)).any()",
        "pandas_eval": "False"
    },
    {
        "id": 86938,
        "statement": "gais be in 8th position with 2013 as the first season of current spell",
        "label": 0,
        "table_caption": "superettan",
        "table_text": "club#position in 2013#first season#first season of current spell#number of seasons in superettan#number of seasons in second tier\nassyriska ff#8th#2000#2008#12#17\ndegerfors if#4th#2005#2010#8#35\ngais#7th#2001#2013#4#29\nhammarby if#5th#2010#2010#4#36.5\nhusqvarna ff#1st in div 1 södra#2014#2014#0#1\njönköpings södra#11th#2006#2006#8#35\nlandskrona bois#12th#2000#2006#10#51\nljungskile sk#9th#2000#2009#9#14\nik sirius#1st in div 1 norra#2007#2014#3#23\nsyrianska fc#16th in allsvenskan#2009#2014#2#2\nängelholms ff#6th#2002#2008#7#11\nösters if#15th in allsvenskan#2000#2014#9#19\nöstersunds fk#10th#2013#2013#1#1\n",
        "pandas_code": "((df['club'] == 'gais') & (df['position in 2013'] == '8th') & (df['first season of current spell'] == 2013)).any()",
        "pandas_eval": "False"
    },
    {
        "id": 86939,
        "statement": "there be 19.0 number of club in second tier have a first season of 2000 , and a first season of current spell of 2014",
        "label": 0,
        "table_caption": "superettan",
        "table_text": "club#position in 2013#first season#first season of current spell#number of seasons in superettan#number of seasons in second tier\nassyriska ff#8th#2000#2008#12#17\ndegerfors if#4th#2005#2010#8#35\ngais#7th#2001#2013#4#29\nhammarby if#5th#2010#2010#4#36.5\nhusqvarna ff#1st in div 1 södra#2014#2014#0#1\njönköpings södra#11th#2006#2006#8#35\nlandskrona bois#12th#2000#2006#10#51\nljungskile sk#9th#2000#2009#9#14\nik sirius#1st in div 1 norra#2007#2014#3#23\nsyrianska fc#16th in allsvenskan#2009#2014#2#2\nängelholms ff#6th#2002#2008#7#11\nösters if#15th in allsvenskan#2000#2014#9#19\nöstersunds fk#10th#2013#2013#1#1\n",
        "pandas_code": "(len(df[(df['first season'] == 2000) & (df['first season of current spell'] == 2014)]) == 19.0)",
        "pandas_eval": "False"
    }
]