[
    {
        "id": 33535,
        "statement": "the m2 m russian open have the largest margin of victory",
        "label": 1,
        "table_caption": "michael hoey (golfer)",
        "table_text": "date#tournament#winning score#margin of victory#runner (s) - up\n5 apr 2009#estoril open de portugal#- 7 (66 + 76 + 69 + 66 = 277)#playoff#gonzalo fernández - castaño\n22 may 2011#madeira islands open#- 10 (72 + 68 + 67 + 71 = 278)#2 strokes#chris gane , jamie elson\n2 oct 2011#alfred dunhill links championship#- 22 (66 + 66 + 66 + 68 = 266)#2 strokes#rory mcilroy\n25 mar 2012#trophée hassan ii#- 17 (74 + 67 + 65 + 65 = 271)#3 strokes#damien mcgrane\n28 jul 2013#m2 m russian open#- 16 (70 + 67 + 65 + 70 = 272)#4 strokes#alexandre kaleka , matthew nixon\n",
        "pandas_code": "int(df.loc[df['tournament'] == 'm2 m russian open', 'margin of victory'].iloc[0].split()[0]) == max(df['margin of victory'].apply(lambda x: int(x.split()[0]) if x != 'playoff' else 0))",
        "pandas_eval": "True"
    },
    {
        "id": 33536,
        "statement": "the estoril open de portugal have the smallest margin of victory",
        "label": 1,
        "table_caption": "michael hoey (golfer)",
        "table_text": "date#tournament#winning score#margin of victory#runner (s) - up\n5 apr 2009#estoril open de portugal#- 7 (66 + 76 + 69 + 66 = 277)#playoff#gonzalo fernández - castaño\n22 may 2011#madeira islands open#- 10 (72 + 68 + 67 + 71 = 278)#2 strokes#chris gane , jamie elson\n2 oct 2011#alfred dunhill links championship#- 22 (66 + 66 + 66 + 68 = 266)#2 strokes#rory mcilroy\n25 mar 2012#trophée hassan ii#- 17 (74 + 67 + 65 + 65 = 271)#3 strokes#damien mcgrane\n28 jul 2013#m2 m russian open#- 16 (70 + 67 + 65 + 70 = 272)#4 strokes#alexandre kaleka , matthew nixon\n",
        "pandas_code": "df.loc[df['tournament'] == 'estoril open de portugal', 'margin of victory'].iloc[0] == 'playoff'",
        "pandas_eval": "True"
    },
    {
        "id": 33538,
        "statement": "the most common margin of victory be 2 stroke",
        "label": 1,
        "table_caption": "michael hoey (golfer)",
        "table_text": "date#tournament#winning score#margin of victory#runner (s) - up\n5 apr 2009#estoril open de portugal#- 7 (66 + 76 + 69 + 66 = 277)#playoff#gonzalo fernández - castaño\n22 may 2011#madeira islands open#- 10 (72 + 68 + 67 + 71 = 278)#2 strokes#chris gane , jamie elson\n2 oct 2011#alfred dunhill links championship#- 22 (66 + 66 + 66 + 68 = 266)#2 strokes#rory mcilroy\n25 mar 2012#trophée hassan ii#- 17 (74 + 67 + 65 + 65 = 271)#3 strokes#damien mcgrane\n28 jul 2013#m2 m russian open#- 16 (70 + 67 + 65 + 70 = 272)#4 strokes#alexandre kaleka , matthew nixon\n",
        "pandas_code": "df['margin of victory'].value_counts().idxmax() == '2 strokes'",
        "pandas_eval": "True"
    },
    {
        "id": 33540,
        "statement": "the m2 m russian open have the smallest margin of victory",
        "label": 0,
        "table_caption": "michael hoey (golfer)",
        "table_text": "date#tournament#winning score#margin of victory#runner (s) - up\n5 apr 2009#estoril open de portugal#- 7 (66 + 76 + 69 + 66 = 277)#playoff#gonzalo fernández - castaño\n22 may 2011#madeira islands open#- 10 (72 + 68 + 67 + 71 = 278)#2 strokes#chris gane , jamie elson\n2 oct 2011#alfred dunhill links championship#- 22 (66 + 66 + 66 + 68 = 266)#2 strokes#rory mcilroy\n25 mar 2012#trophée hassan ii#- 17 (74 + 67 + 65 + 65 = 271)#3 strokes#damien mcgrane\n28 jul 2013#m2 m russian open#- 16 (70 + 67 + 65 + 70 = 272)#4 strokes#alexandre kaleka , matthew nixon\n",
        "pandas_code": "df.loc[df['tournament'] == 'm2 m russian open', 'margin of victory'].iloc[0] == min(df['margin of victory'].str.extract('(\\\\d+)', expand=False).dropna().astype(int).astype(str) + ' strokes')",
        "pandas_eval": "False"
    },
    {
        "id": 33541,
        "statement": "the estoril open de portugal have the largest margin of victory",
        "label": 0,
        "table_caption": "michael hoey (golfer)",
        "table_text": "date#tournament#winning score#margin of victory#runner (s) - up\n5 apr 2009#estoril open de portugal#- 7 (66 + 76 + 69 + 66 = 277)#playoff#gonzalo fernández - castaño\n22 may 2011#madeira islands open#- 10 (72 + 68 + 67 + 71 = 278)#2 strokes#chris gane , jamie elson\n2 oct 2011#alfred dunhill links championship#- 22 (66 + 66 + 66 + 68 = 266)#2 strokes#rory mcilroy\n25 mar 2012#trophée hassan ii#- 17 (74 + 67 + 65 + 65 = 271)#3 strokes#damien mcgrane\n28 jul 2013#m2 m russian open#- 16 (70 + 67 + 65 + 70 = 272)#4 strokes#alexandre kaleka , matthew nixon\n",
        "pandas_code": "df.loc[df['tournament'] == 'estoril open de portugal', 'margin of victory'].iloc[0] != df['margin of victory'].max()",
        "pandas_eval": "False"
    },
    {
        "id": 33542,
        "statement": "gonzalo fernández - castaño win the madeira islands open",
        "label": 0,
        "table_caption": "michael hoey (golfer)",
        "table_text": "date#tournament#winning score#margin of victory#runner (s) - up\n5 apr 2009#estoril open de portugal#- 7 (66 + 76 + 69 + 66 = 277)#playoff#gonzalo fernández - castaño\n22 may 2011#madeira islands open#- 10 (72 + 68 + 67 + 71 = 278)#2 strokes#chris gane , jamie elson\n2 oct 2011#alfred dunhill links championship#- 22 (66 + 66 + 66 + 68 = 266)#2 strokes#rory mcilroy\n25 mar 2012#trophée hassan ii#- 17 (74 + 67 + 65 + 65 = 271)#3 strokes#damien mcgrane\n28 jul 2013#m2 m russian open#- 16 (70 + 67 + 65 + 70 = 272)#4 strokes#alexandre kaleka , matthew nixon\n",
        "pandas_code": "not df[(df['runner (s) - up'].str.contains('gonzalo fernández - castaño')) & (df['tournament'] == 'madeira islands open')].empty",
        "pandas_eval": "False"
    },
    {
        "id": 33543,
        "statement": "the most common margin of victory be 3 stroke",
        "label": 0,
        "table_caption": "michael hoey (golfer)",
        "table_text": "date#tournament#winning score#margin of victory#runner (s) - up\n5 apr 2009#estoril open de portugal#- 7 (66 + 76 + 69 + 66 = 277)#playoff#gonzalo fernández - castaño\n22 may 2011#madeira islands open#- 10 (72 + 68 + 67 + 71 = 278)#2 strokes#chris gane , jamie elson\n2 oct 2011#alfred dunhill links championship#- 22 (66 + 66 + 66 + 68 = 266)#2 strokes#rory mcilroy\n25 mar 2012#trophée hassan ii#- 17 (74 + 67 + 65 + 65 = 271)#3 strokes#damien mcgrane\n28 jul 2013#m2 m russian open#- 16 (70 + 67 + 65 + 70 = 272)#4 strokes#alexandre kaleka , matthew nixon\n",
        "pandas_code": "df['margin of victory'].value_counts().idxmax() == '3 strokes'",
        "pandas_eval": "False"
    }
]