[
    {
        "id": 33874,
        "statement": "when the player be adam virgo the number of championship be 1 and when the player be kevin thornton the number of championship be also 1 for the 2006 - 07 coventry city fc season",
        "label": 1,
        "table_caption": "2006 - 07 coventry city f.c. season",
        "table_text": "name#championship#league cup#fa cup#total\ndele adebola#8#1#0#0 9\nleon mckenzie#7#0#1#0 8\nstern john#5#0#1#0 6\nmichael mifsud#4#0#0#0 4\nmichael doyle#3#0#0#0 3\nkevin kyle#3#0#0#0 3\njay tabb#3#0#0#0 3\nelliott ward#3#0#0#0 3\ncolin cameron#2#0#1#0 3\nchris birchall#2#0#0#0 2\nwayne andrews#1#0#0#0 1\nstephen hughes#1#0#0#0 1\ngary mcsheffrey#1#0#0#0 1\nkevin thornton#1#0#0#0 1\nadam virgo#1#0#0#0 1\n",
        "pandas_code": "(df[df['name'] == 'adam virgo']['championship'].values[0] == 1) & (df[df['name'] == 'kevin thornton']['championship'].values[0] == 1)",
        "pandas_eval": "True"
    },
    {
        "id": 33875,
        "statement": "the 2 highest number of championship be 8 and 7 by player dele adebola and leon mckenzie for a total of 09 and 08",
        "label": 1,
        "table_caption": "2006 - 07 coventry city f.c. season",
        "table_text": "name#championship#league cup#fa cup#total\ndele adebola#8#1#0#0 9\nleon mckenzie#7#0#1#0 8\nstern john#5#0#1#0 6\nmichael mifsud#4#0#0#0 4\nmichael doyle#3#0#0#0 3\nkevin kyle#3#0#0#0 3\njay tabb#3#0#0#0 3\nelliott ward#3#0#0#0 3\ncolin cameron#2#0#1#0 3\nchris birchall#2#0#0#0 2\nwayne andrews#1#0#0#0 1\nstephen hughes#1#0#0#0 1\ngary mcsheffrey#1#0#0#0 1\nkevin thornton#1#0#0#0 1\nadam virgo#1#0#0#0 1\n",
        "pandas_code": "(df.sort_values('championship', ascending=False).head(2)['name'].tolist() == ['dele adebola', 'leon mckenzie']) & (df.sort_values('championship', ascending=False).head(2)['championship'].tolist() == [8, 7]) & (df.sort_values('championship', ascending=False).head(2)['total'].tolist() == ['0 9', '0 8'])",
        "pandas_eval": "True"
    },
    {
        "id": 33876,
        "statement": "when the total be 01 the player be adam virgo , kevin thornton , gary mcsheffrey , stephen hughes , and wayne andrew with a league cup value of 0 for each",
        "label": 1,
        "table_caption": "2006 - 07 coventry city f.c. season",
        "table_text": "name#championship#league cup#fa cup#total\ndele adebola#8#1#0#0 9\nleon mckenzie#7#0#1#0 8\nstern john#5#0#1#0 6\nmichael mifsud#4#0#0#0 4\nmichael doyle#3#0#0#0 3\nkevin kyle#3#0#0#0 3\njay tabb#3#0#0#0 3\nelliott ward#3#0#0#0 3\ncolin cameron#2#0#1#0 3\nchris birchall#2#0#0#0 2\nwayne andrews#1#0#0#0 1\nstephen hughes#1#0#0#0 1\ngary mcsheffrey#1#0#0#0 1\nkevin thornton#1#0#0#0 1\nadam virgo#1#0#0#0 1\n",
        "pandas_code": "all(df[(df['total'] == '0 1') & (df['name'].isin(['adam virgo', 'kevin thornton', 'gary mcsheffrey', 'stephen hughes', 'wayne andrews']))]['league cup'] == 0)",
        "pandas_eval": "True"
    },
    {
        "id": 33877,
        "statement": "the highest total be 09 for player dele adebola and the lowest total be 01 for adam virgo , kevin thornton , gary mcsheffrey , stephen hughes , and wayne andrew all with an fa cup value of 0",
        "label": 1,
        "table_caption": "2006 - 07 coventry city f.c. season",
        "table_text": "name#championship#league cup#fa cup#total\ndele adebola#8#1#0#0 9\nleon mckenzie#7#0#1#0 8\nstern john#5#0#1#0 6\nmichael mifsud#4#0#0#0 4\nmichael doyle#3#0#0#0 3\nkevin kyle#3#0#0#0 3\njay tabb#3#0#0#0 3\nelliott ward#3#0#0#0 3\ncolin cameron#2#0#1#0 3\nchris birchall#2#0#0#0 2\nwayne andrews#1#0#0#0 1\nstephen hughes#1#0#0#0 1\ngary mcsheffrey#1#0#0#0 1\nkevin thornton#1#0#0#0 1\nadam virgo#1#0#0#0 1\n",
        "pandas_code": "(df.loc[df['name'] == 'dele adebola', 'total'].values[0] == '0 9') and (df.loc[df['name'].isin(['adam virgo', 'kevin thornton', 'gary mcsheffrey', 'stephen hughes', 'wayne andrews']), 'total'].eq('0 1').all()) and (df.loc[df['name'].isin(['adam virgo', 'kevin thornton', 'gary mcsheffrey', 'stephen hughes', 'wayne andrews']), 'fa cup'].eq(0).all())",
        "pandas_eval": "True"
    },
    {
        "id": 33878,
        "statement": "only 3 player have an fa cup of greater than 0 and they be colin cameron , stern john , and leon mckenzie with a value of 1",
        "label": 1,
        "table_caption": "2006 - 07 coventry city f.c. season",
        "table_text": "name#championship#league cup#fa cup#total\ndele adebola#8#1#0#0 9\nleon mckenzie#7#0#1#0 8\nstern john#5#0#1#0 6\nmichael mifsud#4#0#0#0 4\nmichael doyle#3#0#0#0 3\nkevin kyle#3#0#0#0 3\njay tabb#3#0#0#0 3\nelliott ward#3#0#0#0 3\ncolin cameron#2#0#1#0 3\nchris birchall#2#0#0#0 2\nwayne andrews#1#0#0#0 1\nstephen hughes#1#0#0#0 1\ngary mcsheffrey#1#0#0#0 1\nkevin thornton#1#0#0#0 1\nadam virgo#1#0#0#0 1\n",
        "pandas_code": "(df['fa cup'].gt(0).sum() == 3) & (df[df['fa cup'].gt(0)]['name'].isin(['colin cameron', 'stern john', 'leon mckenzie']).all())",
        "pandas_eval": "True"
    },
    {
        "id": 33879,
        "statement": "when the player be adam virgo , the number of championship be 3 , and when the player be kevin thornton the number of championship be 2 for the 2006 - 07 coventry city fc season",
        "label": 0,
        "table_caption": "2006 - 07 coventry city f.c. season",
        "table_text": "name#championship#league cup#fa cup#total\ndele adebola#8#1#0#0 9\nleon mckenzie#7#0#1#0 8\nstern john#5#0#1#0 6\nmichael mifsud#4#0#0#0 4\nmichael doyle#3#0#0#0 3\nkevin kyle#3#0#0#0 3\njay tabb#3#0#0#0 3\nelliott ward#3#0#0#0 3\ncolin cameron#2#0#1#0 3\nchris birchall#2#0#0#0 2\nwayne andrews#1#0#0#0 1\nstephen hughes#1#0#0#0 1\ngary mcsheffrey#1#0#0#0 1\nkevin thornton#1#0#0#0 1\nadam virgo#1#0#0#0 1\n",
        "pandas_code": "(df.loc[df['name'] == 'adam virgo', 'championship'].values[0] == 3) & (df.loc[df['name'] == 'kevin thornton', 'championship'].values[0] == 2)",
        "pandas_eval": "False"
    },
    {
        "id": 33881,
        "statement": "when the total be 03 the player be adam virgo , kevin thornton , gary mcsheffrey , stephen hughes , and wayne andrew with a league cup value of 1 for each",
        "label": 0,
        "table_caption": "2006 - 07 coventry city f.c. season",
        "table_text": "name#championship#league cup#fa cup#total\ndele adebola#8#1#0#0 9\nleon mckenzie#7#0#1#0 8\nstern john#5#0#1#0 6\nmichael mifsud#4#0#0#0 4\nmichael doyle#3#0#0#0 3\nkevin kyle#3#0#0#0 3\njay tabb#3#0#0#0 3\nelliott ward#3#0#0#0 3\ncolin cameron#2#0#1#0 3\nchris birchall#2#0#0#0 2\nwayne andrews#1#0#0#0 1\nstephen hughes#1#0#0#0 1\ngary mcsheffrey#1#0#0#0 1\nkevin thornton#1#0#0#0 1\nadam virgo#1#0#0#0 1\n",
        "pandas_code": "all(df[df['name'].isin(['adam virgo', 'kevin thornton', 'gary mcsheffrey', 'stephen hughes', 'wayne andrews'])]['league cup'] == 1)",
        "pandas_eval": "False"
    },
    {
        "id": 33882,
        "statement": "the highest total be 08 for player stern john and the lowest total be 02 for collin cameron with an fa cup value of 0",
        "label": 0,
        "table_caption": "2006 - 07 coventry city f.c. season",
        "table_text": "name#championship#league cup#fa cup#total\ndele adebola#8#1#0#0 9\nleon mckenzie#7#0#1#0 8\nstern john#5#0#1#0 6\nmichael mifsud#4#0#0#0 4\nmichael doyle#3#0#0#0 3\nkevin kyle#3#0#0#0 3\njay tabb#3#0#0#0 3\nelliott ward#3#0#0#0 3\ncolin cameron#2#0#1#0 3\nchris birchall#2#0#0#0 2\nwayne andrews#1#0#0#0 1\nstephen hughes#1#0#0#0 1\ngary mcsheffrey#1#0#0#0 1\nkevin thornton#1#0#0#0 1\nadam virgo#1#0#0#0 1\n",
        "pandas_code": "(df[df['name'] == 'stern john']['total'].values[0] == '0 8') & (df[df['name'] == 'colin cameron']['total'].values[0] == '0 2') & (df[df['name'] == 'colin cameron']['fa cup'].values[0] == 0)",
        "pandas_eval": "False"
    },
    {
        "id": 33883,
        "statement": "only 1 player have an fa cup of greater than 0 and it be dele adebola with a value of 1",
        "label": 0,
        "table_caption": "2006 - 07 coventry city f.c. season",
        "table_text": "name#championship#league cup#fa cup#total\ndele adebola#8#1#0#0 9\nleon mckenzie#7#0#1#0 8\nstern john#5#0#1#0 6\nmichael mifsud#4#0#0#0 4\nmichael doyle#3#0#0#0 3\nkevin kyle#3#0#0#0 3\njay tabb#3#0#0#0 3\nelliott ward#3#0#0#0 3\ncolin cameron#2#0#1#0 3\nchris birchall#2#0#0#0 2\nwayne andrews#1#0#0#0 1\nstephen hughes#1#0#0#0 1\ngary mcsheffrey#1#0#0#0 1\nkevin thornton#1#0#0#0 1\nadam virgo#1#0#0#0 1\n",
        "pandas_code": "(df['fa cup'].eq(1).sum() == 1) & (df.loc[df['fa cup'].eq(1), 'name'].iloc[0] == 'dele adebola')",
        "pandas_eval": "False"
    },
    {
        "id": 57775,
        "statement": "there be 2 fa cup for the player with under 5 champ , 0 league cup , and over 3 total",
        "label": 0,
        "table_caption": "2006 - 07 coventry city f.c. season",
        "table_text": "name#championship#league cup#fa cup#total\nkevin kyle#11#0#1#12\nrobert page#10#0#0#10\nmichael doyle#8#0#2#10\nandrew whing#6#1#0#7\ndavid mcnamee#6#0#0#6\nmarcus hall#5#0#0#5\nleon mckenzie#5#0#0#5\njay tabb#5#0#0#5\nelliott ward#5#0#0#5\nrichard duffy#4#0#0#4\nstephen hughes#3#1#0#3\ndele adebola#3#0#0#3\nisaac osbourne#3#0#0#3\nkevin thornton#3#0#0#3\nadam virgo#2#0#1#3\ncolin cameron#1#0#0#1\ncolin hawkins#1#0#0#1\nstern john#1#0#0#1\n",
        "pandas_code": "((df['fa cup'] == 2) & (df['championship'] < 5) & (df['league cup'] == 0) & (df['total'] > 3)).any()",
        "pandas_eval": "False"
    }
]