[
    {
        "id": 33963,
        "statement": "all member of the california legislative lgbt caucus be democratic",
        "label": 1,
        "table_caption": "california legislative lgbt caucus",
        "table_text": "name#residence#party#years in assembly#years in senate\nmark leno#san francisco#democratic#2002 - 2008#2008 - present\ncathleen galgiani#livingston#democratic#2006 - 2012 galgiani came out in november 2011#2012 - present\ntom ammiano#san francisco#democratic#2008 - present#-\njohn pérez#los angeles#democratic#2008 - present#-\ntoni atkins#san diego#democratic#2010 - present#-\nrich gordon#menlo park#democratic#2010 - present#-\nricardo lara#bell gardens#democratic#2010 - 2012#2012 - present\nsusan eggman#stockton#democratic#2012 - present#-\n",
        "pandas_code": "all(df['party'] == 'democratic')",
        "pandas_eval": "True"
    },
    {
        "id": 33964,
        "statement": "cathleen galgiani and susan eggman be the only female member",
        "label": 1,
        "table_caption": "california legislative lgbt caucus",
        "table_text": "name#residence#party#years in assembly#years in senate\nmark leno#san francisco#democratic#2002 - 2008#2008 - present\ncathleen galgiani#livingston#democratic#2006 - 2012 galgiani came out in november 2011#2012 - present\ntom ammiano#san francisco#democratic#2008 - present#-\njohn pérez#los angeles#democratic#2008 - present#-\ntoni atkins#san diego#democratic#2010 - present#-\nrich gordon#menlo park#democratic#2010 - present#-\nricardo lara#bell gardens#democratic#2010 - 2012#2012 - present\nsusan eggman#stockton#democratic#2012 - present#-\n",
        "pandas_code": "len(df[(df['name'].isin(['cathleen galgiani', 'susan eggman'])) & (~df['name'].isin(['mark leno', 'tom ammiano', 'john pérez', 'toni atkins', 'rich gordon', 'ricardo lara']))]) == 2",
        "pandas_eval": "True"
    },
    {
        "id": 33965,
        "statement": "tom ammiano be 1 of 5 member still serve in the assembly",
        "label": 1,
        "table_caption": "california legislative lgbt caucus",
        "table_text": "name#residence#party#years in assembly#years in senate\nmark leno#san francisco#democratic#2002 - 2008#2008 - present\ncathleen galgiani#livingston#democratic#2006 - 2012 galgiani came out in november 2011#2012 - present\ntom ammiano#san francisco#democratic#2008 - present#-\njohn pérez#los angeles#democratic#2008 - present#-\ntoni atkins#san diego#democratic#2010 - present#-\nrich gordon#menlo park#democratic#2010 - present#-\nricardo lara#bell gardens#democratic#2010 - 2012#2012 - present\nsusan eggman#stockton#democratic#2012 - present#-\n",
        "pandas_code": "len(df[(df['name'] == 'tom ammiano') & (df['years in assembly'].str.contains('present'))]) == 1",
        "pandas_eval": "True"
    },
    {
        "id": 33966,
        "statement": "mark leno be 1 of 3 member who be currently serve in the senate",
        "label": 1,
        "table_caption": "california legislative lgbt caucus",
        "table_text": "name#residence#party#years in assembly#years in senate\nmark leno#san francisco#democratic#2002 - 2008#2008 - present\ncathleen galgiani#livingston#democratic#2006 - 2012 galgiani came out in november 2011#2012 - present\ntom ammiano#san francisco#democratic#2008 - present#-\njohn pérez#los angeles#democratic#2008 - present#-\ntoni atkins#san diego#democratic#2010 - present#-\nrich gordon#menlo park#democratic#2010 - present#-\nricardo lara#bell gardens#democratic#2010 - 2012#2012 - present\nsusan eggman#stockton#democratic#2012 - present#-\n",
        "pandas_code": "len(df[(df['name'] == 'mark leno') & (df['years in senate'] != '-')]) == 1 and len(df[df['years in senate'] != '-']) == 3",
        "pandas_eval": "True"
    },
    {
        "id": 33967,
        "statement": "mark leno and tom ammiano both reside in san francisco , the only city with more than 1 member in residence",
        "label": 1,
        "table_caption": "california legislative lgbt caucus",
        "table_text": "name#residence#party#years in assembly#years in senate\nmark leno#san francisco#democratic#2002 - 2008#2008 - present\ncathleen galgiani#livingston#democratic#2006 - 2012 galgiani came out in november 2011#2012 - present\ntom ammiano#san francisco#democratic#2008 - present#-\njohn pérez#los angeles#democratic#2008 - present#-\ntoni atkins#san diego#democratic#2010 - present#-\nrich gordon#menlo park#democratic#2010 - present#-\nricardo lara#bell gardens#democratic#2010 - 2012#2012 - present\nsusan eggman#stockton#democratic#2012 - present#-\n",
        "pandas_code": "len(df[(df['residence'] == 'san francisco') & (df['name'].isin(['mark leno', 'tom ammiano']))]) == 2 and df['residence'].value_counts().max() == 2",
        "pandas_eval": "True"
    },
    {
        "id": 33968,
        "statement": "half of the member of the california legislative lgbt caucus be democratic",
        "label": 0,
        "table_caption": "california legislative lgbt caucus",
        "table_text": "name#residence#party#years in assembly#years in senate\nmark leno#san francisco#democratic#2002 - 2008#2008 - present\ncathleen galgiani#livingston#democratic#2006 - 2012 galgiani came out in november 2011#2012 - present\ntom ammiano#san francisco#democratic#2008 - present#-\njohn pérez#los angeles#democratic#2008 - present#-\ntoni atkins#san diego#democratic#2010 - present#-\nrich gordon#menlo park#democratic#2010 - present#-\nricardo lara#bell gardens#democratic#2010 - 2012#2012 - present\nsusan eggman#stockton#democratic#2012 - present#-\n",
        "pandas_code": "len(df[df['party'] == 'democratic']) / len(df) == 0.5",
        "pandas_eval": "False"
    },
    {
        "id": 33969,
        "statement": "mark leno and tom ammiano be the only male member",
        "label": 0,
        "table_caption": "california legislative lgbt caucus",
        "table_text": "name#residence#party#years in assembly#years in senate\nmark leno#san francisco#democratic#2002 - 2008#2008 - present\ncathleen galgiani#livingston#democratic#2006 - 2012 galgiani came out in november 2011#2012 - present\ntom ammiano#san francisco#democratic#2008 - present#-\njohn pérez#los angeles#democratic#2008 - present#-\ntoni atkins#san diego#democratic#2010 - present#-\nrich gordon#menlo park#democratic#2010 - present#-\nricardo lara#bell gardens#democratic#2010 - 2012#2012 - present\nsusan eggman#stockton#democratic#2012 - present#-\n",
        "pandas_code": "len(df[~df['name'].isin(['mark leno', 'tom ammiano'])]) == 0",
        "pandas_eval": "False"
    },
    {
        "id": 33970,
        "statement": "rich gordon serve in the senate 2008 - 2012",
        "label": 0,
        "table_caption": "california legislative lgbt caucus",
        "table_text": "name#residence#party#years in assembly#years in senate\nmark leno#san francisco#democratic#2002 - 2008#2008 - present\ncathleen galgiani#livingston#democratic#2006 - 2012 galgiani came out in november 2011#2012 - present\ntom ammiano#san francisco#democratic#2008 - present#-\njohn pérez#los angeles#democratic#2008 - present#-\ntoni atkins#san diego#democratic#2010 - present#-\nrich gordon#menlo park#democratic#2010 - present#-\nricardo lara#bell gardens#democratic#2010 - 2012#2012 - present\nsusan eggman#stockton#democratic#2012 - present#-\n",
        "pandas_code": "df[(df['name'] == 'rich gordon') & (df['years in senate'] == '2008 - 2012')].any().any()",
        "pandas_eval": "False"
    },
    {
        "id": 33971,
        "statement": "john pérez be 1 of 3 member who be currently serve in the senate",
        "label": 0,
        "table_caption": "california legislative lgbt caucus",
        "table_text": "name#residence#party#years in assembly#years in senate\nmark leno#san francisco#democratic#2002 - 2008#2008 - present\ncathleen galgiani#livingston#democratic#2006 - 2012 galgiani came out in november 2011#2012 - present\ntom ammiano#san francisco#democratic#2008 - present#-\njohn pérez#los angeles#democratic#2008 - present#-\ntoni atkins#san diego#democratic#2010 - present#-\nrich gordon#menlo park#democratic#2010 - present#-\nricardo lara#bell gardens#democratic#2010 - 2012#2012 - present\nsusan eggman#stockton#democratic#2012 - present#-\n",
        "pandas_code": "df[df['name'] == 'john pérez']['years in senate'].eq('2008 - present').any()",
        "pandas_eval": "False"
    },
    {
        "id": 33972,
        "statement": "menlo park be the only city with more than 1 member in residence",
        "label": 0,
        "table_caption": "california legislative lgbt caucus",
        "table_text": "name#residence#party#years in assembly#years in senate\nmark leno#san francisco#democratic#2002 - 2008#2008 - present\ncathleen galgiani#livingston#democratic#2006 - 2012 galgiani came out in november 2011#2012 - present\ntom ammiano#san francisco#democratic#2008 - present#-\njohn pérez#los angeles#democratic#2008 - present#-\ntoni atkins#san diego#democratic#2010 - present#-\nrich gordon#menlo park#democratic#2010 - present#-\nricardo lara#bell gardens#democratic#2010 - 2012#2012 - present\nsusan eggman#stockton#democratic#2012 - present#-\n",
        "pandas_code": "df[df['residence'] == 'menlo park'].shape[0] > 1",
        "pandas_eval": "False"
    },
    {
        "id": 41857,
        "statement": "all 5 member of the california legislative lgbt caucus serve in the california assembly , but only 3 go on the serve in the senate",
        "label": 1,
        "table_caption": "california legislative lgbt caucus",
        "table_text": "name#residence#party#years in assembly#years in senate\nsheila kuehl#santa monica#democratic#1994 - 2000#2000 - 2008\ncarole migden#san francisco#democratic#1996 - 2002#2004 - 2008\nchristine kehoe#san diego#democratic#2000 - 2004#2004 - 2012\njackie goldberg#los angeles#democratic#2000 - 2006#-\njohn laird#santa cruz#democratic#2002 - 2008#-\n",
        "pandas_code": "(df['years in assembly'].notna().all() and (df['years in senate'] != '-').sum() == 3)",
        "pandas_eval": "True"
    },
    {
        "id": 41858,
        "statement": "neither jackie goldberg nor john laird , both democrat , serve in the senate",
        "label": 1,
        "table_caption": "california legislative lgbt caucus",
        "table_text": "name#residence#party#years in assembly#years in senate\nsheila kuehl#santa monica#democratic#1994 - 2000#2000 - 2008\ncarole migden#san francisco#democratic#1996 - 2002#2004 - 2008\nchristine kehoe#san diego#democratic#2000 - 2004#2004 - 2012\njackie goldberg#los angeles#democratic#2000 - 2006#-\njohn laird#santa cruz#democratic#2002 - 2008#-\n",
        "pandas_code": "(df[df['name'].isin(['jackie goldberg', 'john laird'])]['years in senate'] == '-').all()",
        "pandas_eval": "True"
    },
    {
        "id": 41859,
        "statement": "both sheila kuehl and christine kehoe serve more than 4 year in the senate",
        "label": 1,
        "table_caption": "california legislative lgbt caucus",
        "table_text": "name#residence#party#years in assembly#years in senate\nsheila kuehl#santa monica#democratic#1994 - 2000#2000 - 2008\ncarole migden#san francisco#democratic#1996 - 2002#2004 - 2008\nchristine kehoe#san diego#democratic#2000 - 2004#2004 - 2012\njackie goldberg#los angeles#democratic#2000 - 2006#-\njohn laird#santa cruz#democratic#2002 - 2008#-\n",
        "pandas_code": "(df[df['name'].isin(['sheila kuehl', 'christine kehoe'])]['years in senate'].apply(lambda x: int(x.split(' - ')[1]) - int(x.split(' - ')[0]) if x != '-' else 0) > 4).all()",
        "pandas_eval": "True"
    },
    {
        "id": 41860,
        "statement": "all 5 member of the california legislative lgbt caucus be member of the democratic party",
        "label": 1,
        "table_caption": "california legislative lgbt caucus",
        "table_text": "name#residence#party#years in assembly#years in senate\nsheila kuehl#santa monica#democratic#1994 - 2000#2000 - 2008\ncarole migden#san francisco#democratic#1996 - 2002#2004 - 2008\nchristine kehoe#san diego#democratic#2000 - 2004#2004 - 2012\njackie goldberg#los angeles#democratic#2000 - 2006#-\njohn laird#santa cruz#democratic#2002 - 2008#-\n",
        "pandas_code": "(df['party'] == 'democratic').all()",
        "pandas_eval": "True"
    },
    {
        "id": 41861,
        "statement": "the 5 member of the california legislative lgbt caucus serve different length term in the assembly , between 1994 and 2008",
        "label": 1,
        "table_caption": "california legislative lgbt caucus",
        "table_text": "name#residence#party#years in assembly#years in senate\nsheila kuehl#santa monica#democratic#1994 - 2000#2000 - 2008\ncarole migden#san francisco#democratic#1996 - 2002#2004 - 2008\nchristine kehoe#san diego#democratic#2000 - 2004#2004 - 2012\njackie goldberg#los angeles#democratic#2000 - 2006#-\njohn laird#santa cruz#democratic#2002 - 2008#-\n",
        "pandas_code": "len(df['years in assembly'].apply(lambda x: tuple(map(int, x.split(' - ')))).unique()) == 5",
        "pandas_eval": "True"
    },
    {
        "id": 41862,
        "statement": "all 5 member of the senate lgbt caucus serve in the california assembly , but only 3 go on the serve in the senate",
        "label": 0,
        "table_caption": "california legislative lgbt caucus",
        "table_text": "name#residence#party#years in assembly#years in senate\nsheila kuehl#santa monica#democratic#1994 - 2000#2000 - 2008\ncarole migden#san francisco#democratic#1996 - 2002#2004 - 2008\nchristine kehoe#san diego#democratic#2000 - 2004#2004 - 2012\njackie goldberg#los angeles#democratic#2000 - 2006#-\njohn laird#santa cruz#democratic#2002 - 2008#-\n",
        "pandas_code": "len(df[df['years in assembly'] != '-']) == 5 and len(df[df['years in senate'] != '-']) == 3 and len(df[(df['years in assembly'] != '-') & (df['years in senate'] != '-')]) != 3",
        "pandas_eval": "False"
    },
    {
        "id": 41863,
        "statement": "neither sheila kuehl nor john laird , both democrat , serve in the senate",
        "label": 0,
        "table_caption": "california legislative lgbt caucus",
        "table_text": "name#residence#party#years in assembly#years in senate\nsheila kuehl#santa monica#democratic#1994 - 2000#2000 - 2008\ncarole migden#san francisco#democratic#1996 - 2002#2004 - 2008\nchristine kehoe#san diego#democratic#2000 - 2004#2004 - 2012\njackie goldberg#los angeles#democratic#2000 - 2006#-\njohn laird#santa cruz#democratic#2002 - 2008#-\n",
        "pandas_code": "(df[df['name'].isin(['sheila kuehl', 'john laird'])]['years in senate'] == '-').all()",
        "pandas_eval": "False"
    },
    {
        "id": 41864,
        "statement": "both carole migden and christine kehoe serve more than 4 year in the senate",
        "label": 0,
        "table_caption": "california legislative lgbt caucus",
        "table_text": "name#residence#party#years in assembly#years in senate\nsheila kuehl#santa monica#democratic#1994 - 2000#2000 - 2008\ncarole migden#san francisco#democratic#1996 - 2002#2004 - 2008\nchristine kehoe#san diego#democratic#2000 - 2004#2004 - 2012\njackie goldberg#los angeles#democratic#2000 - 2006#-\njohn laird#santa cruz#democratic#2002 - 2008#-\n",
        "pandas_code": "(df[df['name'].isin(['carole migden', 'christine kehoe'])]['years in senate'].apply(lambda x: int(x.split(' - ')[1]) - int(x.split(' - ')[0]) if x != '-' else 0) > 4).all()",
        "pandas_eval": "False"
    },
    {
        "id": 41865,
        "statement": "all 5 member of the california legislative lgbt caucus be member of the republican party",
        "label": 0,
        "table_caption": "california legislative lgbt caucus",
        "table_text": "name#residence#party#years in assembly#years in senate\nsheila kuehl#santa monica#democratic#1994 - 2000#2000 - 2008\ncarole migden#san francisco#democratic#1996 - 2002#2004 - 2008\nchristine kehoe#san diego#democratic#2000 - 2004#2004 - 2012\njackie goldberg#los angeles#democratic#2000 - 2006#-\njohn laird#santa cruz#democratic#2002 - 2008#-\n",
        "pandas_code": "all(df['party'] == 'republican')",
        "pandas_eval": "False"
    },
    {
        "id": 41866,
        "statement": "the 5 member of the california legislative lgbt caucus serve different length term in the assembly , between 1994 and 2008",
        "label": 0,
        "table_caption": "california legislative lgbt caucus",
        "table_text": "name#residence#party#years in assembly#years in senate\nsheila kuehl#santa monica#democratic#1994 - 2000#2000 - 2008\ncarole migden#san francisco#democratic#1996 - 2002#2004 - 2008\nchristine kehoe#san diego#democratic#2000 - 2004#2004 - 2012\njackie goldberg#los angeles#democratic#2000 - 2006#-\njohn laird#santa cruz#democratic#2002 - 2008#-\n",
        "pandas_code": "len(df['years in assembly'].apply(lambda x: int(x.split(' - ')[1]) - int(x.split(' - ')[0]))) == len(df['years in assembly'].apply(lambda x: int(x.split(' - ')[1]) - int(x.split(' - ')[0])).unique())",
        "pandas_eval": "False"
    }
]