[
    {
        "id": 30040,
        "statement": "the highest point score in win the speedway world pair championship be 48",
        "label": 0,
        "table_caption": "speedway world pairs championship",
        "table_text": "year#venue#winners#runner - up#3rd place\n1968#kempten#sweden (24 pts)#(21 pts)#(16 pts)\n1969#stockholm#new zealand (28 pts)#sweden (27 pts)#england (21 pts)\nyear#venue#winners#runner - up#3rd place\n1970#malmö#new zealand (28 pts)#sweden (25 pts)#england (19 pts)\n1971#rybnik#(30 pts)#new zealand (25 pts)#sweden (22 pts)\n1972#borås#england (24 + 3 pts)#new zealand (24 + 2 pts)#sweden b (22 + 3 pts)\n1973#borås#sweden (24 pts)#(21 + 3 pts)#(21 + 2 pts)\n1974#manchester#sweden (28 pts)#australia (23 pts)#new zealand (21 pts)\n1975#wrocław#sweden (24 pts)#(23 pts)#(20 + 3 pts)\n1976#eskilstuna#england (27 pts)#(24 pts)#sweden (22 pts)\n1977#manchester#england (28 pts)#sweden (18 pts)#west germany (18 pts)\n1978#chorzów#england (24 + 3 pts)#new zealand (24 + 2 pts)#(21 pts)\n1979#vojens#(25 pts)#england (24 pts)#(20 pts)\n1980#krško#england (29 pts)#(22 pts)#(21 pts)\n1981#chorzów#united states (23 pts)#new zealand (22 pts)#(21 pts)\n1982#liverpool#united states (30 pts)#england (22 pts)#(21 pts)\n1983#gothenburg#england (25 pts)#australia (24 pts)#(19 pts)\n1984#lonigo#england (27 pts)#(25 + 3 pts)#new zealand (25 + 2 pts)\n1985#rybnik#(29 pts)#england (27 pts)#united states (22 pts)\n1986#pocking#(46 + 5 pts)#united states (46 + 4 pts)#czechoslovakia (32 pts)\n1987#pardubice#(52 pts)#england (44 pts)#united states (36 pts)\n1988#bradford#(45 pts)#england (41 pts)#united states (39 pts)\n1989#leszno#(48 pts)#sweden (44 pts)#england (37 pts)\n1990#landshut#(43 pts)#australia (41 pts)#(33 pts)\n1991#poznań#(28 pts)#sweden (24 pts)#(19 pts)\n1992#lonigo#united states (23 + 3 pts)#england (23 + 2 pts)#sweden (22 pts)\n1993#vojens#sweden (26 pts)#united states (23 pts)#(21 pts)\n",
        "pandas_code": "(df['winners'].str.extract(r'\\\\((\\\\d+)\\\\)').astype(float).max() == 48).any()",
        "pandas_eval": "False"
    },
    {
        "id": 30041,
        "statement": "the highest point score in achieve third place in the speedway world pair championship be 16",
        "label": 0,
        "table_caption": "speedway world pairs championship",
        "table_text": "year#venue#winners#runner - up#3rd place\n1968#kempten#sweden (24 pts)#(21 pts)#(16 pts)\n1969#stockholm#new zealand (28 pts)#sweden (27 pts)#england (21 pts)\nyear#venue#winners#runner - up#3rd place\n1970#malmö#new zealand (28 pts)#sweden (25 pts)#england (19 pts)\n1971#rybnik#(30 pts)#new zealand (25 pts)#sweden (22 pts)\n1972#borås#england (24 + 3 pts)#new zealand (24 + 2 pts)#sweden b (22 + 3 pts)\n1973#borås#sweden (24 pts)#(21 + 3 pts)#(21 + 2 pts)\n1974#manchester#sweden (28 pts)#australia (23 pts)#new zealand (21 pts)\n1975#wrocław#sweden (24 pts)#(23 pts)#(20 + 3 pts)\n1976#eskilstuna#england (27 pts)#(24 pts)#sweden (22 pts)\n1977#manchester#england (28 pts)#sweden (18 pts)#west germany (18 pts)\n1978#chorzów#england (24 + 3 pts)#new zealand (24 + 2 pts)#(21 pts)\n1979#vojens#(25 pts)#england (24 pts)#(20 pts)\n1980#krško#england (29 pts)#(22 pts)#(21 pts)\n1981#chorzów#united states (23 pts)#new zealand (22 pts)#(21 pts)\n1982#liverpool#united states (30 pts)#england (22 pts)#(21 pts)\n1983#gothenburg#england (25 pts)#australia (24 pts)#(19 pts)\n1984#lonigo#england (27 pts)#(25 + 3 pts)#new zealand (25 + 2 pts)\n1985#rybnik#(29 pts)#england (27 pts)#united states (22 pts)\n1986#pocking#(46 + 5 pts)#united states (46 + 4 pts)#czechoslovakia (32 pts)\n1987#pardubice#(52 pts)#england (44 pts)#united states (36 pts)\n1988#bradford#(45 pts)#england (41 pts)#united states (39 pts)\n1989#leszno#(48 pts)#sweden (44 pts)#england (37 pts)\n1990#landshut#(43 pts)#australia (41 pts)#(33 pts)\n1991#poznań#(28 pts)#sweden (24 pts)#(19 pts)\n1992#lonigo#united states (23 + 3 pts)#england (23 + 2 pts)#sweden (22 pts)\n1993#vojens#sweden (26 pts)#united states (23 pts)#(21 pts)\n",
        "pandas_code": "(df['3rd place'].str.extract(r'(\\\\d+)').astype(float).max() == 16).item()",
        "pandas_eval": "False"
    },
    {
        "id": 30042,
        "statement": "the average point score in achieve second place in the speedway world pair championship be 18",
        "label": 0,
        "table_caption": "speedway world pairs championship",
        "table_text": "year#venue#winners#runner - up#3rd place\n1968#kempten#sweden (24 pts)#(21 pts)#(16 pts)\n1969#stockholm#new zealand (28 pts)#sweden (27 pts)#england (21 pts)\nyear#venue#winners#runner - up#3rd place\n1970#malmö#new zealand (28 pts)#sweden (25 pts)#england (19 pts)\n1971#rybnik#(30 pts)#new zealand (25 pts)#sweden (22 pts)\n1972#borås#england (24 + 3 pts)#new zealand (24 + 2 pts)#sweden b (22 + 3 pts)\n1973#borås#sweden (24 pts)#(21 + 3 pts)#(21 + 2 pts)\n1974#manchester#sweden (28 pts)#australia (23 pts)#new zealand (21 pts)\n1975#wrocław#sweden (24 pts)#(23 pts)#(20 + 3 pts)\n1976#eskilstuna#england (27 pts)#(24 pts)#sweden (22 pts)\n1977#manchester#england (28 pts)#sweden (18 pts)#west germany (18 pts)\n1978#chorzów#england (24 + 3 pts)#new zealand (24 + 2 pts)#(21 pts)\n1979#vojens#(25 pts)#england (24 pts)#(20 pts)\n1980#krško#england (29 pts)#(22 pts)#(21 pts)\n1981#chorzów#united states (23 pts)#new zealand (22 pts)#(21 pts)\n1982#liverpool#united states (30 pts)#england (22 pts)#(21 pts)\n1983#gothenburg#england (25 pts)#australia (24 pts)#(19 pts)\n1984#lonigo#england (27 pts)#(25 + 3 pts)#new zealand (25 + 2 pts)\n1985#rybnik#(29 pts)#england (27 pts)#united states (22 pts)\n1986#pocking#(46 + 5 pts)#united states (46 + 4 pts)#czechoslovakia (32 pts)\n1987#pardubice#(52 pts)#england (44 pts)#united states (36 pts)\n1988#bradford#(45 pts)#england (41 pts)#united states (39 pts)\n1989#leszno#(48 pts)#sweden (44 pts)#england (37 pts)\n1990#landshut#(43 pts)#australia (41 pts)#(33 pts)\n1991#poznań#(28 pts)#sweden (24 pts)#(19 pts)\n1992#lonigo#united states (23 + 3 pts)#england (23 + 2 pts)#sweden (22 pts)\n1993#vojens#sweden (26 pts)#united states (23 pts)#(21 pts)\n",
        "pandas_code": "(df['runner - up'].str.extract(r'(\\\\d+)').astype(float).mean() == 18).item()",
        "pandas_eval": "False"
    }
]