[
    {
        "id": 32079,
        "statement": "benjamin woodgates be the most trusted arranger of the artist",
        "label": 1,
        "table_caption": "out of the blue discography",
        "table_text": "track no#track#original artist#soloist (s)#vocal percussionist#arranger (s)\n2#song 2#blur#jonathan webb#joe hasell#benjamin woodgates\n3#sorry seems to be the hardest word#elton john#calum melville , deep basu ray#benedict burnett#benjamin woodgates\n4#i wish#stevie wonder#deep basu ray#benedict burnett#will stuart\n5#somebody told me#the killers#harry martin#mark cartwright#benedict burnett\n6#mustang sally#mack rice , wilson pickett#jonathan webb#benjamin woodgates#benjamin woodgates\n7#easy#commodores#will stuart#harry smith#richard holdsworth\n8#canned heat#jamiroquai#terry tamm#phil birkett#benjamin woodgates\n9#patience#take that#mark cartwright#jonathan webb#benjamin woodgates\n10#ain't no sunshine#bill withers#benjamin woodgates#jonathan webb#jonathan webb\n11#you know my name#chris cornell#deep basu ray#joe hasell#ed brightman , richard holdsworth\n",
        "pandas_code": "df['arranger (s)'].value_counts().idxmax() == 'benjamin woodgates'",
        "pandas_eval": "True"
    },
    {
        "id": 32080,
        "statement": "bill withers sing ain't no sunshine with benjamin woodgates as his soloist",
        "label": 1,
        "table_caption": "out of the blue discography",
        "table_text": "track no#track#original artist#soloist (s)#vocal percussionist#arranger (s)\n2#song 2#blur#jonathan webb#joe hasell#benjamin woodgates\n3#sorry seems to be the hardest word#elton john#calum melville , deep basu ray#benedict burnett#benjamin woodgates\n4#i wish#stevie wonder#deep basu ray#benedict burnett#will stuart\n5#somebody told me#the killers#harry martin#mark cartwright#benedict burnett\n6#mustang sally#mack rice , wilson pickett#jonathan webb#benjamin woodgates#benjamin woodgates\n7#easy#commodores#will stuart#harry smith#richard holdsworth\n8#canned heat#jamiroquai#terry tamm#phil birkett#benjamin woodgates\n9#patience#take that#mark cartwright#jonathan webb#benjamin woodgates\n10#ain't no sunshine#bill withers#benjamin woodgates#jonathan webb#jonathan webb\n11#you know my name#chris cornell#deep basu ray#joe hasell#ed brightman , richard holdsworth\n",
        "pandas_code": "df[(df['track'] == \"ain't no sunshine\") & (df['original artist'] == 'bill withers') & (df['soloist (s)'].str.contains('benjamin woodgates'))].any().any()",
        "pandas_eval": "True"
    },
    {
        "id": 32081,
        "statement": "joe hasell play the role of a vocal percussionist on the song you know my name",
        "label": 1,
        "table_caption": "out of the blue discography",
        "table_text": "track no#track#original artist#soloist (s)#vocal percussionist#arranger (s)\n2#song 2#blur#jonathan webb#joe hasell#benjamin woodgates\n3#sorry seems to be the hardest word#elton john#calum melville , deep basu ray#benedict burnett#benjamin woodgates\n4#i wish#stevie wonder#deep basu ray#benedict burnett#will stuart\n5#somebody told me#the killers#harry martin#mark cartwright#benedict burnett\n6#mustang sally#mack rice , wilson pickett#jonathan webb#benjamin woodgates#benjamin woodgates\n7#easy#commodores#will stuart#harry smith#richard holdsworth\n8#canned heat#jamiroquai#terry tamm#phil birkett#benjamin woodgates\n9#patience#take that#mark cartwright#jonathan webb#benjamin woodgates\n10#ain't no sunshine#bill withers#benjamin woodgates#jonathan webb#jonathan webb\n11#you know my name#chris cornell#deep basu ray#joe hasell#ed brightman , richard holdsworth\n",
        "pandas_code": "df[(df['track'] == 'you know my name') & (df['vocal percussionist'] == 'joe hasell')].shape[0] == 1",
        "pandas_eval": "True"
    },
    {
        "id": 32082,
        "statement": "mustang sally be include in the album out of the blue discography",
        "label": 1,
        "table_caption": "out of the blue discography",
        "table_text": "track no#track#original artist#soloist (s)#vocal percussionist#arranger (s)\n2#song 2#blur#jonathan webb#joe hasell#benjamin woodgates\n3#sorry seems to be the hardest word#elton john#calum melville , deep basu ray#benedict burnett#benjamin woodgates\n4#i wish#stevie wonder#deep basu ray#benedict burnett#will stuart\n5#somebody told me#the killers#harry martin#mark cartwright#benedict burnett\n6#mustang sally#mack rice , wilson pickett#jonathan webb#benjamin woodgates#benjamin woodgates\n7#easy#commodores#will stuart#harry smith#richard holdsworth\n8#canned heat#jamiroquai#terry tamm#phil birkett#benjamin woodgates\n9#patience#take that#mark cartwright#jonathan webb#benjamin woodgates\n10#ain't no sunshine#bill withers#benjamin woodgates#jonathan webb#jonathan webb\n11#you know my name#chris cornell#deep basu ray#joe hasell#ed brightman , richard holdsworth\n",
        "pandas_code": "df['track'].eq('mustang sally').any()",
        "pandas_eval": "True"
    },
    {
        "id": 32083,
        "statement": "the killer , together with harry martin and mark cartwright create the song somebody told me",
        "label": 1,
        "table_caption": "out of the blue discography",
        "table_text": "track no#track#original artist#soloist (s)#vocal percussionist#arranger (s)\n2#song 2#blur#jonathan webb#joe hasell#benjamin woodgates\n3#sorry seems to be the hardest word#elton john#calum melville , deep basu ray#benedict burnett#benjamin woodgates\n4#i wish#stevie wonder#deep basu ray#benedict burnett#will stuart\n5#somebody told me#the killers#harry martin#mark cartwright#benedict burnett\n6#mustang sally#mack rice , wilson pickett#jonathan webb#benjamin woodgates#benjamin woodgates\n7#easy#commodores#will stuart#harry smith#richard holdsworth\n8#canned heat#jamiroquai#terry tamm#phil birkett#benjamin woodgates\n9#patience#take that#mark cartwright#jonathan webb#benjamin woodgates\n10#ain't no sunshine#bill withers#benjamin woodgates#jonathan webb#jonathan webb\n11#you know my name#chris cornell#deep basu ray#joe hasell#ed brightman , richard holdsworth\n",
        "pandas_code": "df[(df['track'] == 'somebody told me') & (df['original artist'].str.contains('the killers')) & (df['soloist (s)'].str.contains('harry martin')) & (df['vocal percussionist'].str.contains('mark cartwright'))].any().any()",
        "pandas_eval": "True"
    },
    {
        "id": 32084,
        "statement": "benjamin woodgates be the least trusted arranger of the artist",
        "label": 0,
        "table_caption": "out of the blue discography",
        "table_text": "track no#track#original artist#soloist (s)#vocal percussionist#arranger (s)\n2#song 2#blur#jonathan webb#joe hasell#benjamin woodgates\n3#sorry seems to be the hardest word#elton john#calum melville , deep basu ray#benedict burnett#benjamin woodgates\n4#i wish#stevie wonder#deep basu ray#benedict burnett#will stuart\n5#somebody told me#the killers#harry martin#mark cartwright#benedict burnett\n6#mustang sally#mack rice , wilson pickett#jonathan webb#benjamin woodgates#benjamin woodgates\n7#easy#commodores#will stuart#harry smith#richard holdsworth\n8#canned heat#jamiroquai#terry tamm#phil birkett#benjamin woodgates\n9#patience#take that#mark cartwright#jonathan webb#benjamin woodgates\n10#ain't no sunshine#bill withers#benjamin woodgates#jonathan webb#jonathan webb\n11#you know my name#chris cornell#deep basu ray#joe hasell#ed brightman , richard holdsworth\n",
        "pandas_code": "df['arranger (s)'].value_counts().idxmin() == 'benjamin woodgates'",
        "pandas_eval": "False"
    },
    {
        "id": 32085,
        "statement": "bill withers sing patience with benjamin woodgates as his soloist",
        "label": 0,
        "table_caption": "out of the blue discography",
        "table_text": "track no#track#original artist#soloist (s)#vocal percussionist#arranger (s)\n2#song 2#blur#jonathan webb#joe hasell#benjamin woodgates\n3#sorry seems to be the hardest word#elton john#calum melville , deep basu ray#benedict burnett#benjamin woodgates\n4#i wish#stevie wonder#deep basu ray#benedict burnett#will stuart\n5#somebody told me#the killers#harry martin#mark cartwright#benedict burnett\n6#mustang sally#mack rice , wilson pickett#jonathan webb#benjamin woodgates#benjamin woodgates\n7#easy#commodores#will stuart#harry smith#richard holdsworth\n8#canned heat#jamiroquai#terry tamm#phil birkett#benjamin woodgates\n9#patience#take that#mark cartwright#jonathan webb#benjamin woodgates\n10#ain't no sunshine#bill withers#benjamin woodgates#jonathan webb#jonathan webb\n11#you know my name#chris cornell#deep basu ray#joe hasell#ed brightman , richard holdsworth\n",
        "pandas_code": "any((df['original artist'] == 'bill withers') & (df['track'] == 'patience') & (df['soloist (s)'].str.contains('benjamin woodgates')))",
        "pandas_eval": "False"
    },
    {
        "id": 32086,
        "statement": "phil birkett play the role of a vocal percussionist on the song you know my name",
        "label": 0,
        "table_caption": "out of the blue discography",
        "table_text": "track no#track#original artist#soloist (s)#vocal percussionist#arranger (s)\n2#song 2#blur#jonathan webb#joe hasell#benjamin woodgates\n3#sorry seems to be the hardest word#elton john#calum melville , deep basu ray#benedict burnett#benjamin woodgates\n4#i wish#stevie wonder#deep basu ray#benedict burnett#will stuart\n5#somebody told me#the killers#harry martin#mark cartwright#benedict burnett\n6#mustang sally#mack rice , wilson pickett#jonathan webb#benjamin woodgates#benjamin woodgates\n7#easy#commodores#will stuart#harry smith#richard holdsworth\n8#canned heat#jamiroquai#terry tamm#phil birkett#benjamin woodgates\n9#patience#take that#mark cartwright#jonathan webb#benjamin woodgates\n10#ain't no sunshine#bill withers#benjamin woodgates#jonathan webb#jonathan webb\n11#you know my name#chris cornell#deep basu ray#joe hasell#ed brightman , richard holdsworth\n",
        "pandas_code": "df[(df['track'] == 'you know my name') & (df['vocal percussionist'] == 'phil birkett')].shape[0] > 0",
        "pandas_eval": "False"
    },
    {
        "id": 32087,
        "statement": "easy be include in the album out of the blue discography",
        "label": 0,
        "table_caption": "out of the blue discography",
        "table_text": "track no#track#original artist#soloist (s)#vocal percussionist#arranger (s)\n2#song 2#blur#jonathan webb#joe hasell#benjamin woodgates\n3#sorry seems to be the hardest word#elton john#calum melville , deep basu ray#benedict burnett#benjamin woodgates\n4#i wish#stevie wonder#deep basu ray#benedict burnett#will stuart\n5#somebody told me#the killers#harry martin#mark cartwright#benedict burnett\n6#mustang sally#mack rice , wilson pickett#jonathan webb#benjamin woodgates#benjamin woodgates\n7#easy#commodores#will stuart#harry smith#richard holdsworth\n8#canned heat#jamiroquai#terry tamm#phil birkett#benjamin woodgates\n9#patience#take that#mark cartwright#jonathan webb#benjamin woodgates\n10#ain't no sunshine#bill withers#benjamin woodgates#jonathan webb#jonathan webb\n11#you know my name#chris cornell#deep basu ray#joe hasell#ed brightman , richard holdsworth\n",
        "pandas_code": "not df['track'].eq('easy').any()",
        "pandas_eval": "False"
    },
    {
        "id": 32088,
        "statement": "the killer , together with harry martin and mark cartwright create the song i wish",
        "label": 0,
        "table_caption": "out of the blue discography",
        "table_text": "track no#track#original artist#soloist (s)#vocal percussionist#arranger (s)\n2#song 2#blur#jonathan webb#joe hasell#benjamin woodgates\n3#sorry seems to be the hardest word#elton john#calum melville , deep basu ray#benedict burnett#benjamin woodgates\n4#i wish#stevie wonder#deep basu ray#benedict burnett#will stuart\n5#somebody told me#the killers#harry martin#mark cartwright#benedict burnett\n6#mustang sally#mack rice , wilson pickett#jonathan webb#benjamin woodgates#benjamin woodgates\n7#easy#commodores#will stuart#harry smith#richard holdsworth\n8#canned heat#jamiroquai#terry tamm#phil birkett#benjamin woodgates\n9#patience#take that#mark cartwright#jonathan webb#benjamin woodgates\n10#ain't no sunshine#bill withers#benjamin woodgates#jonathan webb#jonathan webb\n11#you know my name#chris cornell#deep basu ray#joe hasell#ed brightman , richard holdsworth\n",
        "pandas_code": "df[(df['original artist'].str.contains('the killers')) & (df['soloist (s)'].str.contains('harry martin')) & (df['vocal percussionist'].str.contains('mark cartwright')) & (df['track'] == 'i wish')].any().any()",
        "pandas_eval": "False"
    }
]