[
    {
        "id": 34330,
        "statement": "in 1993 men 's world ice hockey championship 2 team achieve the same highest point of 9",
        "label": 1,
        "table_caption": "1993 men 's world ice hockey championships",
        "table_text": "games#drawn#lost#points difference#points\n5#1#0#102 - 10#9\n5#1#0#94 - 08#9\n5#0#2#30 - 26#6\n5#0#3#19 - 74#4\n5#0#4#16 - 60#2\n5#0#5#08 - 91#0\n",
        "pandas_code": "len(df[df['points'] == df['points'].max()]) == 2",
        "pandas_eval": "True"
    },
    {
        "id": 34331,
        "statement": "in 1993 men 's world ice hockey championship 3rd place have 2 more point than the 4th place team",
        "label": 1,
        "table_caption": "1993 men 's world ice hockey championships",
        "table_text": "games#drawn#lost#points difference#points\n5#1#0#102 - 10#9\n5#1#0#94 - 08#9\n5#0#2#30 - 26#6\n5#0#3#19 - 74#4\n5#0#4#16 - 60#2\n5#0#5#08 - 91#0\n",
        "pandas_code": "df['points'].iloc[2] - df['points'].iloc[3] == 2",
        "pandas_eval": "True"
    },
    {
        "id": 34332,
        "statement": "the 4th and 3rd place team have an average of 3 point during the championship",
        "label": 1,
        "table_caption": "1993 men 's world ice hockey championships",
        "table_text": "games#drawn#lost#points difference#points\n5#1#0#102 - 10#9\n5#1#0#94 - 08#9\n5#0#2#30 - 26#6\n5#0#3#19 - 74#4\n5#0#4#16 - 60#2\n5#0#5#08 - 91#0\n",
        "pandas_code": "(df.iloc[2]['points'] + df.iloc[3]['points']) / 2 == 5",
        "pandas_eval": "True"
    },
    {
        "id": 34333,
        "statement": "2nd place team have no loss while 6th place have 5 loss",
        "label": 1,
        "table_caption": "1993 men 's world ice hockey championships",
        "table_text": "games#drawn#lost#points difference#points\n5#1#0#102 - 10#9\n5#1#0#94 - 08#9\n5#0#2#30 - 26#6\n5#0#3#19 - 74#4\n5#0#4#16 - 60#2\n5#0#5#08 - 91#0\n",
        "pandas_code": "(df.iloc[1]['lost'] == 0) & (df.iloc[5]['lost'] == 5)",
        "pandas_eval": "True"
    },
    {
        "id": 34334,
        "statement": "in 1993 men 's world ice hockey championships half of the team score positive point difference",
        "label": 1,
        "table_caption": "1993 men 's world ice hockey championships",
        "table_text": "games#drawn#lost#points difference#points\n5#1#0#102 - 10#9\n5#1#0#94 - 08#9\n5#0#2#30 - 26#6\n5#0#3#19 - 74#4\n5#0#4#16 - 60#2\n5#0#5#08 - 91#0\n",
        "pandas_code": "sum(df['points difference'].apply(lambda x: int(x.split(' - ')[0]) - int(x.split(' - ')[1]) > 0)) / len(df) >= 0.5",
        "pandas_eval": "True"
    },
    {
        "id": 34335,
        "statement": "no team score more than 8 point in the 1993 men 's world ice hockey championship",
        "label": 0,
        "table_caption": "1993 men 's world ice hockey championships",
        "table_text": "games#drawn#lost#points difference#points\n5#1#0#102 - 10#9\n5#1#0#94 - 08#9\n5#0#2#30 - 26#6\n5#0#3#19 - 74#4\n5#0#4#16 - 60#2\n5#0#5#08 - 91#0\n",
        "pandas_code": "df['points'].max() <= 8",
        "pandas_eval": "False"
    },
    {
        "id": 34336,
        "statement": "the 3rd place team score an impressive 7 point more than the 4th place team",
        "label": 0,
        "table_caption": "1993 men 's world ice hockey championships",
        "table_text": "games#drawn#lost#points difference#points\n5#1#0#102 - 10#9\n5#1#0#94 - 08#9\n5#0#2#30 - 26#6\n5#0#3#19 - 74#4\n5#0#4#16 - 60#2\n5#0#5#08 - 91#0\n",
        "pandas_code": "(df['points'].iloc[2] - df['points'].iloc[3]) == 7",
        "pandas_eval": "False"
    },
    {
        "id": 34337,
        "statement": "3rd and 4th place team score more less point combine than the 1st place team",
        "label": 0,
        "table_caption": "1993 men 's world ice hockey championships",
        "table_text": "games#drawn#lost#points difference#points\n5#1#0#102 - 10#9\n5#1#0#94 - 08#9\n5#0#2#30 - 26#6\n5#0#3#19 - 74#4\n5#0#4#16 - 60#2\n5#0#5#08 - 91#0\n",
        "pandas_code": "(df.iloc[2]['points'] + df.iloc[3]['points']) < df.iloc[0]['points']",
        "pandas_eval": "False"
    },
    {
        "id": 34338,
        "statement": "the 2nd place team have more loss than the 6th place team",
        "label": 0,
        "table_caption": "1993 men 's world ice hockey championships",
        "table_text": "games#drawn#lost#points difference#points\n5#1#0#102 - 10#9\n5#1#0#94 - 08#9\n5#0#2#30 - 26#6\n5#0#3#19 - 74#4\n5#0#4#16 - 60#2\n5#0#5#08 - 91#0\n",
        "pandas_code": "df.iloc[1]['lost'] > df.iloc[5]['lost']",
        "pandas_eval": "False"
    },
    {
        "id": 34339,
        "statement": "all team during the 1993 's men world ice hockey championship score neutral point difference",
        "label": 0,
        "table_caption": "1993 men 's world ice hockey championships",
        "table_text": "games#drawn#lost#points difference#points\n5#1#0#102 - 10#9\n5#1#0#94 - 08#9\n5#0#2#30 - 26#6\n5#0#3#19 - 74#4\n5#0#4#16 - 60#2\n5#0#5#08 - 91#0\n",
        "pandas_code": "all(df['points difference'].str.split(' - ').apply(lambda x: x[0] == x[1]))",
        "pandas_eval": "False"
    }
]