[
    {
        "id": 29200,
        "statement": "bernhand langer be the only player with e to par",
        "label": 1,
        "table_caption": "1981 open championship",
        "table_text": "place#player#country#score#to par#money\n1#bill rogers#united states#72 + 66 + 67 + 71 = 276#- 4#25000\n2#bernhard langer#west germany#73 + 67 + 70 + 70 = 280#e#17500\nt3#raymond floyd#united states#74 + 70 + 69 + 70 = 283#+ 3#11750\nt3#mark james#england#72 + 70 + 68 + 73 = 283#+ 3#11750\n5#sam torrance#scotland#72 + 69 + 73 + 70 = 284#+ 4#8500\nt6#bruce lietzke#united states#76 + 69 + 71 + 69 = 285#+ 5#7750\nt6#manuel piñero#spain#73 + 74 + 68 + 70 = 285#+ 5#7750\nt8#howard clark#england#72 + 76 + 70 + 68 = 286#+ 6#6500\nt8#ben crenshaw#united states#72 + 67 + 76 + 71 = 286#+ 6#6500\nt8#brian jones#australia#73 + 76 + 66 + 71 = 286#+ 6#6500\n",
        "pandas_code": "(df['to par'] == 'e').sum() == 1 and df.loc[df['to par'] == 'e', 'player'].iloc[0] == 'bernhard langer'",
        "pandas_eval": "True"
    },
    {
        "id": 29201,
        "statement": "bill rogers be the player with the most reward money , and brian jones be the player with the least",
        "label": 1,
        "table_caption": "1981 open championship",
        "table_text": "place#player#country#score#to par#money\n1#bill rogers#united states#72 + 66 + 67 + 71 = 276#- 4#25000\n2#bernhard langer#west germany#73 + 67 + 70 + 70 = 280#e#17500\nt3#raymond floyd#united states#74 + 70 + 69 + 70 = 283#+ 3#11750\nt3#mark james#england#72 + 70 + 68 + 73 = 283#+ 3#11750\n5#sam torrance#scotland#72 + 69 + 73 + 70 = 284#+ 4#8500\nt6#bruce lietzke#united states#76 + 69 + 71 + 69 = 285#+ 5#7750\nt6#manuel piñero#spain#73 + 74 + 68 + 70 = 285#+ 5#7750\nt8#howard clark#england#72 + 76 + 70 + 68 = 286#+ 6#6500\nt8#ben crenshaw#united states#72 + 67 + 76 + 71 = 286#+ 6#6500\nt8#brian jones#australia#73 + 76 + 66 + 71 = 286#+ 6#6500\n",
        "pandas_code": "(df.loc[df['player'] == 'bill rogers', 'money'].values[0] == df['money'].max()) and (df.loc[df['player'] == 'brian jones', 'money'].values[0] == df['money'].min())",
        "pandas_eval": "True"
    },
    {
        "id": 29202,
        "statement": "bill rogers , raymond floyd , bruce lietzke , and ben crenshaw be all from the united state",
        "label": 1,
        "table_caption": "1981 open championship",
        "table_text": "place#player#country#score#to par#money\n1#bill rogers#united states#72 + 66 + 67 + 71 = 276#- 4#25000\n2#bernhard langer#west germany#73 + 67 + 70 + 70 = 280#e#17500\nt3#raymond floyd#united states#74 + 70 + 69 + 70 = 283#+ 3#11750\nt3#mark james#england#72 + 70 + 68 + 73 = 283#+ 3#11750\n5#sam torrance#scotland#72 + 69 + 73 + 70 = 284#+ 4#8500\nt6#bruce lietzke#united states#76 + 69 + 71 + 69 = 285#+ 5#7750\nt6#manuel piñero#spain#73 + 74 + 68 + 70 = 285#+ 5#7750\nt8#howard clark#england#72 + 76 + 70 + 68 = 286#+ 6#6500\nt8#ben crenshaw#united states#72 + 67 + 76 + 71 = 286#+ 6#6500\nt8#brian jones#australia#73 + 76 + 66 + 71 = 286#+ 6#6500\n",
        "pandas_code": "all(df[df['player'].isin(['bill rogers', 'raymond floyd', 'bruce lietzke', 'ben crenshaw'])]['country'] == 'united states')",
        "pandas_eval": "True"
    },
    {
        "id": 29203,
        "statement": "mark james and howard clark be both from england",
        "label": 1,
        "table_caption": "1981 open championship",
        "table_text": "place#player#country#score#to par#money\n1#bill rogers#united states#72 + 66 + 67 + 71 = 276#- 4#25000\n2#bernhard langer#west germany#73 + 67 + 70 + 70 = 280#e#17500\nt3#raymond floyd#united states#74 + 70 + 69 + 70 = 283#+ 3#11750\nt3#mark james#england#72 + 70 + 68 + 73 = 283#+ 3#11750\n5#sam torrance#scotland#72 + 69 + 73 + 70 = 284#+ 4#8500\nt6#bruce lietzke#united states#76 + 69 + 71 + 69 = 285#+ 5#7750\nt6#manuel piñero#spain#73 + 74 + 68 + 70 = 285#+ 5#7750\nt8#howard clark#england#72 + 76 + 70 + 68 = 286#+ 6#6500\nt8#ben crenshaw#united states#72 + 67 + 76 + 71 = 286#+ 6#6500\nt8#brian jones#australia#73 + 76 + 66 + 71 = 286#+ 6#6500\n",
        "pandas_code": "all(df[df['player'].isin(['mark james', 'howard clark'])]['country'] == 'england')",
        "pandas_eval": "True"
    },
    {
        "id": 29204,
        "statement": "manuel piñero be the only player who be from spain",
        "label": 1,
        "table_caption": "1981 open championship",
        "table_text": "place#player#country#score#to par#money\n1#bill rogers#united states#72 + 66 + 67 + 71 = 276#- 4#25000\n2#bernhard langer#west germany#73 + 67 + 70 + 70 = 280#e#17500\nt3#raymond floyd#united states#74 + 70 + 69 + 70 = 283#+ 3#11750\nt3#mark james#england#72 + 70 + 68 + 73 = 283#+ 3#11750\n5#sam torrance#scotland#72 + 69 + 73 + 70 = 284#+ 4#8500\nt6#bruce lietzke#united states#76 + 69 + 71 + 69 = 285#+ 5#7750\nt6#manuel piñero#spain#73 + 74 + 68 + 70 = 285#+ 5#7750\nt8#howard clark#england#72 + 76 + 70 + 68 = 286#+ 6#6500\nt8#ben crenshaw#united states#72 + 67 + 76 + 71 = 286#+ 6#6500\nt8#brian jones#australia#73 + 76 + 66 + 71 = 286#+ 6#6500\n",
        "pandas_code": "df[df['country'] == 'spain']['player'].eq('manuel piñero').all()",
        "pandas_eval": "True"
    },
    {
        "id": 29205,
        "statement": "bernhand langer and bruce lietzke be the only player without e to par",
        "label": 0,
        "table_caption": "1981 open championship",
        "table_text": "place#player#country#score#to par#money\n1#bill rogers#united states#72 + 66 + 67 + 71 = 276#- 4#25000\n2#bernhard langer#west germany#73 + 67 + 70 + 70 = 280#e#17500\nt3#raymond floyd#united states#74 + 70 + 69 + 70 = 283#+ 3#11750\nt3#mark james#england#72 + 70 + 68 + 73 = 283#+ 3#11750\n5#sam torrance#scotland#72 + 69 + 73 + 70 = 284#+ 4#8500\nt6#bruce lietzke#united states#76 + 69 + 71 + 69 = 285#+ 5#7750\nt6#manuel piñero#spain#73 + 74 + 68 + 70 = 285#+ 5#7750\nt8#howard clark#england#72 + 76 + 70 + 68 = 286#+ 6#6500\nt8#ben crenshaw#united states#72 + 67 + 76 + 71 = 286#+ 6#6500\nt8#brian jones#australia#73 + 76 + 66 + 71 = 286#+ 6#6500\n",
        "pandas_code": "df[(df['player'].isin(['bernhard langer', 'bruce lietzke'])) & (df['to par'] != 'e')].empty",
        "pandas_eval": "False"
    },
    {
        "id": 29206,
        "statement": "bill rogers be the player with the least reward money , and brian jones be the player with the highest",
        "label": 0,
        "table_caption": "1981 open championship",
        "table_text": "place#player#country#score#to par#money\n1#bill rogers#united states#72 + 66 + 67 + 71 = 276#- 4#25000\n2#bernhard langer#west germany#73 + 67 + 70 + 70 = 280#e#17500\nt3#raymond floyd#united states#74 + 70 + 69 + 70 = 283#+ 3#11750\nt3#mark james#england#72 + 70 + 68 + 73 = 283#+ 3#11750\n5#sam torrance#scotland#72 + 69 + 73 + 70 = 284#+ 4#8500\nt6#bruce lietzke#united states#76 + 69 + 71 + 69 = 285#+ 5#7750\nt6#manuel piñero#spain#73 + 74 + 68 + 70 = 285#+ 5#7750\nt8#howard clark#england#72 + 76 + 70 + 68 = 286#+ 6#6500\nt8#ben crenshaw#united states#72 + 67 + 76 + 71 = 286#+ 6#6500\nt8#brian jones#australia#73 + 76 + 66 + 71 = 286#+ 6#6500\n",
        "pandas_code": "(df[df['player'] == 'bill rogers']['money'].iloc[0] == df['money'].min()) and (df[df['player'] == 'brian jones']['money'].iloc[0] == df['money'].max())",
        "pandas_eval": "False"
    },
    {
        "id": 29207,
        "statement": "bill rogers , raymond floyd , bruce lietzke , and ben crenshaw be all from west germany but no",
        "label": 0,
        "table_caption": "1981 open championship",
        "table_text": "place#player#country#score#to par#money\n1#bill rogers#united states#72 + 66 + 67 + 71 = 276#- 4#25000\n2#bernhard langer#west germany#73 + 67 + 70 + 70 = 280#e#17500\nt3#raymond floyd#united states#74 + 70 + 69 + 70 = 283#+ 3#11750\nt3#mark james#england#72 + 70 + 68 + 73 = 283#+ 3#11750\n5#sam torrance#scotland#72 + 69 + 73 + 70 = 284#+ 4#8500\nt6#bruce lietzke#united states#76 + 69 + 71 + 69 = 285#+ 5#7750\nt6#manuel piñero#spain#73 + 74 + 68 + 70 = 285#+ 5#7750\nt8#howard clark#england#72 + 76 + 70 + 68 = 286#+ 6#6500\nt8#ben crenshaw#united states#72 + 67 + 76 + 71 = 286#+ 6#6500\nt8#brian jones#australia#73 + 76 + 66 + 71 = 286#+ 6#6500\n",
        "pandas_code": "all(df[df['player'].isin(['bill rogers', 'raymond floyd', 'bruce lietzke', 'ben crenshaw'])]['country'] == 'west germany')",
        "pandas_eval": "False"
    },
    {
        "id": 29208,
        "statement": "neither mark jam nor howard clark be from england",
        "label": 0,
        "table_caption": "1981 open championship",
        "table_text": "place#player#country#score#to par#money\n1#bill rogers#united states#72 + 66 + 67 + 71 = 276#- 4#25000\n2#bernhard langer#west germany#73 + 67 + 70 + 70 = 280#e#17500\nt3#raymond floyd#united states#74 + 70 + 69 + 70 = 283#+ 3#11750\nt3#mark james#england#72 + 70 + 68 + 73 = 283#+ 3#11750\n5#sam torrance#scotland#72 + 69 + 73 + 70 = 284#+ 4#8500\nt6#bruce lietzke#united states#76 + 69 + 71 + 69 = 285#+ 5#7750\nt6#manuel piñero#spain#73 + 74 + 68 + 70 = 285#+ 5#7750\nt8#howard clark#england#72 + 76 + 70 + 68 = 286#+ 6#6500\nt8#ben crenshaw#united states#72 + 67 + 76 + 71 = 286#+ 6#6500\nt8#brian jones#australia#73 + 76 + 66 + 71 = 286#+ 6#6500\n",
        "pandas_code": "not any(df[df['player'].isin(['mark james', 'howard clark'])]['country'] == 'england')",
        "pandas_eval": "False"
    },
    {
        "id": 29209,
        "statement": "manuel piñero , bruce lietzke and ben crenshaw be the only player who be from england",
        "label": 0,
        "table_caption": "1981 open championship",
        "table_text": "place#player#country#score#to par#money\n1#bill rogers#united states#72 + 66 + 67 + 71 = 276#- 4#25000\n2#bernhard langer#west germany#73 + 67 + 70 + 70 = 280#e#17500\nt3#raymond floyd#united states#74 + 70 + 69 + 70 = 283#+ 3#11750\nt3#mark james#england#72 + 70 + 68 + 73 = 283#+ 3#11750\n5#sam torrance#scotland#72 + 69 + 73 + 70 = 284#+ 4#8500\nt6#bruce lietzke#united states#76 + 69 + 71 + 69 = 285#+ 5#7750\nt6#manuel piñero#spain#73 + 74 + 68 + 70 = 285#+ 5#7750\nt8#howard clark#england#72 + 76 + 70 + 68 = 286#+ 6#6500\nt8#ben crenshaw#united states#72 + 67 + 76 + 71 = 286#+ 6#6500\nt8#brian jones#australia#73 + 76 + 66 + 71 = 286#+ 6#6500\n",
        "pandas_code": "all(df[df['player'].isin(['manuel piñero', 'bruce lietzke', 'ben crenshaw'])]['country'] == 'england') and df[~df['player'].isin(['manuel piñero', 'bruce lietzke', 'ben crenshaw'])]['country'].ne('england').all()",
        "pandas_eval": "False"
    },
    {
        "id": 46048,
        "statement": "bill rodgers place above peter townsend",
        "label": 1,
        "table_caption": "1981 open championship",
        "table_text": "place#player#country#score#to par\n1#bill rogers#united states#72 + 66 = 138#- 2\nt2#ben crenshaw#united states#72 + 67 = 139#- 1\nt2#nick job#england#70 + 69 = 139#- 1\n4#bernhard langer#west germany#73 + 67 = 140#e\n5#sam torrance#scotland#72 + 69 = 141#+ 1\nt6#david graham#australia#71 + 71 = 142#+ 2\nt6#tony jacklin#england#71 + 71 = 142#+ 2\nt6#mark james#england#72 + 70 = 142#+ 2\nt6#tom watson#united states#73 + 69 = 142#+ 2\nt10#gordon j brand#england#78 + 65 = 143#+ 3\nt10#bill dunk#australia#76 + 67 = 143#+ 3\nt10#trevor powell#wales#75 + 68 = 143#+ 3\nt10#peter townsend#england#73 + 70 = 143#+ 3\n",
        "pandas_code": "df[df['player'] == 'bill rogers']['place'].values[0] < df[df['player'] == 'peter townsend']['place'].values[0]",
        "pandas_eval": "True"
    },
    {
        "id": 46049,
        "statement": "7 player represent part of the united kingdom",
        "label": 1,
        "table_caption": "1981 open championship",
        "table_text": "place#player#country#score#to par\n1#bill rogers#united states#72 + 66 = 138#- 2\nt2#ben crenshaw#united states#72 + 67 = 139#- 1\nt2#nick job#england#70 + 69 = 139#- 1\n4#bernhard langer#west germany#73 + 67 = 140#e\n5#sam torrance#scotland#72 + 69 = 141#+ 1\nt6#david graham#australia#71 + 71 = 142#+ 2\nt6#tony jacklin#england#71 + 71 = 142#+ 2\nt6#mark james#england#72 + 70 = 142#+ 2\nt6#tom watson#united states#73 + 69 = 142#+ 2\nt10#gordon j brand#england#78 + 65 = 143#+ 3\nt10#bill dunk#australia#76 + 67 = 143#+ 3\nt10#trevor powell#wales#75 + 68 = 143#+ 3\nt10#peter townsend#england#73 + 70 = 143#+ 3\n",
        "pandas_code": "len(df[df['country'].isin(['england', 'scotland', 'wales'])]) == 7",
        "pandas_eval": "True"
    },
    {
        "id": 46050,
        "statement": "peter townsend finish 3 above par and tom watson finish 2 above par",
        "label": 1,
        "table_caption": "1981 open championship",
        "table_text": "place#player#country#score#to par\n1#bill rogers#united states#72 + 66 = 138#- 2\nt2#ben crenshaw#united states#72 + 67 = 139#- 1\nt2#nick job#england#70 + 69 = 139#- 1\n4#bernhard langer#west germany#73 + 67 = 140#e\n5#sam torrance#scotland#72 + 69 = 141#+ 1\nt6#david graham#australia#71 + 71 = 142#+ 2\nt6#tony jacklin#england#71 + 71 = 142#+ 2\nt6#mark james#england#72 + 70 = 142#+ 2\nt6#tom watson#united states#73 + 69 = 142#+ 2\nt10#gordon j brand#england#78 + 65 = 143#+ 3\nt10#bill dunk#australia#76 + 67 = 143#+ 3\nt10#trevor powell#wales#75 + 68 = 143#+ 3\nt10#peter townsend#england#73 + 70 = 143#+ 3\n",
        "pandas_code": "all(df[df['player'].isin(['peter townsend', 'tom watson'])].sort_values('player')['to par'] == ['+ 3', '+ 2'])",
        "pandas_eval": "True"
    },
    {
        "id": 46051,
        "statement": "bill dunk have the same score as trevor powell",
        "label": 1,
        "table_caption": "1981 open championship",
        "table_text": "place#player#country#score#to par\n1#bill rogers#united states#72 + 66 = 138#- 2\nt2#ben crenshaw#united states#72 + 67 = 139#- 1\nt2#nick job#england#70 + 69 = 139#- 1\n4#bernhard langer#west germany#73 + 67 = 140#e\n5#sam torrance#scotland#72 + 69 = 141#+ 1\nt6#david graham#australia#71 + 71 = 142#+ 2\nt6#tony jacklin#england#71 + 71 = 142#+ 2\nt6#mark james#england#72 + 70 = 142#+ 2\nt6#tom watson#united states#73 + 69 = 142#+ 2\nt10#gordon j brand#england#78 + 65 = 143#+ 3\nt10#bill dunk#australia#76 + 67 = 143#+ 3\nt10#trevor powell#wales#75 + 68 = 143#+ 3\nt10#peter townsend#england#73 + 70 = 143#+ 3\n",
        "pandas_code": "int(df[df['player'] == 'bill dunk']['score'].str.split(' = ').str[-1].values[0]) == int(df[df['player'] == 'trevor powell']['score'].str.split(' = ').str[-1].values[0])",
        "pandas_eval": "True"
    },
    {
        "id": 46052,
        "statement": "2 player be tie for second place",
        "label": 1,
        "table_caption": "1981 open championship",
        "table_text": "place#player#country#score#to par\n1#bill rogers#united states#72 + 66 = 138#- 2\nt2#ben crenshaw#united states#72 + 67 = 139#- 1\nt2#nick job#england#70 + 69 = 139#- 1\n4#bernhard langer#west germany#73 + 67 = 140#e\n5#sam torrance#scotland#72 + 69 = 141#+ 1\nt6#david graham#australia#71 + 71 = 142#+ 2\nt6#tony jacklin#england#71 + 71 = 142#+ 2\nt6#mark james#england#72 + 70 = 142#+ 2\nt6#tom watson#united states#73 + 69 = 142#+ 2\nt10#gordon j brand#england#78 + 65 = 143#+ 3\nt10#bill dunk#australia#76 + 67 = 143#+ 3\nt10#trevor powell#wales#75 + 68 = 143#+ 3\nt10#peter townsend#england#73 + 70 = 143#+ 3\n",
        "pandas_code": "len(df[df['place'] == 't2']) == 2",
        "pandas_eval": "True"
    },
    {
        "id": 46053,
        "statement": "bill rodgers be place second to peter townsend on 1981 open championship game",
        "label": 0,
        "table_caption": "1981 open championship",
        "table_text": "place#player#country#score#to par\n1#bill rogers#united states#72 + 66 = 138#- 2\nt2#ben crenshaw#united states#72 + 67 = 139#- 1\nt2#nick job#england#70 + 69 = 139#- 1\n4#bernhard langer#west germany#73 + 67 = 140#e\n5#sam torrance#scotland#72 + 69 = 141#+ 1\nt6#david graham#australia#71 + 71 = 142#+ 2\nt6#tony jacklin#england#71 + 71 = 142#+ 2\nt6#mark james#england#72 + 70 = 142#+ 2\nt6#tom watson#united states#73 + 69 = 142#+ 2\nt10#gordon j brand#england#78 + 65 = 143#+ 3\nt10#bill dunk#australia#76 + 67 = 143#+ 3\nt10#trevor powell#wales#75 + 68 = 143#+ 3\nt10#peter townsend#england#73 + 70 = 143#+ 3\n",
        "pandas_code": "(df[df['player'] == 'bill rogers']['place'].values[0] != '1') | (df[df['player'] == 'peter townsend']['place'].values[0] != 't10')",
        "pandas_eval": "False"
    },
    {
        "id": 46054,
        "statement": "only 1 player in the game represent united kingdom",
        "label": 0,
        "table_caption": "1981 open championship",
        "table_text": "place#player#country#score#to par\n1#bill rogers#united states#72 + 66 = 138#- 2\nt2#ben crenshaw#united states#72 + 67 = 139#- 1\nt2#nick job#england#70 + 69 = 139#- 1\n4#bernhard langer#west germany#73 + 67 = 140#e\n5#sam torrance#scotland#72 + 69 = 141#+ 1\nt6#david graham#australia#71 + 71 = 142#+ 2\nt6#tony jacklin#england#71 + 71 = 142#+ 2\nt6#mark james#england#72 + 70 = 142#+ 2\nt6#tom watson#united states#73 + 69 = 142#+ 2\nt10#gordon j brand#england#78 + 65 = 143#+ 3\nt10#bill dunk#australia#76 + 67 = 143#+ 3\nt10#trevor powell#wales#75 + 68 = 143#+ 3\nt10#peter townsend#england#73 + 70 = 143#+ 3\n",
        "pandas_code": "len(df[df['country'].isin(['england', 'scotland', 'wales'])]) == 1",
        "pandas_eval": "False"
    },
    {
        "id": 46055,
        "statement": "peter townsend finish with - 1 par and tom watson finish 3 above par",
        "label": 0,
        "table_caption": "1981 open championship",
        "table_text": "place#player#country#score#to par\n1#bill rogers#united states#72 + 66 = 138#- 2\nt2#ben crenshaw#united states#72 + 67 = 139#- 1\nt2#nick job#england#70 + 69 = 139#- 1\n4#bernhard langer#west germany#73 + 67 = 140#e\n5#sam torrance#scotland#72 + 69 = 141#+ 1\nt6#david graham#australia#71 + 71 = 142#+ 2\nt6#tony jacklin#england#71 + 71 = 142#+ 2\nt6#mark james#england#72 + 70 = 142#+ 2\nt6#tom watson#united states#73 + 69 = 142#+ 2\nt10#gordon j brand#england#78 + 65 = 143#+ 3\nt10#bill dunk#australia#76 + 67 = 143#+ 3\nt10#trevor powell#wales#75 + 68 = 143#+ 3\nt10#peter townsend#england#73 + 70 = 143#+ 3\n",
        "pandas_code": "(df[df['player'] == 'peter townsend']['to par'].values[0] == '- 1') & (df[df['player'] == 'tom watson']['to par'].values[0] == '+ 2')",
        "pandas_eval": "False"
    },
    {
        "id": 46056,
        "statement": "bill dunk and trevoll powell both score 138",
        "label": 0,
        "table_caption": "1981 open championship",
        "table_text": "place#player#country#score#to par\n1#bill rogers#united states#72 + 66 = 138#- 2\nt2#ben crenshaw#united states#72 + 67 = 139#- 1\nt2#nick job#england#70 + 69 = 139#- 1\n4#bernhard langer#west germany#73 + 67 = 140#e\n5#sam torrance#scotland#72 + 69 = 141#+ 1\nt6#david graham#australia#71 + 71 = 142#+ 2\nt6#tony jacklin#england#71 + 71 = 142#+ 2\nt6#mark james#england#72 + 70 = 142#+ 2\nt6#tom watson#united states#73 + 69 = 142#+ 2\nt10#gordon j brand#england#78 + 65 = 143#+ 3\nt10#bill dunk#australia#76 + 67 = 143#+ 3\nt10#trevor powell#wales#75 + 68 = 143#+ 3\nt10#peter townsend#england#73 + 70 = 143#+ 3\n",
        "pandas_code": "all(df[df['player'].isin(['bill dunk', 'trevor powell'])]['score'] == '72 + 66 = 138')",
        "pandas_eval": "False"
    },
    {
        "id": 46057,
        "statement": "bill rogers and ben crenshaw be both on second place",
        "label": 0,
        "table_caption": "1981 open championship",
        "table_text": "place#player#country#score#to par\n1#bill rogers#united states#72 + 66 = 138#- 2\nt2#ben crenshaw#united states#72 + 67 = 139#- 1\nt2#nick job#england#70 + 69 = 139#- 1\n4#bernhard langer#west germany#73 + 67 = 140#e\n5#sam torrance#scotland#72 + 69 = 141#+ 1\nt6#david graham#australia#71 + 71 = 142#+ 2\nt6#tony jacklin#england#71 + 71 = 142#+ 2\nt6#mark james#england#72 + 70 = 142#+ 2\nt6#tom watson#united states#73 + 69 = 142#+ 2\nt10#gordon j brand#england#78 + 65 = 143#+ 3\nt10#bill dunk#australia#76 + 67 = 143#+ 3\nt10#trevor powell#wales#75 + 68 = 143#+ 3\nt10#peter townsend#england#73 + 70 = 143#+ 3\n",
        "pandas_code": "all(df[df['player'].isin(['bill rogers', 'ben crenshaw'])]['place'] == 't2')",
        "pandas_eval": "False"
    },
    {
        "id": 60611,
        "statement": "player seve ballesteros have a total of 293",
        "label": 1,
        "table_caption": "1981 open championship",
        "table_text": "player#country#year (s) won#total#to par#finish\nlee trevino#united states#1971 , 1972#287#+ 3#t11\njack nicklaus#united states#1966 , 1970 , 1978#290#+ 10#t23\narnold palmer#united states#1961 , 1962#290#+ 10#t23\ntom watson#united states#1975 , 1977 , 1980#290#+ 10#t23\ntony jacklin#england#1969#290#+ 10#t23\nbob charles#new zealand#1963#292#+ 12#t35\nseve ballesteros#spain#1979#293#+ 13#t39\njohnny miller#united states#1976#293#+ 13#t39\n",
        "pandas_code": "df[df['player'] == 'seve ballesteros']['total'].values[0] == 293",
        "pandas_eval": "True"
    },
    {
        "id": 60612,
        "statement": "seve ballesteros from new zealand won in 1979",
        "label": 0,
        "table_caption": "1981 open championship",
        "table_text": "player#country#year (s) won#total#to par#finish\nlee trevino#united states#1971 , 1972#287#+ 3#t11\njack nicklaus#united states#1966 , 1970 , 1978#290#+ 10#t23\narnold palmer#united states#1961 , 1962#290#+ 10#t23\ntom watson#united states#1975 , 1977 , 1980#290#+ 10#t23\ntony jacklin#england#1969#290#+ 10#t23\nbob charles#new zealand#1963#292#+ 12#t35\nseve ballesteros#spain#1979#293#+ 13#t39\njohnny miller#united states#1976#293#+ 13#t39\n",
        "pandas_code": "df[(df['player'] == 'seve ballesteros') & (df['country'] == 'new zealand') & (df['year (s) won'].str.contains('1979'))].any().any()",
        "pandas_eval": "False"
    }
]