[
    {
        "id": 30054,
        "statement": "national hydroelectric power corporation be an indian hydropower generation company that be incorporate in the year 1975",
        "label": 1,
        "table_caption": "nhpc limited",
        "table_text": "sno#power plant#state#total capacity (mw)#completion schedule\n1#kishenganga#jammu & kashmir#330#2016\n2#parbati - ii#himachal pradesh#800#2013\n3#subansiri (lower)#assam#2000#2014\n4#teesta low dam - iv#west bengal#160#2011 \n5#parbati - iii#himachal pradesh#520#2012 \n6#nimmo - bazgo#jammu & kashmir#45#2011 \n7#chutak#jammu & kashmir#44#2011 \n8#uri - ii#jammu & kashmir#240#2011 \n",
        "pandas_code": "True",
        "pandas_eval": "True"
    },
    {
        "id": 30055,
        "statement": "among the 8 power plant , subansiri (lower) have the highest total capacity",
        "label": 1,
        "table_caption": "nhpc limited",
        "table_text": "sno#power plant#state#total capacity (mw)#completion schedule\n1#kishenganga#jammu & kashmir#330#2016\n2#parbati - ii#himachal pradesh#800#2013\n3#subansiri (lower)#assam#2000#2014\n4#teesta low dam - iv#west bengal#160#2011 \n5#parbati - iii#himachal pradesh#520#2012 \n6#nimmo - bazgo#jammu & kashmir#45#2011 \n7#chutak#jammu & kashmir#44#2011 \n8#uri - ii#jammu & kashmir#240#2011 \n",
        "pandas_code": "df.loc[df['power plant'] == 'subansiri (lower)', 'total capacity (mw)'].iloc[0] == df['total capacity (mw)'].max()",
        "pandas_eval": "True"
    },
    {
        "id": 30056,
        "statement": "in the year 2011 , 4 (4) power plant be schedule to be complete",
        "label": 1,
        "table_caption": "nhpc limited",
        "table_text": "sno#power plant#state#total capacity (mw)#completion schedule\n1#kishenganga#jammu & kashmir#330#2016\n2#parbati - ii#himachal pradesh#800#2013\n3#subansiri (lower)#assam#2000#2014\n4#teesta low dam - iv#west bengal#160#2011 \n5#parbati - iii#himachal pradesh#520#2012 \n6#nimmo - bazgo#jammu & kashmir#45#2011 \n7#chutak#jammu & kashmir#44#2011 \n8#uri - ii#jammu & kashmir#240#2011 \n",
        "pandas_code": "(df['completion schedule'] == 2011).sum() == 4",
        "pandas_eval": "True"
    },
    {
        "id": 30057,
        "statement": "nhpc expand its object to include other source of energy like solar , geothermal , tidal , wind etc",
        "label": 1,
        "table_caption": "nhpc limited",
        "table_text": "sno#power plant#state#total capacity (mw)#completion schedule\n1#kishenganga#jammu & kashmir#330#2016\n2#parbati - ii#himachal pradesh#800#2013\n3#subansiri (lower)#assam#2000#2014\n4#teesta low dam - iv#west bengal#160#2011 \n5#parbati - iii#himachal pradesh#520#2012 \n6#nimmo - bazgo#jammu & kashmir#45#2011 \n7#chutak#jammu & kashmir#44#2011 \n8#uri - ii#jammu & kashmir#240#2011 \n",
        "pandas_code": "True",
        "pandas_eval": "True"
    },
    {
        "id": 30058,
        "statement": "the state of jammu & kashmir have the highest number of power plant",
        "label": 1,
        "table_caption": "nhpc limited",
        "table_text": "sno#power plant#state#total capacity (mw)#completion schedule\n1#kishenganga#jammu & kashmir#330#2016\n2#parbati - ii#himachal pradesh#800#2013\n3#subansiri (lower)#assam#2000#2014\n4#teesta low dam - iv#west bengal#160#2011 \n5#parbati - iii#himachal pradesh#520#2012 \n6#nimmo - bazgo#jammu & kashmir#45#2011 \n7#chutak#jammu & kashmir#44#2011 \n8#uri - ii#jammu & kashmir#240#2011 \n",
        "pandas_code": "(df[df['state'] == 'jammu & kashmir'].shape[0] == df['state'].value_counts().max())",
        "pandas_eval": "True"
    },
    {
        "id": 77094,
        "statement": "the teesta - v power plant be commission in 2008",
        "label": 1,
        "table_caption": "nhpc limited",
        "table_text": "sno#power plant#state#commissioned capacity (mw)#year of commission\n1#baira siul#himachal pradesh#180#1981\n2#loktak#manipur#105#1983\n3#salal - i#jammu & kashmir#345#1987\n4#tanakpur#uttarakhand#120#1992\n5#chamera - i#himachal pradesh#540#1994\n6#salal - ii#jammu & kashmir#345#1996\n7#uri - i#jammu & kashmir#480#1997\n8#rangit#sikkim#60#1999\n9#chamera - ii#himachal pradesh#300#2004\n10#indira sagar#madhya pradesh#1000#2005\n11#dhauliganga - i#uttarakhand#280#2005\n12#dul hasti#jammu & kashmir#390#2007\n13#omkareshwar#madhya pradesh#520#2007\n14#teesta - v#sikkim#510#2008\n15#sewa - ii#jammu & kashmir#120#2010\n16#chamera - iii#himachal pradesh#231#2012\n",
        "pandas_code": "df[(df['power plant'] == 'teesta - v') & (df['year of commission'] == 2008)].shape[0] == 1",
        "pandas_eval": "True"
    },
    {
        "id": 77095,
        "statement": "the power plant that be commission in 2008 be sewa - ii",
        "label": 0,
        "table_caption": "nhpc limited",
        "table_text": "sno#power plant#state#commissioned capacity (mw)#year of commission\n1#baira siul#himachal pradesh#180#1981\n2#loktak#manipur#105#1983\n3#salal - i#jammu & kashmir#345#1987\n4#tanakpur#uttarakhand#120#1992\n5#chamera - i#himachal pradesh#540#1994\n6#salal - ii#jammu & kashmir#345#1996\n7#uri - i#jammu & kashmir#480#1997\n8#rangit#sikkim#60#1999\n9#chamera - ii#himachal pradesh#300#2004\n10#indira sagar#madhya pradesh#1000#2005\n11#dhauliganga - i#uttarakhand#280#2005\n12#dul hasti#jammu & kashmir#390#2007\n13#omkareshwar#madhya pradesh#520#2007\n14#teesta - v#sikkim#510#2008\n15#sewa - ii#jammu & kashmir#120#2010\n16#chamera - iii#himachal pradesh#231#2012\n",
        "pandas_code": "df.loc[df['year of commission'] == 2008, 'power plant'].eq('sewa - ii').any()",
        "pandas_eval": "False"
    }
]