[
    {
        "id": 29345,
        "statement": "euro lyn direct fewer episode than keith boak",
        "label": 1,
        "table_caption": "doctor who (series 1)",
        "table_text": "story no#episode#title#directed by#written by#uk viewers (million)#ai (%)#original air date#production code\n157#1#rose#keith boak#russell t davies#10.81#81#26 march 2005#1.1\n158#2#the end of the world#euros lyn#russell t davies#7.97#79#2 april 2005#1.2\n159#3#the unquiet dead#euros lyn#mark gatiss#8.86#80#9 april 2005#1.3\n160a#4#aliens of london#keith boak#russell t davies#7.63#81#16 april 2005#1.4\n160b#5#world war three#keith boak#russell t davies#7.98#82#23 april 2005#1.5\n161#6#dalek#joe ahearne#robert shearman#8.63#84#30 april 2005#1.6\n162#7#the long game#brian grant#russell t davies#8.01#81#7 may 2005#1.7\n163#8#father 's day#joe ahearne#paul cornell#8.06#83#14 may 2005#1.8\n164a#9#the empty child#james hawes#steven moffat#7.11#84#21 may 2005#1.9\n164b#10#the doctor dances#james hawes#steven moffat#6.86#85#28 may 2005#1.10\n165#11#boom town#joe ahearne#russell t davies#7.68#82#4 june 2005#1.11\n166a#12#bad wolf#joe ahearne#russell t davies#6.81#85#11 june 2005#1.12\n",
        "pandas_code": "(df[df['directed by'] == 'euros lyn'].shape[0] < df[df['directed by'] == 'keith boak'].shape[0])",
        "pandas_eval": "True"
    },
    {
        "id": 29346,
        "statement": "russel t davies write the most episode",
        "label": 1,
        "table_caption": "doctor who (series 1)",
        "table_text": "story no#episode#title#directed by#written by#uk viewers (million)#ai (%)#original air date#production code\n157#1#rose#keith boak#russell t davies#10.81#81#26 march 2005#1.1\n158#2#the end of the world#euros lyn#russell t davies#7.97#79#2 april 2005#1.2\n159#3#the unquiet dead#euros lyn#mark gatiss#8.86#80#9 april 2005#1.3\n160a#4#aliens of london#keith boak#russell t davies#7.63#81#16 april 2005#1.4\n160b#5#world war three#keith boak#russell t davies#7.98#82#23 april 2005#1.5\n161#6#dalek#joe ahearne#robert shearman#8.63#84#30 april 2005#1.6\n162#7#the long game#brian grant#russell t davies#8.01#81#7 may 2005#1.7\n163#8#father 's day#joe ahearne#paul cornell#8.06#83#14 may 2005#1.8\n164a#9#the empty child#james hawes#steven moffat#7.11#84#21 may 2005#1.9\n164b#10#the doctor dances#james hawes#steven moffat#6.86#85#28 may 2005#1.10\n165#11#boom town#joe ahearne#russell t davies#7.68#82#4 june 2005#1.11\n166a#12#bad wolf#joe ahearne#russell t davies#6.81#85#11 june 2005#1.12\n",
        "pandas_code": "df['written by'].value_counts().idxmax() == 'russell t davies'",
        "pandas_eval": "True"
    },
    {
        "id": 29347,
        "statement": "the highest number of uk viewer be for episode 1",
        "label": 1,
        "table_caption": "doctor who (series 1)",
        "table_text": "story no#episode#title#directed by#written by#uk viewers (million)#ai (%)#original air date#production code\n157#1#rose#keith boak#russell t davies#10.81#81#26 march 2005#1.1\n158#2#the end of the world#euros lyn#russell t davies#7.97#79#2 april 2005#1.2\n159#3#the unquiet dead#euros lyn#mark gatiss#8.86#80#9 april 2005#1.3\n160a#4#aliens of london#keith boak#russell t davies#7.63#81#16 april 2005#1.4\n160b#5#world war three#keith boak#russell t davies#7.98#82#23 april 2005#1.5\n161#6#dalek#joe ahearne#robert shearman#8.63#84#30 april 2005#1.6\n162#7#the long game#brian grant#russell t davies#8.01#81#7 may 2005#1.7\n163#8#father 's day#joe ahearne#paul cornell#8.06#83#14 may 2005#1.8\n164a#9#the empty child#james hawes#steven moffat#7.11#84#21 may 2005#1.9\n164b#10#the doctor dances#james hawes#steven moffat#6.86#85#28 may 2005#1.10\n165#11#boom town#joe ahearne#russell t davies#7.68#82#4 june 2005#1.11\n166a#12#bad wolf#joe ahearne#russell t davies#6.81#85#11 june 2005#1.12\n",
        "pandas_code": "df.loc[df['episode'] == 1, 'uk viewers (million)'].max() == df['uk viewers (million)'].max()",
        "pandas_eval": "True"
    },
    {
        "id": 29348,
        "statement": "episode 8 have more uk viewer than episode 9",
        "label": 1,
        "table_caption": "doctor who (series 1)",
        "table_text": "story no#episode#title#directed by#written by#uk viewers (million)#ai (%)#original air date#production code\n157#1#rose#keith boak#russell t davies#10.81#81#26 march 2005#1.1\n158#2#the end of the world#euros lyn#russell t davies#7.97#79#2 april 2005#1.2\n159#3#the unquiet dead#euros lyn#mark gatiss#8.86#80#9 april 2005#1.3\n160a#4#aliens of london#keith boak#russell t davies#7.63#81#16 april 2005#1.4\n160b#5#world war three#keith boak#russell t davies#7.98#82#23 april 2005#1.5\n161#6#dalek#joe ahearne#robert shearman#8.63#84#30 april 2005#1.6\n162#7#the long game#brian grant#russell t davies#8.01#81#7 may 2005#1.7\n163#8#father 's day#joe ahearne#paul cornell#8.06#83#14 may 2005#1.8\n164a#9#the empty child#james hawes#steven moffat#7.11#84#21 may 2005#1.9\n164b#10#the doctor dances#james hawes#steven moffat#6.86#85#28 may 2005#1.10\n165#11#boom town#joe ahearne#russell t davies#7.68#82#4 june 2005#1.11\n166a#12#bad wolf#joe ahearne#russell t davies#6.81#85#11 june 2005#1.12\n",
        "pandas_code": "df[df['episode'] == 8]['uk viewers (million)'].values[0] > df[df['episode'] == 9]['uk viewers (million)'].values[0]",
        "pandas_eval": "True"
    },
    {
        "id": 29349,
        "statement": "the highest ai percentage be 85",
        "label": 1,
        "table_caption": "doctor who (series 1)",
        "table_text": "story no#episode#title#directed by#written by#uk viewers (million)#ai (%)#original air date#production code\n157#1#rose#keith boak#russell t davies#10.81#81#26 march 2005#1.1\n158#2#the end of the world#euros lyn#russell t davies#7.97#79#2 april 2005#1.2\n159#3#the unquiet dead#euros lyn#mark gatiss#8.86#80#9 april 2005#1.3\n160a#4#aliens of london#keith boak#russell t davies#7.63#81#16 april 2005#1.4\n160b#5#world war three#keith boak#russell t davies#7.98#82#23 april 2005#1.5\n161#6#dalek#joe ahearne#robert shearman#8.63#84#30 april 2005#1.6\n162#7#the long game#brian grant#russell t davies#8.01#81#7 may 2005#1.7\n163#8#father 's day#joe ahearne#paul cornell#8.06#83#14 may 2005#1.8\n164a#9#the empty child#james hawes#steven moffat#7.11#84#21 may 2005#1.9\n164b#10#the doctor dances#james hawes#steven moffat#6.86#85#28 may 2005#1.10\n165#11#boom town#joe ahearne#russell t davies#7.68#82#4 june 2005#1.11\n166a#12#bad wolf#joe ahearne#russell t davies#6.81#85#11 june 2005#1.12\n",
        "pandas_code": "df['ai (%)'].max() == 85",
        "pandas_eval": "True"
    }
]