[
    {
        "id": 31734,
        "statement": "rodger davis finish 7 below par and tom watson finish 2 below par",
        "label": 1,
        "table_caption": "1987 open championship",
        "table_text": "place#player#country#score#to par\n1#rodger davis#australia#64#- 7\nt2#ken green#united states#67#- 4\nt2#lee trevino#united states#67#- 4\nt2#bob tway#united states#67#- 4\nt5#paul azinger#united states#68#- 3\nt5#nick faldo#england#68#- 3\nt5#larry mize#united states#68#- 3\nt5#nick price#zimbabwe#68#- 3\nt9#ken brown#scotland#69#- 2\nt9#mark calcavecchia#united states#69#- 2\nt9#david graham#australia#69#- 2\nt9#jay haas#united states#69#- 2\nt9#bernhard langer#west germany#69#- 2\nt9#graham marsh#australia#69#- 2\nt9#masashi ozaki#japan#69#- 2\nt9#craig stadler#united states#69#- 2\nt9#gerard taylor#australia#69#- 2\nt9#tom watson#united states#69#- 2\n",
        "pandas_code": "(df[df['player'] == 'rodger davis']['to par'].values[0] == '- 7') & (df[df['player'] == 'tom watson']['to par'].values[0] == '- 2')",
        "pandas_eval": "True"
    },
    {
        "id": 31735,
        "statement": "10 player finish 2 below par",
        "label": 1,
        "table_caption": "1987 open championship",
        "table_text": "place#player#country#score#to par\n1#rodger davis#australia#64#- 7\nt2#ken green#united states#67#- 4\nt2#lee trevino#united states#67#- 4\nt2#bob tway#united states#67#- 4\nt5#paul azinger#united states#68#- 3\nt5#nick faldo#england#68#- 3\nt5#larry mize#united states#68#- 3\nt5#nick price#zimbabwe#68#- 3\nt9#ken brown#scotland#69#- 2\nt9#mark calcavecchia#united states#69#- 2\nt9#david graham#australia#69#- 2\nt9#jay haas#united states#69#- 2\nt9#bernhard langer#west germany#69#- 2\nt9#graham marsh#australia#69#- 2\nt9#masashi ozaki#japan#69#- 2\nt9#craig stadler#united states#69#- 2\nt9#gerard taylor#australia#69#- 2\nt9#tom watson#united states#69#- 2\n",
        "pandas_code": "len(df[df['to par'] == '- 2']) == 10",
        "pandas_eval": "True"
    },
    {
        "id": 31736,
        "statement": "tom watson and jay haas represent the same country",
        "label": 1,
        "table_caption": "1987 open championship",
        "table_text": "place#player#country#score#to par\n1#rodger davis#australia#64#- 7\nt2#ken green#united states#67#- 4\nt2#lee trevino#united states#67#- 4\nt2#bob tway#united states#67#- 4\nt5#paul azinger#united states#68#- 3\nt5#nick faldo#england#68#- 3\nt5#larry mize#united states#68#- 3\nt5#nick price#zimbabwe#68#- 3\nt9#ken brown#scotland#69#- 2\nt9#mark calcavecchia#united states#69#- 2\nt9#david graham#australia#69#- 2\nt9#jay haas#united states#69#- 2\nt9#bernhard langer#west germany#69#- 2\nt9#graham marsh#australia#69#- 2\nt9#masashi ozaki#japan#69#- 2\nt9#craig stadler#united states#69#- 2\nt9#gerard taylor#australia#69#- 2\nt9#tom watson#united states#69#- 2\n",
        "pandas_code": "df[df['player'].isin(['tom watson', 'jay haas'])]['country'].nunique() == 1",
        "pandas_eval": "True"
    },
    {
        "id": 31737,
        "statement": "rodger davis' score be 5 point lower than tom watson",
        "label": 1,
        "table_caption": "1987 open championship",
        "table_text": "place#player#country#score#to par\n1#rodger davis#australia#64#- 7\nt2#ken green#united states#67#- 4\nt2#lee trevino#united states#67#- 4\nt2#bob tway#united states#67#- 4\nt5#paul azinger#united states#68#- 3\nt5#nick faldo#england#68#- 3\nt5#larry mize#united states#68#- 3\nt5#nick price#zimbabwe#68#- 3\nt9#ken brown#scotland#69#- 2\nt9#mark calcavecchia#united states#69#- 2\nt9#david graham#australia#69#- 2\nt9#jay haas#united states#69#- 2\nt9#bernhard langer#west germany#69#- 2\nt9#graham marsh#australia#69#- 2\nt9#masashi ozaki#japan#69#- 2\nt9#craig stadler#united states#69#- 2\nt9#gerard taylor#australia#69#- 2\nt9#tom watson#united states#69#- 2\n",
        "pandas_code": "df[df['player'] == 'rodger davis']['score'].values[0] == df[df['player'] == 'tom watson']['score'].values[0] - 5",
        "pandas_eval": "True"
    },
    {
        "id": 31738,
        "statement": "lee trevino and ken green be both tie for second",
        "label": 1,
        "table_caption": "1987 open championship",
        "table_text": "place#player#country#score#to par\n1#rodger davis#australia#64#- 7\nt2#ken green#united states#67#- 4\nt2#lee trevino#united states#67#- 4\nt2#bob tway#united states#67#- 4\nt5#paul azinger#united states#68#- 3\nt5#nick faldo#england#68#- 3\nt5#larry mize#united states#68#- 3\nt5#nick price#zimbabwe#68#- 3\nt9#ken brown#scotland#69#- 2\nt9#mark calcavecchia#united states#69#- 2\nt9#david graham#australia#69#- 2\nt9#jay haas#united states#69#- 2\nt9#bernhard langer#west germany#69#- 2\nt9#graham marsh#australia#69#- 2\nt9#masashi ozaki#japan#69#- 2\nt9#craig stadler#united states#69#- 2\nt9#gerard taylor#australia#69#- 2\nt9#tom watson#united states#69#- 2\n",
        "pandas_code": "all(df[(df['player'] == 'lee trevino') | (df['player'] == 'ken green')]['place'] == 't2')",
        "pandas_eval": "True"
    },
    {
        "id": 31739,
        "statement": "rodger davis finish 2 below par and tom watson finish 7 below par",
        "label": 0,
        "table_caption": "1987 open championship",
        "table_text": "place#player#country#score#to par\n1#rodger davis#australia#64#- 7\nt2#ken green#united states#67#- 4\nt2#lee trevino#united states#67#- 4\nt2#bob tway#united states#67#- 4\nt5#paul azinger#united states#68#- 3\nt5#nick faldo#england#68#- 3\nt5#larry mize#united states#68#- 3\nt5#nick price#zimbabwe#68#- 3\nt9#ken brown#scotland#69#- 2\nt9#mark calcavecchia#united states#69#- 2\nt9#david graham#australia#69#- 2\nt9#jay haas#united states#69#- 2\nt9#bernhard langer#west germany#69#- 2\nt9#graham marsh#australia#69#- 2\nt9#masashi ozaki#japan#69#- 2\nt9#craig stadler#united states#69#- 2\nt9#gerard taylor#australia#69#- 2\nt9#tom watson#united states#69#- 2\n",
        "pandas_code": "(df[df['player'] == 'rodger davis']['to par'].values[0] == '- 2') & (df[df['player'] == 'tom watson']['to par'].values[0] == '- 7')",
        "pandas_eval": "False"
    },
    {
        "id": 31740,
        "statement": "moe than 10 player finish 2 below par",
        "label": 0,
        "table_caption": "1987 open championship",
        "table_text": "place#player#country#score#to par\n1#rodger davis#australia#64#- 7\nt2#ken green#united states#67#- 4\nt2#lee trevino#united states#67#- 4\nt2#bob tway#united states#67#- 4\nt5#paul azinger#united states#68#- 3\nt5#nick faldo#england#68#- 3\nt5#larry mize#united states#68#- 3\nt5#nick price#zimbabwe#68#- 3\nt9#ken brown#scotland#69#- 2\nt9#mark calcavecchia#united states#69#- 2\nt9#david graham#australia#69#- 2\nt9#jay haas#united states#69#- 2\nt9#bernhard langer#west germany#69#- 2\nt9#graham marsh#australia#69#- 2\nt9#masashi ozaki#japan#69#- 2\nt9#craig stadler#united states#69#- 2\nt9#gerard taylor#australia#69#- 2\nt9#tom watson#united states#69#- 2\n",
        "pandas_code": "len(df[df['to par'].str.contains('- 2')]) > 10",
        "pandas_eval": "False"
    },
    {
        "id": 31741,
        "statement": "tom watson and jay haas represent different country",
        "label": 0,
        "table_caption": "1987 open championship",
        "table_text": "place#player#country#score#to par\n1#rodger davis#australia#64#- 7\nt2#ken green#united states#67#- 4\nt2#lee trevino#united states#67#- 4\nt2#bob tway#united states#67#- 4\nt5#paul azinger#united states#68#- 3\nt5#nick faldo#england#68#- 3\nt5#larry mize#united states#68#- 3\nt5#nick price#zimbabwe#68#- 3\nt9#ken brown#scotland#69#- 2\nt9#mark calcavecchia#united states#69#- 2\nt9#david graham#australia#69#- 2\nt9#jay haas#united states#69#- 2\nt9#bernhard langer#west germany#69#- 2\nt9#graham marsh#australia#69#- 2\nt9#masashi ozaki#japan#69#- 2\nt9#craig stadler#united states#69#- 2\nt9#gerard taylor#australia#69#- 2\nt9#tom watson#united states#69#- 2\n",
        "pandas_code": "df[df['player'].isin(['tom watson', 'jay haas'])].drop_duplicates('country').shape[0] == 2",
        "pandas_eval": "False"
    },
    {
        "id": 31742,
        "statement": "rodger davis' score be 5 point higher than tom watson",
        "label": 0,
        "table_caption": "1987 open championship",
        "table_text": "place#player#country#score#to par\n1#rodger davis#australia#64#- 7\nt2#ken green#united states#67#- 4\nt2#lee trevino#united states#67#- 4\nt2#bob tway#united states#67#- 4\nt5#paul azinger#united states#68#- 3\nt5#nick faldo#england#68#- 3\nt5#larry mize#united states#68#- 3\nt5#nick price#zimbabwe#68#- 3\nt9#ken brown#scotland#69#- 2\nt9#mark calcavecchia#united states#69#- 2\nt9#david graham#australia#69#- 2\nt9#jay haas#united states#69#- 2\nt9#bernhard langer#west germany#69#- 2\nt9#graham marsh#australia#69#- 2\nt9#masashi ozaki#japan#69#- 2\nt9#craig stadler#united states#69#- 2\nt9#gerard taylor#australia#69#- 2\nt9#tom watson#united states#69#- 2\n",
        "pandas_code": "df[df['player'] == 'rodger davis']['score'].values[0] == df[df['player'] == 'tom watson']['score'].values[0] + 5",
        "pandas_eval": "False"
    },
    {
        "id": 31743,
        "statement": "lee trevino and ken green be both tie for last",
        "label": 0,
        "table_caption": "1987 open championship",
        "table_text": "place#player#country#score#to par\n1#rodger davis#australia#64#- 7\nt2#ken green#united states#67#- 4\nt2#lee trevino#united states#67#- 4\nt2#bob tway#united states#67#- 4\nt5#paul azinger#united states#68#- 3\nt5#nick faldo#england#68#- 3\nt5#larry mize#united states#68#- 3\nt5#nick price#zimbabwe#68#- 3\nt9#ken brown#scotland#69#- 2\nt9#mark calcavecchia#united states#69#- 2\nt9#david graham#australia#69#- 2\nt9#jay haas#united states#69#- 2\nt9#bernhard langer#west germany#69#- 2\nt9#graham marsh#australia#69#- 2\nt9#masashi ozaki#japan#69#- 2\nt9#craig stadler#united states#69#- 2\nt9#gerard taylor#australia#69#- 2\nt9#tom watson#united states#69#- 2\n",
        "pandas_code": "df[(df['player'] == 'lee trevino') | (df['player'] == 'ken green')]['place'].eq(df['place'].max()).all()",
        "pandas_eval": "False"
    },
    {
        "id": 48644,
        "statement": "lee trevino represent the united state and gary player represent south africa",
        "label": 1,
        "table_caption": "1987 open championship",
        "table_text": "player#country#year (s) won#total#to par#finish\ntom watson#united states#1975 , 1977 , 1980 , 1982 , 1983#283#1#7\nsandy lyle#scotland#1985#286#+ 2#t17\nlee trevino#united states#1971 , 1972#286#+ 2#t17\ngreg norman#australia#1986#291#+ 7#t35\nseve ballesteros#spain#1979 , 1984#295#+ 11#t50\ngary player#south africa#1959 , 1968 , 1974#300#+ 16#t66\njack nicklaus#united states#1966 , 1970 , 1978#302#+ 18#t72\n",
        "pandas_code": "(df[df['player'] == 'lee trevino']['country'].values[0] == 'united states') & (df[df['player'] == 'gary player']['country'].values[0] == 'south africa')",
        "pandas_eval": "True"
    },
    {
        "id": 48645,
        "statement": "seve ballesteros win in 1979 and greg norman won in 1986",
        "label": 1,
        "table_caption": "1987 open championship",
        "table_text": "player#country#year (s) won#total#to par#finish\ntom watson#united states#1975 , 1977 , 1980 , 1982 , 1983#283#1#7\nsandy lyle#scotland#1985#286#+ 2#t17\nlee trevino#united states#1971 , 1972#286#+ 2#t17\ngreg norman#australia#1986#291#+ 7#t35\nseve ballesteros#spain#1979 , 1984#295#+ 11#t50\ngary player#south africa#1959 , 1968 , 1974#300#+ 16#t66\njack nicklaus#united states#1966 , 1970 , 1978#302#+ 18#t72\n",
        "pandas_code": "all(df[df['player'].isin(['seve ballesteros', 'greg norman'])].apply(lambda x: '1979' in x['year (s) won'] if x['player'] == 'seve ballesteros' else '1986' in x['year (s) won'], axis=1))",
        "pandas_eval": "True"
    },
    {
        "id": 48646,
        "statement": "3 player represent the united state",
        "label": 1,
        "table_caption": "1987 open championship",
        "table_text": "player#country#year (s) won#total#to par#finish\ntom watson#united states#1975 , 1977 , 1980 , 1982 , 1983#283#1#7\nsandy lyle#scotland#1985#286#+ 2#t17\nlee trevino#united states#1971 , 1972#286#+ 2#t17\ngreg norman#australia#1986#291#+ 7#t35\nseve ballesteros#spain#1979 , 1984#295#+ 11#t50\ngary player#south africa#1959 , 1968 , 1974#300#+ 16#t66\njack nicklaus#united states#1966 , 1970 , 1978#302#+ 18#t72\n",
        "pandas_code": "(df['country'] == 'united states').sum() == 3",
        "pandas_eval": "True"
    },
    {
        "id": 48647,
        "statement": "jack nicklaus have a higher total number than gary player",
        "label": 1,
        "table_caption": "1987 open championship",
        "table_text": "player#country#year (s) won#total#to par#finish\ntom watson#united states#1975 , 1977 , 1980 , 1982 , 1983#283#1#7\nsandy lyle#scotland#1985#286#+ 2#t17\nlee trevino#united states#1971 , 1972#286#+ 2#t17\ngreg norman#australia#1986#291#+ 7#t35\nseve ballesteros#spain#1979 , 1984#295#+ 11#t50\ngary player#south africa#1959 , 1968 , 1974#300#+ 16#t66\njack nicklaus#united states#1966 , 1970 , 1978#302#+ 18#t72\n",
        "pandas_code": "df[df['player'] == 'jack nicklaus']['total'].values[0] > df[df['player'] == 'gary player']['total'].values[0]",
        "pandas_eval": "True"
    },
    {
        "id": 48648,
        "statement": "lee trevino finish 2 above par",
        "label": 1,
        "table_caption": "1987 open championship",
        "table_text": "player#country#year (s) won#total#to par#finish\ntom watson#united states#1975 , 1977 , 1980 , 1982 , 1983#283#1#7\nsandy lyle#scotland#1985#286#+ 2#t17\nlee trevino#united states#1971 , 1972#286#+ 2#t17\ngreg norman#australia#1986#291#+ 7#t35\nseve ballesteros#spain#1979 , 1984#295#+ 11#t50\ngary player#south africa#1959 , 1968 , 1974#300#+ 16#t66\njack nicklaus#united states#1966 , 1970 , 1978#302#+ 18#t72\n",
        "pandas_code": "df[df['player'] == 'lee trevino']['to par'].values[0] == '+ 2'",
        "pandas_eval": "True"
    },
    {
        "id": 48649,
        "statement": "lee trevino and gary player both represent spain",
        "label": 0,
        "table_caption": "1987 open championship",
        "table_text": "player#country#year (s) won#total#to par#finish\ntom watson#united states#1975 , 1977 , 1980 , 1982 , 1983#283#1#7\nsandy lyle#scotland#1985#286#+ 2#t17\nlee trevino#united states#1971 , 1972#286#+ 2#t17\ngreg norman#australia#1986#291#+ 7#t35\nseve ballesteros#spain#1979 , 1984#295#+ 11#t50\ngary player#south africa#1959 , 1968 , 1974#300#+ 16#t66\njack nicklaus#united states#1966 , 1970 , 1978#302#+ 18#t72\n",
        "pandas_code": "all(df[df['player'].isin(['lee trevino', 'gary player'])]['country'] == 'spain')",
        "pandas_eval": "False"
    },
    {
        "id": 48650,
        "statement": "seve ballesteros and greg norman be the only player who have not win",
        "label": 0,
        "table_caption": "1987 open championship",
        "table_text": "player#country#year (s) won#total#to par#finish\ntom watson#united states#1975 , 1977 , 1980 , 1982 , 1983#283#1#7\nsandy lyle#scotland#1985#286#+ 2#t17\nlee trevino#united states#1971 , 1972#286#+ 2#t17\ngreg norman#australia#1986#291#+ 7#t35\nseve ballesteros#spain#1979 , 1984#295#+ 11#t50\ngary player#south africa#1959 , 1968 , 1974#300#+ 16#t66\njack nicklaus#united states#1966 , 1970 , 1978#302#+ 18#t72\n",
        "pandas_code": "len(df[(df['player'].isin(['seve ballesteros', 'greg norman'])) & (df['year (s) won'].str.strip() == '')]) == 2",
        "pandas_eval": "False"
    },
    {
        "id": 48651,
        "statement": "the united state be represent by only 1 player",
        "label": 0,
        "table_caption": "1987 open championship",
        "table_text": "player#country#year (s) won#total#to par#finish\ntom watson#united states#1975 , 1977 , 1980 , 1982 , 1983#283#1#7\nsandy lyle#scotland#1985#286#+ 2#t17\nlee trevino#united states#1971 , 1972#286#+ 2#t17\ngreg norman#australia#1986#291#+ 7#t35\nseve ballesteros#spain#1979 , 1984#295#+ 11#t50\ngary player#south africa#1959 , 1968 , 1974#300#+ 16#t66\njack nicklaus#united states#1966 , 1970 , 1978#302#+ 18#t72\n",
        "pandas_code": "len(df[df['country'] == 'united states']) == 1",
        "pandas_eval": "False"
    },
    {
        "id": 48652,
        "statement": "jack nicklaus have an equal total to that of gary player",
        "label": 0,
        "table_caption": "1987 open championship",
        "table_text": "player#country#year (s) won#total#to par#finish\ntom watson#united states#1975 , 1977 , 1980 , 1982 , 1983#283#1#7\nsandy lyle#scotland#1985#286#+ 2#t17\nlee trevino#united states#1971 , 1972#286#+ 2#t17\ngreg norman#australia#1986#291#+ 7#t35\nseve ballesteros#spain#1979 , 1984#295#+ 11#t50\ngary player#south africa#1959 , 1968 , 1974#300#+ 16#t66\njack nicklaus#united states#1966 , 1970 , 1978#302#+ 18#t72\n",
        "pandas_code": "df.loc[df['player'] == 'jack nicklaus', 'total'].values[0] == df.loc[df['player'] == 'gary player', 'total'].values[0]",
        "pandas_eval": "False"
    },
    {
        "id": 48653,
        "statement": "lee trevino have never finish with higher than 1 above par",
        "label": 0,
        "table_caption": "1987 open championship",
        "table_text": "player#country#year (s) won#total#to par#finish\ntom watson#united states#1975 , 1977 , 1980 , 1982 , 1983#283#1#7\nsandy lyle#scotland#1985#286#+ 2#t17\nlee trevino#united states#1971 , 1972#286#+ 2#t17\ngreg norman#australia#1986#291#+ 7#t35\nseve ballesteros#spain#1979 , 1984#295#+ 11#t50\ngary player#south africa#1959 , 1968 , 1974#300#+ 16#t66\njack nicklaus#united states#1966 , 1970 , 1978#302#+ 18#t72\n",
        "pandas_code": "all(df[df['player'] == 'lee trevino']['to par'].apply(lambda x: int(x.split('+ ')[-1]) if '+' in x else int(x)) <= 1)",
        "pandas_eval": "False"
    },
    {
        "id": 55137,
        "statement": "graham marsh 's score be 139",
        "label": 1,
        "table_caption": "1987 open championship",
        "table_text": "place#player#country#score#to par\n1#paul azinger#united states#68 + 68 = 136#- 6\nt2#rodger davis#australia#64 + 73 = 137#- 5\nt2#nick faldo#england#68 + 69 = 137#- 5\nt2#payne stewart#united states#71 + 66 = 137#- 5\nt2#gerard taylor#australia#69 + 68 = 137#- 5\nt6#david frost#south africa#70 + 68 = 138#- 4\nt6#bernhard langer#west germany#69 + 69 = 138#- 4\nt6#craig stadler#united states#69 + 69 = 138#- 4\nt6#tom watson#united states#69 + 69 = 138#- 4\nt10#mark calcavecchia#united states#69 + 70 = 139#- 3\nt10#graham marsh#australia#69 + 70 = 139#- 3\nt10#carl mason#england#70 + 69 = 139#- 3\nt10#larry mize#united states#68 + 71 = 139#- 3\nt10#nick price#zimbabwe#68 + 71 = 139#- 3\nt10#bob tway#united states#67 + 72 = 139#- 3\n",
        "pandas_code": "df[df['player'] == 'graham marsh']['score'].values[0] == '69 + 70 = 139'",
        "pandas_eval": "True"
    },
    {
        "id": 55138,
        "statement": "bob tway 's score be 139",
        "label": 1,
        "table_caption": "1987 open championship",
        "table_text": "place#player#country#score#to par\n1#paul azinger#united states#68 + 68 = 136#- 6\nt2#rodger davis#australia#64 + 73 = 137#- 5\nt2#nick faldo#england#68 + 69 = 137#- 5\nt2#payne stewart#united states#71 + 66 = 137#- 5\nt2#gerard taylor#australia#69 + 68 = 137#- 5\nt6#david frost#south africa#70 + 68 = 138#- 4\nt6#bernhard langer#west germany#69 + 69 = 138#- 4\nt6#craig stadler#united states#69 + 69 = 138#- 4\nt6#tom watson#united states#69 + 69 = 138#- 4\nt10#mark calcavecchia#united states#69 + 70 = 139#- 3\nt10#graham marsh#australia#69 + 70 = 139#- 3\nt10#carl mason#england#70 + 69 = 139#- 3\nt10#larry mize#united states#68 + 71 = 139#- 3\nt10#nick price#zimbabwe#68 + 71 = 139#- 3\nt10#bob tway#united states#67 + 72 = 139#- 3\n",
        "pandas_code": "df.loc[df['player'] == 'bob tway', 'score'].values[0] == '67 + 72 = 139'",
        "pandas_eval": "True"
    }
]