[
    {
        "id": 31390,
        "statement": "in 2009 the winner be not johnny crash (melbourne) , but be meat & two veg (melbourne) , but the runner - up for 2010 the scream baguette (sydney / paris)",
        "label": 1,
        "table_caption": "hardcourt bike polo",
        "table_text": "year#host#winners#runners - up#third place#fourth place\n2009#melbourne#meat & two veg (melbourne)#scheisse katze (melbourne / germany)#bush league bushrangers (melbourne / toronto)#jailbreakers (castlemaine)\n2010#brisbane#johnny crash (melbourne)#the screaming baguettes (sydney / paris)#german bells (brisbane)#that 's what she said (adelaide)\n2011#adelaide#storm boys (perth / sydney / melbourne)#that 's what she said (adelaide)#lsv (sydney)#neil la robolution (adelaide / melbourne)\n2012#perth#nasfwg (perth)#triple dutch rudder (brisbane)#dog soccer (sydney)#lsv (sydney)\n2013#timaru#nasfwg (perth)#melbourne anchor (melbourne)#triple dutch rudder (brisbane)#c4 (christchurch)\n",
        "pandas_code": "(df.loc[df['year'] == 2009, 'winners'].values[0] == 'meat & two veg (melbourne)') & (df.loc[df['year'] == 2010, 'runners - up'].values[0] == 'the screaming baguettes (sydney / paris)')",
        "pandas_eval": "True"
    },
    {
        "id": 31391,
        "statement": "in 2013 the host be timaru and in 2009 the host be melbourne",
        "label": 1,
        "table_caption": "hardcourt bike polo",
        "table_text": "year#host#winners#runners - up#third place#fourth place\n2009#melbourne#meat & two veg (melbourne)#scheisse katze (melbourne / germany)#bush league bushrangers (melbourne / toronto)#jailbreakers (castlemaine)\n2010#brisbane#johnny crash (melbourne)#the screaming baguettes (sydney / paris)#german bells (brisbane)#that 's what she said (adelaide)\n2011#adelaide#storm boys (perth / sydney / melbourne)#that 's what she said (adelaide)#lsv (sydney)#neil la robolution (adelaide / melbourne)\n2012#perth#nasfwg (perth)#triple dutch rudder (brisbane)#dog soccer (sydney)#lsv (sydney)\n2013#timaru#nasfwg (perth)#melbourne anchor (melbourne)#triple dutch rudder (brisbane)#c4 (christchurch)\n",
        "pandas_code": "(df[df['year'] == 2013]['host'].iloc[0] == 'timaru') & (df[df['year'] == 2009]['host'].iloc[0] == 'melbourne')",
        "pandas_eval": "True"
    },
    {
        "id": 31392,
        "statement": "lsv (sydney) win third place in 2011 , and lsv (sydney) win fourth place in 2012",
        "label": 1,
        "table_caption": "hardcourt bike polo",
        "table_text": "year#host#winners#runners - up#third place#fourth place\n2009#melbourne#meat & two veg (melbourne)#scheisse katze (melbourne / germany)#bush league bushrangers (melbourne / toronto)#jailbreakers (castlemaine)\n2010#brisbane#johnny crash (melbourne)#the screaming baguettes (sydney / paris)#german bells (brisbane)#that 's what she said (adelaide)\n2011#adelaide#storm boys (perth / sydney / melbourne)#that 's what she said (adelaide)#lsv (sydney)#neil la robolution (adelaide / melbourne)\n2012#perth#nasfwg (perth)#triple dutch rudder (brisbane)#dog soccer (sydney)#lsv (sydney)\n2013#timaru#nasfwg (perth)#melbourne anchor (melbourne)#triple dutch rudder (brisbane)#c4 (christchurch)\n",
        "pandas_code": "(df.loc[df['year'] == 2011, 'third place'].values[0] == 'lsv (sydney)') & (df.loc[df['year'] == 2012, 'fourth place'].values[0] == 'lsv (sydney)')",
        "pandas_eval": "True"
    },
    {
        "id": 31393,
        "statement": "nasfwg (perth) be not the winner from 2009 to 2011",
        "label": 1,
        "table_caption": "hardcourt bike polo",
        "table_text": "year#host#winners#runners - up#third place#fourth place\n2009#melbourne#meat & two veg (melbourne)#scheisse katze (melbourne / germany)#bush league bushrangers (melbourne / toronto)#jailbreakers (castlemaine)\n2010#brisbane#johnny crash (melbourne)#the screaming baguettes (sydney / paris)#german bells (brisbane)#that 's what she said (adelaide)\n2011#adelaide#storm boys (perth / sydney / melbourne)#that 's what she said (adelaide)#lsv (sydney)#neil la robolution (adelaide / melbourne)\n2012#perth#nasfwg (perth)#triple dutch rudder (brisbane)#dog soccer (sydney)#lsv (sydney)\n2013#timaru#nasfwg (perth)#melbourne anchor (melbourne)#triple dutch rudder (brisbane)#c4 (christchurch)\n",
        "pandas_code": "all(df.loc[(df['year'] >= 2009) & (df['year'] <= 2011), 'winners'] != 'nasfwg (perth)')",
        "pandas_eval": "True"
    },
    {
        "id": 31394,
        "statement": "german bell (brisbane) place third place in 2010 and do not place in any other year",
        "label": 1,
        "table_caption": "hardcourt bike polo",
        "table_text": "year#host#winners#runners - up#third place#fourth place\n2009#melbourne#meat & two veg (melbourne)#scheisse katze (melbourne / germany)#bush league bushrangers (melbourne / toronto)#jailbreakers (castlemaine)\n2010#brisbane#johnny crash (melbourne)#the screaming baguettes (sydney / paris)#german bells (brisbane)#that 's what she said (adelaide)\n2011#adelaide#storm boys (perth / sydney / melbourne)#that 's what she said (adelaide)#lsv (sydney)#neil la robolution (adelaide / melbourne)\n2012#perth#nasfwg (perth)#triple dutch rudder (brisbane)#dog soccer (sydney)#lsv (sydney)\n2013#timaru#nasfwg (perth)#melbourne anchor (melbourne)#triple dutch rudder (brisbane)#c4 (christchurch)\n",
        "pandas_code": "(df[df['year'] == 2010]['third place'].str.contains('german bells \\\\(brisbane\\\\)').any()) & (~df[df['year'] != 2010]['third place'].str.contains('german bells \\\\(brisbane\\\\)').any())",
        "pandas_eval": "True"
    },
    {
        "id": 31395,
        "statement": "in 2009 the winner be not meat & two veg (melbourne) , but be johnny crash (melbourne) , but the runner - up for 2010 the scream baguette (sydney / paris)",
        "label": 0,
        "table_caption": "hardcourt bike polo",
        "table_text": "year#host#winners#runners - up#third place#fourth place\n2009#melbourne#meat & two veg (melbourne)#scheisse katze (melbourne / germany)#bush league bushrangers (melbourne / toronto)#jailbreakers (castlemaine)\n2010#brisbane#johnny crash (melbourne)#the screaming baguettes (sydney / paris)#german bells (brisbane)#that 's what she said (adelaide)\n2011#adelaide#storm boys (perth / sydney / melbourne)#that 's what she said (adelaide)#lsv (sydney)#neil la robolution (adelaide / melbourne)\n2012#perth#nasfwg (perth)#triple dutch rudder (brisbane)#dog soccer (sydney)#lsv (sydney)\n2013#timaru#nasfwg (perth)#melbourne anchor (melbourne)#triple dutch rudder (brisbane)#c4 (christchurch)\n",
        "pandas_code": "(df.loc[df['year'] == 2009, 'winners'].values[0] != 'meat & two veg (melbourne)') & (df.loc[df['year'] == 2009, 'winners'].values[0] == 'johnny crash (melbourne)') & (df.loc[df['year'] == 2010, 'runners - up'].values[0] == 'the screaming baguettes (sydney / paris)')",
        "pandas_eval": "False"
    },
    {
        "id": 31396,
        "statement": "in 2013 the host be melbourne and in 2009 the host be timaru",
        "label": 0,
        "table_caption": "hardcourt bike polo",
        "table_text": "year#host#winners#runners - up#third place#fourth place\n2009#melbourne#meat & two veg (melbourne)#scheisse katze (melbourne / germany)#bush league bushrangers (melbourne / toronto)#jailbreakers (castlemaine)\n2010#brisbane#johnny crash (melbourne)#the screaming baguettes (sydney / paris)#german bells (brisbane)#that 's what she said (adelaide)\n2011#adelaide#storm boys (perth / sydney / melbourne)#that 's what she said (adelaide)#lsv (sydney)#neil la robolution (adelaide / melbourne)\n2012#perth#nasfwg (perth)#triple dutch rudder (brisbane)#dog soccer (sydney)#lsv (sydney)\n2013#timaru#nasfwg (perth)#melbourne anchor (melbourne)#triple dutch rudder (brisbane)#c4 (christchurch)\n",
        "pandas_code": "(df.loc[df['year'] == 2013, 'host'].iloc[0] == 'melbourne') & (df.loc[df['year'] == 2009, 'host'].iloc[0] == 'timaru')",
        "pandas_eval": "False"
    },
    {
        "id": 31397,
        "statement": "lsv (sydney) win fourth place in 2010 , and lsv (sydney) win third place in 2012",
        "label": 0,
        "table_caption": "hardcourt bike polo",
        "table_text": "year#host#winners#runners - up#third place#fourth place\n2009#melbourne#meat & two veg (melbourne)#scheisse katze (melbourne / germany)#bush league bushrangers (melbourne / toronto)#jailbreakers (castlemaine)\n2010#brisbane#johnny crash (melbourne)#the screaming baguettes (sydney / paris)#german bells (brisbane)#that 's what she said (adelaide)\n2011#adelaide#storm boys (perth / sydney / melbourne)#that 's what she said (adelaide)#lsv (sydney)#neil la robolution (adelaide / melbourne)\n2012#perth#nasfwg (perth)#triple dutch rudder (brisbane)#dog soccer (sydney)#lsv (sydney)\n2013#timaru#nasfwg (perth)#melbourne anchor (melbourne)#triple dutch rudder (brisbane)#c4 (christchurch)\n",
        "pandas_code": "(df.loc[df['year'] == 2010, 'fourth place'].iloc[0] == 'lsv (sydney)') & (df.loc[df['year'] == 2012, 'third place'].iloc[0] == 'lsv (sydney)')",
        "pandas_eval": "False"
    },
    {
        "id": 31398,
        "statement": "nasfwg (perth) be the winner in 2010",
        "label": 0,
        "table_caption": "hardcourt bike polo",
        "table_text": "year#host#winners#runners - up#third place#fourth place\n2009#melbourne#meat & two veg (melbourne)#scheisse katze (melbourne / germany)#bush league bushrangers (melbourne / toronto)#jailbreakers (castlemaine)\n2010#brisbane#johnny crash (melbourne)#the screaming baguettes (sydney / paris)#german bells (brisbane)#that 's what she said (adelaide)\n2011#adelaide#storm boys (perth / sydney / melbourne)#that 's what she said (adelaide)#lsv (sydney)#neil la robolution (adelaide / melbourne)\n2012#perth#nasfwg (perth)#triple dutch rudder (brisbane)#dog soccer (sydney)#lsv (sydney)\n2013#timaru#nasfwg (perth)#melbourne anchor (melbourne)#triple dutch rudder (brisbane)#c4 (christchurch)\n",
        "pandas_code": "df[(df['year'] == 2010) & (df['winners'] == 'nasfwg (perth)')].empty == False",
        "pandas_eval": "False"
    },
    {
        "id": 31399,
        "statement": "german bell (brisbane) win in 2010 but do not any other year",
        "label": 0,
        "table_caption": "hardcourt bike polo",
        "table_text": "year#host#winners#runners - up#third place#fourth place\n2009#melbourne#meat & two veg (melbourne)#scheisse katze (melbourne / germany)#bush league bushrangers (melbourne / toronto)#jailbreakers (castlemaine)\n2010#brisbane#johnny crash (melbourne)#the screaming baguettes (sydney / paris)#german bells (brisbane)#that 's what she said (adelaide)\n2011#adelaide#storm boys (perth / sydney / melbourne)#that 's what she said (adelaide)#lsv (sydney)#neil la robolution (adelaide / melbourne)\n2012#perth#nasfwg (perth)#triple dutch rudder (brisbane)#dog soccer (sydney)#lsv (sydney)\n2013#timaru#nasfwg (perth)#melbourne anchor (melbourne)#triple dutch rudder (brisbane)#c4 (christchurch)\n",
        "pandas_code": "(df[df['year'] == 2010]['winners'].str.contains('german bell', case=False).any()) & (~df[df['year'] != 2010]['winners'].str.contains('german bell', case=False).any())",
        "pandas_eval": "False"
    }
]