[
    {
        "id": 29265,
        "statement": "puerto rico have the third highest amount of medal despite come in fifth in rank",
        "label": 1,
        "table_caption": "1971 central american and caribbean championships in athletics",
        "table_text": "rank#nation#gold#silver#bronze#total\n1#cuba#22#19#10#51\n2#jamaica#9#6#7#22\n3#mexico#3#4#4#11\n4#venezuela#2#1#5#8\n5#puerto rico#1#7#4#12\n6#trinidad and tobago#1#0#3#4\n7#guatemala#0#1#0#1\n8#suriname#0#0#2#2\n9#panama#0#0#1#1\n9#grenada#0#0#1#1\n9#bahamas#0#0#1#1\n",
        "pandas_code": "(df[df['nation'] == 'puerto rico']['total'].values[0] == sorted(df['total'], reverse=True)[2]) and (df[df['nation'] == 'puerto rico']['rank'].values[0] == 5)",
        "pandas_eval": "True"
    },
    {
        "id": 29266,
        "statement": "cuba have 50 more medal than the lowest ranked team",
        "label": 1,
        "table_caption": "1971 central american and caribbean championships in athletics",
        "table_text": "rank#nation#gold#silver#bronze#total\n1#cuba#22#19#10#51\n2#jamaica#9#6#7#22\n3#mexico#3#4#4#11\n4#venezuela#2#1#5#8\n5#puerto rico#1#7#4#12\n6#trinidad and tobago#1#0#3#4\n7#guatemala#0#1#0#1\n8#suriname#0#0#2#2\n9#panama#0#0#1#1\n9#grenada#0#0#1#1\n9#bahamas#0#0#1#1\n",
        "pandas_code": "(df[df['nation'] == 'cuba']['total'].values[0] - df[df['rank'] == df['rank'].max()]['total'].values[0]) == 50",
        "pandas_eval": "True"
    },
    {
        "id": 29267,
        "statement": "venezuela have more bronze medal than gold and silver combine",
        "label": 1,
        "table_caption": "1971 central american and caribbean championships in athletics",
        "table_text": "rank#nation#gold#silver#bronze#total\n1#cuba#22#19#10#51\n2#jamaica#9#6#7#22\n3#mexico#3#4#4#11\n4#venezuela#2#1#5#8\n5#puerto rico#1#7#4#12\n6#trinidad and tobago#1#0#3#4\n7#guatemala#0#1#0#1\n8#suriname#0#0#2#2\n9#panama#0#0#1#1\n9#grenada#0#0#1#1\n9#bahamas#0#0#1#1\n",
        "pandas_code": "(df[df['nation'] == 'venezuela']['bronze'].values[0] > df[df['nation'] == 'venezuela']['gold'].values[0] + df[df['nation'] == 'venezuela']['silver'].values[0])",
        "pandas_eval": "True"
    },
    {
        "id": 29268,
        "statement": "cuba have 13 more golf medal than the next highest ranked team",
        "label": 1,
        "table_caption": "1971 central american and caribbean championships in athletics",
        "table_text": "rank#nation#gold#silver#bronze#total\n1#cuba#22#19#10#51\n2#jamaica#9#6#7#22\n3#mexico#3#4#4#11\n4#venezuela#2#1#5#8\n5#puerto rico#1#7#4#12\n6#trinidad and tobago#1#0#3#4\n7#guatemala#0#1#0#1\n8#suriname#0#0#2#2\n9#panama#0#0#1#1\n9#grenada#0#0#1#1\n9#bahamas#0#0#1#1\n",
        "pandas_code": "(df[df['nation'] == 'cuba']['gold'].values[0] - df[df['rank'] == 2]['gold'].values[0]) == 13",
        "pandas_eval": "True"
    },
    {
        "id": 29269,
        "statement": "guatemala secure 7th place with only 1 silver medal",
        "label": 1,
        "table_caption": "1971 central american and caribbean championships in athletics",
        "table_text": "rank#nation#gold#silver#bronze#total\n1#cuba#22#19#10#51\n2#jamaica#9#6#7#22\n3#mexico#3#4#4#11\n4#venezuela#2#1#5#8\n5#puerto rico#1#7#4#12\n6#trinidad and tobago#1#0#3#4\n7#guatemala#0#1#0#1\n8#suriname#0#0#2#2\n9#panama#0#0#1#1\n9#grenada#0#0#1#1\n9#bahamas#0#0#1#1\n",
        "pandas_code": "(df[df['nation'] == 'guatemala']['rank'].values[0] == 7) & (df[df['nation'] == 'guatemala']['silver'].values[0] == 1)",
        "pandas_eval": "True"
    },
    {
        "id": 29270,
        "statement": "puerto rico have the second highest amount of medal although they come in sixth in rank",
        "label": 0,
        "table_caption": "1971 central american and caribbean championships in athletics",
        "table_text": "rank#nation#gold#silver#bronze#total\n1#cuba#22#19#10#51\n2#jamaica#9#6#7#22\n3#mexico#3#4#4#11\n4#venezuela#2#1#5#8\n5#puerto rico#1#7#4#12\n6#trinidad and tobago#1#0#3#4\n7#guatemala#0#1#0#1\n8#suriname#0#0#2#2\n9#panama#0#0#1#1\n9#grenada#0#0#1#1\n9#bahamas#0#0#1#1\n",
        "pandas_code": "(df[df['nation'] == 'puerto rico']['total'].values[0] == df['total'].nlargest(2).iloc[-1]) and (df[df['nation'] == 'puerto rico']['rank'].values[0] == 6)",
        "pandas_eval": "False"
    },
    {
        "id": 29271,
        "statement": "cuba have more than 50 more medal than the lowest ranked team",
        "label": 0,
        "table_caption": "1971 central american and caribbean championships in athletics",
        "table_text": "rank#nation#gold#silver#bronze#total\n1#cuba#22#19#10#51\n2#jamaica#9#6#7#22\n3#mexico#3#4#4#11\n4#venezuela#2#1#5#8\n5#puerto rico#1#7#4#12\n6#trinidad and tobago#1#0#3#4\n7#guatemala#0#1#0#1\n8#suriname#0#0#2#2\n9#panama#0#0#1#1\n9#grenada#0#0#1#1\n9#bahamas#0#0#1#1\n",
        "pandas_code": "df[df['nation'] == 'cuba']['total'].values[0] - df[df['rank'] == df['rank'].max()]['total'].values[0] > 50",
        "pandas_eval": "False"
    },
    {
        "id": 29272,
        "statement": "venezuela have more silver medal than gold and bronze combine",
        "label": 0,
        "table_caption": "1971 central american and caribbean championships in athletics",
        "table_text": "rank#nation#gold#silver#bronze#total\n1#cuba#22#19#10#51\n2#jamaica#9#6#7#22\n3#mexico#3#4#4#11\n4#venezuela#2#1#5#8\n5#puerto rico#1#7#4#12\n6#trinidad and tobago#1#0#3#4\n7#guatemala#0#1#0#1\n8#suriname#0#0#2#2\n9#panama#0#0#1#1\n9#grenada#0#0#1#1\n9#bahamas#0#0#1#1\n",
        "pandas_code": "(df[df['nation'] == 'venezuela']['silver'].values[0] > df[df['nation'] == 'venezuela']['gold'].values[0] + df[df['nation'] == 'venezuela']['bronze'].values[0])",
        "pandas_eval": "False"
    },
    {
        "id": 29273,
        "statement": "cuba have 10 more golf medal than the next highest ranked team",
        "label": 0,
        "table_caption": "1971 central american and caribbean championships in athletics",
        "table_text": "rank#nation#gold#silver#bronze#total\n1#cuba#22#19#10#51\n2#jamaica#9#6#7#22\n3#mexico#3#4#4#11\n4#venezuela#2#1#5#8\n5#puerto rico#1#7#4#12\n6#trinidad and tobago#1#0#3#4\n7#guatemala#0#1#0#1\n8#suriname#0#0#2#2\n9#panama#0#0#1#1\n9#grenada#0#0#1#1\n9#bahamas#0#0#1#1\n",
        "pandas_code": "(df.loc[df['nation'] == 'cuba', 'gold'].values[0] - df.loc[df['rank'] == 2, 'gold'].values[0]) == 10",
        "pandas_eval": "False"
    },
    {
        "id": 29274,
        "statement": "guatemala secure 2nd place with 4 silver medal",
        "label": 0,
        "table_caption": "1971 central american and caribbean championships in athletics",
        "table_text": "rank#nation#gold#silver#bronze#total\n1#cuba#22#19#10#51\n2#jamaica#9#6#7#22\n3#mexico#3#4#4#11\n4#venezuela#2#1#5#8\n5#puerto rico#1#7#4#12\n6#trinidad and tobago#1#0#3#4\n7#guatemala#0#1#0#1\n8#suriname#0#0#2#2\n9#panama#0#0#1#1\n9#grenada#0#0#1#1\n9#bahamas#0#0#1#1\n",
        "pandas_code": "(df[df['nation'] == 'guatemala']['silver'].values[0] == 4) and (df[df['nation'] == 'guatemala']['rank'].values[0] == 2)",
        "pandas_eval": "False"
    }
]