[
    {
        "id": 30357,
        "statement": "larry reitzer write eat , pray , date as well as the late mother of all problem",
        "label": 1,
        "table_caption": "list of melissa & joey episodes",
        "table_text": "no in series#no in season#title#directed by#written by#original air date#production code#us viewers (millions)\n31#1#i can manage#jeff melman#david kendall & bob young#may 30 , 2012#2001#1.21\n32#2#if you can't stand the heat#jeff melman#seth kurland#may 30 , 2012#2002#1.25\n33#3#good to go#rob schiller#jennifer glickman#june 6 , 2012#2003#1.07\n34#4#all up in my business#melissa joan hart#sarah jane cunningham & suzie v freeman#june 6 , 2012#2007#1.08\n35#5#the knockout#steve zuckerman#bob young & david kendall#june 13 , 2012#2005#1.11\n36#6#breaking up is hard to do#jeff melman#sarah jane cunningham & suzie v freeman#june 20 , 2012#2014#1.49\n37#7#mixed doubles#david trainer#jennifer glickman#june 27 , 2012#2009#1.42\n38#8#the donor#david kendall#david valliere#july 11 , 2012#2015#1.21\n39#9#eat , pray , date#leonard r garner , jr#larry reitzer#july 18 , 2012#2004#1.01\n40#10#pretty big liars#steve zuckerman#seth kurland#july 25 , 2012#2006#1.25\n41#11#a pair of sneakers#linda mendoza#kara lee burk#august 1 , 2012#2012#1.23\n42#12#mother of all problems#jeff melman#larry reitzer#august 8 , 2012#2013#1.09\n43#13#wherefore art thou lennox#joey lawrence#sarah jane cunningham & suzie v freeman#august 15 , 2012#2008#1.28\n44#14#from russia with love#rob schiller#jennifer glickman#august 22 , 2012#2010#1.22\n",
        "pandas_code": "df[(df['written by'] == 'larry reitzer') & (df['title'].isin(['eat , pray , date', 'mother of all problems']))].shape[0] == 2",
        "pandas_eval": "True"
    },
    {
        "id": 30358,
        "statement": "jennifer glickman write 3 episode of melissa & joey ranging from june 2012 august 2012",
        "label": 1,
        "table_caption": "list of melissa & joey episodes",
        "table_text": "no in series#no in season#title#directed by#written by#original air date#production code#us viewers (millions)\n31#1#i can manage#jeff melman#david kendall & bob young#may 30 , 2012#2001#1.21\n32#2#if you can't stand the heat#jeff melman#seth kurland#may 30 , 2012#2002#1.25\n33#3#good to go#rob schiller#jennifer glickman#june 6 , 2012#2003#1.07\n34#4#all up in my business#melissa joan hart#sarah jane cunningham & suzie v freeman#june 6 , 2012#2007#1.08\n35#5#the knockout#steve zuckerman#bob young & david kendall#june 13 , 2012#2005#1.11\n36#6#breaking up is hard to do#jeff melman#sarah jane cunningham & suzie v freeman#june 20 , 2012#2014#1.49\n37#7#mixed doubles#david trainer#jennifer glickman#june 27 , 2012#2009#1.42\n38#8#the donor#david kendall#david valliere#july 11 , 2012#2015#1.21\n39#9#eat , pray , date#leonard r garner , jr#larry reitzer#july 18 , 2012#2004#1.01\n40#10#pretty big liars#steve zuckerman#seth kurland#july 25 , 2012#2006#1.25\n41#11#a pair of sneakers#linda mendoza#kara lee burk#august 1 , 2012#2012#1.23\n42#12#mother of all problems#jeff melman#larry reitzer#august 8 , 2012#2013#1.09\n43#13#wherefore art thou lennox#joey lawrence#sarah jane cunningham & suzie v freeman#august 15 , 2012#2008#1.28\n44#14#from russia with love#rob schiller#jennifer glickman#august 22 , 2012#2010#1.22\n",
        "pandas_code": "(df['written by'].str.contains('jennifer glickman').sum() == 3) and (df[df['written by'].str.contains('jennifer glickman')]['original air date'].apply(lambda x: pd.to_datetime(x)).between('2012-06-01', '2012-08-31').all())",
        "pandas_eval": "True"
    },
    {
        "id": 30359,
        "statement": "the only episode written by david valliere have 1.21 million view",
        "label": 1,
        "table_caption": "list of melissa & joey episodes",
        "table_text": "no in series#no in season#title#directed by#written by#original air date#production code#us viewers (millions)\n31#1#i can manage#jeff melman#david kendall & bob young#may 30 , 2012#2001#1.21\n32#2#if you can't stand the heat#jeff melman#seth kurland#may 30 , 2012#2002#1.25\n33#3#good to go#rob schiller#jennifer glickman#june 6 , 2012#2003#1.07\n34#4#all up in my business#melissa joan hart#sarah jane cunningham & suzie v freeman#june 6 , 2012#2007#1.08\n35#5#the knockout#steve zuckerman#bob young & david kendall#june 13 , 2012#2005#1.11\n36#6#breaking up is hard to do#jeff melman#sarah jane cunningham & suzie v freeman#june 20 , 2012#2014#1.49\n37#7#mixed doubles#david trainer#jennifer glickman#june 27 , 2012#2009#1.42\n38#8#the donor#david kendall#david valliere#july 11 , 2012#2015#1.21\n39#9#eat , pray , date#leonard r garner , jr#larry reitzer#july 18 , 2012#2004#1.01\n40#10#pretty big liars#steve zuckerman#seth kurland#july 25 , 2012#2006#1.25\n41#11#a pair of sneakers#linda mendoza#kara lee burk#august 1 , 2012#2012#1.23\n42#12#mother of all problems#jeff melman#larry reitzer#august 8 , 2012#2013#1.09\n43#13#wherefore art thou lennox#joey lawrence#sarah jane cunningham & suzie v freeman#august 15 , 2012#2008#1.28\n44#14#from russia with love#rob schiller#jennifer glickman#august 22 , 2012#2010#1.22\n",
        "pandas_code": "(df[df['written by'] == 'david valliere']['us viewers (millions)'].values[0] == 1.21)",
        "pandas_eval": "True"
    },
    {
        "id": 30360,
        "statement": "david trainer direct the episode before the episode title the donor",
        "label": 1,
        "table_caption": "list of melissa & joey episodes",
        "table_text": "no in series#no in season#title#directed by#written by#original air date#production code#us viewers (millions)\n31#1#i can manage#jeff melman#david kendall & bob young#may 30 , 2012#2001#1.21\n32#2#if you can't stand the heat#jeff melman#seth kurland#may 30 , 2012#2002#1.25\n33#3#good to go#rob schiller#jennifer glickman#june 6 , 2012#2003#1.07\n34#4#all up in my business#melissa joan hart#sarah jane cunningham & suzie v freeman#june 6 , 2012#2007#1.08\n35#5#the knockout#steve zuckerman#bob young & david kendall#june 13 , 2012#2005#1.11\n36#6#breaking up is hard to do#jeff melman#sarah jane cunningham & suzie v freeman#june 20 , 2012#2014#1.49\n37#7#mixed doubles#david trainer#jennifer glickman#june 27 , 2012#2009#1.42\n38#8#the donor#david kendall#david valliere#july 11 , 2012#2015#1.21\n39#9#eat , pray , date#leonard r garner , jr#larry reitzer#july 18 , 2012#2004#1.01\n40#10#pretty big liars#steve zuckerman#seth kurland#july 25 , 2012#2006#1.25\n41#11#a pair of sneakers#linda mendoza#kara lee burk#august 1 , 2012#2012#1.23\n42#12#mother of all problems#jeff melman#larry reitzer#august 8 , 2012#2013#1.09\n43#13#wherefore art thou lennox#joey lawrence#sarah jane cunningham & suzie v freeman#august 15 , 2012#2008#1.28\n44#14#from russia with love#rob schiller#jennifer glickman#august 22 , 2012#2010#1.22\n",
        "pandas_code": "df.loc[df['title'] == 'the donor'].index[0] - 1 == df.loc[df['directed by'] == 'david trainer'].index[0]",
        "pandas_eval": "True"
    },
    {
        "id": 30361,
        "statement": "the episode break up is hard to do have the most number of view at 1.49 million",
        "label": 1,
        "table_caption": "list of melissa & joey episodes",
        "table_text": "no in series#no in season#title#directed by#written by#original air date#production code#us viewers (millions)\n31#1#i can manage#jeff melman#david kendall & bob young#may 30 , 2012#2001#1.21\n32#2#if you can't stand the heat#jeff melman#seth kurland#may 30 , 2012#2002#1.25\n33#3#good to go#rob schiller#jennifer glickman#june 6 , 2012#2003#1.07\n34#4#all up in my business#melissa joan hart#sarah jane cunningham & suzie v freeman#june 6 , 2012#2007#1.08\n35#5#the knockout#steve zuckerman#bob young & david kendall#june 13 , 2012#2005#1.11\n36#6#breaking up is hard to do#jeff melman#sarah jane cunningham & suzie v freeman#june 20 , 2012#2014#1.49\n37#7#mixed doubles#david trainer#jennifer glickman#june 27 , 2012#2009#1.42\n38#8#the donor#david kendall#david valliere#july 11 , 2012#2015#1.21\n39#9#eat , pray , date#leonard r garner , jr#larry reitzer#july 18 , 2012#2004#1.01\n40#10#pretty big liars#steve zuckerman#seth kurland#july 25 , 2012#2006#1.25\n41#11#a pair of sneakers#linda mendoza#kara lee burk#august 1 , 2012#2012#1.23\n42#12#mother of all problems#jeff melman#larry reitzer#august 8 , 2012#2013#1.09\n43#13#wherefore art thou lennox#joey lawrence#sarah jane cunningham & suzie v freeman#august 15 , 2012#2008#1.28\n44#14#from russia with love#rob schiller#jennifer glickman#august 22 , 2012#2010#1.22\n",
        "pandas_code": "df.loc[df['title'] == 'breaking up is hard to do', 'us viewers (millions)'].values[0] == df['us viewers (millions)'].max()",
        "pandas_eval": "True"
    },
    {
        "id": 30362,
        "statement": "larry reitzer write pretty big liar as well as the late mother of all problem",
        "label": 0,
        "table_caption": "list of melissa & joey episodes",
        "table_text": "no in series#no in season#title#directed by#written by#original air date#production code#us viewers (millions)\n31#1#i can manage#jeff melman#david kendall & bob young#may 30 , 2012#2001#1.21\n32#2#if you can't stand the heat#jeff melman#seth kurland#may 30 , 2012#2002#1.25\n33#3#good to go#rob schiller#jennifer glickman#june 6 , 2012#2003#1.07\n34#4#all up in my business#melissa joan hart#sarah jane cunningham & suzie v freeman#june 6 , 2012#2007#1.08\n35#5#the knockout#steve zuckerman#bob young & david kendall#june 13 , 2012#2005#1.11\n36#6#breaking up is hard to do#jeff melman#sarah jane cunningham & suzie v freeman#june 20 , 2012#2014#1.49\n37#7#mixed doubles#david trainer#jennifer glickman#june 27 , 2012#2009#1.42\n38#8#the donor#david kendall#david valliere#july 11 , 2012#2015#1.21\n39#9#eat , pray , date#leonard r garner , jr#larry reitzer#july 18 , 2012#2004#1.01\n40#10#pretty big liars#steve zuckerman#seth kurland#july 25 , 2012#2006#1.25\n41#11#a pair of sneakers#linda mendoza#kara lee burk#august 1 , 2012#2012#1.23\n42#12#mother of all problems#jeff melman#larry reitzer#august 8 , 2012#2013#1.09\n43#13#wherefore art thou lennox#joey lawrence#sarah jane cunningham & suzie v freeman#august 15 , 2012#2008#1.28\n44#14#from russia with love#rob schiller#jennifer glickman#august 22 , 2012#2010#1.22\n",
        "pandas_code": "(df[df['written by'] == 'larry reitzer']['title'].isin(['pretty big liars', 'mother of all problems']).all())",
        "pandas_eval": "False"
    },
    {
        "id": 30363,
        "statement": "jennifer glickman write 3 episode of melissa & joey ranging from june 2006 to august 2012",
        "label": 0,
        "table_caption": "list of melissa & joey episodes",
        "table_text": "no in series#no in season#title#directed by#written by#original air date#production code#us viewers (millions)\n31#1#i can manage#jeff melman#david kendall & bob young#may 30 , 2012#2001#1.21\n32#2#if you can't stand the heat#jeff melman#seth kurland#may 30 , 2012#2002#1.25\n33#3#good to go#rob schiller#jennifer glickman#june 6 , 2012#2003#1.07\n34#4#all up in my business#melissa joan hart#sarah jane cunningham & suzie v freeman#june 6 , 2012#2007#1.08\n35#5#the knockout#steve zuckerman#bob young & david kendall#june 13 , 2012#2005#1.11\n36#6#breaking up is hard to do#jeff melman#sarah jane cunningham & suzie v freeman#june 20 , 2012#2014#1.49\n37#7#mixed doubles#david trainer#jennifer glickman#june 27 , 2012#2009#1.42\n38#8#the donor#david kendall#david valliere#july 11 , 2012#2015#1.21\n39#9#eat , pray , date#leonard r garner , jr#larry reitzer#july 18 , 2012#2004#1.01\n40#10#pretty big liars#steve zuckerman#seth kurland#july 25 , 2012#2006#1.25\n41#11#a pair of sneakers#linda mendoza#kara lee burk#august 1 , 2012#2012#1.23\n42#12#mother of all problems#jeff melman#larry reitzer#august 8 , 2012#2013#1.09\n43#13#wherefore art thou lennox#joey lawrence#sarah jane cunningham & suzie v freeman#august 15 , 2012#2008#1.28\n44#14#from russia with love#rob schiller#jennifer glickman#august 22 , 2012#2010#1.22\n",
        "pandas_code": "(df['written by'].str.contains('jennifer glickman').sum() == 3) and (df[df['written by'].str.contains('jennifer glickman')]['original air date'].between('june 2006', 'august 2012').all())",
        "pandas_eval": "False"
    },
    {
        "id": 30364,
        "statement": "the only episode written by david valliere have 1.42 million view",
        "label": 0,
        "table_caption": "list of melissa & joey episodes",
        "table_text": "no in series#no in season#title#directed by#written by#original air date#production code#us viewers (millions)\n31#1#i can manage#jeff melman#david kendall & bob young#may 30 , 2012#2001#1.21\n32#2#if you can't stand the heat#jeff melman#seth kurland#may 30 , 2012#2002#1.25\n33#3#good to go#rob schiller#jennifer glickman#june 6 , 2012#2003#1.07\n34#4#all up in my business#melissa joan hart#sarah jane cunningham & suzie v freeman#june 6 , 2012#2007#1.08\n35#5#the knockout#steve zuckerman#bob young & david kendall#june 13 , 2012#2005#1.11\n36#6#breaking up is hard to do#jeff melman#sarah jane cunningham & suzie v freeman#june 20 , 2012#2014#1.49\n37#7#mixed doubles#david trainer#jennifer glickman#june 27 , 2012#2009#1.42\n38#8#the donor#david kendall#david valliere#july 11 , 2012#2015#1.21\n39#9#eat , pray , date#leonard r garner , jr#larry reitzer#july 18 , 2012#2004#1.01\n40#10#pretty big liars#steve zuckerman#seth kurland#july 25 , 2012#2006#1.25\n41#11#a pair of sneakers#linda mendoza#kara lee burk#august 1 , 2012#2012#1.23\n42#12#mother of all problems#jeff melman#larry reitzer#august 8 , 2012#2013#1.09\n43#13#wherefore art thou lennox#joey lawrence#sarah jane cunningham & suzie v freeman#august 15 , 2012#2008#1.28\n44#14#from russia with love#rob schiller#jennifer glickman#august 22 , 2012#2010#1.22\n",
        "pandas_code": "(df[df['written by'] == 'david valliere']['us viewers (millions)'].values[0] == 1.42)",
        "pandas_eval": "False"
    },
    {
        "id": 30365,
        "statement": "david trainer direct the episode after the episode title the donor",
        "label": 0,
        "table_caption": "list of melissa & joey episodes",
        "table_text": "no in series#no in season#title#directed by#written by#original air date#production code#us viewers (millions)\n31#1#i can manage#jeff melman#david kendall & bob young#may 30 , 2012#2001#1.21\n32#2#if you can't stand the heat#jeff melman#seth kurland#may 30 , 2012#2002#1.25\n33#3#good to go#rob schiller#jennifer glickman#june 6 , 2012#2003#1.07\n34#4#all up in my business#melissa joan hart#sarah jane cunningham & suzie v freeman#june 6 , 2012#2007#1.08\n35#5#the knockout#steve zuckerman#bob young & david kendall#june 13 , 2012#2005#1.11\n36#6#breaking up is hard to do#jeff melman#sarah jane cunningham & suzie v freeman#june 20 , 2012#2014#1.49\n37#7#mixed doubles#david trainer#jennifer glickman#june 27 , 2012#2009#1.42\n38#8#the donor#david kendall#david valliere#july 11 , 2012#2015#1.21\n39#9#eat , pray , date#leonard r garner , jr#larry reitzer#july 18 , 2012#2004#1.01\n40#10#pretty big liars#steve zuckerman#seth kurland#july 25 , 2012#2006#1.25\n41#11#a pair of sneakers#linda mendoza#kara lee burk#august 1 , 2012#2012#1.23\n42#12#mother of all problems#jeff melman#larry reitzer#august 8 , 2012#2013#1.09\n43#13#wherefore art thou lennox#joey lawrence#sarah jane cunningham & suzie v freeman#august 15 , 2012#2008#1.28\n44#14#from russia with love#rob schiller#jennifer glickman#august 22 , 2012#2010#1.22\n",
        "pandas_code": "df.loc[df['title'] == 'the donor', 'no in series'].values[0] + 1 == df.loc[df['directed by'] == 'david trainer', 'no in series'].values[0]",
        "pandas_eval": "False"
    },
    {
        "id": 30366,
        "statement": "the episode break up is hard to do have the most number of view at 1.42 million",
        "label": 0,
        "table_caption": "list of melissa & joey episodes",
        "table_text": "no in series#no in season#title#directed by#written by#original air date#production code#us viewers (millions)\n31#1#i can manage#jeff melman#david kendall & bob young#may 30 , 2012#2001#1.21\n32#2#if you can't stand the heat#jeff melman#seth kurland#may 30 , 2012#2002#1.25\n33#3#good to go#rob schiller#jennifer glickman#june 6 , 2012#2003#1.07\n34#4#all up in my business#melissa joan hart#sarah jane cunningham & suzie v freeman#june 6 , 2012#2007#1.08\n35#5#the knockout#steve zuckerman#bob young & david kendall#june 13 , 2012#2005#1.11\n36#6#breaking up is hard to do#jeff melman#sarah jane cunningham & suzie v freeman#june 20 , 2012#2014#1.49\n37#7#mixed doubles#david trainer#jennifer glickman#june 27 , 2012#2009#1.42\n38#8#the donor#david kendall#david valliere#july 11 , 2012#2015#1.21\n39#9#eat , pray , date#leonard r garner , jr#larry reitzer#july 18 , 2012#2004#1.01\n40#10#pretty big liars#steve zuckerman#seth kurland#july 25 , 2012#2006#1.25\n41#11#a pair of sneakers#linda mendoza#kara lee burk#august 1 , 2012#2012#1.23\n42#12#mother of all problems#jeff melman#larry reitzer#august 8 , 2012#2013#1.09\n43#13#wherefore art thou lennox#joey lawrence#sarah jane cunningham & suzie v freeman#august 15 , 2012#2008#1.28\n44#14#from russia with love#rob schiller#jennifer glickman#august 22 , 2012#2010#1.22\n",
        "pandas_code": "df.loc[df['title'] == 'breaking up is hard to do', 'us viewers (millions)'].values[0] == 1.42",
        "pandas_eval": "False"
    }
]