[
    {
        "id": 31242,
        "statement": "the 2 game with the lowest attendance occur in december november",
        "label": 1,
        "table_caption": "1965 cleveland browns season",
        "table_text": "week#date#opponent#result#attendance\n1#september 19 , 1965#washington redskins#w 17 - 7#48208\n2#september 26 , 1965#st louis cardinals#l 49 - 13#80161\n3#october 3 , 1965#philadelphia eagles#w 35 - 17#60759\n4#october 9 , 1965#pittsburgh steelers#w 24 - 19#80187\n5#october 17 , 1965#dallas cowboys#w 23 - 17#80432\n6#october 24 , 1965#new york giants#w 38 - 14#62864\n7#october 31 , 1965#minnesota vikings#l 27 - 17#83505\n8#november 7 , 1965#philadelphia eagles#w 38 - 34#72807\n9#november 14 , 1965#new york giants#w 34 - 21#82426\n10#november 21 , 1965#dallas cowboys#w 24 - 17#76251\n11#november 28 , 1965#pittsburgh steelers#w 42 - 21#42757\n12#december 5 , 1965#washington redskins#w 24 - 16#77765\n13#december 12 , 1965#los angeles rams#l 42 - 7#49048\n14#december 19 , 1965#st louis cardinals#w 27 - 24#29348\n",
        "pandas_code": "all(df[df['attendance'].isin(df['attendance'].nsmallest(2))]['date'].str.contains('december|november'))",
        "pandas_eval": "True"
    },
    {
        "id": 31243,
        "statement": "the cleveland brown win 11 out of 14 game",
        "label": 1,
        "table_caption": "1965 cleveland browns season",
        "table_text": "week#date#opponent#result#attendance\n1#september 19 , 1965#washington redskins#w 17 - 7#48208\n2#september 26 , 1965#st louis cardinals#l 49 - 13#80161\n3#october 3 , 1965#philadelphia eagles#w 35 - 17#60759\n4#october 9 , 1965#pittsburgh steelers#w 24 - 19#80187\n5#october 17 , 1965#dallas cowboys#w 23 - 17#80432\n6#october 24 , 1965#new york giants#w 38 - 14#62864\n7#october 31 , 1965#minnesota vikings#l 27 - 17#83505\n8#november 7 , 1965#philadelphia eagles#w 38 - 34#72807\n9#november 14 , 1965#new york giants#w 34 - 21#82426\n10#november 21 , 1965#dallas cowboys#w 24 - 17#76251\n11#november 28 , 1965#pittsburgh steelers#w 42 - 21#42757\n12#december 5 , 1965#washington redskins#w 24 - 16#77765\n13#december 12 , 1965#los angeles rams#l 42 - 7#49048\n14#december 19 , 1965#st louis cardinals#w 27 - 24#29348\n",
        "pandas_code": "(df['result'].str.startswith('w').sum() == 11)",
        "pandas_eval": "True"
    },
    {
        "id": 31244,
        "statement": "the cleveland brown lose to the los angeles ram by 36 point and to the st louis cardinal by 35 point",
        "label": 1,
        "table_caption": "1965 cleveland browns season",
        "table_text": "week#date#opponent#result#attendance\n1#september 19 , 1965#washington redskins#w 17 - 7#48208\n2#september 26 , 1965#st louis cardinals#l 49 - 13#80161\n3#october 3 , 1965#philadelphia eagles#w 35 - 17#60759\n4#october 9 , 1965#pittsburgh steelers#w 24 - 19#80187\n5#october 17 , 1965#dallas cowboys#w 23 - 17#80432\n6#october 24 , 1965#new york giants#w 38 - 14#62864\n7#october 31 , 1965#minnesota vikings#l 27 - 17#83505\n8#november 7 , 1965#philadelphia eagles#w 38 - 34#72807\n9#november 14 , 1965#new york giants#w 34 - 21#82426\n10#november 21 , 1965#dallas cowboys#w 24 - 17#76251\n11#november 28 , 1965#pittsburgh steelers#w 42 - 21#42757\n12#december 5 , 1965#washington redskins#w 24 - 16#77765\n13#december 12 , 1965#los angeles rams#l 42 - 7#49048\n14#december 19 , 1965#st louis cardinals#w 27 - 24#29348\n",
        "pandas_code": "((df['opponent'] == 'los angeles rams') & (df['result'] == 'l 42 - 7')).any() and ((df['opponent'] == 'st louis cardinals') & (df['result'] == 'l 49 - 13')).any()",
        "pandas_eval": "True"
    },
    {
        "id": 31245,
        "statement": "the game with highest attendance be at home against the minnesota viking",
        "label": 1,
        "table_caption": "1965 cleveland browns season",
        "table_text": "week#date#opponent#result#attendance\n1#september 19 , 1965#washington redskins#w 17 - 7#48208\n2#september 26 , 1965#st louis cardinals#l 49 - 13#80161\n3#october 3 , 1965#philadelphia eagles#w 35 - 17#60759\n4#october 9 , 1965#pittsburgh steelers#w 24 - 19#80187\n5#october 17 , 1965#dallas cowboys#w 23 - 17#80432\n6#october 24 , 1965#new york giants#w 38 - 14#62864\n7#october 31 , 1965#minnesota vikings#l 27 - 17#83505\n8#november 7 , 1965#philadelphia eagles#w 38 - 34#72807\n9#november 14 , 1965#new york giants#w 34 - 21#82426\n10#november 21 , 1965#dallas cowboys#w 24 - 17#76251\n11#november 28 , 1965#pittsburgh steelers#w 42 - 21#42757\n12#december 5 , 1965#washington redskins#w 24 - 16#77765\n13#december 12 , 1965#los angeles rams#l 42 - 7#49048\n14#december 19 , 1965#st louis cardinals#w 27 - 24#29348\n",
        "pandas_code": "df.loc[df['attendance'].idxmax(), 'opponent'] == 'minnesota vikings'",
        "pandas_eval": "True"
    },
    {
        "id": 31246,
        "statement": "the brown win 5 out of 7 game when play at home",
        "label": 1,
        "table_caption": "1965 cleveland browns season",
        "table_text": "week#date#opponent#result#attendance\n1#september 19 , 1965#washington redskins#w 17 - 7#48208\n2#september 26 , 1965#st louis cardinals#l 49 - 13#80161\n3#october 3 , 1965#philadelphia eagles#w 35 - 17#60759\n4#october 9 , 1965#pittsburgh steelers#w 24 - 19#80187\n5#october 17 , 1965#dallas cowboys#w 23 - 17#80432\n6#october 24 , 1965#new york giants#w 38 - 14#62864\n7#october 31 , 1965#minnesota vikings#l 27 - 17#83505\n8#november 7 , 1965#philadelphia eagles#w 38 - 34#72807\n9#november 14 , 1965#new york giants#w 34 - 21#82426\n10#november 21 , 1965#dallas cowboys#w 24 - 17#76251\n11#november 28 , 1965#pittsburgh steelers#w 42 - 21#42757\n12#december 5 , 1965#washington redskins#w 24 - 16#77765\n13#december 12 , 1965#los angeles rams#l 42 - 7#49048\n14#december 19 , 1965#st louis cardinals#w 27 - 24#29348\n",
        "pandas_code": "((df['result'].str.startswith('w')).iloc[:7].sum() == 5)",
        "pandas_eval": "True"
    },
    {
        "id": 31247,
        "statement": "the 2 game with the highest attendance occur in december november",
        "label": 0,
        "table_caption": "1965 cleveland browns season",
        "table_text": "week#date#opponent#result#attendance\n1#september 19 , 1965#washington redskins#w 17 - 7#48208\n2#september 26 , 1965#st louis cardinals#l 49 - 13#80161\n3#october 3 , 1965#philadelphia eagles#w 35 - 17#60759\n4#october 9 , 1965#pittsburgh steelers#w 24 - 19#80187\n5#october 17 , 1965#dallas cowboys#w 23 - 17#80432\n6#october 24 , 1965#new york giants#w 38 - 14#62864\n7#october 31 , 1965#minnesota vikings#l 27 - 17#83505\n8#november 7 , 1965#philadelphia eagles#w 38 - 34#72807\n9#november 14 , 1965#new york giants#w 34 - 21#82426\n10#november 21 , 1965#dallas cowboys#w 24 - 17#76251\n11#november 28 , 1965#pittsburgh steelers#w 42 - 21#42757\n12#december 5 , 1965#washington redskins#w 24 - 16#77765\n13#december 12 , 1965#los angeles rams#l 42 - 7#49048\n14#december 19 , 1965#st louis cardinals#w 27 - 24#29348\n",
        "pandas_code": "df.sort_values('attendance', ascending=False).head(2)['date'].str.contains('december|november').all()",
        "pandas_eval": "False"
    },
    {
        "id": 31248,
        "statement": "the cleveland brown win exactly half of their 14 game",
        "label": 0,
        "table_caption": "1965 cleveland browns season",
        "table_text": "week#date#opponent#result#attendance\n1#september 19 , 1965#washington redskins#w 17 - 7#48208\n2#september 26 , 1965#st louis cardinals#l 49 - 13#80161\n3#october 3 , 1965#philadelphia eagles#w 35 - 17#60759\n4#october 9 , 1965#pittsburgh steelers#w 24 - 19#80187\n5#october 17 , 1965#dallas cowboys#w 23 - 17#80432\n6#october 24 , 1965#new york giants#w 38 - 14#62864\n7#october 31 , 1965#minnesota vikings#l 27 - 17#83505\n8#november 7 , 1965#philadelphia eagles#w 38 - 34#72807\n9#november 14 , 1965#new york giants#w 34 - 21#82426\n10#november 21 , 1965#dallas cowboys#w 24 - 17#76251\n11#november 28 , 1965#pittsburgh steelers#w 42 - 21#42757\n12#december 5 , 1965#washington redskins#w 24 - 16#77765\n13#december 12 , 1965#los angeles rams#l 42 - 7#49048\n14#december 19 , 1965#st louis cardinals#w 27 - 24#29348\n",
        "pandas_code": "len(df[df['result'].str.startswith('w')]) == 7",
        "pandas_eval": "False"
    },
    {
        "id": 31249,
        "statement": "the cleveland brown lose to the los angeles ram by 36 point and to the st louis cardinal by even more",
        "label": 0,
        "table_caption": "1965 cleveland browns season",
        "table_text": "week#date#opponent#result#attendance\n1#september 19 , 1965#washington redskins#w 17 - 7#48208\n2#september 26 , 1965#st louis cardinals#l 49 - 13#80161\n3#october 3 , 1965#philadelphia eagles#w 35 - 17#60759\n4#october 9 , 1965#pittsburgh steelers#w 24 - 19#80187\n5#october 17 , 1965#dallas cowboys#w 23 - 17#80432\n6#october 24 , 1965#new york giants#w 38 - 14#62864\n7#october 31 , 1965#minnesota vikings#l 27 - 17#83505\n8#november 7 , 1965#philadelphia eagles#w 38 - 34#72807\n9#november 14 , 1965#new york giants#w 34 - 21#82426\n10#november 21 , 1965#dallas cowboys#w 24 - 17#76251\n11#november 28 , 1965#pittsburgh steelers#w 42 - 21#42757\n12#december 5 , 1965#washington redskins#w 24 - 16#77765\n13#december 12 , 1965#los angeles rams#l 42 - 7#49048\n14#december 19 , 1965#st louis cardinals#w 27 - 24#29348\n",
        "pandas_code": "(df[(df['opponent'] == 'los angeles rams') & (df['result'].str.startswith('l'))]['result'].str.extract(r'l (\\d+) - \\d+').astype(int).iloc[0, 0] == 36) & (df[(df['opponent'] == 'st louis cardinals') & (df['result'].str.startswith('l'))]['result'].str.extract(r'l (\\d+) - \\d+').astype(int).iloc[0, 0] > 36)",
        "pandas_eval": "False"
    },
    {
        "id": 31250,
        "statement": "the game with second highest attendance be at home against the minnesota viking",
        "label": 0,
        "table_caption": "1965 cleveland browns season",
        "table_text": "week#date#opponent#result#attendance\n1#september 19 , 1965#washington redskins#w 17 - 7#48208\n2#september 26 , 1965#st louis cardinals#l 49 - 13#80161\n3#october 3 , 1965#philadelphia eagles#w 35 - 17#60759\n4#october 9 , 1965#pittsburgh steelers#w 24 - 19#80187\n5#october 17 , 1965#dallas cowboys#w 23 - 17#80432\n6#october 24 , 1965#new york giants#w 38 - 14#62864\n7#october 31 , 1965#minnesota vikings#l 27 - 17#83505\n8#november 7 , 1965#philadelphia eagles#w 38 - 34#72807\n9#november 14 , 1965#new york giants#w 34 - 21#82426\n10#november 21 , 1965#dallas cowboys#w 24 - 17#76251\n11#november 28 , 1965#pittsburgh steelers#w 42 - 21#42757\n12#december 5 , 1965#washington redskins#w 24 - 16#77765\n13#december 12 , 1965#los angeles rams#l 42 - 7#49048\n14#december 19 , 1965#st louis cardinals#w 27 - 24#29348\n",
        "pandas_code": "df.sort_values('attendance', ascending=False).iloc[1]['opponent'] == 'minnesota vikings'",
        "pandas_eval": "False"
    },
    {
        "id": 31251,
        "statement": "the brown win less than half of their game when play at home",
        "label": 0,
        "table_caption": "1965 cleveland browns season",
        "table_text": "week#date#opponent#result#attendance\n1#september 19 , 1965#washington redskins#w 17 - 7#48208\n2#september 26 , 1965#st louis cardinals#l 49 - 13#80161\n3#october 3 , 1965#philadelphia eagles#w 35 - 17#60759\n4#october 9 , 1965#pittsburgh steelers#w 24 - 19#80187\n5#october 17 , 1965#dallas cowboys#w 23 - 17#80432\n6#october 24 , 1965#new york giants#w 38 - 14#62864\n7#october 31 , 1965#minnesota vikings#l 27 - 17#83505\n8#november 7 , 1965#philadelphia eagles#w 38 - 34#72807\n9#november 14 , 1965#new york giants#w 34 - 21#82426\n10#november 21 , 1965#dallas cowboys#w 24 - 17#76251\n11#november 28 , 1965#pittsburgh steelers#w 42 - 21#42757\n12#december 5 , 1965#washington redskins#w 24 - 16#77765\n13#december 12 , 1965#los angeles rams#l 42 - 7#49048\n14#december 19 , 1965#st louis cardinals#w 27 - 24#29348\n",
        "pandas_code": "df[df['attendance'] > 50000]['result'].str.startswith('w').mean() < 0.5",
        "pandas_eval": "False"
    },
    {
        "id": 63136,
        "statement": "week 1 and 5 have attendance 68000 and greater",
        "label": 1,
        "table_caption": "1965 cleveland browns season",
        "table_text": "week#date#opponent#result#attendance\n1#august 6 , 1965#college all - stars at chicago#w 24 - 16#68000\n2#august 15 , 1965#san francisco 49ers#w 37 - 21#22000\n3#august 22 , 1965#los angeles rams#w 21 - 19#29508\n4#august 29 , 1965#detroit lions#w 28 - 14#28803\n5#september 4 , 1965#green bay packers#l 30 - 14#83118\n6#september 11 , 1965#pittsburgh steelers at akron#w 28 - 16#23162\n",
        "pandas_code": "(df.loc[df['week'].isin([1, 5]), 'attendance'] >= 68000).all()",
        "pandas_eval": "True"
    },
    {
        "id": 63137,
        "statement": "68000 be the largest attendance count for week 1 through 6",
        "label": 0,
        "table_caption": "1965 cleveland browns season",
        "table_text": "week#date#opponent#result#attendance\n1#august 6 , 1965#college all - stars at chicago#w 24 - 16#68000\n2#august 15 , 1965#san francisco 49ers#w 37 - 21#22000\n3#august 22 , 1965#los angeles rams#w 21 - 19#29508\n4#august 29 , 1965#detroit lions#w 28 - 14#28803\n5#september 4 , 1965#green bay packers#l 30 - 14#83118\n6#september 11 , 1965#pittsburgh steelers at akron#w 28 - 16#23162\n",
        "pandas_code": "df['attendance'].max() == 68000",
        "pandas_eval": "False"
    },
    {
        "id": 90519,
        "statement": "jim garcia have the smallest overall with less than 22",
        "label": 1,
        "table_caption": "1965 cleveland browns season",
        "table_text": "round#overall#player#position#school / club team\n2#17#jim garcia#tackle#purdue\n2#22#gerry bussell#defensive back#georgia tech\n2#27#walter johnson#defensive tackle#cal state - los angeles\n3#32#bo scott#running back#ohio state\n3#41#bobby maples#linebacker#baylor\n5#69#bill irwin#tackle#mississippi\n6#72#arnie simkus#tackle#michigan\n6#83#corwyn aldredge#wide receiver#northwestern state (la)\n7#97#dale lindsey#linebacker#western kentucky\n8#111#mike howell#defensive back#grambling\n9#125#gary lane#quarterback#missouri\n10#139#pat screen#quarterback#lsu\n11#153#ollie cordill#back#memphis state\n12#167#justin canale#guard#mississippi state\n13#181#henry pickett#back#baylor\n14#195#dan simrell#quarterback#toledo\n15#209#larry gagner#tackle#florida\n16#223#mel anthony#fullback#michigan\n17#237#john boyette#tackle#clemson\n18#251#dick arrington#guard#notre dame\n19#265#ed orazen#guard#ohio state\n20#279#frank goldberg#linebacker#central michigan\n",
        "pandas_code": "(df[df['player'] == 'jim garcia']['overall'].iloc[0] < 22)",
        "pandas_eval": "True"
    },
    {
        "id": 90520,
        "statement": "cal state - los angeles' position be defensive tackle with an overall above 22",
        "label": 1,
        "table_caption": "1965 cleveland browns season",
        "table_text": "round#overall#player#position#school / club team\n2#17#jim garcia#tackle#purdue\n2#22#gerry bussell#defensive back#georgia tech\n2#27#walter johnson#defensive tackle#cal state - los angeles\n3#32#bo scott#running back#ohio state\n3#41#bobby maples#linebacker#baylor\n5#69#bill irwin#tackle#mississippi\n6#72#arnie simkus#tackle#michigan\n6#83#corwyn aldredge#wide receiver#northwestern state (la)\n7#97#dale lindsey#linebacker#western kentucky\n8#111#mike howell#defensive back#grambling\n9#125#gary lane#quarterback#missouri\n10#139#pat screen#quarterback#lsu\n11#153#ollie cordill#back#memphis state\n12#167#justin canale#guard#mississippi state\n13#181#henry pickett#back#baylor\n14#195#dan simrell#quarterback#toledo\n15#209#larry gagner#tackle#florida\n16#223#mel anthony#fullback#michigan\n17#237#john boyette#tackle#clemson\n18#251#dick arrington#guard#notre dame\n19#265#ed orazen#guard#ohio state\n20#279#frank goldberg#linebacker#central michigan\n",
        "pandas_code": "df[(df['school / club team'] == 'cal state - los angeles') & (df['position'] == 'defensive tackle') & (df['overall'] > 22)].any().any()",
        "pandas_eval": "True"
    },
    {
        "id": 90521,
        "statement": "ollie cordill play back position for memphis state",
        "label": 1,
        "table_caption": "1965 cleveland browns season",
        "table_text": "round#overall#player#position#school / club team\n2#17#jim garcia#tackle#purdue\n2#22#gerry bussell#defensive back#georgia tech\n2#27#walter johnson#defensive tackle#cal state - los angeles\n3#32#bo scott#running back#ohio state\n3#41#bobby maples#linebacker#baylor\n5#69#bill irwin#tackle#mississippi\n6#72#arnie simkus#tackle#michigan\n6#83#corwyn aldredge#wide receiver#northwestern state (la)\n7#97#dale lindsey#linebacker#western kentucky\n8#111#mike howell#defensive back#grambling\n9#125#gary lane#quarterback#missouri\n10#139#pat screen#quarterback#lsu\n11#153#ollie cordill#back#memphis state\n12#167#justin canale#guard#mississippi state\n13#181#henry pickett#back#baylor\n14#195#dan simrell#quarterback#toledo\n15#209#larry gagner#tackle#florida\n16#223#mel anthony#fullback#michigan\n17#237#john boyette#tackle#clemson\n18#251#dick arrington#guard#notre dame\n19#265#ed orazen#guard#ohio state\n20#279#frank goldberg#linebacker#central michigan\n",
        "pandas_code": "df[(df['player'] == 'ollie cordill') & (df['position'] == 'back') & (df['school / club team'] == 'memphis state')].any().any()",
        "pandas_eval": "True"
    },
    {
        "id": 90522,
        "statement": "in round 7 , the overall be 97",
        "label": 1,
        "table_caption": "1965 cleveland browns season",
        "table_text": "round#overall#player#position#school / club team\n2#17#jim garcia#tackle#purdue\n2#22#gerry bussell#defensive back#georgia tech\n2#27#walter johnson#defensive tackle#cal state - los angeles\n3#32#bo scott#running back#ohio state\n3#41#bobby maples#linebacker#baylor\n5#69#bill irwin#tackle#mississippi\n6#72#arnie simkus#tackle#michigan\n6#83#corwyn aldredge#wide receiver#northwestern state (la)\n7#97#dale lindsey#linebacker#western kentucky\n8#111#mike howell#defensive back#grambling\n9#125#gary lane#quarterback#missouri\n10#139#pat screen#quarterback#lsu\n11#153#ollie cordill#back#memphis state\n12#167#justin canale#guard#mississippi state\n13#181#henry pickett#back#baylor\n14#195#dan simrell#quarterback#toledo\n15#209#larry gagner#tackle#florida\n16#223#mel anthony#fullback#michigan\n17#237#john boyette#tackle#clemson\n18#251#dick arrington#guard#notre dame\n19#265#ed orazen#guard#ohio state\n20#279#frank goldberg#linebacker#central michigan\n",
        "pandas_code": "df[(df['round'] == 7) & (df['overall'] == 97)].shape[0] == 1",
        "pandas_eval": "True"
    },
    {
        "id": 90523,
        "statement": "jim garcia have an overall of 17",
        "label": 1,
        "table_caption": "1965 cleveland browns season",
        "table_text": "round#overall#player#position#school / club team\n2#17#jim garcia#tackle#purdue\n2#22#gerry bussell#defensive back#georgia tech\n2#27#walter johnson#defensive tackle#cal state - los angeles\n3#32#bo scott#running back#ohio state\n3#41#bobby maples#linebacker#baylor\n5#69#bill irwin#tackle#mississippi\n6#72#arnie simkus#tackle#michigan\n6#83#corwyn aldredge#wide receiver#northwestern state (la)\n7#97#dale lindsey#linebacker#western kentucky\n8#111#mike howell#defensive back#grambling\n9#125#gary lane#quarterback#missouri\n10#139#pat screen#quarterback#lsu\n11#153#ollie cordill#back#memphis state\n12#167#justin canale#guard#mississippi state\n13#181#henry pickett#back#baylor\n14#195#dan simrell#quarterback#toledo\n15#209#larry gagner#tackle#florida\n16#223#mel anthony#fullback#michigan\n17#237#john boyette#tackle#clemson\n18#251#dick arrington#guard#notre dame\n19#265#ed orazen#guard#ohio state\n20#279#frank goldberg#linebacker#central michigan\n",
        "pandas_code": "df[df['player'] == 'jim garcia']['overall'].values[0] == 17",
        "pandas_eval": "True"
    },
    {
        "id": 90524,
        "statement": "the player for round 7 be arnie simkus",
        "label": 0,
        "table_caption": "1965 cleveland browns season",
        "table_text": "round#overall#player#position#school / club team\n2#17#jim garcia#tackle#purdue\n2#22#gerry bussell#defensive back#georgia tech\n2#27#walter johnson#defensive tackle#cal state - los angeles\n3#32#bo scott#running back#ohio state\n3#41#bobby maples#linebacker#baylor\n5#69#bill irwin#tackle#mississippi\n6#72#arnie simkus#tackle#michigan\n6#83#corwyn aldredge#wide receiver#northwestern state (la)\n7#97#dale lindsey#linebacker#western kentucky\n8#111#mike howell#defensive back#grambling\n9#125#gary lane#quarterback#missouri\n10#139#pat screen#quarterback#lsu\n11#153#ollie cordill#back#memphis state\n12#167#justin canale#guard#mississippi state\n13#181#henry pickett#back#baylor\n14#195#dan simrell#quarterback#toledo\n15#209#larry gagner#tackle#florida\n16#223#mel anthony#fullback#michigan\n17#237#john boyette#tackle#clemson\n18#251#dick arrington#guard#notre dame\n19#265#ed orazen#guard#ohio state\n20#279#frank goldberg#linebacker#central michigan\n",
        "pandas_code": "df[df['round'] == 7]['player'].eq('arnie simkus').any()",
        "pandas_eval": "False"
    },
    {
        "id": 90525,
        "statement": "the position of jim garcia be guard",
        "label": 0,
        "table_caption": "1965 cleveland browns season",
        "table_text": "round#overall#player#position#school / club team\n2#17#jim garcia#tackle#purdue\n2#22#gerry bussell#defensive back#georgia tech\n2#27#walter johnson#defensive tackle#cal state - los angeles\n3#32#bo scott#running back#ohio state\n3#41#bobby maples#linebacker#baylor\n5#69#bill irwin#tackle#mississippi\n6#72#arnie simkus#tackle#michigan\n6#83#corwyn aldredge#wide receiver#northwestern state (la)\n7#97#dale lindsey#linebacker#western kentucky\n8#111#mike howell#defensive back#grambling\n9#125#gary lane#quarterback#missouri\n10#139#pat screen#quarterback#lsu\n11#153#ollie cordill#back#memphis state\n12#167#justin canale#guard#mississippi state\n13#181#henry pickett#back#baylor\n14#195#dan simrell#quarterback#toledo\n15#209#larry gagner#tackle#florida\n16#223#mel anthony#fullback#michigan\n17#237#john boyette#tackle#clemson\n18#251#dick arrington#guard#notre dame\n19#265#ed orazen#guard#ohio state\n20#279#frank goldberg#linebacker#central michigan\n",
        "pandas_code": "df[df['player'] == 'jim garcia']['position'].eq('guard').bool()",
        "pandas_eval": "False"
    },
    {
        "id": 90526,
        "statement": "cal state - los angeles overall be 41",
        "label": 0,
        "table_caption": "1965 cleveland browns season",
        "table_text": "round#overall#player#position#school / club team\n2#17#jim garcia#tackle#purdue\n2#22#gerry bussell#defensive back#georgia tech\n2#27#walter johnson#defensive tackle#cal state - los angeles\n3#32#bo scott#running back#ohio state\n3#41#bobby maples#linebacker#baylor\n5#69#bill irwin#tackle#mississippi\n6#72#arnie simkus#tackle#michigan\n6#83#corwyn aldredge#wide receiver#northwestern state (la)\n7#97#dale lindsey#linebacker#western kentucky\n8#111#mike howell#defensive back#grambling\n9#125#gary lane#quarterback#missouri\n10#139#pat screen#quarterback#lsu\n11#153#ollie cordill#back#memphis state\n12#167#justin canale#guard#mississippi state\n13#181#henry pickett#back#baylor\n14#195#dan simrell#quarterback#toledo\n15#209#larry gagner#tackle#florida\n16#223#mel anthony#fullback#michigan\n17#237#john boyette#tackle#clemson\n18#251#dick arrington#guard#notre dame\n19#265#ed orazen#guard#ohio state\n20#279#frank goldberg#linebacker#central michigan\n",
        "pandas_code": "df.loc[df['school / club team'] == 'cal state - los angeles', 'overall'].iloc[0] == 41",
        "pandas_eval": "False"
    },
    {
        "id": 90527,
        "statement": "ollie cordill be in round 14",
        "label": 0,
        "table_caption": "1965 cleveland browns season",
        "table_text": "round#overall#player#position#school / club team\n2#17#jim garcia#tackle#purdue\n2#22#gerry bussell#defensive back#georgia tech\n2#27#walter johnson#defensive tackle#cal state - los angeles\n3#32#bo scott#running back#ohio state\n3#41#bobby maples#linebacker#baylor\n5#69#bill irwin#tackle#mississippi\n6#72#arnie simkus#tackle#michigan\n6#83#corwyn aldredge#wide receiver#northwestern state (la)\n7#97#dale lindsey#linebacker#western kentucky\n8#111#mike howell#defensive back#grambling\n9#125#gary lane#quarterback#missouri\n10#139#pat screen#quarterback#lsu\n11#153#ollie cordill#back#memphis state\n12#167#justin canale#guard#mississippi state\n13#181#henry pickett#back#baylor\n14#195#dan simrell#quarterback#toledo\n15#209#larry gagner#tackle#florida\n16#223#mel anthony#fullback#michigan\n17#237#john boyette#tackle#clemson\n18#251#dick arrington#guard#notre dame\n19#265#ed orazen#guard#ohio state\n20#279#frank goldberg#linebacker#central michigan\n",
        "pandas_code": "df[df['player'] == 'ollie cordill']['round'].iloc[0] == 14",
        "pandas_eval": "False"
    },
    {
        "id": 90528,
        "statement": "mel anthony have the smallest overall under 22",
        "label": 0,
        "table_caption": "1965 cleveland browns season",
        "table_text": "round#overall#player#position#school / club team\n2#17#jim garcia#tackle#purdue\n2#22#gerry bussell#defensive back#georgia tech\n2#27#walter johnson#defensive tackle#cal state - los angeles\n3#32#bo scott#running back#ohio state\n3#41#bobby maples#linebacker#baylor\n5#69#bill irwin#tackle#mississippi\n6#72#arnie simkus#tackle#michigan\n6#83#corwyn aldredge#wide receiver#northwestern state (la)\n7#97#dale lindsey#linebacker#western kentucky\n8#111#mike howell#defensive back#grambling\n9#125#gary lane#quarterback#missouri\n10#139#pat screen#quarterback#lsu\n11#153#ollie cordill#back#memphis state\n12#167#justin canale#guard#mississippi state\n13#181#henry pickett#back#baylor\n14#195#dan simrell#quarterback#toledo\n15#209#larry gagner#tackle#florida\n16#223#mel anthony#fullback#michigan\n17#237#john boyette#tackle#clemson\n18#251#dick arrington#guard#notre dame\n19#265#ed orazen#guard#ohio state\n20#279#frank goldberg#linebacker#central michigan\n",
        "pandas_code": "df[df['player'] == 'mel anthony']['overall'].iloc[0] < 22",
        "pandas_eval": "False"
    },
    {
        "id": 90529,
        "statement": "ollie cordill play for central michigan",
        "label": 0,
        "table_caption": "1965 cleveland browns season",
        "table_text": "round#overall#player#position#school / club team\n2#17#jim garcia#tackle#purdue\n2#22#gerry bussell#defensive back#georgia tech\n2#27#walter johnson#defensive tackle#cal state - los angeles\n3#32#bo scott#running back#ohio state\n3#41#bobby maples#linebacker#baylor\n5#69#bill irwin#tackle#mississippi\n6#72#arnie simkus#tackle#michigan\n6#83#corwyn aldredge#wide receiver#northwestern state (la)\n7#97#dale lindsey#linebacker#western kentucky\n8#111#mike howell#defensive back#grambling\n9#125#gary lane#quarterback#missouri\n10#139#pat screen#quarterback#lsu\n11#153#ollie cordill#back#memphis state\n12#167#justin canale#guard#mississippi state\n13#181#henry pickett#back#baylor\n14#195#dan simrell#quarterback#toledo\n15#209#larry gagner#tackle#florida\n16#223#mel anthony#fullback#michigan\n17#237#john boyette#tackle#clemson\n18#251#dick arrington#guard#notre dame\n19#265#ed orazen#guard#ohio state\n20#279#frank goldberg#linebacker#central michigan\n",
        "pandas_code": "not df[(df['player'] == 'ollie cordill') & (df['school / club team'] == 'central michigan')].empty",
        "pandas_eval": "False"
    }
]