[
    {
        "id": 32179,
        "statement": "birabongse bhanudej have the maserati straight - 4 engine in 1951 as compare to gordini straight - 6 in 1952",
        "label": 1,
        "table_caption": "birabongse bhanudej",
        "table_text": "year#entrant#chassis#engine#points\n1950#enrico platã#maserati 4clt / 48#maserati straight - 4 s#5\n1951#ecurie siam#maserati 4clt / 48#maserati straight - 4#0\n1951#ecurie siam#maserati 4clt / 48#osca v12#0\n1952#equipe gordini#gordini type 15#gordini straight - 4 s#0\n1952#equipe gordini#gordini type 16#gordini straight - 6#0\n1953#connaught engineering#connaught type a#lea - francis straight - 4#0\n1953#scuderia milano#maserati a6 gcm#maserati straight - 6#0\n1954#officine alfieri maserati#maserati a6 gcm#maserati straight - 6#3\n1954#b bira#maserati 250f#maserati straight - 6#3\n1955#b bira#maserati 250f#maserati straight - 6#0\n",
        "pandas_code": "df[(df['year'] == 1951) & (df['entrant'] == 'ecurie siam') & (df['engine'] == 'maserati straight - 4')].empty == False and df[(df['year'] == 1952) & (df['engine'] == 'gordini straight - 6')].empty == False",
        "pandas_eval": "True"
    },
    {
        "id": 32180,
        "statement": "the highest number of point score by birabongse bhanudej be 5",
        "label": 1,
        "table_caption": "birabongse bhanudej",
        "table_text": "year#entrant#chassis#engine#points\n1950#enrico platã#maserati 4clt / 48#maserati straight - 4 s#5\n1951#ecurie siam#maserati 4clt / 48#maserati straight - 4#0\n1951#ecurie siam#maserati 4clt / 48#osca v12#0\n1952#equipe gordini#gordini type 15#gordini straight - 4 s#0\n1952#equipe gordini#gordini type 16#gordini straight - 6#0\n1953#connaught engineering#connaught type a#lea - francis straight - 4#0\n1953#scuderia milano#maserati a6 gcm#maserati straight - 6#0\n1954#officine alfieri maserati#maserati a6 gcm#maserati straight - 6#3\n1954#b bira#maserati 250f#maserati straight - 6#3\n1955#b bira#maserati 250f#maserati straight - 6#0\n",
        "pandas_code": "df['points'].max() == 5",
        "pandas_eval": "True"
    },
    {
        "id": 32181,
        "statement": "1950 be 1 of the 3 year when birabongse bhanudej use maserati 4clt / 48 chassis",
        "label": 1,
        "table_caption": "birabongse bhanudej",
        "table_text": "year#entrant#chassis#engine#points\n1950#enrico platã#maserati 4clt / 48#maserati straight - 4 s#5\n1951#ecurie siam#maserati 4clt / 48#maserati straight - 4#0\n1951#ecurie siam#maserati 4clt / 48#osca v12#0\n1952#equipe gordini#gordini type 15#gordini straight - 4 s#0\n1952#equipe gordini#gordini type 16#gordini straight - 6#0\n1953#connaught engineering#connaught type a#lea - francis straight - 4#0\n1953#scuderia milano#maserati a6 gcm#maserati straight - 6#0\n1954#officine alfieri maserati#maserati a6 gcm#maserati straight - 6#3\n1954#b bira#maserati 250f#maserati straight - 6#3\n1955#b bira#maserati 250f#maserati straight - 6#0\n",
        "pandas_code": "1950 in df[df['chassis'] == 'maserati 4clt / 48']['year'].unique()[:3]",
        "pandas_eval": "True"
    },
    {
        "id": 32183,
        "statement": "maserati straight - 6 engine be use in all the 3 year of 1953 , 1954 & 1955",
        "label": 1,
        "table_caption": "birabongse bhanudej",
        "table_text": "year#entrant#chassis#engine#points\n1950#enrico platã#maserati 4clt / 48#maserati straight - 4 s#5\n1951#ecurie siam#maserati 4clt / 48#maserati straight - 4#0\n1951#ecurie siam#maserati 4clt / 48#osca v12#0\n1952#equipe gordini#gordini type 15#gordini straight - 4 s#0\n1952#equipe gordini#gordini type 16#gordini straight - 6#0\n1953#connaught engineering#connaught type a#lea - francis straight - 4#0\n1953#scuderia milano#maserati a6 gcm#maserati straight - 6#0\n1954#officine alfieri maserati#maserati a6 gcm#maserati straight - 6#3\n1954#b bira#maserati 250f#maserati straight - 6#3\n1955#b bira#maserati 250f#maserati straight - 6#0\n",
        "pandas_code": "all(df[df['year'].isin([1953, 1954, 1955])].groupby('year')['engine'].apply(lambda x: 'maserati straight - 6' in x.values))",
        "pandas_eval": "True"
    },
    {
        "id": 32184,
        "statement": "birabongse bhanudej have the maserati straight - 4 engine in 1954 as compare to gordini straight - 6 in 1955",
        "label": 0,
        "table_caption": "birabongse bhanudej",
        "table_text": "year#entrant#chassis#engine#points\n1950#enrico platã#maserati 4clt / 48#maserati straight - 4 s#5\n1951#ecurie siam#maserati 4clt / 48#maserati straight - 4#0\n1951#ecurie siam#maserati 4clt / 48#osca v12#0\n1952#equipe gordini#gordini type 15#gordini straight - 4 s#0\n1952#equipe gordini#gordini type 16#gordini straight - 6#0\n1953#connaught engineering#connaught type a#lea - francis straight - 4#0\n1953#scuderia milano#maserati a6 gcm#maserati straight - 6#0\n1954#officine alfieri maserati#maserati a6 gcm#maserati straight - 6#3\n1954#b bira#maserati 250f#maserati straight - 6#3\n1955#b bira#maserati 250f#maserati straight - 6#0\n",
        "pandas_code": "((df['year'] == 1954) & (df['entrant'] == 'b bira') & (df['engine'] == 'maserati straight - 6')).any() & ((df['year'] == 1955) & (df['engine'] == 'gordini straight - 6')).any()",
        "pandas_eval": "False"
    },
    {
        "id": 32185,
        "statement": "the lowest number of point score by birabongse bhanudej be 5",
        "label": 0,
        "table_caption": "birabongse bhanudej",
        "table_text": "year#entrant#chassis#engine#points\n1950#enrico platã#maserati 4clt / 48#maserati straight - 4 s#5\n1951#ecurie siam#maserati 4clt / 48#maserati straight - 4#0\n1951#ecurie siam#maserati 4clt / 48#osca v12#0\n1952#equipe gordini#gordini type 15#gordini straight - 4 s#0\n1952#equipe gordini#gordini type 16#gordini straight - 6#0\n1953#connaught engineering#connaught type a#lea - francis straight - 4#0\n1953#scuderia milano#maserati a6 gcm#maserati straight - 6#0\n1954#officine alfieri maserati#maserati a6 gcm#maserati straight - 6#3\n1954#b bira#maserati 250f#maserati straight - 6#3\n1955#b bira#maserati 250f#maserati straight - 6#0\n",
        "pandas_code": "df[df['entrant'] == 'b bira']['points'].min() == 5",
        "pandas_eval": "False"
    },
    {
        "id": 32186,
        "statement": "1952 be 1 of the 3 year when birabongse bhanudej use maserati 4clt / 48 chassis",
        "label": 0,
        "table_caption": "birabongse bhanudej",
        "table_text": "year#entrant#chassis#engine#points\n1950#enrico platã#maserati 4clt / 48#maserati straight - 4 s#5\n1951#ecurie siam#maserati 4clt / 48#maserati straight - 4#0\n1951#ecurie siam#maserati 4clt / 48#osca v12#0\n1952#equipe gordini#gordini type 15#gordini straight - 4 s#0\n1952#equipe gordini#gordini type 16#gordini straight - 6#0\n1953#connaught engineering#connaught type a#lea - francis straight - 4#0\n1953#scuderia milano#maserati a6 gcm#maserati straight - 6#0\n1954#officine alfieri maserati#maserati a6 gcm#maserati straight - 6#3\n1954#b bira#maserati 250f#maserati straight - 6#3\n1955#b bira#maserati 250f#maserati straight - 6#0\n",
        "pandas_code": "1952 in df[df['chassis'] == 'maserati 4clt / 48']['year'].unique()",
        "pandas_eval": "False"
    },
    {
        "id": 32187,
        "statement": "maserati straight - 6 engine be use in all the 3 year of 1952 , 1950 & 1951",
        "label": 0,
        "table_caption": "birabongse bhanudej",
        "table_text": "year#entrant#chassis#engine#points\n1950#enrico platã#maserati 4clt / 48#maserati straight - 4 s#5\n1951#ecurie siam#maserati 4clt / 48#maserati straight - 4#0\n1951#ecurie siam#maserati 4clt / 48#osca v12#0\n1952#equipe gordini#gordini type 15#gordini straight - 4 s#0\n1952#equipe gordini#gordini type 16#gordini straight - 6#0\n1953#connaught engineering#connaught type a#lea - francis straight - 4#0\n1953#scuderia milano#maserati a6 gcm#maserati straight - 6#0\n1954#officine alfieri maserati#maserati a6 gcm#maserati straight - 6#3\n1954#b bira#maserati 250f#maserati straight - 6#3\n1955#b bira#maserati 250f#maserati straight - 6#0\n",
        "pandas_code": "any(df[(df['year'].isin([1950, 1951, 1952])) & (df['engine'] == 'maserati straight - 6')].groupby('year').size() > 0)",
        "pandas_eval": "False"
    }
]