[
    {
        "id": 32485,
        "statement": "the 2 people who have a place of action of ganghwa island do their service in the navy",
        "label": 1,
        "table_caption": "list of medal of honor recipients",
        "table_text": "name#service#rank#place of action#unit\njohn andrews#navy#ordinary seaman#aboard the ussbenicia#ussbenicia\ncharles brown#marine corps#corporal#aboard the usscolorado#usscolorado\njohn coleman#marine corps#private#aboard the usscolorado#usscolorado\njames dougherty#marine corps#private#aboard the usscarondelet#usscarondelet\nfrederick franklin#navy#quartermaster#aboard the usscolorado#usscolorado\npatrick h grace#navy#chief quartermaster#aboard the ussbenicia#ussbenicia\ncyrus hayden#navy#carpenter#aboard the usscolorado#usscolorado\nwilliam f lukes#navy#landsman#ganghwa island#usscolorado\nalexander mckenzie#navy#boatswain 's mate#aboard the usscolorado#usscolorado\nmichael mcnamara#marine corps#private#aboard the ussbenicia#ussbenicia\njames f merton#navy#landsman#ganghwa island#usscolorado\nmichael owens#marine corps#private#aboard the usscolorado#usscolorado\nhugh purvis#marine corps#private#aboard the ussalaska#ussalaska\nsamuel f rogers#navy#quartermaster#aboard the usscolorado#usscolorado\nwilliam troy#navy#ordinary seaman#aboard the usscolorado#usscolorado\n",
        "pandas_code": "all(df[df['place of action'] == 'ganghwa island']['service'] == 'navy')",
        "pandas_eval": "True"
    },
    {
        "id": 32486,
        "statement": "there be only 1 person with a rank of carpenter",
        "label": 1,
        "table_caption": "list of medal of honor recipients",
        "table_text": "name#service#rank#place of action#unit\njohn andrews#navy#ordinary seaman#aboard the ussbenicia#ussbenicia\ncharles brown#marine corps#corporal#aboard the usscolorado#usscolorado\njohn coleman#marine corps#private#aboard the usscolorado#usscolorado\njames dougherty#marine corps#private#aboard the usscarondelet#usscarondelet\nfrederick franklin#navy#quartermaster#aboard the usscolorado#usscolorado\npatrick h grace#navy#chief quartermaster#aboard the ussbenicia#ussbenicia\ncyrus hayden#navy#carpenter#aboard the usscolorado#usscolorado\nwilliam f lukes#navy#landsman#ganghwa island#usscolorado\nalexander mckenzie#navy#boatswain 's mate#aboard the usscolorado#usscolorado\nmichael mcnamara#marine corps#private#aboard the ussbenicia#ussbenicia\njames f merton#navy#landsman#ganghwa island#usscolorado\nmichael owens#marine corps#private#aboard the usscolorado#usscolorado\nhugh purvis#marine corps#private#aboard the ussalaska#ussalaska\nsamuel f rogers#navy#quartermaster#aboard the usscolorado#usscolorado\nwilliam troy#navy#ordinary seaman#aboard the usscolorado#usscolorado\n",
        "pandas_code": "len(df[df['rank'] == 'carpenter']) == 1",
        "pandas_eval": "True"
    },
    {
        "id": 32487,
        "statement": "when the unit be ussbenicia , the place of action be always aboard the ussbenicia",
        "label": 1,
        "table_caption": "list of medal of honor recipients",
        "table_text": "name#service#rank#place of action#unit\njohn andrews#navy#ordinary seaman#aboard the ussbenicia#ussbenicia\ncharles brown#marine corps#corporal#aboard the usscolorado#usscolorado\njohn coleman#marine corps#private#aboard the usscolorado#usscolorado\njames dougherty#marine corps#private#aboard the usscarondelet#usscarondelet\nfrederick franklin#navy#quartermaster#aboard the usscolorado#usscolorado\npatrick h grace#navy#chief quartermaster#aboard the ussbenicia#ussbenicia\ncyrus hayden#navy#carpenter#aboard the usscolorado#usscolorado\nwilliam f lukes#navy#landsman#ganghwa island#usscolorado\nalexander mckenzie#navy#boatswain 's mate#aboard the usscolorado#usscolorado\nmichael mcnamara#marine corps#private#aboard the ussbenicia#ussbenicia\njames f merton#navy#landsman#ganghwa island#usscolorado\nmichael owens#marine corps#private#aboard the usscolorado#usscolorado\nhugh purvis#marine corps#private#aboard the ussalaska#ussalaska\nsamuel f rogers#navy#quartermaster#aboard the usscolorado#usscolorado\nwilliam troy#navy#ordinary seaman#aboard the usscolorado#usscolorado\n",
        "pandas_code": "all(df[df['unit'] == 'ussbenicia']['place of action'] == 'aboard the ussbenicia')",
        "pandas_eval": "True"
    },
    {
        "id": 32488,
        "statement": "the winner with a rank of ordinary seaman be with the ussbenicia and usscolorado unit",
        "label": 1,
        "table_caption": "list of medal of honor recipients",
        "table_text": "name#service#rank#place of action#unit\njohn andrews#navy#ordinary seaman#aboard the ussbenicia#ussbenicia\ncharles brown#marine corps#corporal#aboard the usscolorado#usscolorado\njohn coleman#marine corps#private#aboard the usscolorado#usscolorado\njames dougherty#marine corps#private#aboard the usscarondelet#usscarondelet\nfrederick franklin#navy#quartermaster#aboard the usscolorado#usscolorado\npatrick h grace#navy#chief quartermaster#aboard the ussbenicia#ussbenicia\ncyrus hayden#navy#carpenter#aboard the usscolorado#usscolorado\nwilliam f lukes#navy#landsman#ganghwa island#usscolorado\nalexander mckenzie#navy#boatswain 's mate#aboard the usscolorado#usscolorado\nmichael mcnamara#marine corps#private#aboard the ussbenicia#ussbenicia\njames f merton#navy#landsman#ganghwa island#usscolorado\nmichael owens#marine corps#private#aboard the usscolorado#usscolorado\nhugh purvis#marine corps#private#aboard the ussalaska#ussalaska\nsamuel f rogers#navy#quartermaster#aboard the usscolorado#usscolorado\nwilliam troy#navy#ordinary seaman#aboard the usscolorado#usscolorado\n",
        "pandas_code": "any((df['rank'] == 'ordinary seaman') & ((df['unit'] == 'ussbenicia') | (df['unit'] == 'usscolorado')))",
        "pandas_eval": "True"
    },
    {
        "id": 32489,
        "statement": "only 1 winner have a place of action aboard the ussalaska",
        "label": 1,
        "table_caption": "list of medal of honor recipients",
        "table_text": "name#service#rank#place of action#unit\njohn andrews#navy#ordinary seaman#aboard the ussbenicia#ussbenicia\ncharles brown#marine corps#corporal#aboard the usscolorado#usscolorado\njohn coleman#marine corps#private#aboard the usscolorado#usscolorado\njames dougherty#marine corps#private#aboard the usscarondelet#usscarondelet\nfrederick franklin#navy#quartermaster#aboard the usscolorado#usscolorado\npatrick h grace#navy#chief quartermaster#aboard the ussbenicia#ussbenicia\ncyrus hayden#navy#carpenter#aboard the usscolorado#usscolorado\nwilliam f lukes#navy#landsman#ganghwa island#usscolorado\nalexander mckenzie#navy#boatswain 's mate#aboard the usscolorado#usscolorado\nmichael mcnamara#marine corps#private#aboard the ussbenicia#ussbenicia\njames f merton#navy#landsman#ganghwa island#usscolorado\nmichael owens#marine corps#private#aboard the usscolorado#usscolorado\nhugh purvis#marine corps#private#aboard the ussalaska#ussalaska\nsamuel f rogers#navy#quartermaster#aboard the usscolorado#usscolorado\nwilliam troy#navy#ordinary seaman#aboard the usscolorado#usscolorado\n",
        "pandas_code": "df[df['place of action'] == 'aboard the ussalaska'].shape[0] == 1",
        "pandas_eval": "True"
    },
    {
        "id": 32490,
        "statement": "those who carry out action in ganghwa island be affiliate with the marine corp",
        "label": 0,
        "table_caption": "list of medal of honor recipients",
        "table_text": "name#service#rank#place of action#unit\njohn andrews#navy#ordinary seaman#aboard the ussbenicia#ussbenicia\ncharles brown#marine corps#corporal#aboard the usscolorado#usscolorado\njohn coleman#marine corps#private#aboard the usscolorado#usscolorado\njames dougherty#marine corps#private#aboard the usscarondelet#usscarondelet\nfrederick franklin#navy#quartermaster#aboard the usscolorado#usscolorado\npatrick h grace#navy#chief quartermaster#aboard the ussbenicia#ussbenicia\ncyrus hayden#navy#carpenter#aboard the usscolorado#usscolorado\nwilliam f lukes#navy#landsman#ganghwa island#usscolorado\nalexander mckenzie#navy#boatswain 's mate#aboard the usscolorado#usscolorado\nmichael mcnamara#marine corps#private#aboard the ussbenicia#ussbenicia\njames f merton#navy#landsman#ganghwa island#usscolorado\nmichael owens#marine corps#private#aboard the usscolorado#usscolorado\nhugh purvis#marine corps#private#aboard the ussalaska#ussalaska\nsamuel f rogers#navy#quartermaster#aboard the usscolorado#usscolorado\nwilliam troy#navy#ordinary seaman#aboard the usscolorado#usscolorado\n",
        "pandas_code": "df[df['place of action'] == 'ganghwa island']['service'].eq('marine corps').all()",
        "pandas_eval": "False"
    },
    {
        "id": 32491,
        "statement": "carpenter be the most common rank find",
        "label": 0,
        "table_caption": "list of medal of honor recipients",
        "table_text": "name#service#rank#place of action#unit\njohn andrews#navy#ordinary seaman#aboard the ussbenicia#ussbenicia\ncharles brown#marine corps#corporal#aboard the usscolorado#usscolorado\njohn coleman#marine corps#private#aboard the usscolorado#usscolorado\njames dougherty#marine corps#private#aboard the usscarondelet#usscarondelet\nfrederick franklin#navy#quartermaster#aboard the usscolorado#usscolorado\npatrick h grace#navy#chief quartermaster#aboard the ussbenicia#ussbenicia\ncyrus hayden#navy#carpenter#aboard the usscolorado#usscolorado\nwilliam f lukes#navy#landsman#ganghwa island#usscolorado\nalexander mckenzie#navy#boatswain 's mate#aboard the usscolorado#usscolorado\nmichael mcnamara#marine corps#private#aboard the ussbenicia#ussbenicia\njames f merton#navy#landsman#ganghwa island#usscolorado\nmichael owens#marine corps#private#aboard the usscolorado#usscolorado\nhugh purvis#marine corps#private#aboard the ussalaska#ussalaska\nsamuel f rogers#navy#quartermaster#aboard the usscolorado#usscolorado\nwilliam troy#navy#ordinary seaman#aboard the usscolorado#usscolorado\n",
        "pandas_code": "df['rank'].value_counts().idxmax() == 'carpenter'",
        "pandas_eval": "False"
    },
    {
        "id": 32492,
        "statement": "the ussbenicia unit carry out their task outside their ship",
        "label": 0,
        "table_caption": "list of medal of honor recipients",
        "table_text": "name#service#rank#place of action#unit\njohn andrews#navy#ordinary seaman#aboard the ussbenicia#ussbenicia\ncharles brown#marine corps#corporal#aboard the usscolorado#usscolorado\njohn coleman#marine corps#private#aboard the usscolorado#usscolorado\njames dougherty#marine corps#private#aboard the usscarondelet#usscarondelet\nfrederick franklin#navy#quartermaster#aboard the usscolorado#usscolorado\npatrick h grace#navy#chief quartermaster#aboard the ussbenicia#ussbenicia\ncyrus hayden#navy#carpenter#aboard the usscolorado#usscolorado\nwilliam f lukes#navy#landsman#ganghwa island#usscolorado\nalexander mckenzie#navy#boatswain 's mate#aboard the usscolorado#usscolorado\nmichael mcnamara#marine corps#private#aboard the ussbenicia#ussbenicia\njames f merton#navy#landsman#ganghwa island#usscolorado\nmichael owens#marine corps#private#aboard the usscolorado#usscolorado\nhugh purvis#marine corps#private#aboard the ussalaska#ussalaska\nsamuel f rogers#navy#quartermaster#aboard the usscolorado#usscolorado\nwilliam troy#navy#ordinary seaman#aboard the usscolorado#usscolorado\n",
        "pandas_code": "any(~df[df['unit'] == 'ussbenicia']['place of action'].str.contains('aboard the ussbenicia'))",
        "pandas_eval": "False"
    },
    {
        "id": 32493,
        "statement": "the ordinary seaman ussbenicia and usscolorado unit both be lose group",
        "label": 0,
        "table_caption": "list of medal of honor recipients",
        "table_text": "name#service#rank#place of action#unit\njohn andrews#navy#ordinary seaman#aboard the ussbenicia#ussbenicia\ncharles brown#marine corps#corporal#aboard the usscolorado#usscolorado\njohn coleman#marine corps#private#aboard the usscolorado#usscolorado\njames dougherty#marine corps#private#aboard the usscarondelet#usscarondelet\nfrederick franklin#navy#quartermaster#aboard the usscolorado#usscolorado\npatrick h grace#navy#chief quartermaster#aboard the ussbenicia#ussbenicia\ncyrus hayden#navy#carpenter#aboard the usscolorado#usscolorado\nwilliam f lukes#navy#landsman#ganghwa island#usscolorado\nalexander mckenzie#navy#boatswain 's mate#aboard the usscolorado#usscolorado\nmichael mcnamara#marine corps#private#aboard the ussbenicia#ussbenicia\njames f merton#navy#landsman#ganghwa island#usscolorado\nmichael owens#marine corps#private#aboard the usscolorado#usscolorado\nhugh purvis#marine corps#private#aboard the ussalaska#ussalaska\nsamuel f rogers#navy#quartermaster#aboard the usscolorado#usscolorado\nwilliam troy#navy#ordinary seaman#aboard the usscolorado#usscolorado\n",
        "pandas_code": "not ((df['rank'] == 'ordinary seaman') & (df['unit'].isin(['ussbenicia', 'usscolorado']))).any()",
        "pandas_eval": "False"
    },
    {
        "id": 32494,
        "statement": "multiple winner can me aboard the ussalaska during action",
        "label": 0,
        "table_caption": "list of medal of honor recipients",
        "table_text": "name#service#rank#place of action#unit\njohn andrews#navy#ordinary seaman#aboard the ussbenicia#ussbenicia\ncharles brown#marine corps#corporal#aboard the usscolorado#usscolorado\njohn coleman#marine corps#private#aboard the usscolorado#usscolorado\njames dougherty#marine corps#private#aboard the usscarondelet#usscarondelet\nfrederick franklin#navy#quartermaster#aboard the usscolorado#usscolorado\npatrick h grace#navy#chief quartermaster#aboard the ussbenicia#ussbenicia\ncyrus hayden#navy#carpenter#aboard the usscolorado#usscolorado\nwilliam f lukes#navy#landsman#ganghwa island#usscolorado\nalexander mckenzie#navy#boatswain 's mate#aboard the usscolorado#usscolorado\nmichael mcnamara#marine corps#private#aboard the ussbenicia#ussbenicia\njames f merton#navy#landsman#ganghwa island#usscolorado\nmichael owens#marine corps#private#aboard the usscolorado#usscolorado\nhugh purvis#marine corps#private#aboard the ussalaska#ussalaska\nsamuel f rogers#navy#quartermaster#aboard the usscolorado#usscolorado\nwilliam troy#navy#ordinary seaman#aboard the usscolorado#usscolorado\n",
        "pandas_code": "df[df['place of action'] == 'aboard the ussalaska'].shape[0] > 1",
        "pandas_eval": "False"
    }
]