[
    {
        "id": 32470,
        "statement": "germany and turkey both have international tourist arrival (2012) between 30 - 40 million",
        "label": 1,
        "table_caption": "world tourism rankings",
        "table_text": "rank#country#international tourist arrivals (2012)#international tourist arrivals (2011)#change (2011 to 2012)#change (2010 to 2011)\n1#france#83.0 million#81.6 million#+ 1.8%#+ 5.0%\n2#spain#57.7 million#56.2 million#+ 6.6%#+ 6.6%\n3#italy#46.4 million#46.1 million#+ 0.5%#+ 5.7%\n4#turkey#35.7 million#34.7 million#+ 3.0%#+ 10.5%\n5#germany#30.4 million#28.4 million#+ 7.3%#+ 5.5%\n6#united kingdom#29.3 million#29.3 million#- 0.1%#+ 3.6%\n7#russia#25.7 million#22.7 million#+ 13.4%#+ 11.9%\n8#austria#24.1 million#23.0 million#+ 4.6%#+ 4.9%\n9#ukraine#23.0 million#21.4 million#+ 7.5%#+ 1.0%\n",
        "pandas_code": "(df[df['country'].isin(['germany', 'turkey'])]['international tourist arrivals (2012)'].str.extract('(\\d+\\.\\d+)')[0].astype(float).between(30, 40).all())",
        "pandas_eval": "True"
    },
    {
        "id": 32471,
        "statement": "united kingdom receive more international tourist arrival then russia",
        "label": 1,
        "table_caption": "world tourism rankings",
        "table_text": "rank#country#international tourist arrivals (2012)#international tourist arrivals (2011)#change (2011 to 2012)#change (2010 to 2011)\n1#france#83.0 million#81.6 million#+ 1.8%#+ 5.0%\n2#spain#57.7 million#56.2 million#+ 6.6%#+ 6.6%\n3#italy#46.4 million#46.1 million#+ 0.5%#+ 5.7%\n4#turkey#35.7 million#34.7 million#+ 3.0%#+ 10.5%\n5#germany#30.4 million#28.4 million#+ 7.3%#+ 5.5%\n6#united kingdom#29.3 million#29.3 million#- 0.1%#+ 3.6%\n7#russia#25.7 million#22.7 million#+ 13.4%#+ 11.9%\n8#austria#24.1 million#23.0 million#+ 4.6%#+ 4.9%\n9#ukraine#23.0 million#21.4 million#+ 7.5%#+ 1.0%\n",
        "pandas_code": "(df.loc[df['country'] == 'united kingdom', 'international tourist arrivals (2012)'].values[0] > df.loc[df['country'] == 'russia', 'international tourist arrivals (2012)'].values[0])",
        "pandas_eval": "True"
    },
    {
        "id": 32472,
        "statement": "ukraine have have the least amount of tourist arrival",
        "label": 1,
        "table_caption": "world tourism rankings",
        "table_text": "rank#country#international tourist arrivals (2012)#international tourist arrivals (2011)#change (2011 to 2012)#change (2010 to 2011)\n1#france#83.0 million#81.6 million#+ 1.8%#+ 5.0%\n2#spain#57.7 million#56.2 million#+ 6.6%#+ 6.6%\n3#italy#46.4 million#46.1 million#+ 0.5%#+ 5.7%\n4#turkey#35.7 million#34.7 million#+ 3.0%#+ 10.5%\n5#germany#30.4 million#28.4 million#+ 7.3%#+ 5.5%\n6#united kingdom#29.3 million#29.3 million#- 0.1%#+ 3.6%\n7#russia#25.7 million#22.7 million#+ 13.4%#+ 11.9%\n8#austria#24.1 million#23.0 million#+ 4.6%#+ 4.9%\n9#ukraine#23.0 million#21.4 million#+ 7.5%#+ 1.0%\n",
        "pandas_code": "df[df['country'] == 'ukraine']['rank'].iloc[0] == df['rank'].max()",
        "pandas_eval": "True"
    },
    {
        "id": 32473,
        "statement": "4 country have an international tourist arrival of over 30 million in 2011",
        "label": 1,
        "table_caption": "world tourism rankings",
        "table_text": "rank#country#international tourist arrivals (2012)#international tourist arrivals (2011)#change (2011 to 2012)#change (2010 to 2011)\n1#france#83.0 million#81.6 million#+ 1.8%#+ 5.0%\n2#spain#57.7 million#56.2 million#+ 6.6%#+ 6.6%\n3#italy#46.4 million#46.1 million#+ 0.5%#+ 5.7%\n4#turkey#35.7 million#34.7 million#+ 3.0%#+ 10.5%\n5#germany#30.4 million#28.4 million#+ 7.3%#+ 5.5%\n6#united kingdom#29.3 million#29.3 million#- 0.1%#+ 3.6%\n7#russia#25.7 million#22.7 million#+ 13.4%#+ 11.9%\n8#austria#24.1 million#23.0 million#+ 4.6%#+ 4.9%\n9#ukraine#23.0 million#21.4 million#+ 7.5%#+ 1.0%\n",
        "pandas_code": "(df['international tourist arrivals (2011)'].str.replace(' million', '').astype(float) > 30).sum() == 4",
        "pandas_eval": "True"
    },
    {
        "id": 32474,
        "statement": "2 country have a percentage change of less than 1% for 2011 to 2012",
        "label": 1,
        "table_caption": "world tourism rankings",
        "table_text": "rank#country#international tourist arrivals (2012)#international tourist arrivals (2011)#change (2011 to 2012)#change (2010 to 2011)\n1#france#83.0 million#81.6 million#+ 1.8%#+ 5.0%\n2#spain#57.7 million#56.2 million#+ 6.6%#+ 6.6%\n3#italy#46.4 million#46.1 million#+ 0.5%#+ 5.7%\n4#turkey#35.7 million#34.7 million#+ 3.0%#+ 10.5%\n5#germany#30.4 million#28.4 million#+ 7.3%#+ 5.5%\n6#united kingdom#29.3 million#29.3 million#- 0.1%#+ 3.6%\n7#russia#25.7 million#22.7 million#+ 13.4%#+ 11.9%\n8#austria#24.1 million#23.0 million#+ 4.6%#+ 4.9%\n9#ukraine#23.0 million#21.4 million#+ 7.5%#+ 1.0%\n",
        "pandas_code": "(df['change (2011 to 2012)'].str.extract(r'([+-]?\\d+\\.\\d+)%')[0].astype(float) < 1).sum() == 2",
        "pandas_eval": "True"
    },
    {
        "id": 68904,
        "statement": "the international tourism expenditure (2012) that spend 35.1 billion also spend in 2011 , 33.3 billion in canada",
        "label": 1,
        "table_caption": "world tourism rankings",
        "table_text": "rank#country#unwto region#international tourism expenditure (2012)#international tourism expenditure (2011)\n1#china#asia#102.0 billion#72.6 billion\n2#germany#europe#83.8 billion#85.9 billion\n3#united states#north america#83.5 billion#78.2 billion\n4#united kingdom#europe#52.3 billion#51.0 billion\n5#russia#europe#42.8 billion#32.9 billion\n6#france#europe#37.2 billion#44.1 billion\n7#canada#north america#35.1 billion#33.3 billion\n8#japan#asia#27.9 billion#27.2 billion\n9#australia#oceania#27.6 billion#26.7 billion\n10#italy#europe#26.4 billion#28.7 billion\n",
        "pandas_code": "df[(df['country'] == 'canada') & (df['international tourism expenditure (2012)'] == '35.1 billion') & (df['international tourism expenditure (2011)'] == '33.3 billion')].any().any()",
        "pandas_eval": "True"
    },
    {
        "id": 68905,
        "statement": "italy 's unwto region be europe",
        "label": 1,
        "table_caption": "world tourism rankings",
        "table_text": "rank#country#unwto region#international tourism expenditure (2012)#international tourism expenditure (2011)\n1#china#asia#102.0 billion#72.6 billion\n2#germany#europe#83.8 billion#85.9 billion\n3#united states#north america#83.5 billion#78.2 billion\n4#united kingdom#europe#52.3 billion#51.0 billion\n5#russia#europe#42.8 billion#32.9 billion\n6#france#europe#37.2 billion#44.1 billion\n7#canada#north america#35.1 billion#33.3 billion\n8#japan#asia#27.9 billion#27.2 billion\n9#australia#oceania#27.6 billion#26.7 billion\n10#italy#europe#26.4 billion#28.7 billion\n",
        "pandas_code": "df[df['country'] == 'italy']['unwto region'].iloc[0] == 'europe'",
        "pandas_eval": "True"
    },
    {
        "id": 68906,
        "statement": "72.6 billion be china 's international tourism expenditure",
        "label": 1,
        "table_caption": "world tourism rankings",
        "table_text": "rank#country#unwto region#international tourism expenditure (2012)#international tourism expenditure (2011)\n1#china#asia#102.0 billion#72.6 billion\n2#germany#europe#83.8 billion#85.9 billion\n3#united states#north america#83.5 billion#78.2 billion\n4#united kingdom#europe#52.3 billion#51.0 billion\n5#russia#europe#42.8 billion#32.9 billion\n6#france#europe#37.2 billion#44.1 billion\n7#canada#north america#35.1 billion#33.3 billion\n8#japan#asia#27.9 billion#27.2 billion\n9#australia#oceania#27.6 billion#26.7 billion\n10#italy#europe#26.4 billion#28.7 billion\n",
        "pandas_code": "df.loc[df['country'] == 'china', 'international tourism expenditure (2011)'].values[0] == '72.6 billion'",
        "pandas_eval": "True"
    },
    {
        "id": 68907,
        "statement": "the international tourism expenditure (2012) correspond to an international tourism expenditure in (2011) of 33.3 billion and be associate with japan and north america",
        "label": 0,
        "table_caption": "world tourism rankings",
        "table_text": "rank#country#unwto region#international tourism expenditure (2012)#international tourism expenditure (2011)\n1#china#asia#102.0 billion#72.6 billion\n2#germany#europe#83.8 billion#85.9 billion\n3#united states#north america#83.5 billion#78.2 billion\n4#united kingdom#europe#52.3 billion#51.0 billion\n5#russia#europe#42.8 billion#32.9 billion\n6#france#europe#37.2 billion#44.1 billion\n7#canada#north america#35.1 billion#33.3 billion\n8#japan#asia#27.9 billion#27.2 billion\n9#australia#oceania#27.6 billion#26.7 billion\n10#italy#europe#26.4 billion#28.7 billion\n",
        "pandas_code": "((df['international tourism expenditure (2012)'] == '33.3 billion') & (df['country'] == 'japan') & (df['unwto region'] == 'north america')).any()",
        "pandas_eval": "False"
    },
    {
        "id": 68908,
        "statement": "italy 's unwto region be oceania",
        "label": 0,
        "table_caption": "world tourism rankings",
        "table_text": "rank#country#unwto region#international tourism expenditure (2012)#international tourism expenditure (2011)\n1#china#asia#102.0 billion#72.6 billion\n2#germany#europe#83.8 billion#85.9 billion\n3#united states#north america#83.5 billion#78.2 billion\n4#united kingdom#europe#52.3 billion#51.0 billion\n5#russia#europe#42.8 billion#32.9 billion\n6#france#europe#37.2 billion#44.1 billion\n7#canada#north america#35.1 billion#33.3 billion\n8#japan#asia#27.9 billion#27.2 billion\n9#australia#oceania#27.6 billion#26.7 billion\n10#italy#europe#26.4 billion#28.7 billion\n",
        "pandas_code": "df[df['country'] == 'italy']['unwto region'].iloc[0] == 'oceania'",
        "pandas_eval": "False"
    },
    {
        "id": 68909,
        "statement": "china 's international tourism expenditure for 2011 be 28.7 billion",
        "label": 0,
        "table_caption": "world tourism rankings",
        "table_text": "rank#country#unwto region#international tourism expenditure (2012)#international tourism expenditure (2011)\n1#china#asia#102.0 billion#72.6 billion\n2#germany#europe#83.8 billion#85.9 billion\n3#united states#north america#83.5 billion#78.2 billion\n4#united kingdom#europe#52.3 billion#51.0 billion\n5#russia#europe#42.8 billion#32.9 billion\n6#france#europe#37.2 billion#44.1 billion\n7#canada#north america#35.1 billion#33.3 billion\n8#japan#asia#27.9 billion#27.2 billion\n9#australia#oceania#27.6 billion#26.7 billion\n10#italy#europe#26.4 billion#28.7 billion\n",
        "pandas_code": "df[df['country'] == 'china']['international tourism expenditure (2011)'].values[0] == '28.7 billion'",
        "pandas_eval": "False"
    },
    {
        "id": 86734,
        "statement": "the change for kenya be 19.1% between 2010 and 2011",
        "label": 1,
        "table_caption": "world tourism rankings",
        "table_text": "rank#country#international tourist arrivals (2011)#international tourist arrivals (2010)#change (2010 to 2011)#change (2009 to 2010)\n1#morocco#9.3 million#9.2 million#+ 0.6%#+ 11.4%\n2#south africa#8.3 million#8.0 million#+ 3.3%#+ 15.1%\n3#tunisia#4.7 million#6.9 million#- 30.7%#+ 0.0%\n4#zimbabwe#2.4 million#2.2 million#+ 8.2%#+ 11.0%\n5#algeria#2.3 million#2.0 million#+ 15%#+ 6.7%\n6#kenya#1.7 million#1.4 million#+ 19.1%#+ 5.6%\n7#uganda#1.1 million#0.9 million#+ 21.7%#+ 17.3%\n8#namibia#1.0 million#0.9 million#+ 4.4%#+ 0.4%\n9#senegal#1.0 million#0.9 million#+ 11.2%#+ 11.1%\n",
        "pandas_code": "df.loc[df['country'] == 'kenya', 'change (2010 to 2011)'].values[0] == '+ 19.1%'",
        "pandas_eval": "True"
    },
    {
        "id": 86735,
        "statement": "the international tourist arrival in 2010 be 0.9 million for namibia",
        "label": 1,
        "table_caption": "world tourism rankings",
        "table_text": "rank#country#international tourist arrivals (2011)#international tourist arrivals (2010)#change (2010 to 2011)#change (2009 to 2010)\n1#morocco#9.3 million#9.2 million#+ 0.6%#+ 11.4%\n2#south africa#8.3 million#8.0 million#+ 3.3%#+ 15.1%\n3#tunisia#4.7 million#6.9 million#- 30.7%#+ 0.0%\n4#zimbabwe#2.4 million#2.2 million#+ 8.2%#+ 11.0%\n5#algeria#2.3 million#2.0 million#+ 15%#+ 6.7%\n6#kenya#1.7 million#1.4 million#+ 19.1%#+ 5.6%\n7#uganda#1.1 million#0.9 million#+ 21.7%#+ 17.3%\n8#namibia#1.0 million#0.9 million#+ 4.4%#+ 0.4%\n9#senegal#1.0 million#0.9 million#+ 11.2%#+ 11.1%\n",
        "pandas_code": "df.loc[df['country'] == 'namibia', 'international tourist arrivals (2010)'].values[0] == '0.9 million'",
        "pandas_eval": "True"
    },
    {
        "id": 86736,
        "statement": "the international tourist arrival in 2010 be 2.0 million for algeria",
        "label": 1,
        "table_caption": "world tourism rankings",
        "table_text": "rank#country#international tourist arrivals (2011)#international tourist arrivals (2010)#change (2010 to 2011)#change (2009 to 2010)\n1#morocco#9.3 million#9.2 million#+ 0.6%#+ 11.4%\n2#south africa#8.3 million#8.0 million#+ 3.3%#+ 15.1%\n3#tunisia#4.7 million#6.9 million#- 30.7%#+ 0.0%\n4#zimbabwe#2.4 million#2.2 million#+ 8.2%#+ 11.0%\n5#algeria#2.3 million#2.0 million#+ 15%#+ 6.7%\n6#kenya#1.7 million#1.4 million#+ 19.1%#+ 5.6%\n7#uganda#1.1 million#0.9 million#+ 21.7%#+ 17.3%\n8#namibia#1.0 million#0.9 million#+ 4.4%#+ 0.4%\n9#senegal#1.0 million#0.9 million#+ 11.2%#+ 11.1%\n",
        "pandas_code": "df.loc[df['country'] == 'algeria', 'international tourist arrivals (2010)'].values[0] == '2.0 million'",
        "pandas_eval": "True"
    },
    {
        "id": 86737,
        "statement": "there be a 0% change in tunisia between 2009 to 2010",
        "label": 1,
        "table_caption": "world tourism rankings",
        "table_text": "rank#country#international tourist arrivals (2011)#international tourist arrivals (2010)#change (2010 to 2011)#change (2009 to 2010)\n1#morocco#9.3 million#9.2 million#+ 0.6%#+ 11.4%\n2#south africa#8.3 million#8.0 million#+ 3.3%#+ 15.1%\n3#tunisia#4.7 million#6.9 million#- 30.7%#+ 0.0%\n4#zimbabwe#2.4 million#2.2 million#+ 8.2%#+ 11.0%\n5#algeria#2.3 million#2.0 million#+ 15%#+ 6.7%\n6#kenya#1.7 million#1.4 million#+ 19.1%#+ 5.6%\n7#uganda#1.1 million#0.9 million#+ 21.7%#+ 17.3%\n8#namibia#1.0 million#0.9 million#+ 4.4%#+ 0.4%\n9#senegal#1.0 million#0.9 million#+ 11.2%#+ 11.1%\n",
        "pandas_code": "df[df['country'] == 'tunisia']['change (2009 to 2010)'].values[0] == '+ 0.0%'",
        "pandas_eval": "True"
    },
    {
        "id": 86738,
        "statement": "the international tourist arrival be 0.9 million in sengal in 2010 , there be an 11.2% change in 2011",
        "label": 1,
        "table_caption": "world tourism rankings",
        "table_text": "rank#country#international tourist arrivals (2011)#international tourist arrivals (2010)#change (2010 to 2011)#change (2009 to 2010)\n1#morocco#9.3 million#9.2 million#+ 0.6%#+ 11.4%\n2#south africa#8.3 million#8.0 million#+ 3.3%#+ 15.1%\n3#tunisia#4.7 million#6.9 million#- 30.7%#+ 0.0%\n4#zimbabwe#2.4 million#2.2 million#+ 8.2%#+ 11.0%\n5#algeria#2.3 million#2.0 million#+ 15%#+ 6.7%\n6#kenya#1.7 million#1.4 million#+ 19.1%#+ 5.6%\n7#uganda#1.1 million#0.9 million#+ 21.7%#+ 17.3%\n8#namibia#1.0 million#0.9 million#+ 4.4%#+ 0.4%\n9#senegal#1.0 million#0.9 million#+ 11.2%#+ 11.1%\n",
        "pandas_code": "df[(df['country'] == 'senegal') & (df['international tourist arrivals (2010)'] == '0.9 million') & (df['change (2010 to 2011)'] == '+ 11.2%')].any().any()",
        "pandas_eval": "True"
    },
    {
        "id": 86739,
        "statement": "in the year 2011 , senegal have 1.0 million international tourist arrival",
        "label": 1,
        "table_caption": "world tourism rankings",
        "table_text": "rank#country#international tourist arrivals (2011)#international tourist arrivals (2010)#change (2010 to 2011)#change (2009 to 2010)\n1#morocco#9.3 million#9.2 million#+ 0.6%#+ 11.4%\n2#south africa#8.3 million#8.0 million#+ 3.3%#+ 15.1%\n3#tunisia#4.7 million#6.9 million#- 30.7%#+ 0.0%\n4#zimbabwe#2.4 million#2.2 million#+ 8.2%#+ 11.0%\n5#algeria#2.3 million#2.0 million#+ 15%#+ 6.7%\n6#kenya#1.7 million#1.4 million#+ 19.1%#+ 5.6%\n7#uganda#1.1 million#0.9 million#+ 21.7%#+ 17.3%\n8#namibia#1.0 million#0.9 million#+ 4.4%#+ 0.4%\n9#senegal#1.0 million#0.9 million#+ 11.2%#+ 11.1%\n",
        "pandas_code": "df.loc[df['country'] == 'senegal', 'international tourist arrivals (2011)'].values[0] == '1.0 million'",
        "pandas_eval": "True"
    },
    {
        "id": 86740,
        "statement": "for south africa , there be 8.3 million international tourist arrival (2011) which be less than the international tourist arrival for 2010",
        "label": 0,
        "table_caption": "world tourism rankings",
        "table_text": "rank#country#international tourist arrivals (2011)#international tourist arrivals (2010)#change (2010 to 2011)#change (2009 to 2010)\n1#morocco#9.3 million#9.2 million#+ 0.6%#+ 11.4%\n2#south africa#8.3 million#8.0 million#+ 3.3%#+ 15.1%\n3#tunisia#4.7 million#6.9 million#- 30.7%#+ 0.0%\n4#zimbabwe#2.4 million#2.2 million#+ 8.2%#+ 11.0%\n5#algeria#2.3 million#2.0 million#+ 15%#+ 6.7%\n6#kenya#1.7 million#1.4 million#+ 19.1%#+ 5.6%\n7#uganda#1.1 million#0.9 million#+ 21.7%#+ 17.3%\n8#namibia#1.0 million#0.9 million#+ 4.4%#+ 0.4%\n9#senegal#1.0 million#0.9 million#+ 11.2%#+ 11.1%\n",
        "pandas_code": "df.loc[df['country'] == 'south africa', 'international tourist arrivals (2011)'].iloc[0] == '8.3 million' and float(df.loc[df['country'] == 'south africa', 'international tourist arrivals (2011)'].iloc[0].split()[0]) < float(df.loc[df['country'] == 'south africa', 'international tourist arrivals (2010)'].iloc[0].split()[0])",
        "pandas_eval": "False"
    },
    {
        "id": 86741,
        "statement": "the international tourist arrival (2011) for uganda be 1.1 million , a change (2010 to 2011) of + 4.4%",
        "label": 0,
        "table_caption": "world tourism rankings",
        "table_text": "rank#country#international tourist arrivals (2011)#international tourist arrivals (2010)#change (2010 to 2011)#change (2009 to 2010)\n1#morocco#9.3 million#9.2 million#+ 0.6%#+ 11.4%\n2#south africa#8.3 million#8.0 million#+ 3.3%#+ 15.1%\n3#tunisia#4.7 million#6.9 million#- 30.7%#+ 0.0%\n4#zimbabwe#2.4 million#2.2 million#+ 8.2%#+ 11.0%\n5#algeria#2.3 million#2.0 million#+ 15%#+ 6.7%\n6#kenya#1.7 million#1.4 million#+ 19.1%#+ 5.6%\n7#uganda#1.1 million#0.9 million#+ 21.7%#+ 17.3%\n8#namibia#1.0 million#0.9 million#+ 4.4%#+ 0.4%\n9#senegal#1.0 million#0.9 million#+ 11.2%#+ 11.1%\n",
        "pandas_code": "(df[df['country'] == 'uganda']['international tourist arrivals (2011)'].values[0] == '1.1 million') & (df[df['country'] == 'uganda']['change (2010 to 2011)'].values[0] == '+ 4.4%')",
        "pandas_eval": "False"
    },
    {
        "id": 86742,
        "statement": "there be 1.0 million international tourist arrival in senegal between 2010 and 2011",
        "label": 0,
        "table_caption": "world tourism rankings",
        "table_text": "rank#country#international tourist arrivals (2011)#international tourist arrivals (2010)#change (2010 to 2011)#change (2009 to 2010)\n1#morocco#9.3 million#9.2 million#+ 0.6%#+ 11.4%\n2#south africa#8.3 million#8.0 million#+ 3.3%#+ 15.1%\n3#tunisia#4.7 million#6.9 million#- 30.7%#+ 0.0%\n4#zimbabwe#2.4 million#2.2 million#+ 8.2%#+ 11.0%\n5#algeria#2.3 million#2.0 million#+ 15%#+ 6.7%\n6#kenya#1.7 million#1.4 million#+ 19.1%#+ 5.6%\n7#uganda#1.1 million#0.9 million#+ 21.7%#+ 17.3%\n8#namibia#1.0 million#0.9 million#+ 4.4%#+ 0.4%\n9#senegal#1.0 million#0.9 million#+ 11.2%#+ 11.1%\n",
        "pandas_code": "df[df['country'] == 'senegal']['international tourist arrivals (2011)'].values[0] != '1.0 million'",
        "pandas_eval": "False"
    }
]