[
    {
        "id": 31814,
        "statement": "when the state be zheng the type be sovereign with name huan and when the state be yan the type be sovereign with name li",
        "label": 1,
        "table_caption": "list of state leaders in 800s bc",
        "table_text": "state#type#name#title#royal house#from\ncai#sovereign#yi#marquis#ji#837 bc\ncai#sovereign#xi#marquis#ji#809 bc\ncao#sovereign#dai#count#-#826 bc\nchen#sovereign#li#duke#-#831 bc\nchu#sovereign#xiong xun#viscount#mi#821 bc\njin#sovereign#mu#marquis#ji#811 bc\nlu#sovereign#yi#duke#ji#815 bc\nlu#sovereign#boyu#ruler#ji#806 bc\nqi#sovereign#wen#duke#jiang#815 bc\nqi#sovereign#cheng#duke#jiang#803 bc\nqin#sovereign#zhuang#duke#ying#822 bc\nsong#sovereign#hui#duke#-#830 bc\nsong#sovereign#ai#duke#-#800 bc\nwey#sovereign#wu#duke#-#813 bc\nyan#sovereign#li#marquis#-#826 bc\nzheng#sovereign#huan#duke#-#806 bc\n",
        "pandas_code": "((df['state'] == 'zheng') & (df['type'] == 'sovereign') & (df['name'] == 'huan')).any() and ((df['state'] == 'yan') & (df['type'] == 'sovereign') & (df['name'] == 'li')).any()",
        "pandas_eval": "True"
    },
    {
        "id": 31815,
        "statement": "the type be always sovereign for every value in the list of state leader in 800s bc and there be 5 different title , duke , marquis , ruler , count , and viscount",
        "label": 1,
        "table_caption": "list of state leaders in 800s bc",
        "table_text": "state#type#name#title#royal house#from\ncai#sovereign#yi#marquis#ji#837 bc\ncai#sovereign#xi#marquis#ji#809 bc\ncao#sovereign#dai#count#-#826 bc\nchen#sovereign#li#duke#-#831 bc\nchu#sovereign#xiong xun#viscount#mi#821 bc\njin#sovereign#mu#marquis#ji#811 bc\nlu#sovereign#yi#duke#ji#815 bc\nlu#sovereign#boyu#ruler#ji#806 bc\nqi#sovereign#wen#duke#jiang#815 bc\nqi#sovereign#cheng#duke#jiang#803 bc\nqin#sovereign#zhuang#duke#ying#822 bc\nsong#sovereign#hui#duke#-#830 bc\nsong#sovereign#ai#duke#-#800 bc\nwey#sovereign#wu#duke#-#813 bc\nyan#sovereign#li#marquis#-#826 bc\nzheng#sovereign#huan#duke#-#806 bc\n",
        "pandas_code": "(df['type'].eq('sovereign').all()) & (df['title'].nunique() == 5) & (set(df['title'].unique()) == {'duke', 'marquis', 'ruler', 'count', 'viscount'})",
        "pandas_eval": "True"
    },
    {
        "id": 31816,
        "statement": "when the title be marquis the type be sovereign and that state yan and when the title be ruler the type be sovereign with state lu",
        "label": 1,
        "table_caption": "list of state leaders in 800s bc",
        "table_text": "state#type#name#title#royal house#from\ncai#sovereign#yi#marquis#ji#837 bc\ncai#sovereign#xi#marquis#ji#809 bc\ncao#sovereign#dai#count#-#826 bc\nchen#sovereign#li#duke#-#831 bc\nchu#sovereign#xiong xun#viscount#mi#821 bc\njin#sovereign#mu#marquis#ji#811 bc\nlu#sovereign#yi#duke#ji#815 bc\nlu#sovereign#boyu#ruler#ji#806 bc\nqi#sovereign#wen#duke#jiang#815 bc\nqi#sovereign#cheng#duke#jiang#803 bc\nqin#sovereign#zhuang#duke#ying#822 bc\nsong#sovereign#hui#duke#-#830 bc\nsong#sovereign#ai#duke#-#800 bc\nwey#sovereign#wu#duke#-#813 bc\nyan#sovereign#li#marquis#-#826 bc\nzheng#sovereign#huan#duke#-#806 bc\n",
        "pandas_code": "((df['title'] == 'marquis') & (df['type'] == 'sovereign') & (df['state'] == 'yan')).any() and ((df['title'] == 'ruler') & (df['type'] == 'sovereign') & (df['state'] == 'lu')).any()",
        "pandas_eval": "True"
    },
    {
        "id": 31817,
        "statement": "the highest from value be 837 bc and the lowest be 806 bc with the state be cai and zheng",
        "label": 1,
        "table_caption": "list of state leaders in 800s bc",
        "table_text": "state#type#name#title#royal house#from\ncai#sovereign#yi#marquis#ji#837 bc\ncai#sovereign#xi#marquis#ji#809 bc\ncao#sovereign#dai#count#-#826 bc\nchen#sovereign#li#duke#-#831 bc\nchu#sovereign#xiong xun#viscount#mi#821 bc\njin#sovereign#mu#marquis#ji#811 bc\nlu#sovereign#yi#duke#ji#815 bc\nlu#sovereign#boyu#ruler#ji#806 bc\nqi#sovereign#wen#duke#jiang#815 bc\nqi#sovereign#cheng#duke#jiang#803 bc\nqin#sovereign#zhuang#duke#ying#822 bc\nsong#sovereign#hui#duke#-#830 bc\nsong#sovereign#ai#duke#-#800 bc\nwey#sovereign#wu#duke#-#813 bc\nyan#sovereign#li#marquis#-#826 bc\nzheng#sovereign#huan#duke#-#806 bc\n",
        "pandas_code": "(df['from'].max() == '837 bc') & (df['from'].min() == '800 bc') & (set(['cai', 'zheng']).issubset(df['state'].unique()))",
        "pandas_eval": "True"
    },
    {
        "id": 31818,
        "statement": "when the title be viscount the type be sovereign , the name be xiong xun and the state be chu",
        "label": 1,
        "table_caption": "list of state leaders in 800s bc",
        "table_text": "state#type#name#title#royal house#from\ncai#sovereign#yi#marquis#ji#837 bc\ncai#sovereign#xi#marquis#ji#809 bc\ncao#sovereign#dai#count#-#826 bc\nchen#sovereign#li#duke#-#831 bc\nchu#sovereign#xiong xun#viscount#mi#821 bc\njin#sovereign#mu#marquis#ji#811 bc\nlu#sovereign#yi#duke#ji#815 bc\nlu#sovereign#boyu#ruler#ji#806 bc\nqi#sovereign#wen#duke#jiang#815 bc\nqi#sovereign#cheng#duke#jiang#803 bc\nqin#sovereign#zhuang#duke#ying#822 bc\nsong#sovereign#hui#duke#-#830 bc\nsong#sovereign#ai#duke#-#800 bc\nwey#sovereign#wu#duke#-#813 bc\nyan#sovereign#li#marquis#-#826 bc\nzheng#sovereign#huan#duke#-#806 bc\n",
        "pandas_code": "df[(df['title'] == 'viscount') & (df['type'] == 'sovereign') & (df['name'] == 'xiong xun') & (df['state'] == 'chu')].any().any()",
        "pandas_eval": "True"
    },
    {
        "id": 31819,
        "statement": "when the state be yan the type be sovereign with name huan and when the state be zheng the type be sovereign with name li",
        "label": 0,
        "table_caption": "list of state leaders in 800s bc",
        "table_text": "state#type#name#title#royal house#from\ncai#sovereign#yi#marquis#ji#837 bc\ncai#sovereign#xi#marquis#ji#809 bc\ncao#sovereign#dai#count#-#826 bc\nchen#sovereign#li#duke#-#831 bc\nchu#sovereign#xiong xun#viscount#mi#821 bc\njin#sovereign#mu#marquis#ji#811 bc\nlu#sovereign#yi#duke#ji#815 bc\nlu#sovereign#boyu#ruler#ji#806 bc\nqi#sovereign#wen#duke#jiang#815 bc\nqi#sovereign#cheng#duke#jiang#803 bc\nqin#sovereign#zhuang#duke#ying#822 bc\nsong#sovereign#hui#duke#-#830 bc\nsong#sovereign#ai#duke#-#800 bc\nwey#sovereign#wu#duke#-#813 bc\nyan#sovereign#li#marquis#-#826 bc\nzheng#sovereign#huan#duke#-#806 bc\n",
        "pandas_code": "((df['state'] == 'yan') & (df['type'] == 'sovereign') & (df['name'] == 'huan')).any() and ((df['state'] == 'zheng') & (df['type'] == 'sovereign') & (df['name'] == 'li')).any()",
        "pandas_eval": "False"
    },
    {
        "id": 31820,
        "statement": "the type be 1 time sovereign for a value in the list of state leader in 800s bc and there be only 3 different title , duke , marquis and viscount",
        "label": 0,
        "table_caption": "list of state leaders in 800s bc",
        "table_text": "state#type#name#title#royal house#from\ncai#sovereign#yi#marquis#ji#837 bc\ncai#sovereign#xi#marquis#ji#809 bc\ncao#sovereign#dai#count#-#826 bc\nchen#sovereign#li#duke#-#831 bc\nchu#sovereign#xiong xun#viscount#mi#821 bc\njin#sovereign#mu#marquis#ji#811 bc\nlu#sovereign#yi#duke#ji#815 bc\nlu#sovereign#boyu#ruler#ji#806 bc\nqi#sovereign#wen#duke#jiang#815 bc\nqi#sovereign#cheng#duke#jiang#803 bc\nqin#sovereign#zhuang#duke#ying#822 bc\nsong#sovereign#hui#duke#-#830 bc\nsong#sovereign#ai#duke#-#800 bc\nwey#sovereign#wu#duke#-#813 bc\nyan#sovereign#li#marquis#-#826 bc\nzheng#sovereign#huan#duke#-#806 bc\n",
        "pandas_code": "len(df['type'].unique()) == 1 and df['type'].unique()[0] == 'sovereign' and len(df['title'].unique()) == 3 and set(df['title'].unique()) == {'duke', 'marquis', 'viscount'}",
        "pandas_eval": "False"
    },
    {
        "id": 31821,
        "statement": "when the title be marquis the type be ruler and that state yan and when the title be sovereign the type be sovereign with state lu",
        "label": 0,
        "table_caption": "list of state leaders in 800s bc",
        "table_text": "state#type#name#title#royal house#from\ncai#sovereign#yi#marquis#ji#837 bc\ncai#sovereign#xi#marquis#ji#809 bc\ncao#sovereign#dai#count#-#826 bc\nchen#sovereign#li#duke#-#831 bc\nchu#sovereign#xiong xun#viscount#mi#821 bc\njin#sovereign#mu#marquis#ji#811 bc\nlu#sovereign#yi#duke#ji#815 bc\nlu#sovereign#boyu#ruler#ji#806 bc\nqi#sovereign#wen#duke#jiang#815 bc\nqi#sovereign#cheng#duke#jiang#803 bc\nqin#sovereign#zhuang#duke#ying#822 bc\nsong#sovereign#hui#duke#-#830 bc\nsong#sovereign#ai#duke#-#800 bc\nwey#sovereign#wu#duke#-#813 bc\nyan#sovereign#li#marquis#-#826 bc\nzheng#sovereign#huan#duke#-#806 bc\n",
        "pandas_code": "((df['title'] == 'marquis') & (df['type'] == 'ruler') & (df['state'] == 'yan')).any() and ((df['title'] == 'sovereign') & (df['type'] == 'sovereign') & (df['state'] == 'lu')).any()",
        "pandas_eval": "False"
    },
    {
        "id": 31822,
        "statement": "the highest from value be 890 bc and the lowest be 806 bc with the state be cai and zheng",
        "label": 0,
        "table_caption": "list of state leaders in 800s bc",
        "table_text": "state#type#name#title#royal house#from\ncai#sovereign#yi#marquis#ji#837 bc\ncai#sovereign#xi#marquis#ji#809 bc\ncao#sovereign#dai#count#-#826 bc\nchen#sovereign#li#duke#-#831 bc\nchu#sovereign#xiong xun#viscount#mi#821 bc\njin#sovereign#mu#marquis#ji#811 bc\nlu#sovereign#yi#duke#ji#815 bc\nlu#sovereign#boyu#ruler#ji#806 bc\nqi#sovereign#wen#duke#jiang#815 bc\nqi#sovereign#cheng#duke#jiang#803 bc\nqin#sovereign#zhuang#duke#ying#822 bc\nsong#sovereign#hui#duke#-#830 bc\nsong#sovereign#ai#duke#-#800 bc\nwey#sovereign#wu#duke#-#813 bc\nyan#sovereign#li#marquis#-#826 bc\nzheng#sovereign#huan#duke#-#806 bc\n",
        "pandas_code": "(df['from'].max() == '890 bc' and df['from'].min() == '806 bc' and set(['cai', 'zheng']).issubset(set(df['state'])))",
        "pandas_eval": "False"
    },
    {
        "id": 31823,
        "statement": "when the title be viscount the type be sovereign , the name be yi and the state be lu",
        "label": 0,
        "table_caption": "list of state leaders in 800s bc",
        "table_text": "state#type#name#title#royal house#from\ncai#sovereign#yi#marquis#ji#837 bc\ncai#sovereign#xi#marquis#ji#809 bc\ncao#sovereign#dai#count#-#826 bc\nchen#sovereign#li#duke#-#831 bc\nchu#sovereign#xiong xun#viscount#mi#821 bc\njin#sovereign#mu#marquis#ji#811 bc\nlu#sovereign#yi#duke#ji#815 bc\nlu#sovereign#boyu#ruler#ji#806 bc\nqi#sovereign#wen#duke#jiang#815 bc\nqi#sovereign#cheng#duke#jiang#803 bc\nqin#sovereign#zhuang#duke#ying#822 bc\nsong#sovereign#hui#duke#-#830 bc\nsong#sovereign#ai#duke#-#800 bc\nwey#sovereign#wu#duke#-#813 bc\nyan#sovereign#li#marquis#-#826 bc\nzheng#sovereign#huan#duke#-#806 bc\n",
        "pandas_code": "((df['title'] == 'viscount') & (df['type'] == 'sovereign') & (df['name'] == 'yi') & (df['state'] == 'lu')).any()",
        "pandas_eval": "False"
    }
]