[
    {
        "id": 33023,
        "statement": "the cleveland brown record be 6 loss and 10 win in the 2005 season",
        "label": 1,
        "table_caption": "2005 cleveland browns season",
        "table_text": "week#date#opponent#result#stadium#record#box scores#attendance\n1#september 11#cincinnati bengals#l 27 - 13#cleveland browns stadium#0 - 1#box#73013\n2#september 18#green bay packers#w 26 - 24#lambeau field#1 - 1#box#70400\n3#september 25#indianapolis colts#l 13 - 6#rca dome#1 - 2#box#57127\n4#-#-#-#-#-#-#\n5#october 9#chicago bears#w 20 - 10#cleveland browns stadium#2 - 2#box#73079\n6#october 16#baltimore ravens#l 16 - 3#m&t bank stadium#2 - 3#box#70196\n7#october 23#detroit lions#l 13 - 10#cleveland browns stadium#2 - 4#box#72923\n8#october 30#houston texans#l 16 - 13#reliant stadium#2 - 5#box#70064\n9#november 6#tennessee titans#w 20 - 14#cleveland browns stadium#3 - 5#box#72594\n10#november 13#pittsburgh steelers#l 34 - 21#heinz field#3 - 6#box#63491\n11#november 20#miami dolphins#w 20 - 0#cleveland browns stadium#4 - 6#box#72773\n12#november 27#minnesota vikings#l 24 - 12#hubert h humphrey metrodome#4 - 7#box#63814\n13#december 4#jacksonville jaguars#l 20 - 14#cleveland browns stadium#4 - 8#box#70941\n14#december 11#cincinnati bengals#l 23 - 20#paul brown stadium#4 - 9#box#65788\n15#december 18#oakland raiders#w 9 - 7#mcafee coliseum#5 - 9#box#41862\n16#december 24#pittsburgh steelers#l41 - 0#cleveland browns stadium#5 - 10#box#73136\n17#january 1#baltimore ravens#w 20 - 16#cleveland browns stadium#6 - 10#box#69871\n",
        "pandas_code": "(df['record'].iloc[-1] == '6 - 10')",
        "pandas_eval": "True"
    },
    {
        "id": 33024,
        "statement": "the brown play against the baltimore raven in week 6 and 17",
        "label": 1,
        "table_caption": "2005 cleveland browns season",
        "table_text": "week#date#opponent#result#stadium#record#box scores#attendance\n1#september 11#cincinnati bengals#l 27 - 13#cleveland browns stadium#0 - 1#box#73013\n2#september 18#green bay packers#w 26 - 24#lambeau field#1 - 1#box#70400\n3#september 25#indianapolis colts#l 13 - 6#rca dome#1 - 2#box#57127\n4#-#-#-#-#-#-#\n5#october 9#chicago bears#w 20 - 10#cleveland browns stadium#2 - 2#box#73079\n6#october 16#baltimore ravens#l 16 - 3#m&t bank stadium#2 - 3#box#70196\n7#october 23#detroit lions#l 13 - 10#cleveland browns stadium#2 - 4#box#72923\n8#october 30#houston texans#l 16 - 13#reliant stadium#2 - 5#box#70064\n9#november 6#tennessee titans#w 20 - 14#cleveland browns stadium#3 - 5#box#72594\n10#november 13#pittsburgh steelers#l 34 - 21#heinz field#3 - 6#box#63491\n11#november 20#miami dolphins#w 20 - 0#cleveland browns stadium#4 - 6#box#72773\n12#november 27#minnesota vikings#l 24 - 12#hubert h humphrey metrodome#4 - 7#box#63814\n13#december 4#jacksonville jaguars#l 20 - 14#cleveland browns stadium#4 - 8#box#70941\n14#december 11#cincinnati bengals#l 23 - 20#paul brown stadium#4 - 9#box#65788\n15#december 18#oakland raiders#w 9 - 7#mcafee coliseum#5 - 9#box#41862\n16#december 24#pittsburgh steelers#l41 - 0#cleveland browns stadium#5 - 10#box#73136\n17#january 1#baltimore ravens#w 20 - 16#cleveland browns stadium#6 - 10#box#69871\n",
        "pandas_code": "all(df[(df['week'] == 6) | (df['week'] == 17)]['opponent'] == 'baltimore ravens')",
        "pandas_eval": "True"
    },
    {
        "id": 33026,
        "statement": "the brown lose both of the game in which they play the pittsburgh steelers",
        "label": 1,
        "table_caption": "2005 cleveland browns season",
        "table_text": "week#date#opponent#result#stadium#record#box scores#attendance\n1#september 11#cincinnati bengals#l 27 - 13#cleveland browns stadium#0 - 1#box#73013\n2#september 18#green bay packers#w 26 - 24#lambeau field#1 - 1#box#70400\n3#september 25#indianapolis colts#l 13 - 6#rca dome#1 - 2#box#57127\n4#-#-#-#-#-#-#\n5#october 9#chicago bears#w 20 - 10#cleveland browns stadium#2 - 2#box#73079\n6#october 16#baltimore ravens#l 16 - 3#m&t bank stadium#2 - 3#box#70196\n7#october 23#detroit lions#l 13 - 10#cleveland browns stadium#2 - 4#box#72923\n8#october 30#houston texans#l 16 - 13#reliant stadium#2 - 5#box#70064\n9#november 6#tennessee titans#w 20 - 14#cleveland browns stadium#3 - 5#box#72594\n10#november 13#pittsburgh steelers#l 34 - 21#heinz field#3 - 6#box#63491\n11#november 20#miami dolphins#w 20 - 0#cleveland browns stadium#4 - 6#box#72773\n12#november 27#minnesota vikings#l 24 - 12#hubert h humphrey metrodome#4 - 7#box#63814\n13#december 4#jacksonville jaguars#l 20 - 14#cleveland browns stadium#4 - 8#box#70941\n14#december 11#cincinnati bengals#l 23 - 20#paul brown stadium#4 - 9#box#65788\n15#december 18#oakland raiders#w 9 - 7#mcafee coliseum#5 - 9#box#41862\n16#december 24#pittsburgh steelers#l41 - 0#cleveland browns stadium#5 - 10#box#73136\n17#january 1#baltimore ravens#w 20 - 16#cleveland browns stadium#6 - 10#box#69871\n",
        "pandas_code": "all(df[df['opponent'] == 'pittsburgh steelers']['result'].str.startswith('l'))",
        "pandas_eval": "True"
    },
    {
        "id": 33027,
        "statement": "the cleveland brown do not have a winning record at any point in their season",
        "label": 1,
        "table_caption": "2005 cleveland browns season",
        "table_text": "week#date#opponent#result#stadium#record#box scores#attendance\n1#september 11#cincinnati bengals#l 27 - 13#cleveland browns stadium#0 - 1#box#73013\n2#september 18#green bay packers#w 26 - 24#lambeau field#1 - 1#box#70400\n3#september 25#indianapolis colts#l 13 - 6#rca dome#1 - 2#box#57127\n4#-#-#-#-#-#-#\n5#october 9#chicago bears#w 20 - 10#cleveland browns stadium#2 - 2#box#73079\n6#october 16#baltimore ravens#l 16 - 3#m&t bank stadium#2 - 3#box#70196\n7#october 23#detroit lions#l 13 - 10#cleveland browns stadium#2 - 4#box#72923\n8#october 30#houston texans#l 16 - 13#reliant stadium#2 - 5#box#70064\n9#november 6#tennessee titans#w 20 - 14#cleveland browns stadium#3 - 5#box#72594\n10#november 13#pittsburgh steelers#l 34 - 21#heinz field#3 - 6#box#63491\n11#november 20#miami dolphins#w 20 - 0#cleveland browns stadium#4 - 6#box#72773\n12#november 27#minnesota vikings#l 24 - 12#hubert h humphrey metrodome#4 - 7#box#63814\n13#december 4#jacksonville jaguars#l 20 - 14#cleveland browns stadium#4 - 8#box#70941\n14#december 11#cincinnati bengals#l 23 - 20#paul brown stadium#4 - 9#box#65788\n15#december 18#oakland raiders#w 9 - 7#mcafee coliseum#5 - 9#box#41862\n16#december 24#pittsburgh steelers#l41 - 0#cleveland browns stadium#5 - 10#box#73136\n17#january 1#baltimore ravens#w 20 - 16#cleveland browns stadium#6 - 10#box#69871\n",
        "pandas_code": "all(df[df['record'] != '-']['record'].str.split(' - ').apply(lambda x: int(x[0]) <= int(x[1])))",
        "pandas_eval": "True"
    },
    {
        "id": 33028,
        "statement": "the cleveland brown have a record of 8 win and 8 loss in the 2005 season",
        "label": 0,
        "table_caption": "2005 cleveland browns season",
        "table_text": "week#date#opponent#result#stadium#record#box scores#attendance\n1#september 11#cincinnati bengals#l 27 - 13#cleveland browns stadium#0 - 1#box#73013\n2#september 18#green bay packers#w 26 - 24#lambeau field#1 - 1#box#70400\n3#september 25#indianapolis colts#l 13 - 6#rca dome#1 - 2#box#57127\n4#-#-#-#-#-#-#\n5#october 9#chicago bears#w 20 - 10#cleveland browns stadium#2 - 2#box#73079\n6#october 16#baltimore ravens#l 16 - 3#m&t bank stadium#2 - 3#box#70196\n7#october 23#detroit lions#l 13 - 10#cleveland browns stadium#2 - 4#box#72923\n8#october 30#houston texans#l 16 - 13#reliant stadium#2 - 5#box#70064\n9#november 6#tennessee titans#w 20 - 14#cleveland browns stadium#3 - 5#box#72594\n10#november 13#pittsburgh steelers#l 34 - 21#heinz field#3 - 6#box#63491\n11#november 20#miami dolphins#w 20 - 0#cleveland browns stadium#4 - 6#box#72773\n12#november 27#minnesota vikings#l 24 - 12#hubert h humphrey metrodome#4 - 7#box#63814\n13#december 4#jacksonville jaguars#l 20 - 14#cleveland browns stadium#4 - 8#box#70941\n14#december 11#cincinnati bengals#l 23 - 20#paul brown stadium#4 - 9#box#65788\n15#december 18#oakland raiders#w 9 - 7#mcafee coliseum#5 - 9#box#41862\n16#december 24#pittsburgh steelers#l41 - 0#cleveland browns stadium#5 - 10#box#73136\n17#january 1#baltimore ravens#w 20 - 16#cleveland browns stadium#6 - 10#box#69871\n",
        "pandas_code": "df['record'].eq('8 - 8').any()",
        "pandas_eval": "False"
    },
    {
        "id": 33029,
        "statement": "the brown never play against the baltimore raven",
        "label": 0,
        "table_caption": "2005 cleveland browns season",
        "table_text": "week#date#opponent#result#stadium#record#box scores#attendance\n1#september 11#cincinnati bengals#l 27 - 13#cleveland browns stadium#0 - 1#box#73013\n2#september 18#green bay packers#w 26 - 24#lambeau field#1 - 1#box#70400\n3#september 25#indianapolis colts#l 13 - 6#rca dome#1 - 2#box#57127\n4#-#-#-#-#-#-#\n5#october 9#chicago bears#w 20 - 10#cleveland browns stadium#2 - 2#box#73079\n6#october 16#baltimore ravens#l 16 - 3#m&t bank stadium#2 - 3#box#70196\n7#october 23#detroit lions#l 13 - 10#cleveland browns stadium#2 - 4#box#72923\n8#october 30#houston texans#l 16 - 13#reliant stadium#2 - 5#box#70064\n9#november 6#tennessee titans#w 20 - 14#cleveland browns stadium#3 - 5#box#72594\n10#november 13#pittsburgh steelers#l 34 - 21#heinz field#3 - 6#box#63491\n11#november 20#miami dolphins#w 20 - 0#cleveland browns stadium#4 - 6#box#72773\n12#november 27#minnesota vikings#l 24 - 12#hubert h humphrey metrodome#4 - 7#box#63814\n13#december 4#jacksonville jaguars#l 20 - 14#cleveland browns stadium#4 - 8#box#70941\n14#december 11#cincinnati bengals#l 23 - 20#paul brown stadium#4 - 9#box#65788\n15#december 18#oakland raiders#w 9 - 7#mcafee coliseum#5 - 9#box#41862\n16#december 24#pittsburgh steelers#l41 - 0#cleveland browns stadium#5 - 10#box#73136\n17#january 1#baltimore ravens#w 20 - 16#cleveland browns stadium#6 - 10#box#69871\n",
        "pandas_code": "not any(df['opponent'].str.contains('baltimore ravens', case=False))",
        "pandas_eval": "False"
    },
    {
        "id": 33030,
        "statement": "the brown 's lowest scoring game be in week 2 , when they score 26 point",
        "label": 0,
        "table_caption": "2005 cleveland browns season",
        "table_text": "week#date#opponent#result#stadium#record#box scores#attendance\n1#september 11#cincinnati bengals#l 27 - 13#cleveland browns stadium#0 - 1#box#73013\n2#september 18#green bay packers#w 26 - 24#lambeau field#1 - 1#box#70400\n3#september 25#indianapolis colts#l 13 - 6#rca dome#1 - 2#box#57127\n4#-#-#-#-#-#-#\n5#october 9#chicago bears#w 20 - 10#cleveland browns stadium#2 - 2#box#73079\n6#october 16#baltimore ravens#l 16 - 3#m&t bank stadium#2 - 3#box#70196\n7#october 23#detroit lions#l 13 - 10#cleveland browns stadium#2 - 4#box#72923\n8#october 30#houston texans#l 16 - 13#reliant stadium#2 - 5#box#70064\n9#november 6#tennessee titans#w 20 - 14#cleveland browns stadium#3 - 5#box#72594\n10#november 13#pittsburgh steelers#l 34 - 21#heinz field#3 - 6#box#63491\n11#november 20#miami dolphins#w 20 - 0#cleveland browns stadium#4 - 6#box#72773\n12#november 27#minnesota vikings#l 24 - 12#hubert h humphrey metrodome#4 - 7#box#63814\n13#december 4#jacksonville jaguars#l 20 - 14#cleveland browns stadium#4 - 8#box#70941\n14#december 11#cincinnati bengals#l 23 - 20#paul brown stadium#4 - 9#box#65788\n15#december 18#oakland raiders#w 9 - 7#mcafee coliseum#5 - 9#box#41862\n16#december 24#pittsburgh steelers#l41 - 0#cleveland browns stadium#5 - 10#box#73136\n17#january 1#baltimore ravens#w 20 - 16#cleveland browns stadium#6 - 10#box#69871\n",
        "pandas_code": "df.loc[df['week'] == 2, 'result'].str.extract(r'(\\\\d+)').astype(float).eq(26).any().item()",
        "pandas_eval": "False"
    },
    {
        "id": 33031,
        "statement": "the brown be undefeated in both their game against the pittsburgh steelers",
        "label": 0,
        "table_caption": "2005 cleveland browns season",
        "table_text": "week#date#opponent#result#stadium#record#box scores#attendance\n1#september 11#cincinnati bengals#l 27 - 13#cleveland browns stadium#0 - 1#box#73013\n2#september 18#green bay packers#w 26 - 24#lambeau field#1 - 1#box#70400\n3#september 25#indianapolis colts#l 13 - 6#rca dome#1 - 2#box#57127\n4#-#-#-#-#-#-#\n5#october 9#chicago bears#w 20 - 10#cleveland browns stadium#2 - 2#box#73079\n6#october 16#baltimore ravens#l 16 - 3#m&t bank stadium#2 - 3#box#70196\n7#october 23#detroit lions#l 13 - 10#cleveland browns stadium#2 - 4#box#72923\n8#october 30#houston texans#l 16 - 13#reliant stadium#2 - 5#box#70064\n9#november 6#tennessee titans#w 20 - 14#cleveland browns stadium#3 - 5#box#72594\n10#november 13#pittsburgh steelers#l 34 - 21#heinz field#3 - 6#box#63491\n11#november 20#miami dolphins#w 20 - 0#cleveland browns stadium#4 - 6#box#72773\n12#november 27#minnesota vikings#l 24 - 12#hubert h humphrey metrodome#4 - 7#box#63814\n13#december 4#jacksonville jaguars#l 20 - 14#cleveland browns stadium#4 - 8#box#70941\n14#december 11#cincinnati bengals#l 23 - 20#paul brown stadium#4 - 9#box#65788\n15#december 18#oakland raiders#w 9 - 7#mcafee coliseum#5 - 9#box#41862\n16#december 24#pittsburgh steelers#l41 - 0#cleveland browns stadium#5 - 10#box#73136\n17#january 1#baltimore ravens#w 20 - 16#cleveland browns stadium#6 - 10#box#69871\n",
        "pandas_code": "not df[(df['opponent'] == 'pittsburgh steelers') & (df['result'].str.startswith('w'))].empty",
        "pandas_eval": "False"
    },
    {
        "id": 33032,
        "statement": "the brown have a winning record for the majority of their season",
        "label": 0,
        "table_caption": "2005 cleveland browns season",
        "table_text": "week#date#opponent#result#stadium#record#box scores#attendance\n1#september 11#cincinnati bengals#l 27 - 13#cleveland browns stadium#0 - 1#box#73013\n2#september 18#green bay packers#w 26 - 24#lambeau field#1 - 1#box#70400\n3#september 25#indianapolis colts#l 13 - 6#rca dome#1 - 2#box#57127\n4#-#-#-#-#-#-#\n5#october 9#chicago bears#w 20 - 10#cleveland browns stadium#2 - 2#box#73079\n6#october 16#baltimore ravens#l 16 - 3#m&t bank stadium#2 - 3#box#70196\n7#october 23#detroit lions#l 13 - 10#cleveland browns stadium#2 - 4#box#72923\n8#october 30#houston texans#l 16 - 13#reliant stadium#2 - 5#box#70064\n9#november 6#tennessee titans#w 20 - 14#cleveland browns stadium#3 - 5#box#72594\n10#november 13#pittsburgh steelers#l 34 - 21#heinz field#3 - 6#box#63491\n11#november 20#miami dolphins#w 20 - 0#cleveland browns stadium#4 - 6#box#72773\n12#november 27#minnesota vikings#l 24 - 12#hubert h humphrey metrodome#4 - 7#box#63814\n13#december 4#jacksonville jaguars#l 20 - 14#cleveland browns stadium#4 - 8#box#70941\n14#december 11#cincinnati bengals#l 23 - 20#paul brown stadium#4 - 9#box#65788\n15#december 18#oakland raiders#w 9 - 7#mcafee coliseum#5 - 9#box#41862\n16#december 24#pittsburgh steelers#l41 - 0#cleveland browns stadium#5 - 10#box#73136\n17#january 1#baltimore ravens#w 20 - 16#cleveland browns stadium#6 - 10#box#69871\n",
        "pandas_code": "df['record'].apply(lambda x: int(x.split(' - ')[0]) > int(x.split(' - ')[1]) if x != '-' else False).mean() > 0.5",
        "pandas_eval": "False"
    }
]