[
    {
        "id": 34157,
        "statement": "vitor meira of the panther race team have the highest grid of 18",
        "label": 1,
        "table_caption": "2007 honda 200",
        "table_text": "fin pos#car no#driver#team#laps#time / retired#grid#laps led#points\n1#9#scott dixon#target chip ganassi#85#1:47:24.2663#6#29#50\n2#27#dario franchitti#andretti green#85#+ 2.6917#5#6#40\n3#3#hãlio castroneves#team penske#85#+ 8.6783#1#37#35 + 3\n4#11#tony kanaan#andretti green#85#+ 8.9611#3#13#32\n5#7#danica patrick#andretti green#85#+ 25.2578#2#0#30\n6#14#darren manning#aj foyt racing#85#+ 30.4606#8#0#28\n7#17#ryan hunter - reay#rahal letterman#85#+ 44.5001#10#0#26\n8#15#buddy rice#dreyer & reinbold racing#85#+ 49.9197#9#0#24\n9#2#tomas scheckter#vision racing#85#+ 54.5332#12#0#22\n10#10#dan wheldon#target chip ganassi#85#+ 55.1833#11#0#20\n11#8#scott sharp#rahal letterman#84#+ 1 lap#15#0#19\n12#55#kosuke matsuura#panther racing#84#+ 1 lap#13#0#18\n13#22#a j foyt iv#vision racing#84#+ 1 lap#14#0#17\n14#6#sam hornish , jr#team penske#84#+ 1 lap#7#0#16\n15#5#sarah fisher#dreyer & reinbold racing#83#+ 2 laps#17#0#15\n16#20#ed carpenter#vision racing#82#+ 3 laps#16#0#14\n17#4#vitor meira#panther racing#54#mechanical#18#0#13\n18#26#marco andretti#andretti green#0#collision#4#0#12\n",
        "pandas_code": "df[(df['driver'] == 'vitor meira') & (df['team'] == 'panther racing')]['grid'].max() == 18",
        "pandas_eval": "True"
    },
    {
        "id": 34158,
        "statement": "dario franchitti , tony kanaan , danica patrick and marco andretti be in the andretti green team",
        "label": 1,
        "table_caption": "2007 honda 200",
        "table_text": "fin pos#car no#driver#team#laps#time / retired#grid#laps led#points\n1#9#scott dixon#target chip ganassi#85#1:47:24.2663#6#29#50\n2#27#dario franchitti#andretti green#85#+ 2.6917#5#6#40\n3#3#hãlio castroneves#team penske#85#+ 8.6783#1#37#35 + 3\n4#11#tony kanaan#andretti green#85#+ 8.9611#3#13#32\n5#7#danica patrick#andretti green#85#+ 25.2578#2#0#30\n6#14#darren manning#aj foyt racing#85#+ 30.4606#8#0#28\n7#17#ryan hunter - reay#rahal letterman#85#+ 44.5001#10#0#26\n8#15#buddy rice#dreyer & reinbold racing#85#+ 49.9197#9#0#24\n9#2#tomas scheckter#vision racing#85#+ 54.5332#12#0#22\n10#10#dan wheldon#target chip ganassi#85#+ 55.1833#11#0#20\n11#8#scott sharp#rahal letterman#84#+ 1 lap#15#0#19\n12#55#kosuke matsuura#panther racing#84#+ 1 lap#13#0#18\n13#22#a j foyt iv#vision racing#84#+ 1 lap#14#0#17\n14#6#sam hornish , jr#team penske#84#+ 1 lap#7#0#16\n15#5#sarah fisher#dreyer & reinbold racing#83#+ 2 laps#17#0#15\n16#20#ed carpenter#vision racing#82#+ 3 laps#16#0#14\n17#4#vitor meira#panther racing#54#mechanical#18#0#13\n18#26#marco andretti#andretti green#0#collision#4#0#12\n",
        "pandas_code": "all(df[df['driver'].isin(['dario franchitti', 'tony kanaan', 'danica patrick', 'marco andretti'])]['team'] == 'andretti green')",
        "pandas_eval": "True"
    },
    {
        "id": 34159,
        "statement": "marco andretti finish last , after ed carpenter and vitor meira",
        "label": 1,
        "table_caption": "2007 honda 200",
        "table_text": "fin pos#car no#driver#team#laps#time / retired#grid#laps led#points\n1#9#scott dixon#target chip ganassi#85#1:47:24.2663#6#29#50\n2#27#dario franchitti#andretti green#85#+ 2.6917#5#6#40\n3#3#hãlio castroneves#team penske#85#+ 8.6783#1#37#35 + 3\n4#11#tony kanaan#andretti green#85#+ 8.9611#3#13#32\n5#7#danica patrick#andretti green#85#+ 25.2578#2#0#30\n6#14#darren manning#aj foyt racing#85#+ 30.4606#8#0#28\n7#17#ryan hunter - reay#rahal letterman#85#+ 44.5001#10#0#26\n8#15#buddy rice#dreyer & reinbold racing#85#+ 49.9197#9#0#24\n9#2#tomas scheckter#vision racing#85#+ 54.5332#12#0#22\n10#10#dan wheldon#target chip ganassi#85#+ 55.1833#11#0#20\n11#8#scott sharp#rahal letterman#84#+ 1 lap#15#0#19\n12#55#kosuke matsuura#panther racing#84#+ 1 lap#13#0#18\n13#22#a j foyt iv#vision racing#84#+ 1 lap#14#0#17\n14#6#sam hornish , jr#team penske#84#+ 1 lap#7#0#16\n15#5#sarah fisher#dreyer & reinbold racing#83#+ 2 laps#17#0#15\n16#20#ed carpenter#vision racing#82#+ 3 laps#16#0#14\n17#4#vitor meira#panther racing#54#mechanical#18#0#13\n18#26#marco andretti#andretti green#0#collision#4#0#12\n",
        "pandas_code": "(df[df['driver'] == 'marco andretti']['fin pos'].values[0] > df[df['driver'] == 'ed carpenter']['fin pos'].values[0]) & (df[df['driver'] == 'marco andretti']['fin pos'].values[0] > df[df['driver'] == 'vitor meira']['fin pos'].values[0])",
        "pandas_eval": "True"
    },
    {
        "id": 34160,
        "statement": "all but 8 have 85 lap , follow by 4 with 84 lap",
        "label": 1,
        "table_caption": "2007 honda 200",
        "table_text": "fin pos#car no#driver#team#laps#time / retired#grid#laps led#points\n1#9#scott dixon#target chip ganassi#85#1:47:24.2663#6#29#50\n2#27#dario franchitti#andretti green#85#+ 2.6917#5#6#40\n3#3#hãlio castroneves#team penske#85#+ 8.6783#1#37#35 + 3\n4#11#tony kanaan#andretti green#85#+ 8.9611#3#13#32\n5#7#danica patrick#andretti green#85#+ 25.2578#2#0#30\n6#14#darren manning#aj foyt racing#85#+ 30.4606#8#0#28\n7#17#ryan hunter - reay#rahal letterman#85#+ 44.5001#10#0#26\n8#15#buddy rice#dreyer & reinbold racing#85#+ 49.9197#9#0#24\n9#2#tomas scheckter#vision racing#85#+ 54.5332#12#0#22\n10#10#dan wheldon#target chip ganassi#85#+ 55.1833#11#0#20\n11#8#scott sharp#rahal letterman#84#+ 1 lap#15#0#19\n12#55#kosuke matsuura#panther racing#84#+ 1 lap#13#0#18\n13#22#a j foyt iv#vision racing#84#+ 1 lap#14#0#17\n14#6#sam hornish , jr#team penske#84#+ 1 lap#7#0#16\n15#5#sarah fisher#dreyer & reinbold racing#83#+ 2 laps#17#0#15\n16#20#ed carpenter#vision racing#82#+ 3 laps#16#0#14\n17#4#vitor meira#panther racing#54#mechanical#18#0#13\n18#26#marco andretti#andretti green#0#collision#4#0#12\n",
        "pandas_code": "(df['laps'].value_counts().loc[85] == (len(df) - 8)) & (df['laps'].value_counts().loc[84] == 4)",
        "pandas_eval": "True"
    },
    {
        "id": 34161,
        "statement": "the highest lap led of 37 be by driver hã©lio castroneves",
        "label": 1,
        "table_caption": "2007 honda 200",
        "table_text": "fin pos#car no#driver#team#laps#time / retired#grid#laps led#points\n1#9#scott dixon#target chip ganassi#85#1:47:24.2663#6#29#50\n2#27#dario franchitti#andretti green#85#+ 2.6917#5#6#40\n3#3#hãlio castroneves#team penske#85#+ 8.6783#1#37#35 + 3\n4#11#tony kanaan#andretti green#85#+ 8.9611#3#13#32\n5#7#danica patrick#andretti green#85#+ 25.2578#2#0#30\n6#14#darren manning#aj foyt racing#85#+ 30.4606#8#0#28\n7#17#ryan hunter - reay#rahal letterman#85#+ 44.5001#10#0#26\n8#15#buddy rice#dreyer & reinbold racing#85#+ 49.9197#9#0#24\n9#2#tomas scheckter#vision racing#85#+ 54.5332#12#0#22\n10#10#dan wheldon#target chip ganassi#85#+ 55.1833#11#0#20\n11#8#scott sharp#rahal letterman#84#+ 1 lap#15#0#19\n12#55#kosuke matsuura#panther racing#84#+ 1 lap#13#0#18\n13#22#a j foyt iv#vision racing#84#+ 1 lap#14#0#17\n14#6#sam hornish , jr#team penske#84#+ 1 lap#7#0#16\n15#5#sarah fisher#dreyer & reinbold racing#83#+ 2 laps#17#0#15\n16#20#ed carpenter#vision racing#82#+ 3 laps#16#0#14\n17#4#vitor meira#panther racing#54#mechanical#18#0#13\n18#26#marco andretti#andretti green#0#collision#4#0#12\n",
        "pandas_code": "df[df['laps led'] == df['laps led'].max()]['driver'].values[0] == 'hãlio castroneves'",
        "pandas_eval": "True"
    },
    {
        "id": 34162,
        "statement": "vitor meira of the panther race team have the third - highest grid number with 13",
        "label": 0,
        "table_caption": "2007 honda 200",
        "table_text": "fin pos#car no#driver#team#laps#time / retired#grid#laps led#points\n1#9#scott dixon#target chip ganassi#85#1:47:24.2663#6#29#50\n2#27#dario franchitti#andretti green#85#+ 2.6917#5#6#40\n3#3#hãlio castroneves#team penske#85#+ 8.6783#1#37#35 + 3\n4#11#tony kanaan#andretti green#85#+ 8.9611#3#13#32\n5#7#danica patrick#andretti green#85#+ 25.2578#2#0#30\n6#14#darren manning#aj foyt racing#85#+ 30.4606#8#0#28\n7#17#ryan hunter - reay#rahal letterman#85#+ 44.5001#10#0#26\n8#15#buddy rice#dreyer & reinbold racing#85#+ 49.9197#9#0#24\n9#2#tomas scheckter#vision racing#85#+ 54.5332#12#0#22\n10#10#dan wheldon#target chip ganassi#85#+ 55.1833#11#0#20\n11#8#scott sharp#rahal letterman#84#+ 1 lap#15#0#19\n12#55#kosuke matsuura#panther racing#84#+ 1 lap#13#0#18\n13#22#a j foyt iv#vision racing#84#+ 1 lap#14#0#17\n14#6#sam hornish , jr#team penske#84#+ 1 lap#7#0#16\n15#5#sarah fisher#dreyer & reinbold racing#83#+ 2 laps#17#0#15\n16#20#ed carpenter#vision racing#82#+ 3 laps#16#0#14\n17#4#vitor meira#panther racing#54#mechanical#18#0#13\n18#26#marco andretti#andretti green#0#collision#4#0#12\n",
        "pandas_code": "df[df['driver'] == 'vitor meira']['grid'].values[0] == 13",
        "pandas_eval": "False"
    },
    {
        "id": 34163,
        "statement": "dario franchitti , tony kanaan , danica patrick and marco andretti be all a part of the vision racing team",
        "label": 0,
        "table_caption": "2007 honda 200",
        "table_text": "fin pos#car no#driver#team#laps#time / retired#grid#laps led#points\n1#9#scott dixon#target chip ganassi#85#1:47:24.2663#6#29#50\n2#27#dario franchitti#andretti green#85#+ 2.6917#5#6#40\n3#3#hãlio castroneves#team penske#85#+ 8.6783#1#37#35 + 3\n4#11#tony kanaan#andretti green#85#+ 8.9611#3#13#32\n5#7#danica patrick#andretti green#85#+ 25.2578#2#0#30\n6#14#darren manning#aj foyt racing#85#+ 30.4606#8#0#28\n7#17#ryan hunter - reay#rahal letterman#85#+ 44.5001#10#0#26\n8#15#buddy rice#dreyer & reinbold racing#85#+ 49.9197#9#0#24\n9#2#tomas scheckter#vision racing#85#+ 54.5332#12#0#22\n10#10#dan wheldon#target chip ganassi#85#+ 55.1833#11#0#20\n11#8#scott sharp#rahal letterman#84#+ 1 lap#15#0#19\n12#55#kosuke matsuura#panther racing#84#+ 1 lap#13#0#18\n13#22#a j foyt iv#vision racing#84#+ 1 lap#14#0#17\n14#6#sam hornish , jr#team penske#84#+ 1 lap#7#0#16\n15#5#sarah fisher#dreyer & reinbold racing#83#+ 2 laps#17#0#15\n16#20#ed carpenter#vision racing#82#+ 3 laps#16#0#14\n17#4#vitor meira#panther racing#54#mechanical#18#0#13\n18#26#marco andretti#andretti green#0#collision#4#0#12\n",
        "pandas_code": "all(name in df[df['team'] == 'vision racing']['driver'].values for name in ['dario franchitti', 'tony kanaan', 'danica patrick', 'marco andretti'])",
        "pandas_eval": "False"
    },
    {
        "id": 34164,
        "statement": "marco andretti finish just ahead of ed carpenter and vitor meira in 16th place",
        "label": 0,
        "table_caption": "2007 honda 200",
        "table_text": "fin pos#car no#driver#team#laps#time / retired#grid#laps led#points\n1#9#scott dixon#target chip ganassi#85#1:47:24.2663#6#29#50\n2#27#dario franchitti#andretti green#85#+ 2.6917#5#6#40\n3#3#hãlio castroneves#team penske#85#+ 8.6783#1#37#35 + 3\n4#11#tony kanaan#andretti green#85#+ 8.9611#3#13#32\n5#7#danica patrick#andretti green#85#+ 25.2578#2#0#30\n6#14#darren manning#aj foyt racing#85#+ 30.4606#8#0#28\n7#17#ryan hunter - reay#rahal letterman#85#+ 44.5001#10#0#26\n8#15#buddy rice#dreyer & reinbold racing#85#+ 49.9197#9#0#24\n9#2#tomas scheckter#vision racing#85#+ 54.5332#12#0#22\n10#10#dan wheldon#target chip ganassi#85#+ 55.1833#11#0#20\n11#8#scott sharp#rahal letterman#84#+ 1 lap#15#0#19\n12#55#kosuke matsuura#panther racing#84#+ 1 lap#13#0#18\n13#22#a j foyt iv#vision racing#84#+ 1 lap#14#0#17\n14#6#sam hornish , jr#team penske#84#+ 1 lap#7#0#16\n15#5#sarah fisher#dreyer & reinbold racing#83#+ 2 laps#17#0#15\n16#20#ed carpenter#vision racing#82#+ 3 laps#16#0#14\n17#4#vitor meira#panther racing#54#mechanical#18#0#13\n18#26#marco andretti#andretti green#0#collision#4#0#12\n",
        "pandas_code": "(df[df['driver'] == 'marco andretti']['fin pos'].values[0] == 16) & (df[df['driver'] == 'ed carpenter']['fin pos'].values[0] == 17) & (df[df['driver'] == 'vitor meira']['fin pos'].values[0] == 18)",
        "pandas_eval": "False"
    },
    {
        "id": 34165,
        "statement": "a total of 8 driver finish with 85 lap , while 6 have 84 lap",
        "label": 0,
        "table_caption": "2007 honda 200",
        "table_text": "fin pos#car no#driver#team#laps#time / retired#grid#laps led#points\n1#9#scott dixon#target chip ganassi#85#1:47:24.2663#6#29#50\n2#27#dario franchitti#andretti green#85#+ 2.6917#5#6#40\n3#3#hãlio castroneves#team penske#85#+ 8.6783#1#37#35 + 3\n4#11#tony kanaan#andretti green#85#+ 8.9611#3#13#32\n5#7#danica patrick#andretti green#85#+ 25.2578#2#0#30\n6#14#darren manning#aj foyt racing#85#+ 30.4606#8#0#28\n7#17#ryan hunter - reay#rahal letterman#85#+ 44.5001#10#0#26\n8#15#buddy rice#dreyer & reinbold racing#85#+ 49.9197#9#0#24\n9#2#tomas scheckter#vision racing#85#+ 54.5332#12#0#22\n10#10#dan wheldon#target chip ganassi#85#+ 55.1833#11#0#20\n11#8#scott sharp#rahal letterman#84#+ 1 lap#15#0#19\n12#55#kosuke matsuura#panther racing#84#+ 1 lap#13#0#18\n13#22#a j foyt iv#vision racing#84#+ 1 lap#14#0#17\n14#6#sam hornish , jr#team penske#84#+ 1 lap#7#0#16\n15#5#sarah fisher#dreyer & reinbold racing#83#+ 2 laps#17#0#15\n16#20#ed carpenter#vision racing#82#+ 3 laps#16#0#14\n17#4#vitor meira#panther racing#54#mechanical#18#0#13\n18#26#marco andretti#andretti green#0#collision#4#0#12\n",
        "pandas_code": "(df['laps'].value_counts().get(85, 0) == 8) & (df['laps'].value_counts().get(84, 0) == 6)",
        "pandas_eval": "False"
    },
    {
        "id": 34166,
        "statement": "hãlio castroneves finish third in highest lap led with 35",
        "label": 0,
        "table_caption": "2007 honda 200",
        "table_text": "fin pos#car no#driver#team#laps#time / retired#grid#laps led#points\n1#9#scott dixon#target chip ganassi#85#1:47:24.2663#6#29#50\n2#27#dario franchitti#andretti green#85#+ 2.6917#5#6#40\n3#3#hãlio castroneves#team penske#85#+ 8.6783#1#37#35 + 3\n4#11#tony kanaan#andretti green#85#+ 8.9611#3#13#32\n5#7#danica patrick#andretti green#85#+ 25.2578#2#0#30\n6#14#darren manning#aj foyt racing#85#+ 30.4606#8#0#28\n7#17#ryan hunter - reay#rahal letterman#85#+ 44.5001#10#0#26\n8#15#buddy rice#dreyer & reinbold racing#85#+ 49.9197#9#0#24\n9#2#tomas scheckter#vision racing#85#+ 54.5332#12#0#22\n10#10#dan wheldon#target chip ganassi#85#+ 55.1833#11#0#20\n11#8#scott sharp#rahal letterman#84#+ 1 lap#15#0#19\n12#55#kosuke matsuura#panther racing#84#+ 1 lap#13#0#18\n13#22#a j foyt iv#vision racing#84#+ 1 lap#14#0#17\n14#6#sam hornish , jr#team penske#84#+ 1 lap#7#0#16\n15#5#sarah fisher#dreyer & reinbold racing#83#+ 2 laps#17#0#15\n16#20#ed carpenter#vision racing#82#+ 3 laps#16#0#14\n17#4#vitor meira#panther racing#54#mechanical#18#0#13\n18#26#marco andretti#andretti green#0#collision#4#0#12\n",
        "pandas_code": "(df[df['driver'] == 'hãlio castroneves']['fin pos'].values[0] == 3) & (df[df['driver'] == 'hãlio castroneves']['laps led'].values[0] == 37) & (df[df['driver'] == 'hãlio castroneves']['points'].values[0] == '35')",
        "pandas_eval": "False"
    }
]