[
    {
        "id": 33634,
        "statement": "the son also rise be direct by john pasquin and romancing the drone be direct by win phelps",
        "label": 1,
        "table_caption": "list of l.a. law episodes",
        "table_text": "no in series#no in season#title#directed by#written by#original air date#production code\n44#1#hey , lick me over#rick wallace#steven bochco and david e kelley#november 3 , 1988#7a01\n45#2#the son also rises#john pasquin#david e kelley#november 10 , 1988#7a02\n46#3#romancing the drone#win phelps#william m finkelstein#november 17 , 1988#7a03\n47#4#sperminator#tom moore#michele gallery#december 1 , 1988#7a04\n48#5#the princess and the pee#sam weisman#william m finkelstein#december 8 , 1988#7a05\n49#6#dummy dearest#ben bolt#robert cochran#december 15 , 1988#7a06\n50#7#to live and diet in la#john pasquin#judith parker#january 5 , 1989#7a07\n51#8#i'm in the nude for love#eric laneuville#david e kelley#january 12 , 1989#7a08\n52#9#victor / victorious#win phelps#david e kelley , michele gallery and judith parker#january 19 , 1989#7a09\n56#13#barstow bound#win phelps#william m finkelstein#march 23 , 1989#7a13\n",
        "pandas_code": "(df[df['title'] == 'the son also rises']['directed by'].iloc[0] == 'john pasquin') & (df[df['title'] == 'romancing the drone']['directed by'].iloc[0] == 'win phelps')",
        "pandas_eval": "True"
    },
    {
        "id": 33635,
        "statement": "win phelps be the director for romancing the drone , victor / victorius , and barstow bound",
        "label": 1,
        "table_caption": "list of l.a. law episodes",
        "table_text": "no in series#no in season#title#directed by#written by#original air date#production code\n44#1#hey , lick me over#rick wallace#steven bochco and david e kelley#november 3 , 1988#7a01\n45#2#the son also rises#john pasquin#david e kelley#november 10 , 1988#7a02\n46#3#romancing the drone#win phelps#william m finkelstein#november 17 , 1988#7a03\n47#4#sperminator#tom moore#michele gallery#december 1 , 1988#7a04\n48#5#the princess and the pee#sam weisman#william m finkelstein#december 8 , 1988#7a05\n49#6#dummy dearest#ben bolt#robert cochran#december 15 , 1988#7a06\n50#7#to live and diet in la#john pasquin#judith parker#january 5 , 1989#7a07\n51#8#i'm in the nude for love#eric laneuville#david e kelley#january 12 , 1989#7a08\n52#9#victor / victorious#win phelps#david e kelley , michele gallery and judith parker#january 19 , 1989#7a09\n56#13#barstow bound#win phelps#william m finkelstein#march 23 , 1989#7a13\n",
        "pandas_code": "all(df[df['title'].isin(['romancing the drone', 'victor / victorious', 'barstow bound'])]['directed by'] == 'win phelps')",
        "pandas_eval": "True"
    },
    {
        "id": 33636,
        "statement": "william m finkelstein write barstow bound and the princess and the pee",
        "label": 1,
        "table_caption": "list of l.a. law episodes",
        "table_text": "no in series#no in season#title#directed by#written by#original air date#production code\n44#1#hey , lick me over#rick wallace#steven bochco and david e kelley#november 3 , 1988#7a01\n45#2#the son also rises#john pasquin#david e kelley#november 10 , 1988#7a02\n46#3#romancing the drone#win phelps#william m finkelstein#november 17 , 1988#7a03\n47#4#sperminator#tom moore#michele gallery#december 1 , 1988#7a04\n48#5#the princess and the pee#sam weisman#william m finkelstein#december 8 , 1988#7a05\n49#6#dummy dearest#ben bolt#robert cochran#december 15 , 1988#7a06\n50#7#to live and diet in la#john pasquin#judith parker#january 5 , 1989#7a07\n51#8#i'm in the nude for love#eric laneuville#david e kelley#january 12 , 1989#7a08\n52#9#victor / victorious#win phelps#david e kelley , michele gallery and judith parker#january 19 , 1989#7a09\n56#13#barstow bound#win phelps#william m finkelstein#march 23 , 1989#7a13\n",
        "pandas_code": "df[(df['title'].isin(['barstow bound', 'the princess and the pee'])) & (df['written by'] == 'william m finkelstein')].shape[0] == 2",
        "pandas_eval": "True"
    },
    {
        "id": 33637,
        "statement": "the original air date for the princess and the pee be before the original air date for i'm in the nude for love",
        "label": 1,
        "table_caption": "list of l.a. law episodes",
        "table_text": "no in series#no in season#title#directed by#written by#original air date#production code\n44#1#hey , lick me over#rick wallace#steven bochco and david e kelley#november 3 , 1988#7a01\n45#2#the son also rises#john pasquin#david e kelley#november 10 , 1988#7a02\n46#3#romancing the drone#win phelps#william m finkelstein#november 17 , 1988#7a03\n47#4#sperminator#tom moore#michele gallery#december 1 , 1988#7a04\n48#5#the princess and the pee#sam weisman#william m finkelstein#december 8 , 1988#7a05\n49#6#dummy dearest#ben bolt#robert cochran#december 15 , 1988#7a06\n50#7#to live and diet in la#john pasquin#judith parker#january 5 , 1989#7a07\n51#8#i'm in the nude for love#eric laneuville#david e kelley#january 12 , 1989#7a08\n52#9#victor / victorious#win phelps#david e kelley , michele gallery and judith parker#january 19 , 1989#7a09\n56#13#barstow bound#win phelps#william m finkelstein#march 23 , 1989#7a13\n",
        "pandas_code": "df[df['title'] == 'the princess and the pee']['original air date'].iloc[0] < df[df['title'] == \"i'm in the nude for love\"]['original air date'].iloc[0]",
        "pandas_eval": "True"
    },
    {
        "id": 33638,
        "statement": "eric laneuville direct i'm in the nude for love , but ben bolt direct dummy dearest",
        "label": 1,
        "table_caption": "list of l.a. law episodes",
        "table_text": "no in series#no in season#title#directed by#written by#original air date#production code\n44#1#hey , lick me over#rick wallace#steven bochco and david e kelley#november 3 , 1988#7a01\n45#2#the son also rises#john pasquin#david e kelley#november 10 , 1988#7a02\n46#3#romancing the drone#win phelps#william m finkelstein#november 17 , 1988#7a03\n47#4#sperminator#tom moore#michele gallery#december 1 , 1988#7a04\n48#5#the princess and the pee#sam weisman#william m finkelstein#december 8 , 1988#7a05\n49#6#dummy dearest#ben bolt#robert cochran#december 15 , 1988#7a06\n50#7#to live and diet in la#john pasquin#judith parker#january 5 , 1989#7a07\n51#8#i'm in the nude for love#eric laneuville#david e kelley#january 12 , 1989#7a08\n52#9#victor / victorious#win phelps#david e kelley , michele gallery and judith parker#january 19 , 1989#7a09\n56#13#barstow bound#win phelps#william m finkelstein#march 23 , 1989#7a13\n",
        "pandas_code": "(df.loc[df['title'] == \"i'm in the nude for love\", 'directed by'].iloc[0] == 'eric laneuville') & (df.loc[df['title'] == 'dummy dearest', 'directed by'].iloc[0] == 'ben bolt')",
        "pandas_eval": "True"
    },
    {
        "id": 33639,
        "statement": "the son also rise be direct by win phelps and romancing the drone be direct by john pasquin",
        "label": 0,
        "table_caption": "list of l.a. law episodes",
        "table_text": "no in series#no in season#title#directed by#written by#original air date#production code\n44#1#hey , lick me over#rick wallace#steven bochco and david e kelley#november 3 , 1988#7a01\n45#2#the son also rises#john pasquin#david e kelley#november 10 , 1988#7a02\n46#3#romancing the drone#win phelps#william m finkelstein#november 17 , 1988#7a03\n47#4#sperminator#tom moore#michele gallery#december 1 , 1988#7a04\n48#5#the princess and the pee#sam weisman#william m finkelstein#december 8 , 1988#7a05\n49#6#dummy dearest#ben bolt#robert cochran#december 15 , 1988#7a06\n50#7#to live and diet in la#john pasquin#judith parker#january 5 , 1989#7a07\n51#8#i'm in the nude for love#eric laneuville#david e kelley#january 12 , 1989#7a08\n52#9#victor / victorious#win phelps#david e kelley , michele gallery and judith parker#january 19 , 1989#7a09\n56#13#barstow bound#win phelps#william m finkelstein#march 23 , 1989#7a13\n",
        "pandas_code": "(df[df['title'] == 'the son also rises']['directed by'].iloc[0] == 'win phelps') & (df[df['title'] == 'romancing the drone']['directed by'].iloc[0] == 'john pasquin')",
        "pandas_eval": "False"
    },
    {
        "id": 33640,
        "statement": "ben bolt be the director for romancing the drone , victor / victorius , and barstow bound",
        "label": 0,
        "table_caption": "list of l.a. law episodes",
        "table_text": "no in series#no in season#title#directed by#written by#original air date#production code\n44#1#hey , lick me over#rick wallace#steven bochco and david e kelley#november 3 , 1988#7a01\n45#2#the son also rises#john pasquin#david e kelley#november 10 , 1988#7a02\n46#3#romancing the drone#win phelps#william m finkelstein#november 17 , 1988#7a03\n47#4#sperminator#tom moore#michele gallery#december 1 , 1988#7a04\n48#5#the princess and the pee#sam weisman#william m finkelstein#december 8 , 1988#7a05\n49#6#dummy dearest#ben bolt#robert cochran#december 15 , 1988#7a06\n50#7#to live and diet in la#john pasquin#judith parker#january 5 , 1989#7a07\n51#8#i'm in the nude for love#eric laneuville#david e kelley#january 12 , 1989#7a08\n52#9#victor / victorious#win phelps#david e kelley , michele gallery and judith parker#january 19 , 1989#7a09\n56#13#barstow bound#win phelps#william m finkelstein#march 23 , 1989#7a13\n",
        "pandas_code": "df[df['title'].isin(['romancing the drone', 'victor / victorious', 'barstow bound'])]['directed by'].eq('ben bolt').all()",
        "pandas_eval": "False"
    },
    {
        "id": 33641,
        "statement": "david e kelley write barstow bind and the princess and the pee",
        "label": 0,
        "table_caption": "list of l.a. law episodes",
        "table_text": "no in series#no in season#title#directed by#written by#original air date#production code\n44#1#hey , lick me over#rick wallace#steven bochco and david e kelley#november 3 , 1988#7a01\n45#2#the son also rises#john pasquin#david e kelley#november 10 , 1988#7a02\n46#3#romancing the drone#win phelps#william m finkelstein#november 17 , 1988#7a03\n47#4#sperminator#tom moore#michele gallery#december 1 , 1988#7a04\n48#5#the princess and the pee#sam weisman#william m finkelstein#december 8 , 1988#7a05\n49#6#dummy dearest#ben bolt#robert cochran#december 15 , 1988#7a06\n50#7#to live and diet in la#john pasquin#judith parker#january 5 , 1989#7a07\n51#8#i'm in the nude for love#eric laneuville#david e kelley#january 12 , 1989#7a08\n52#9#victor / victorious#win phelps#david e kelley , michele gallery and judith parker#january 19 , 1989#7a09\n56#13#barstow bound#win phelps#william m finkelstein#march 23 , 1989#7a13\n",
        "pandas_code": "all(df[df['title'].isin(['barstow bound', 'the princess and the pee'])]['written by'].str.contains('david e kelley'))",
        "pandas_eval": "False"
    },
    {
        "id": 33642,
        "statement": "the original air date for the princess and the pee be after the original air date for i'm in the nude for love",
        "label": 0,
        "table_caption": "list of l.a. law episodes",
        "table_text": "no in series#no in season#title#directed by#written by#original air date#production code\n44#1#hey , lick me over#rick wallace#steven bochco and david e kelley#november 3 , 1988#7a01\n45#2#the son also rises#john pasquin#david e kelley#november 10 , 1988#7a02\n46#3#romancing the drone#win phelps#william m finkelstein#november 17 , 1988#7a03\n47#4#sperminator#tom moore#michele gallery#december 1 , 1988#7a04\n48#5#the princess and the pee#sam weisman#william m finkelstein#december 8 , 1988#7a05\n49#6#dummy dearest#ben bolt#robert cochran#december 15 , 1988#7a06\n50#7#to live and diet in la#john pasquin#judith parker#january 5 , 1989#7a07\n51#8#i'm in the nude for love#eric laneuville#david e kelley#january 12 , 1989#7a08\n52#9#victor / victorious#win phelps#david e kelley , michele gallery and judith parker#january 19 , 1989#7a09\n56#13#barstow bound#win phelps#william m finkelstein#march 23 , 1989#7a13\n",
        "pandas_code": "df[df['title'] == 'the princess and the pee']['original air date'].values[0] > df[df['title'] == \"i'm in the nude for love\"]['original air date'].values[0]",
        "pandas_eval": "False"
    },
    {
        "id": 33643,
        "statement": "eric laneuville direct dummy dearest , but ben bolt direct i'm in the nude for love",
        "label": 0,
        "table_caption": "list of l.a. law episodes",
        "table_text": "no in series#no in season#title#directed by#written by#original air date#production code\n44#1#hey , lick me over#rick wallace#steven bochco and david e kelley#november 3 , 1988#7a01\n45#2#the son also rises#john pasquin#david e kelley#november 10 , 1988#7a02\n46#3#romancing the drone#win phelps#william m finkelstein#november 17 , 1988#7a03\n47#4#sperminator#tom moore#michele gallery#december 1 , 1988#7a04\n48#5#the princess and the pee#sam weisman#william m finkelstein#december 8 , 1988#7a05\n49#6#dummy dearest#ben bolt#robert cochran#december 15 , 1988#7a06\n50#7#to live and diet in la#john pasquin#judith parker#january 5 , 1989#7a07\n51#8#i'm in the nude for love#eric laneuville#david e kelley#january 12 , 1989#7a08\n52#9#victor / victorious#win phelps#david e kelley , michele gallery and judith parker#january 19 , 1989#7a09\n56#13#barstow bound#win phelps#william m finkelstein#march 23 , 1989#7a13\n",
        "pandas_code": "(df[df['title'] == 'dummy dearest']['directed by'].iloc[0] == 'eric laneuville') & (df[df['title'] == \"i'm in the nude for love\"]['directed by'].iloc[0] == 'ben bolt')",
        "pandas_eval": "False"
    },
    {
        "id": 35705,
        "statement": "ia law episode have have a number of different director , include rob thompson , who direct the series 2 time",
        "label": 1,
        "table_caption": "list of l.a. law episodes",
        "table_text": "no in series#no in season#title#directed by#written by#original air date#production code\n63#1#the unsterile cuckoo#rob thompson#david e kelley#november 2 , 1989#7d01\n64#2#captain hurt#win phelps#william m finkelstein#november 9 , 1989#7d02\n65#3#when irish eyes are smiling#david carson#david e kelley and william m finkelstein#november 16 , 1989#7d03\n66#4#the mouse that soared#sandy smolan#david e kelley and william m finkelstein#november 23 , 1989#7d04\n67#5#one rat , one ranger#tom moore#douglas mcgrath#november 30 , 1989#7d05\n68#6#lie down and deliver#gabrielle beaumont#christopher keyser & harry lippman#december 7 , 1989#7d06\n69#7#placenta claus is coming to town#rob thompson#william m finkelstein and cynthia saunders#december 14 , 1989#7d07\n70#8#the good human bar#johanna demetrakas#david e kelley and cynthia saunders#january 4 , 1990#7d08\n71#9#noah 's bark#win phelps#david e kelley and william m finkelstein#january 11 , 1990#7d09\n74#12#on your honor#steven robman#david e kelley and william m finkelstein#february 8 , 1990#7d12\n76#14#ex - wives and videotapes#miles watkins#david e kelley and william m finkelstein#february 22 , 1990#7d14\n77#15#blood , sweat and fears#edwin sherin#david e kelley#march 15 , 1990#7d15\n78#16#bounds for glory#win phelps#david e kelley and william m finkelstein#march 22 , 1990#7d16\n79#17#justice swerved#menachem binetski#david e kelley and bryce zabel#march 29 , 1990#7d17\n80#18#watts a matter#tom moore#david e kelley and bryce zabel#april 5 , 1990#7d18\n81#19#bang zoom zap#miles watkins#david e kelley and william m finkelstein#april 26 , 1990#7d19\n83#21#outward bound#edwin sherin#david e kelley and william m finkelstein#may 10 , 1990#7d21\n",
        "pandas_code": "df['directed by'].nunique() > 1 and df['directed by'].value_counts()['rob thompson'] == 2",
        "pandas_eval": "True"
    },
    {
        "id": 35706,
        "statement": "though most of the ia law episode have be written by david e kelly , there be few other writer such as douglas mcgrath",
        "label": 1,
        "table_caption": "list of l.a. law episodes",
        "table_text": "no in series#no in season#title#directed by#written by#original air date#production code\n63#1#the unsterile cuckoo#rob thompson#david e kelley#november 2 , 1989#7d01\n64#2#captain hurt#win phelps#william m finkelstein#november 9 , 1989#7d02\n65#3#when irish eyes are smiling#david carson#david e kelley and william m finkelstein#november 16 , 1989#7d03\n66#4#the mouse that soared#sandy smolan#david e kelley and william m finkelstein#november 23 , 1989#7d04\n67#5#one rat , one ranger#tom moore#douglas mcgrath#november 30 , 1989#7d05\n68#6#lie down and deliver#gabrielle beaumont#christopher keyser & harry lippman#december 7 , 1989#7d06\n69#7#placenta claus is coming to town#rob thompson#william m finkelstein and cynthia saunders#december 14 , 1989#7d07\n70#8#the good human bar#johanna demetrakas#david e kelley and cynthia saunders#january 4 , 1990#7d08\n71#9#noah 's bark#win phelps#david e kelley and william m finkelstein#january 11 , 1990#7d09\n74#12#on your honor#steven robman#david e kelley and william m finkelstein#february 8 , 1990#7d12\n76#14#ex - wives and videotapes#miles watkins#david e kelley and william m finkelstein#february 22 , 1990#7d14\n77#15#blood , sweat and fears#edwin sherin#david e kelley#march 15 , 1990#7d15\n78#16#bounds for glory#win phelps#david e kelley and william m finkelstein#march 22 , 1990#7d16\n79#17#justice swerved#menachem binetski#david e kelley and bryce zabel#march 29 , 1990#7d17\n80#18#watts a matter#tom moore#david e kelley and bryce zabel#april 5 , 1990#7d18\n81#19#bang zoom zap#miles watkins#david e kelley and william m finkelstein#april 26 , 1990#7d19\n83#21#outward bound#edwin sherin#david e kelley and william m finkelstein#may 10 , 1990#7d21\n",
        "pandas_code": "any(df['written by'].str.contains('douglas mcgrath'))",
        "pandas_eval": "True"
    },
    {
        "id": 35707,
        "statement": "ia law episodes all seem to have vague title such as , the good human bar , that keep viewer guess about the meaning",
        "label": 1,
        "table_caption": "list of l.a. law episodes",
        "table_text": "no in series#no in season#title#directed by#written by#original air date#production code\n63#1#the unsterile cuckoo#rob thompson#david e kelley#november 2 , 1989#7d01\n64#2#captain hurt#win phelps#william m finkelstein#november 9 , 1989#7d02\n65#3#when irish eyes are smiling#david carson#david e kelley and william m finkelstein#november 16 , 1989#7d03\n66#4#the mouse that soared#sandy smolan#david e kelley and william m finkelstein#november 23 , 1989#7d04\n67#5#one rat , one ranger#tom moore#douglas mcgrath#november 30 , 1989#7d05\n68#6#lie down and deliver#gabrielle beaumont#christopher keyser & harry lippman#december 7 , 1989#7d06\n69#7#placenta claus is coming to town#rob thompson#william m finkelstein and cynthia saunders#december 14 , 1989#7d07\n70#8#the good human bar#johanna demetrakas#david e kelley and cynthia saunders#january 4 , 1990#7d08\n71#9#noah 's bark#win phelps#david e kelley and william m finkelstein#january 11 , 1990#7d09\n74#12#on your honor#steven robman#david e kelley and william m finkelstein#february 8 , 1990#7d12\n76#14#ex - wives and videotapes#miles watkins#david e kelley and william m finkelstein#february 22 , 1990#7d14\n77#15#blood , sweat and fears#edwin sherin#david e kelley#march 15 , 1990#7d15\n78#16#bounds for glory#win phelps#david e kelley and william m finkelstein#march 22 , 1990#7d16\n79#17#justice swerved#menachem binetski#david e kelley and bryce zabel#march 29 , 1990#7d17\n80#18#watts a matter#tom moore#david e kelley and bryce zabel#april 5 , 1990#7d18\n81#19#bang zoom zap#miles watkins#david e kelley and william m finkelstein#april 26 , 1990#7d19\n83#21#outward bound#edwin sherin#david e kelley and william m finkelstein#may 10 , 1990#7d21\n",
        "pandas_code": "any(df['title'].str.contains('the good human bar', case=False))",
        "pandas_eval": "True"
    },
    {
        "id": 35708,
        "statement": "one of the ia law director that have have an opportunity to direct the series somewhat frequently be win phelps",
        "label": 1,
        "table_caption": "list of l.a. law episodes",
        "table_text": "no in series#no in season#title#directed by#written by#original air date#production code\n63#1#the unsterile cuckoo#rob thompson#david e kelley#november 2 , 1989#7d01\n64#2#captain hurt#win phelps#william m finkelstein#november 9 , 1989#7d02\n65#3#when irish eyes are smiling#david carson#david e kelley and william m finkelstein#november 16 , 1989#7d03\n66#4#the mouse that soared#sandy smolan#david e kelley and william m finkelstein#november 23 , 1989#7d04\n67#5#one rat , one ranger#tom moore#douglas mcgrath#november 30 , 1989#7d05\n68#6#lie down and deliver#gabrielle beaumont#christopher keyser & harry lippman#december 7 , 1989#7d06\n69#7#placenta claus is coming to town#rob thompson#william m finkelstein and cynthia saunders#december 14 , 1989#7d07\n70#8#the good human bar#johanna demetrakas#david e kelley and cynthia saunders#january 4 , 1990#7d08\n71#9#noah 's bark#win phelps#david e kelley and william m finkelstein#january 11 , 1990#7d09\n74#12#on your honor#steven robman#david e kelley and william m finkelstein#february 8 , 1990#7d12\n76#14#ex - wives and videotapes#miles watkins#david e kelley and william m finkelstein#february 22 , 1990#7d14\n77#15#blood , sweat and fears#edwin sherin#david e kelley#march 15 , 1990#7d15\n78#16#bounds for glory#win phelps#david e kelley and william m finkelstein#march 22 , 1990#7d16\n79#17#justice swerved#menachem binetski#david e kelley and bryce zabel#march 29 , 1990#7d17\n80#18#watts a matter#tom moore#david e kelley and bryce zabel#april 5 , 1990#7d18\n81#19#bang zoom zap#miles watkins#david e kelley and william m finkelstein#april 26 , 1990#7d19\n83#21#outward bound#edwin sherin#david e kelley and william m finkelstein#may 10 , 1990#7d21\n",
        "pandas_code": "df['directed by'].value_counts().get('win phelps', 0) > 1",
        "pandas_eval": "True"
    },
    {
        "id": 35709,
        "statement": "david e kelly , a frequent writer of the ia law episode , have often team up with other writes on the series",
        "label": 1,
        "table_caption": "list of l.a. law episodes",
        "table_text": "no in series#no in season#title#directed by#written by#original air date#production code\n63#1#the unsterile cuckoo#rob thompson#david e kelley#november 2 , 1989#7d01\n64#2#captain hurt#win phelps#william m finkelstein#november 9 , 1989#7d02\n65#3#when irish eyes are smiling#david carson#david e kelley and william m finkelstein#november 16 , 1989#7d03\n66#4#the mouse that soared#sandy smolan#david e kelley and william m finkelstein#november 23 , 1989#7d04\n67#5#one rat , one ranger#tom moore#douglas mcgrath#november 30 , 1989#7d05\n68#6#lie down and deliver#gabrielle beaumont#christopher keyser & harry lippman#december 7 , 1989#7d06\n69#7#placenta claus is coming to town#rob thompson#william m finkelstein and cynthia saunders#december 14 , 1989#7d07\n70#8#the good human bar#johanna demetrakas#david e kelley and cynthia saunders#january 4 , 1990#7d08\n71#9#noah 's bark#win phelps#david e kelley and william m finkelstein#january 11 , 1990#7d09\n74#12#on your honor#steven robman#david e kelley and william m finkelstein#february 8 , 1990#7d12\n76#14#ex - wives and videotapes#miles watkins#david e kelley and william m finkelstein#february 22 , 1990#7d14\n77#15#blood , sweat and fears#edwin sherin#david e kelley#march 15 , 1990#7d15\n78#16#bounds for glory#win phelps#david e kelley and william m finkelstein#march 22 , 1990#7d16\n79#17#justice swerved#menachem binetski#david e kelley and bryce zabel#march 29 , 1990#7d17\n80#18#watts a matter#tom moore#david e kelley and bryce zabel#april 5 , 1990#7d18\n81#19#bang zoom zap#miles watkins#david e kelley and william m finkelstein#april 26 , 1990#7d19\n83#21#outward bound#edwin sherin#david e kelley and william m finkelstein#may 10 , 1990#7d21\n",
        "pandas_code": "df['written by'].str.contains('david e kelley').sum() > 0 and df['written by'].str.contains('david e kelley and').sum() > 0",
        "pandas_eval": "True"
    },
    {
        "id": 35710,
        "statement": "episode of la law be always direct by win phelps",
        "label": 0,
        "table_caption": "list of l.a. law episodes",
        "table_text": "no in series#no in season#title#directed by#written by#original air date#production code\n63#1#the unsterile cuckoo#rob thompson#david e kelley#november 2 , 1989#7d01\n64#2#captain hurt#win phelps#william m finkelstein#november 9 , 1989#7d02\n65#3#when irish eyes are smiling#david carson#david e kelley and william m finkelstein#november 16 , 1989#7d03\n66#4#the mouse that soared#sandy smolan#david e kelley and william m finkelstein#november 23 , 1989#7d04\n67#5#one rat , one ranger#tom moore#douglas mcgrath#november 30 , 1989#7d05\n68#6#lie down and deliver#gabrielle beaumont#christopher keyser & harry lippman#december 7 , 1989#7d06\n69#7#placenta claus is coming to town#rob thompson#william m finkelstein and cynthia saunders#december 14 , 1989#7d07\n70#8#the good human bar#johanna demetrakas#david e kelley and cynthia saunders#january 4 , 1990#7d08\n71#9#noah 's bark#win phelps#david e kelley and william m finkelstein#january 11 , 1990#7d09\n74#12#on your honor#steven robman#david e kelley and william m finkelstein#february 8 , 1990#7d12\n76#14#ex - wives and videotapes#miles watkins#david e kelley and william m finkelstein#february 22 , 1990#7d14\n77#15#blood , sweat and fears#edwin sherin#david e kelley#march 15 , 1990#7d15\n78#16#bounds for glory#win phelps#david e kelley and william m finkelstein#march 22 , 1990#7d16\n79#17#justice swerved#menachem binetski#david e kelley and bryce zabel#march 29 , 1990#7d17\n80#18#watts a matter#tom moore#david e kelley and bryce zabel#april 5 , 1990#7d18\n81#19#bang zoom zap#miles watkins#david e kelley and william m finkelstein#april 26 , 1990#7d19\n83#21#outward bound#edwin sherin#david e kelley and william m finkelstein#may 10 , 1990#7d21\n",
        "pandas_code": "all(df['directed by'] == 'win phelps')",
        "pandas_eval": "False"
    },
    {
        "id": 35711,
        "statement": "all of the la law episode be written by william m finkelstein",
        "label": 0,
        "table_caption": "list of l.a. law episodes",
        "table_text": "no in series#no in season#title#directed by#written by#original air date#production code\n63#1#the unsterile cuckoo#rob thompson#david e kelley#november 2 , 1989#7d01\n64#2#captain hurt#win phelps#william m finkelstein#november 9 , 1989#7d02\n65#3#when irish eyes are smiling#david carson#david e kelley and william m finkelstein#november 16 , 1989#7d03\n66#4#the mouse that soared#sandy smolan#david e kelley and william m finkelstein#november 23 , 1989#7d04\n67#5#one rat , one ranger#tom moore#douglas mcgrath#november 30 , 1989#7d05\n68#6#lie down and deliver#gabrielle beaumont#christopher keyser & harry lippman#december 7 , 1989#7d06\n69#7#placenta claus is coming to town#rob thompson#william m finkelstein and cynthia saunders#december 14 , 1989#7d07\n70#8#the good human bar#johanna demetrakas#david e kelley and cynthia saunders#january 4 , 1990#7d08\n71#9#noah 's bark#win phelps#david e kelley and william m finkelstein#january 11 , 1990#7d09\n74#12#on your honor#steven robman#david e kelley and william m finkelstein#february 8 , 1990#7d12\n76#14#ex - wives and videotapes#miles watkins#david e kelley and william m finkelstein#february 22 , 1990#7d14\n77#15#blood , sweat and fears#edwin sherin#david e kelley#march 15 , 1990#7d15\n78#16#bounds for glory#win phelps#david e kelley and william m finkelstein#march 22 , 1990#7d16\n79#17#justice swerved#menachem binetski#david e kelley and bryce zabel#march 29 , 1990#7d17\n80#18#watts a matter#tom moore#david e kelley and bryce zabel#april 5 , 1990#7d18\n81#19#bang zoom zap#miles watkins#david e kelley and william m finkelstein#april 26 , 1990#7d19\n83#21#outward bound#edwin sherin#david e kelley and william m finkelstein#may 10 , 1990#7d21\n",
        "pandas_code": "all('william m finkelstein' in x for x in df['written by'])",
        "pandas_eval": "False"
    },
    {
        "id": 35712,
        "statement": "la law episodes all have numerical value for title",
        "label": 0,
        "table_caption": "list of l.a. law episodes",
        "table_text": "no in series#no in season#title#directed by#written by#original air date#production code\n63#1#the unsterile cuckoo#rob thompson#david e kelley#november 2 , 1989#7d01\n64#2#captain hurt#win phelps#william m finkelstein#november 9 , 1989#7d02\n65#3#when irish eyes are smiling#david carson#david e kelley and william m finkelstein#november 16 , 1989#7d03\n66#4#the mouse that soared#sandy smolan#david e kelley and william m finkelstein#november 23 , 1989#7d04\n67#5#one rat , one ranger#tom moore#douglas mcgrath#november 30 , 1989#7d05\n68#6#lie down and deliver#gabrielle beaumont#christopher keyser & harry lippman#december 7 , 1989#7d06\n69#7#placenta claus is coming to town#rob thompson#william m finkelstein and cynthia saunders#december 14 , 1989#7d07\n70#8#the good human bar#johanna demetrakas#david e kelley and cynthia saunders#january 4 , 1990#7d08\n71#9#noah 's bark#win phelps#david e kelley and william m finkelstein#january 11 , 1990#7d09\n74#12#on your honor#steven robman#david e kelley and william m finkelstein#february 8 , 1990#7d12\n76#14#ex - wives and videotapes#miles watkins#david e kelley and william m finkelstein#february 22 , 1990#7d14\n77#15#blood , sweat and fears#edwin sherin#david e kelley#march 15 , 1990#7d15\n78#16#bounds for glory#win phelps#david e kelley and william m finkelstein#march 22 , 1990#7d16\n79#17#justice swerved#menachem binetski#david e kelley and bryce zabel#march 29 , 1990#7d17\n80#18#watts a matter#tom moore#david e kelley and bryce zabel#april 5 , 1990#7d18\n81#19#bang zoom zap#miles watkins#david e kelley and william m finkelstein#april 26 , 1990#7d19\n83#21#outward bound#edwin sherin#david e kelley and william m finkelstein#may 10 , 1990#7d21\n",
        "pandas_code": "df['title'].str.isnumeric().all()",
        "pandas_eval": "False"
    },
    {
        "id": 35713,
        "statement": "david e kelley be the only writer who also get to direct",
        "label": 0,
        "table_caption": "list of l.a. law episodes",
        "table_text": "no in series#no in season#title#directed by#written by#original air date#production code\n63#1#the unsterile cuckoo#rob thompson#david e kelley#november 2 , 1989#7d01\n64#2#captain hurt#win phelps#william m finkelstein#november 9 , 1989#7d02\n65#3#when irish eyes are smiling#david carson#david e kelley and william m finkelstein#november 16 , 1989#7d03\n66#4#the mouse that soared#sandy smolan#david e kelley and william m finkelstein#november 23 , 1989#7d04\n67#5#one rat , one ranger#tom moore#douglas mcgrath#november 30 , 1989#7d05\n68#6#lie down and deliver#gabrielle beaumont#christopher keyser & harry lippman#december 7 , 1989#7d06\n69#7#placenta claus is coming to town#rob thompson#william m finkelstein and cynthia saunders#december 14 , 1989#7d07\n70#8#the good human bar#johanna demetrakas#david e kelley and cynthia saunders#january 4 , 1990#7d08\n71#9#noah 's bark#win phelps#david e kelley and william m finkelstein#january 11 , 1990#7d09\n74#12#on your honor#steven robman#david e kelley and william m finkelstein#february 8 , 1990#7d12\n76#14#ex - wives and videotapes#miles watkins#david e kelley and william m finkelstein#february 22 , 1990#7d14\n77#15#blood , sweat and fears#edwin sherin#david e kelley#march 15 , 1990#7d15\n78#16#bounds for glory#win phelps#david e kelley and william m finkelstein#march 22 , 1990#7d16\n79#17#justice swerved#menachem binetski#david e kelley and bryce zabel#march 29 , 1990#7d17\n80#18#watts a matter#tom moore#david e kelley and bryce zabel#april 5 , 1990#7d18\n81#19#bang zoom zap#miles watkins#david e kelley and william m finkelstein#april 26 , 1990#7d19\n83#21#outward bound#edwin sherin#david e kelley and william m finkelstein#may 10 , 1990#7d21\n",
        "pandas_code": "all(df[df['written by'].str.contains('david e kelley')]['directed by'] == 'david e kelley')",
        "pandas_eval": "False"
    },
    {
        "id": 35714,
        "statement": "la law be always written by a single author work alone",
        "label": 0,
        "table_caption": "list of l.a. law episodes",
        "table_text": "no in series#no in season#title#directed by#written by#original air date#production code\n63#1#the unsterile cuckoo#rob thompson#david e kelley#november 2 , 1989#7d01\n64#2#captain hurt#win phelps#william m finkelstein#november 9 , 1989#7d02\n65#3#when irish eyes are smiling#david carson#david e kelley and william m finkelstein#november 16 , 1989#7d03\n66#4#the mouse that soared#sandy smolan#david e kelley and william m finkelstein#november 23 , 1989#7d04\n67#5#one rat , one ranger#tom moore#douglas mcgrath#november 30 , 1989#7d05\n68#6#lie down and deliver#gabrielle beaumont#christopher keyser & harry lippman#december 7 , 1989#7d06\n69#7#placenta claus is coming to town#rob thompson#william m finkelstein and cynthia saunders#december 14 , 1989#7d07\n70#8#the good human bar#johanna demetrakas#david e kelley and cynthia saunders#january 4 , 1990#7d08\n71#9#noah 's bark#win phelps#david e kelley and william m finkelstein#january 11 , 1990#7d09\n74#12#on your honor#steven robman#david e kelley and william m finkelstein#february 8 , 1990#7d12\n76#14#ex - wives and videotapes#miles watkins#david e kelley and william m finkelstein#february 22 , 1990#7d14\n77#15#blood , sweat and fears#edwin sherin#david e kelley#march 15 , 1990#7d15\n78#16#bounds for glory#win phelps#david e kelley and william m finkelstein#march 22 , 1990#7d16\n79#17#justice swerved#menachem binetski#david e kelley and bryce zabel#march 29 , 1990#7d17\n80#18#watts a matter#tom moore#david e kelley and bryce zabel#april 5 , 1990#7d18\n81#19#bang zoom zap#miles watkins#david e kelley and william m finkelstein#april 26 , 1990#7d19\n83#21#outward bound#edwin sherin#david e kelley and william m finkelstein#may 10 , 1990#7d21\n",
        "pandas_code": "all(df['written by'].apply(lambda x: 'and' not in x and '&' not in x))",
        "pandas_eval": "False"
    },
    {
        "id": 92147,
        "statement": "happy trail be the title of a piece in season 2",
        "label": 1,
        "table_caption": "list of l.a. law episodes",
        "table_text": "no in series#no in season#title#directed by#written by#original air date#production code\n85#1#the bitch is back#elodie keene#david e kelley#october 18 , 1990#7l01\n86#2#happy trails#win phelps#barry m schkolnick#october 25 , 1990#7l02\n87#3#lie harder#david carson#judith feldman & sarah woodside gallagher#november 1 , 1990#7l03\n88#4#armand 's hammer#menachem binetski#john hill#november 8 , 1990#7l04\n89#5#smoke gets in your thighs#richard compton#patricia green#november 15 , 1990#7l05\n90#6#vowel play#edwin sherin#david e kelley and patricia green#november 29 , 1990#7l06\n91#7#new kidney on the block#steven robman#john hill and stephen katz#december 6 , 1990#7l07\n92#8#god rest ye little gentleman#tom moore#stephen katz and david e kelley#december 13 , 1990#7l08\n93#9#splatoon#elodie keene#john hill and barry m schkolnick#january 3 , 1991#7l09\n95#11#rest in pieces#win phelps#john robert bensink and patricia green#january 31 , 1991#7l11\n96#12#he 's a crowd#elodie keene#david e kelley#february 7 , 1991#7l12\n98#14#the gods must be lawyers#tom moore#david e kelley#february 21 , 1991#7l14\n99#15#the beverly hills hangers#gabrielle beaumont#david e kelley#march 14 , 1991#7l15\n100#16#good to the last drop#menachem binetski#david e kelley , patricia green and alan brennert#march 21 , 1991#7l16\n101#17#mutinies on the banzai#win phelps#david e kelley , patricia green and alan brennert#march 28 , 1991#7l17\n103#19#speak , lawyers , for me#paul lazarus#david e kelley , patricia green and alan brennert#april 25 , 1991#7l19\n104#20#there goes the judge#elodie keene#david e kelley , patricia green and alan brennert#may 2 , 1991#7l20\n105#21#on the toad again#michael katleman#david e kelley#may 9 , 1991#7l21\n",
        "pandas_code": "df[(df['title'] == 'happy trails') & (df['no in season'] == 2)].any().any()",
        "pandas_eval": "True"
    },
    {
        "id": 92148,
        "statement": "104 be the number in series of piece direct by win phelps and be number 11 in season",
        "label": 0,
        "table_caption": "list of l.a. law episodes",
        "table_text": "no in series#no in season#title#directed by#written by#original air date#production code\n85#1#the bitch is back#elodie keene#david e kelley#october 18 , 1990#7l01\n86#2#happy trails#win phelps#barry m schkolnick#october 25 , 1990#7l02\n87#3#lie harder#david carson#judith feldman & sarah woodside gallagher#november 1 , 1990#7l03\n88#4#armand 's hammer#menachem binetski#john hill#november 8 , 1990#7l04\n89#5#smoke gets in your thighs#richard compton#patricia green#november 15 , 1990#7l05\n90#6#vowel play#edwin sherin#david e kelley and patricia green#november 29 , 1990#7l06\n91#7#new kidney on the block#steven robman#john hill and stephen katz#december 6 , 1990#7l07\n92#8#god rest ye little gentleman#tom moore#stephen katz and david e kelley#december 13 , 1990#7l08\n93#9#splatoon#elodie keene#john hill and barry m schkolnick#january 3 , 1991#7l09\n95#11#rest in pieces#win phelps#john robert bensink and patricia green#january 31 , 1991#7l11\n96#12#he 's a crowd#elodie keene#david e kelley#february 7 , 1991#7l12\n98#14#the gods must be lawyers#tom moore#david e kelley#february 21 , 1991#7l14\n99#15#the beverly hills hangers#gabrielle beaumont#david e kelley#march 14 , 1991#7l15\n100#16#good to the last drop#menachem binetski#david e kelley , patricia green and alan brennert#march 21 , 1991#7l16\n101#17#mutinies on the banzai#win phelps#david e kelley , patricia green and alan brennert#march 28 , 1991#7l17\n103#19#speak , lawyers , for me#paul lazarus#david e kelley , patricia green and alan brennert#april 25 , 1991#7l19\n104#20#there goes the judge#elodie keene#david e kelley , patricia green and alan brennert#may 2 , 1991#7l20\n105#21#on the toad again#michael katleman#david e kelley#may 9 , 1991#7l21\n",
        "pandas_code": "((df['no in series'] == 104) & (df['directed by'] == 'win phelps') & (df['no in season'] == 11)).any()",
        "pandas_eval": "False"
    }
]