[
    {
        "id": 34736,
        "statement": "kelly souders & brian peterson write 5 of the episode of season 3",
        "label": 1,
        "table_caption": "smallville (season 3)",
        "table_text": "no#-#title#directed by#written by#us air date#production code#us viewers (million)\n45#1#exile#greg beeman#alfred gough & miles millar#october 1 , 2003#176201#6.80\n46#2#phoenix#james marshall#kelly souders & brian peterson#october 8 , 2003#176202#6.70\n47#3#extinction#michael katleman#todd slavkin & darren swimmer#october 15 , 2003#176203#6.50\n48#4#slumber#daniel attias#drew z greenberg#october 22 , 2003#176204#6.90\n49#5#perry#jeannot szwarc#mark verheiden#october 29 , 2003#176205#6.70\n50#6#relic#marita grabiak#kelly souders & brian peterson#november 5 , 2003#176206#6.70\n51#7#magnetic#david jackson#holly harold#november 12 , 2003#176207#6.90\n52#8#shattered#ken biller#ken biller#november 19 , 2003#176208#6.40\n53#9#asylum#greg beeman#todd slavkin & darren swimmer#january 14 , 2004#176209#5.60\n54#10#whisper#tom wright#ken horton#january 21 , 2004#176210#5.10\n55#11#delete#pat williams#kelly souders & brian peterson#january 28 , 2004#176211#5.50\n56#12#hereafter#greg beeman & james marshall#mark verheiden & drew greenberg#february 4 , 2004#176212#5.30\n57#13#velocity#jeannot szwarc#todd slavkin & darren swimmer#february 11 , 2004#176213#5.00\n58#14#obsession#james marshall#holly harold#february 18 , 2004#176214#5.33\n59#15#resurrection#terrence o'hara#todd slavkin & darren swimmer#february 25 , 2004#176215#4.97\n60#16#crisis#ken biller#kelly souders & brian peterson#march 3 , 2004#176216#5.26\n61#17#legacy#greg beeman#jeph loeb#april 14 , 2004#176217#4.48\n62#18#truth#james marshall#drew greenberg#april 21 , 2004#176218#4.43\n63#19#memoria#miles millar#alfred gough & miles millar#april 28 , 2004#176219#4.32\n64#20#talisman#john schneider#ken biller#may 5 , 2004#176220#4.72\n65#21#forsaken#terrence o'hara#kelly souders & brian peterson#may 12 , 2004#176221#4.54\n",
        "pandas_code": "(df['written by'].value_counts()['kelly souders & brian peterson'] == 5)",
        "pandas_eval": "True"
    },
    {
        "id": 34737,
        "statement": "episode 48 and 51 be tie for have the highest amount of viewer",
        "label": 1,
        "table_caption": "smallville (season 3)",
        "table_text": "no#-#title#directed by#written by#us air date#production code#us viewers (million)\n45#1#exile#greg beeman#alfred gough & miles millar#october 1 , 2003#176201#6.80\n46#2#phoenix#james marshall#kelly souders & brian peterson#october 8 , 2003#176202#6.70\n47#3#extinction#michael katleman#todd slavkin & darren swimmer#october 15 , 2003#176203#6.50\n48#4#slumber#daniel attias#drew z greenberg#october 22 , 2003#176204#6.90\n49#5#perry#jeannot szwarc#mark verheiden#october 29 , 2003#176205#6.70\n50#6#relic#marita grabiak#kelly souders & brian peterson#november 5 , 2003#176206#6.70\n51#7#magnetic#david jackson#holly harold#november 12 , 2003#176207#6.90\n52#8#shattered#ken biller#ken biller#november 19 , 2003#176208#6.40\n53#9#asylum#greg beeman#todd slavkin & darren swimmer#january 14 , 2004#176209#5.60\n54#10#whisper#tom wright#ken horton#january 21 , 2004#176210#5.10\n55#11#delete#pat williams#kelly souders & brian peterson#january 28 , 2004#176211#5.50\n56#12#hereafter#greg beeman & james marshall#mark verheiden & drew greenberg#february 4 , 2004#176212#5.30\n57#13#velocity#jeannot szwarc#todd slavkin & darren swimmer#february 11 , 2004#176213#5.00\n58#14#obsession#james marshall#holly harold#february 18 , 2004#176214#5.33\n59#15#resurrection#terrence o'hara#todd slavkin & darren swimmer#february 25 , 2004#176215#4.97\n60#16#crisis#ken biller#kelly souders & brian peterson#march 3 , 2004#176216#5.26\n61#17#legacy#greg beeman#jeph loeb#april 14 , 2004#176217#4.48\n62#18#truth#james marshall#drew greenberg#april 21 , 2004#176218#4.43\n63#19#memoria#miles millar#alfred gough & miles millar#april 28 , 2004#176219#4.32\n64#20#talisman#john schneider#ken biller#may 5 , 2004#176220#4.72\n65#21#forsaken#terrence o'hara#kelly souders & brian peterson#may 12 , 2004#176221#4.54\n",
        "pandas_code": "(df.loc[df['no'].isin([48, 51]), 'us viewers (million)'].nunique() == 1) & (df.loc[df['no'].isin([48, 51]), 'us viewers (million)'].max() == df['us viewers (million)'].max())",
        "pandas_eval": "True"
    },
    {
        "id": 34738,
        "statement": "terrence o'hara do not direct the first episode of the season",
        "label": 1,
        "table_caption": "smallville (season 3)",
        "table_text": "no#-#title#directed by#written by#us air date#production code#us viewers (million)\n45#1#exile#greg beeman#alfred gough & miles millar#october 1 , 2003#176201#6.80\n46#2#phoenix#james marshall#kelly souders & brian peterson#october 8 , 2003#176202#6.70\n47#3#extinction#michael katleman#todd slavkin & darren swimmer#october 15 , 2003#176203#6.50\n48#4#slumber#daniel attias#drew z greenberg#october 22 , 2003#176204#6.90\n49#5#perry#jeannot szwarc#mark verheiden#october 29 , 2003#176205#6.70\n50#6#relic#marita grabiak#kelly souders & brian peterson#november 5 , 2003#176206#6.70\n51#7#magnetic#david jackson#holly harold#november 12 , 2003#176207#6.90\n52#8#shattered#ken biller#ken biller#november 19 , 2003#176208#6.40\n53#9#asylum#greg beeman#todd slavkin & darren swimmer#january 14 , 2004#176209#5.60\n54#10#whisper#tom wright#ken horton#january 21 , 2004#176210#5.10\n55#11#delete#pat williams#kelly souders & brian peterson#january 28 , 2004#176211#5.50\n56#12#hereafter#greg beeman & james marshall#mark verheiden & drew greenberg#february 4 , 2004#176212#5.30\n57#13#velocity#jeannot szwarc#todd slavkin & darren swimmer#february 11 , 2004#176213#5.00\n58#14#obsession#james marshall#holly harold#february 18 , 2004#176214#5.33\n59#15#resurrection#terrence o'hara#todd slavkin & darren swimmer#february 25 , 2004#176215#4.97\n60#16#crisis#ken biller#kelly souders & brian peterson#march 3 , 2004#176216#5.26\n61#17#legacy#greg beeman#jeph loeb#april 14 , 2004#176217#4.48\n62#18#truth#james marshall#drew greenberg#april 21 , 2004#176218#4.43\n63#19#memoria#miles millar#alfred gough & miles millar#april 28 , 2004#176219#4.32\n64#20#talisman#john schneider#ken biller#may 5 , 2004#176220#4.72\n65#21#forsaken#terrence o'hara#kelly souders & brian peterson#may 12 , 2004#176221#4.54\n",
        "pandas_code": "df.loc[df['-'] == 1, 'directed by'].iloc[0] != 'terrence o\\'hara'",
        "pandas_eval": "True"
    },
    {
        "id": 34739,
        "statement": "october be the month with the highest number of episode that air",
        "label": 1,
        "table_caption": "smallville (season 3)",
        "table_text": "no#-#title#directed by#written by#us air date#production code#us viewers (million)\n45#1#exile#greg beeman#alfred gough & miles millar#october 1 , 2003#176201#6.80\n46#2#phoenix#james marshall#kelly souders & brian peterson#october 8 , 2003#176202#6.70\n47#3#extinction#michael katleman#todd slavkin & darren swimmer#october 15 , 2003#176203#6.50\n48#4#slumber#daniel attias#drew z greenberg#october 22 , 2003#176204#6.90\n49#5#perry#jeannot szwarc#mark verheiden#october 29 , 2003#176205#6.70\n50#6#relic#marita grabiak#kelly souders & brian peterson#november 5 , 2003#176206#6.70\n51#7#magnetic#david jackson#holly harold#november 12 , 2003#176207#6.90\n52#8#shattered#ken biller#ken biller#november 19 , 2003#176208#6.40\n53#9#asylum#greg beeman#todd slavkin & darren swimmer#january 14 , 2004#176209#5.60\n54#10#whisper#tom wright#ken horton#january 21 , 2004#176210#5.10\n55#11#delete#pat williams#kelly souders & brian peterson#january 28 , 2004#176211#5.50\n56#12#hereafter#greg beeman & james marshall#mark verheiden & drew greenberg#february 4 , 2004#176212#5.30\n57#13#velocity#jeannot szwarc#todd slavkin & darren swimmer#february 11 , 2004#176213#5.00\n58#14#obsession#james marshall#holly harold#february 18 , 2004#176214#5.33\n59#15#resurrection#terrence o'hara#todd slavkin & darren swimmer#february 25 , 2004#176215#4.97\n60#16#crisis#ken biller#kelly souders & brian peterson#march 3 , 2004#176216#5.26\n61#17#legacy#greg beeman#jeph loeb#april 14 , 2004#176217#4.48\n62#18#truth#james marshall#drew greenberg#april 21 , 2004#176218#4.43\n63#19#memoria#miles millar#alfred gough & miles millar#april 28 , 2004#176219#4.32\n64#20#talisman#john schneider#ken biller#may 5 , 2004#176220#4.72\n65#21#forsaken#terrence o'hara#kelly souders & brian peterson#may 12 , 2004#176221#4.54\n",
        "pandas_code": "df['us air date'].str.contains('october').sum() == df['us air date'].str.extract(r'(\\w+)')[0].value_counts().max()",
        "pandas_eval": "True"
    },
    {
        "id": 34741,
        "statement": "kelly souders & brian peterson write 5 of the episode of season 2",
        "label": 0,
        "table_caption": "smallville (season 3)",
        "table_text": "no#-#title#directed by#written by#us air date#production code#us viewers (million)\n45#1#exile#greg beeman#alfred gough & miles millar#october 1 , 2003#176201#6.80\n46#2#phoenix#james marshall#kelly souders & brian peterson#october 8 , 2003#176202#6.70\n47#3#extinction#michael katleman#todd slavkin & darren swimmer#october 15 , 2003#176203#6.50\n48#4#slumber#daniel attias#drew z greenberg#october 22 , 2003#176204#6.90\n49#5#perry#jeannot szwarc#mark verheiden#october 29 , 2003#176205#6.70\n50#6#relic#marita grabiak#kelly souders & brian peterson#november 5 , 2003#176206#6.70\n51#7#magnetic#david jackson#holly harold#november 12 , 2003#176207#6.90\n52#8#shattered#ken biller#ken biller#november 19 , 2003#176208#6.40\n53#9#asylum#greg beeman#todd slavkin & darren swimmer#january 14 , 2004#176209#5.60\n54#10#whisper#tom wright#ken horton#january 21 , 2004#176210#5.10\n55#11#delete#pat williams#kelly souders & brian peterson#january 28 , 2004#176211#5.50\n56#12#hereafter#greg beeman & james marshall#mark verheiden & drew greenberg#february 4 , 2004#176212#5.30\n57#13#velocity#jeannot szwarc#todd slavkin & darren swimmer#february 11 , 2004#176213#5.00\n58#14#obsession#james marshall#holly harold#february 18 , 2004#176214#5.33\n59#15#resurrection#terrence o'hara#todd slavkin & darren swimmer#february 25 , 2004#176215#4.97\n60#16#crisis#ken biller#kelly souders & brian peterson#march 3 , 2004#176216#5.26\n61#17#legacy#greg beeman#jeph loeb#april 14 , 2004#176217#4.48\n62#18#truth#james marshall#drew greenberg#april 21 , 2004#176218#4.43\n63#19#memoria#miles millar#alfred gough & miles millar#april 28 , 2004#176219#4.32\n64#20#talisman#john schneider#ken biller#may 5 , 2004#176220#4.72\n65#21#forsaken#terrence o'hara#kelly souders & brian peterson#may 12 , 2004#176221#4.54\n",
        "pandas_code": "(df['written by'].value_counts()['kelly souders & brian peterson'] != 5)",
        "pandas_eval": "False"
    },
    {
        "id": 34742,
        "statement": "episode 49 and 50 be tie for have the highest amount of viewer",
        "label": 0,
        "table_caption": "smallville (season 3)",
        "table_text": "no#-#title#directed by#written by#us air date#production code#us viewers (million)\n45#1#exile#greg beeman#alfred gough & miles millar#october 1 , 2003#176201#6.80\n46#2#phoenix#james marshall#kelly souders & brian peterson#october 8 , 2003#176202#6.70\n47#3#extinction#michael katleman#todd slavkin & darren swimmer#october 15 , 2003#176203#6.50\n48#4#slumber#daniel attias#drew z greenberg#october 22 , 2003#176204#6.90\n49#5#perry#jeannot szwarc#mark verheiden#october 29 , 2003#176205#6.70\n50#6#relic#marita grabiak#kelly souders & brian peterson#november 5 , 2003#176206#6.70\n51#7#magnetic#david jackson#holly harold#november 12 , 2003#176207#6.90\n52#8#shattered#ken biller#ken biller#november 19 , 2003#176208#6.40\n53#9#asylum#greg beeman#todd slavkin & darren swimmer#january 14 , 2004#176209#5.60\n54#10#whisper#tom wright#ken horton#january 21 , 2004#176210#5.10\n55#11#delete#pat williams#kelly souders & brian peterson#january 28 , 2004#176211#5.50\n56#12#hereafter#greg beeman & james marshall#mark verheiden & drew greenberg#february 4 , 2004#176212#5.30\n57#13#velocity#jeannot szwarc#todd slavkin & darren swimmer#february 11 , 2004#176213#5.00\n58#14#obsession#james marshall#holly harold#february 18 , 2004#176214#5.33\n59#15#resurrection#terrence o'hara#todd slavkin & darren swimmer#february 25 , 2004#176215#4.97\n60#16#crisis#ken biller#kelly souders & brian peterson#march 3 , 2004#176216#5.26\n61#17#legacy#greg beeman#jeph loeb#april 14 , 2004#176217#4.48\n62#18#truth#james marshall#drew greenberg#april 21 , 2004#176218#4.43\n63#19#memoria#miles millar#alfred gough & miles millar#april 28 , 2004#176219#4.32\n64#20#talisman#john schneider#ken biller#may 5 , 2004#176220#4.72\n65#21#forsaken#terrence o'hara#kelly souders & brian peterson#may 12 , 2004#176221#4.54\n",
        "pandas_code": "(df[df['no'].isin([49, 50])]['us viewers (million)'].max() == df['us viewers (million)'].max())",
        "pandas_eval": "False"
    },
    {
        "id": 34743,
        "statement": "terrence o'hara direct the first episode of the season",
        "label": 0,
        "table_caption": "smallville (season 3)",
        "table_text": "no#-#title#directed by#written by#us air date#production code#us viewers (million)\n45#1#exile#greg beeman#alfred gough & miles millar#october 1 , 2003#176201#6.80\n46#2#phoenix#james marshall#kelly souders & brian peterson#october 8 , 2003#176202#6.70\n47#3#extinction#michael katleman#todd slavkin & darren swimmer#october 15 , 2003#176203#6.50\n48#4#slumber#daniel attias#drew z greenberg#october 22 , 2003#176204#6.90\n49#5#perry#jeannot szwarc#mark verheiden#october 29 , 2003#176205#6.70\n50#6#relic#marita grabiak#kelly souders & brian peterson#november 5 , 2003#176206#6.70\n51#7#magnetic#david jackson#holly harold#november 12 , 2003#176207#6.90\n52#8#shattered#ken biller#ken biller#november 19 , 2003#176208#6.40\n53#9#asylum#greg beeman#todd slavkin & darren swimmer#january 14 , 2004#176209#5.60\n54#10#whisper#tom wright#ken horton#january 21 , 2004#176210#5.10\n55#11#delete#pat williams#kelly souders & brian peterson#january 28 , 2004#176211#5.50\n56#12#hereafter#greg beeman & james marshall#mark verheiden & drew greenberg#february 4 , 2004#176212#5.30\n57#13#velocity#jeannot szwarc#todd slavkin & darren swimmer#february 11 , 2004#176213#5.00\n58#14#obsession#james marshall#holly harold#february 18 , 2004#176214#5.33\n59#15#resurrection#terrence o'hara#todd slavkin & darren swimmer#february 25 , 2004#176215#4.97\n60#16#crisis#ken biller#kelly souders & brian peterson#march 3 , 2004#176216#5.26\n61#17#legacy#greg beeman#jeph loeb#april 14 , 2004#176217#4.48\n62#18#truth#james marshall#drew greenberg#april 21 , 2004#176218#4.43\n63#19#memoria#miles millar#alfred gough & miles millar#april 28 , 2004#176219#4.32\n64#20#talisman#john schneider#ken biller#may 5 , 2004#176220#4.72\n65#21#forsaken#terrence o'hara#kelly souders & brian peterson#may 12 , 2004#176221#4.54\n",
        "pandas_code": "df.loc[df['-'] == 1, 'directed by'].iloc[0] == \"terrence o'hara\"",
        "pandas_eval": "False"
    },
    {
        "id": 34744,
        "statement": "october be the month with the lowest number of episode that air",
        "label": 0,
        "table_caption": "smallville (season 3)",
        "table_text": "no#-#title#directed by#written by#us air date#production code#us viewers (million)\n45#1#exile#greg beeman#alfred gough & miles millar#october 1 , 2003#176201#6.80\n46#2#phoenix#james marshall#kelly souders & brian peterson#october 8 , 2003#176202#6.70\n47#3#extinction#michael katleman#todd slavkin & darren swimmer#october 15 , 2003#176203#6.50\n48#4#slumber#daniel attias#drew z greenberg#october 22 , 2003#176204#6.90\n49#5#perry#jeannot szwarc#mark verheiden#october 29 , 2003#176205#6.70\n50#6#relic#marita grabiak#kelly souders & brian peterson#november 5 , 2003#176206#6.70\n51#7#magnetic#david jackson#holly harold#november 12 , 2003#176207#6.90\n52#8#shattered#ken biller#ken biller#november 19 , 2003#176208#6.40\n53#9#asylum#greg beeman#todd slavkin & darren swimmer#january 14 , 2004#176209#5.60\n54#10#whisper#tom wright#ken horton#january 21 , 2004#176210#5.10\n55#11#delete#pat williams#kelly souders & brian peterson#january 28 , 2004#176211#5.50\n56#12#hereafter#greg beeman & james marshall#mark verheiden & drew greenberg#february 4 , 2004#176212#5.30\n57#13#velocity#jeannot szwarc#todd slavkin & darren swimmer#february 11 , 2004#176213#5.00\n58#14#obsession#james marshall#holly harold#february 18 , 2004#176214#5.33\n59#15#resurrection#terrence o'hara#todd slavkin & darren swimmer#february 25 , 2004#176215#4.97\n60#16#crisis#ken biller#kelly souders & brian peterson#march 3 , 2004#176216#5.26\n61#17#legacy#greg beeman#jeph loeb#april 14 , 2004#176217#4.48\n62#18#truth#james marshall#drew greenberg#april 21 , 2004#176218#4.43\n63#19#memoria#miles millar#alfred gough & miles millar#april 28 , 2004#176219#4.32\n64#20#talisman#john schneider#ken biller#may 5 , 2004#176220#4.72\n65#21#forsaken#terrence o'hara#kelly souders & brian peterson#may 12 , 2004#176221#4.54\n",
        "pandas_code": "df['us air date'].str.contains('october').sum() == df['us air date'].str.extract(r'(\\w+)')[0].value_counts().idxmin()",
        "pandas_eval": "False"
    },
    {
        "id": 34745,
        "statement": "episode 12 have 300000 less viewer watch it than episode 13 do",
        "label": 0,
        "table_caption": "smallville (season 3)",
        "table_text": "no#-#title#directed by#written by#us air date#production code#us viewers (million)\n45#1#exile#greg beeman#alfred gough & miles millar#october 1 , 2003#176201#6.80\n46#2#phoenix#james marshall#kelly souders & brian peterson#october 8 , 2003#176202#6.70\n47#3#extinction#michael katleman#todd slavkin & darren swimmer#october 15 , 2003#176203#6.50\n48#4#slumber#daniel attias#drew z greenberg#october 22 , 2003#176204#6.90\n49#5#perry#jeannot szwarc#mark verheiden#october 29 , 2003#176205#6.70\n50#6#relic#marita grabiak#kelly souders & brian peterson#november 5 , 2003#176206#6.70\n51#7#magnetic#david jackson#holly harold#november 12 , 2003#176207#6.90\n52#8#shattered#ken biller#ken biller#november 19 , 2003#176208#6.40\n53#9#asylum#greg beeman#todd slavkin & darren swimmer#january 14 , 2004#176209#5.60\n54#10#whisper#tom wright#ken horton#january 21 , 2004#176210#5.10\n55#11#delete#pat williams#kelly souders & brian peterson#january 28 , 2004#176211#5.50\n56#12#hereafter#greg beeman & james marshall#mark verheiden & drew greenberg#february 4 , 2004#176212#5.30\n57#13#velocity#jeannot szwarc#todd slavkin & darren swimmer#february 11 , 2004#176213#5.00\n58#14#obsession#james marshall#holly harold#february 18 , 2004#176214#5.33\n59#15#resurrection#terrence o'hara#todd slavkin & darren swimmer#february 25 , 2004#176215#4.97\n60#16#crisis#ken biller#kelly souders & brian peterson#march 3 , 2004#176216#5.26\n61#17#legacy#greg beeman#jeph loeb#april 14 , 2004#176217#4.48\n62#18#truth#james marshall#drew greenberg#april 21 , 2004#176218#4.43\n63#19#memoria#miles millar#alfred gough & miles millar#april 28 , 2004#176219#4.32\n64#20#talisman#john schneider#ken biller#may 5 , 2004#176220#4.72\n65#21#forsaken#terrence o'hara#kelly souders & brian peterson#may 12 , 2004#176221#4.54\n",
        "pandas_code": "(df.loc[df['no'] == 56, 'us viewers (million)'].values[0] == df.loc[df['no'] == 57, 'us viewers (million)'].values[0] - 0.3)",
        "pandas_eval": "False"
    }
]