[
    {
        "id": 33346,
        "statement": "during the 1991 denver bronco season , they have 8 more win than loss",
        "label": 1,
        "table_caption": "1991 denver broncos season",
        "table_text": "week#date#opponent#result#attendance\n1#september 1 , 1991#cincinnati bengals#w 45 - 14#72855\n2#september 8 , 1991#los angeles raiders#l 16 - 13#48569\n3#september 15 , 1991#seattle seahawks#w 16 - 10#74152\n4#september 22 , 1991#san diego chargers#w 27 - 19#73258\n5#september 29 , 1991#minnesota vikings#w 13 - 6#55031\n6#october 6 , 1991#houston oilers#l 42 - 14#59145\n8#october 20 , 1991#kansas city chiefs#w 19 - 16#75866\n9#october 27 , 1991#new england patriots#w 9 - 6#43994\n10#november 3 , 1991#pittsburgh steelers#w 20 - 13#70973\n11#november 10 , 1991#los angeles raiders#l 17 - 16#75896\n12#november 17 , 1991#kansas city chiefs#w 24 - 20#74661\n13#november 24 , 1991#seattle seahawks#l 13 - 10#60430\n14#december 1 , 1991#new england patriots#w 20 - 3#67116\n15#december 8 , 1991#cleveland browns#w 17 - 7#73539\n16#december 15 , 1991#phoenix cardinals#w 24 - 19#74098\n17#december 22 , 1991#san diego chargers#w 17 - 14#51449\n",
        "pandas_code": "(df['result'].str.startswith('w').sum() - df['result'].str.startswith('l').sum()) == 8",
        "pandas_eval": "True"
    },
    {
        "id": 33347,
        "statement": "during the 1991 denver bronco season , the game on october 27 , 1991 have the fewest in attendance",
        "label": 1,
        "table_caption": "1991 denver broncos season",
        "table_text": "week#date#opponent#result#attendance\n1#september 1 , 1991#cincinnati bengals#w 45 - 14#72855\n2#september 8 , 1991#los angeles raiders#l 16 - 13#48569\n3#september 15 , 1991#seattle seahawks#w 16 - 10#74152\n4#september 22 , 1991#san diego chargers#w 27 - 19#73258\n5#september 29 , 1991#minnesota vikings#w 13 - 6#55031\n6#october 6 , 1991#houston oilers#l 42 - 14#59145\n8#october 20 , 1991#kansas city chiefs#w 19 - 16#75866\n9#october 27 , 1991#new england patriots#w 9 - 6#43994\n10#november 3 , 1991#pittsburgh steelers#w 20 - 13#70973\n11#november 10 , 1991#los angeles raiders#l 17 - 16#75896\n12#november 17 , 1991#kansas city chiefs#w 24 - 20#74661\n13#november 24 , 1991#seattle seahawks#l 13 - 10#60430\n14#december 1 , 1991#new england patriots#w 20 - 3#67116\n15#december 8 , 1991#cleveland browns#w 17 - 7#73539\n16#december 15 , 1991#phoenix cardinals#w 24 - 19#74098\n17#december 22 , 1991#san diego chargers#w 17 - 14#51449\n",
        "pandas_code": "df[df['date'] == 'october 27 , 1991']['attendance'].min() == df['attendance'].min()",
        "pandas_eval": "True"
    },
    {
        "id": 33348,
        "statement": "during the 1991 denver bronco season , they play the los angelas raider on november 10 and september 8 , 1991",
        "label": 1,
        "table_caption": "1991 denver broncos season",
        "table_text": "week#date#opponent#result#attendance\n1#september 1 , 1991#cincinnati bengals#w 45 - 14#72855\n2#september 8 , 1991#los angeles raiders#l 16 - 13#48569\n3#september 15 , 1991#seattle seahawks#w 16 - 10#74152\n4#september 22 , 1991#san diego chargers#w 27 - 19#73258\n5#september 29 , 1991#minnesota vikings#w 13 - 6#55031\n6#october 6 , 1991#houston oilers#l 42 - 14#59145\n8#october 20 , 1991#kansas city chiefs#w 19 - 16#75866\n9#october 27 , 1991#new england patriots#w 9 - 6#43994\n10#november 3 , 1991#pittsburgh steelers#w 20 - 13#70973\n11#november 10 , 1991#los angeles raiders#l 17 - 16#75896\n12#november 17 , 1991#kansas city chiefs#w 24 - 20#74661\n13#november 24 , 1991#seattle seahawks#l 13 - 10#60430\n14#december 1 , 1991#new england patriots#w 20 - 3#67116\n15#december 8 , 1991#cleveland browns#w 17 - 7#73539\n16#december 15 , 1991#phoenix cardinals#w 24 - 19#74098\n17#december 22 , 1991#san diego chargers#w 17 - 14#51449\n",
        "pandas_code": "df[df['opponent'].str.contains('los angeles raiders') & df['date'].isin(['september 8 , 1991', 'november 10 , 1991'])].shape[0] == 2",
        "pandas_eval": "True"
    },
    {
        "id": 33349,
        "statement": "during the 1991 denver bronco season , they play the kansas city chief on both week 8 and 12",
        "label": 1,
        "table_caption": "1991 denver broncos season",
        "table_text": "week#date#opponent#result#attendance\n1#september 1 , 1991#cincinnati bengals#w 45 - 14#72855\n2#september 8 , 1991#los angeles raiders#l 16 - 13#48569\n3#september 15 , 1991#seattle seahawks#w 16 - 10#74152\n4#september 22 , 1991#san diego chargers#w 27 - 19#73258\n5#september 29 , 1991#minnesota vikings#w 13 - 6#55031\n6#october 6 , 1991#houston oilers#l 42 - 14#59145\n8#october 20 , 1991#kansas city chiefs#w 19 - 16#75866\n9#october 27 , 1991#new england patriots#w 9 - 6#43994\n10#november 3 , 1991#pittsburgh steelers#w 20 - 13#70973\n11#november 10 , 1991#los angeles raiders#l 17 - 16#75896\n12#november 17 , 1991#kansas city chiefs#w 24 - 20#74661\n13#november 24 , 1991#seattle seahawks#l 13 - 10#60430\n14#december 1 , 1991#new england patriots#w 20 - 3#67116\n15#december 8 , 1991#cleveland browns#w 17 - 7#73539\n16#december 15 , 1991#phoenix cardinals#w 24 - 19#74098\n17#december 22 , 1991#san diego chargers#w 17 - 14#51449\n",
        "pandas_code": "((df['opponent'] == 'kansas city chiefs') & ((df['week'] == 8) | (df['week'] == 12))).sum() == 2",
        "pandas_eval": "True"
    },
    {
        "id": 33350,
        "statement": "during the 1991 denver bronco season , both game on week 15 and 17 result in win",
        "label": 1,
        "table_caption": "1991 denver broncos season",
        "table_text": "week#date#opponent#result#attendance\n1#september 1 , 1991#cincinnati bengals#w 45 - 14#72855\n2#september 8 , 1991#los angeles raiders#l 16 - 13#48569\n3#september 15 , 1991#seattle seahawks#w 16 - 10#74152\n4#september 22 , 1991#san diego chargers#w 27 - 19#73258\n5#september 29 , 1991#minnesota vikings#w 13 - 6#55031\n6#october 6 , 1991#houston oilers#l 42 - 14#59145\n8#october 20 , 1991#kansas city chiefs#w 19 - 16#75866\n9#october 27 , 1991#new england patriots#w 9 - 6#43994\n10#november 3 , 1991#pittsburgh steelers#w 20 - 13#70973\n11#november 10 , 1991#los angeles raiders#l 17 - 16#75896\n12#november 17 , 1991#kansas city chiefs#w 24 - 20#74661\n13#november 24 , 1991#seattle seahawks#l 13 - 10#60430\n14#december 1 , 1991#new england patriots#w 20 - 3#67116\n15#december 8 , 1991#cleveland browns#w 17 - 7#73539\n16#december 15 , 1991#phoenix cardinals#w 24 - 19#74098\n17#december 22 , 1991#san diego chargers#w 17 - 14#51449\n",
        "pandas_code": "all(df.loc[df['week'].isin([15, 17]), 'result'].str.startswith('w'))",
        "pandas_eval": "True"
    },
    {
        "id": 33351,
        "statement": "during the 1991 denver bronco season , they have 8 more loss than win",
        "label": 0,
        "table_caption": "1991 denver broncos season",
        "table_text": "week#date#opponent#result#attendance\n1#september 1 , 1991#cincinnati bengals#w 45 - 14#72855\n2#september 8 , 1991#los angeles raiders#l 16 - 13#48569\n3#september 15 , 1991#seattle seahawks#w 16 - 10#74152\n4#september 22 , 1991#san diego chargers#w 27 - 19#73258\n5#september 29 , 1991#minnesota vikings#w 13 - 6#55031\n6#october 6 , 1991#houston oilers#l 42 - 14#59145\n8#october 20 , 1991#kansas city chiefs#w 19 - 16#75866\n9#october 27 , 1991#new england patriots#w 9 - 6#43994\n10#november 3 , 1991#pittsburgh steelers#w 20 - 13#70973\n11#november 10 , 1991#los angeles raiders#l 17 - 16#75896\n12#november 17 , 1991#kansas city chiefs#w 24 - 20#74661\n13#november 24 , 1991#seattle seahawks#l 13 - 10#60430\n14#december 1 , 1991#new england patriots#w 20 - 3#67116\n15#december 8 , 1991#cleveland browns#w 17 - 7#73539\n16#december 15 , 1991#phoenix cardinals#w 24 - 19#74098\n17#december 22 , 1991#san diego chargers#w 17 - 14#51449\n",
        "pandas_code": "(df['result'].str.startswith('l').sum() - df['result'].str.startswith('w').sum()) == 8",
        "pandas_eval": "False"
    },
    {
        "id": 33352,
        "statement": "during the 1991 denver bronco season , the game on november 10 , 1991 , have the fewest in attendance",
        "label": 0,
        "table_caption": "1991 denver broncos season",
        "table_text": "week#date#opponent#result#attendance\n1#september 1 , 1991#cincinnati bengals#w 45 - 14#72855\n2#september 8 , 1991#los angeles raiders#l 16 - 13#48569\n3#september 15 , 1991#seattle seahawks#w 16 - 10#74152\n4#september 22 , 1991#san diego chargers#w 27 - 19#73258\n5#september 29 , 1991#minnesota vikings#w 13 - 6#55031\n6#october 6 , 1991#houston oilers#l 42 - 14#59145\n8#october 20 , 1991#kansas city chiefs#w 19 - 16#75866\n9#october 27 , 1991#new england patriots#w 9 - 6#43994\n10#november 3 , 1991#pittsburgh steelers#w 20 - 13#70973\n11#november 10 , 1991#los angeles raiders#l 17 - 16#75896\n12#november 17 , 1991#kansas city chiefs#w 24 - 20#74661\n13#november 24 , 1991#seattle seahawks#l 13 - 10#60430\n14#december 1 , 1991#new england patriots#w 20 - 3#67116\n15#december 8 , 1991#cleveland browns#w 17 - 7#73539\n16#december 15 , 1991#phoenix cardinals#w 24 - 19#74098\n17#december 22 , 1991#san diego chargers#w 17 - 14#51449\n",
        "pandas_code": "df.loc[df['date'] == 'november 10 , 1991', 'attendance'].iloc[0] == df['attendance'].min()",
        "pandas_eval": "False"
    },
    {
        "id": 33353,
        "statement": "during the 1991 denver bronco season , they play the los angeles raider on november 10 and september 15",
        "label": 0,
        "table_caption": "1991 denver broncos season",
        "table_text": "week#date#opponent#result#attendance\n1#september 1 , 1991#cincinnati bengals#w 45 - 14#72855\n2#september 8 , 1991#los angeles raiders#l 16 - 13#48569\n3#september 15 , 1991#seattle seahawks#w 16 - 10#74152\n4#september 22 , 1991#san diego chargers#w 27 - 19#73258\n5#september 29 , 1991#minnesota vikings#w 13 - 6#55031\n6#october 6 , 1991#houston oilers#l 42 - 14#59145\n8#october 20 , 1991#kansas city chiefs#w 19 - 16#75866\n9#october 27 , 1991#new england patriots#w 9 - 6#43994\n10#november 3 , 1991#pittsburgh steelers#w 20 - 13#70973\n11#november 10 , 1991#los angeles raiders#l 17 - 16#75896\n12#november 17 , 1991#kansas city chiefs#w 24 - 20#74661\n13#november 24 , 1991#seattle seahawks#l 13 - 10#60430\n14#december 1 , 1991#new england patriots#w 20 - 3#67116\n15#december 8 , 1991#cleveland browns#w 17 - 7#73539\n16#december 15 , 1991#phoenix cardinals#w 24 - 19#74098\n17#december 22 , 1991#san diego chargers#w 17 - 14#51449\n",
        "pandas_code": "((df['date'] == 'november 10 , 1991') & (df['opponent'] == 'los angeles raiders')).any() and ((df['date'] == 'september 15 , 1991') & (df['opponent'] == 'los angeles raiders')).any()",
        "pandas_eval": "False"
    },
    {
        "id": 33354,
        "statement": "during the 1991 denver bronco season , they play the kansas city chief on both week 8 and 11",
        "label": 0,
        "table_caption": "1991 denver broncos season",
        "table_text": "week#date#opponent#result#attendance\n1#september 1 , 1991#cincinnati bengals#w 45 - 14#72855\n2#september 8 , 1991#los angeles raiders#l 16 - 13#48569\n3#september 15 , 1991#seattle seahawks#w 16 - 10#74152\n4#september 22 , 1991#san diego chargers#w 27 - 19#73258\n5#september 29 , 1991#minnesota vikings#w 13 - 6#55031\n6#october 6 , 1991#houston oilers#l 42 - 14#59145\n8#october 20 , 1991#kansas city chiefs#w 19 - 16#75866\n9#october 27 , 1991#new england patriots#w 9 - 6#43994\n10#november 3 , 1991#pittsburgh steelers#w 20 - 13#70973\n11#november 10 , 1991#los angeles raiders#l 17 - 16#75896\n12#november 17 , 1991#kansas city chiefs#w 24 - 20#74661\n13#november 24 , 1991#seattle seahawks#l 13 - 10#60430\n14#december 1 , 1991#new england patriots#w 20 - 3#67116\n15#december 8 , 1991#cleveland browns#w 17 - 7#73539\n16#december 15 , 1991#phoenix cardinals#w 24 - 19#74098\n17#december 22 , 1991#san diego chargers#w 17 - 14#51449\n",
        "pandas_code": "((df['opponent'] == 'kansas city chiefs') & ((df['week'] == 8) | (df['week'] == 11))).sum() == 2",
        "pandas_eval": "False"
    },
    {
        "id": 33355,
        "statement": "during the 1991 denver bronco season , both week 13 and 15 result in win",
        "label": 0,
        "table_caption": "1991 denver broncos season",
        "table_text": "week#date#opponent#result#attendance\n1#september 1 , 1991#cincinnati bengals#w 45 - 14#72855\n2#september 8 , 1991#los angeles raiders#l 16 - 13#48569\n3#september 15 , 1991#seattle seahawks#w 16 - 10#74152\n4#september 22 , 1991#san diego chargers#w 27 - 19#73258\n5#september 29 , 1991#minnesota vikings#w 13 - 6#55031\n6#october 6 , 1991#houston oilers#l 42 - 14#59145\n8#october 20 , 1991#kansas city chiefs#w 19 - 16#75866\n9#october 27 , 1991#new england patriots#w 9 - 6#43994\n10#november 3 , 1991#pittsburgh steelers#w 20 - 13#70973\n11#november 10 , 1991#los angeles raiders#l 17 - 16#75896\n12#november 17 , 1991#kansas city chiefs#w 24 - 20#74661\n13#november 24 , 1991#seattle seahawks#l 13 - 10#60430\n14#december 1 , 1991#new england patriots#w 20 - 3#67116\n15#december 8 , 1991#cleveland browns#w 17 - 7#73539\n16#december 15 , 1991#phoenix cardinals#w 24 - 19#74098\n17#december 22 , 1991#san diego chargers#w 17 - 14#51449\n",
        "pandas_code": "(df.loc[df['week'] == 13, 'result'].str.startswith('w').all()) & (df.loc[df['week'] == 15, 'result'].str.startswith('w').all())",
        "pandas_eval": "False"
    }
]