[
    {
        "id": 31118,
        "statement": "luc longley and felton spencer be the heaviest at 265",
        "label": 1,
        "table_caption": "2000 - 01 new york knicks season",
        "table_text": "number#player#position#height#weight#years exp#college\n9#rick brunson#guard#6 - 4#190#3#temple university\n23#marcus camby#forward / center#6 - 11#220#4#university of massachusetts\n1#chris childs#guard#6 - 3#195#6#boise state university\n32#othella harrington#forward / center#6 - 9#235#4#georgetown university\n20#allan houston#guard#6 - 6#200#7#university of tennessee\n31#mark jackson#guard#6 - 1#180#13#st john 's university\n2#larry johnson#forward#6 - 6#250#9#university of nevada las vegas\n44#travis knight#center#7 - 0#235#4#university of connecticut\n13#luc longley#center#7 - 2#265#9#university of new mexico\n7#lavor postell#guard#6 - 5#215#r#st john 's university\n41#glen rice#forward#6 - 7#215#11#university of michigan\n50#felton spencer#center#7 - 0#265#10#university of louisville\n8#latrell sprewell#guard#6 - 5#190#8#university of alabama\n25#erick strickland#guard#6 - 3#210#4#university of nebraska\n40#kurt thomas#forward#6 - 9#230#5#texas christian university\n21#charlie ward#guard#6 - 2#190#6#florida state university\n",
        "pandas_code": "(df[df['player'].isin(['luc longley', 'felton spencer'])]['weight'] == 265).all()",
        "pandas_eval": "True"
    },
    {
        "id": 31119,
        "statement": "kurt thomas be the only player from texas christian university",
        "label": 1,
        "table_caption": "2000 - 01 new york knicks season",
        "table_text": "number#player#position#height#weight#years exp#college\n9#rick brunson#guard#6 - 4#190#3#temple university\n23#marcus camby#forward / center#6 - 11#220#4#university of massachusetts\n1#chris childs#guard#6 - 3#195#6#boise state university\n32#othella harrington#forward / center#6 - 9#235#4#georgetown university\n20#allan houston#guard#6 - 6#200#7#university of tennessee\n31#mark jackson#guard#6 - 1#180#13#st john 's university\n2#larry johnson#forward#6 - 6#250#9#university of nevada las vegas\n44#travis knight#center#7 - 0#235#4#university of connecticut\n13#luc longley#center#7 - 2#265#9#university of new mexico\n7#lavor postell#guard#6 - 5#215#r#st john 's university\n41#glen rice#forward#6 - 7#215#11#university of michigan\n50#felton spencer#center#7 - 0#265#10#university of louisville\n8#latrell sprewell#guard#6 - 5#190#8#university of alabama\n25#erick strickland#guard#6 - 3#210#4#university of nebraska\n40#kurt thomas#forward#6 - 9#230#5#texas christian university\n21#charlie ward#guard#6 - 2#190#6#florida state university\n",
        "pandas_code": "(df[df['college'] == 'texas christian university']['player'].count() == 1) and (df[df['college'] == 'texas christian university']['player'].iloc[0] == 'kurt thomas')",
        "pandas_eval": "True"
    },
    {
        "id": 31120,
        "statement": "othella harrington and marcus camby be the 2 player that be both forward and center",
        "label": 1,
        "table_caption": "2000 - 01 new york knicks season",
        "table_text": "number#player#position#height#weight#years exp#college\n9#rick brunson#guard#6 - 4#190#3#temple university\n23#marcus camby#forward / center#6 - 11#220#4#university of massachusetts\n1#chris childs#guard#6 - 3#195#6#boise state university\n32#othella harrington#forward / center#6 - 9#235#4#georgetown university\n20#allan houston#guard#6 - 6#200#7#university of tennessee\n31#mark jackson#guard#6 - 1#180#13#st john 's university\n2#larry johnson#forward#6 - 6#250#9#university of nevada las vegas\n44#travis knight#center#7 - 0#235#4#university of connecticut\n13#luc longley#center#7 - 2#265#9#university of new mexico\n7#lavor postell#guard#6 - 5#215#r#st john 's university\n41#glen rice#forward#6 - 7#215#11#university of michigan\n50#felton spencer#center#7 - 0#265#10#university of louisville\n8#latrell sprewell#guard#6 - 5#190#8#university of alabama\n25#erick strickland#guard#6 - 3#210#4#university of nebraska\n40#kurt thomas#forward#6 - 9#230#5#texas christian university\n21#charlie ward#guard#6 - 2#190#6#florida state university\n",
        "pandas_code": "df[(df['player'].isin(['othella harrington', 'marcus camby'])) & (df['position'] == 'forward / center')].shape[0] == 2",
        "pandas_eval": "True"
    },
    {
        "id": 31121,
        "statement": "luc longley be 2 inch taller than felton spencer and travis knight",
        "label": 1,
        "table_caption": "2000 - 01 new york knicks season",
        "table_text": "number#player#position#height#weight#years exp#college\n9#rick brunson#guard#6 - 4#190#3#temple university\n23#marcus camby#forward / center#6 - 11#220#4#university of massachusetts\n1#chris childs#guard#6 - 3#195#6#boise state university\n32#othella harrington#forward / center#6 - 9#235#4#georgetown university\n20#allan houston#guard#6 - 6#200#7#university of tennessee\n31#mark jackson#guard#6 - 1#180#13#st john 's university\n2#larry johnson#forward#6 - 6#250#9#university of nevada las vegas\n44#travis knight#center#7 - 0#235#4#university of connecticut\n13#luc longley#center#7 - 2#265#9#university of new mexico\n7#lavor postell#guard#6 - 5#215#r#st john 's university\n41#glen rice#forward#6 - 7#215#11#university of michigan\n50#felton spencer#center#7 - 0#265#10#university of louisville\n8#latrell sprewell#guard#6 - 5#190#8#university of alabama\n25#erick strickland#guard#6 - 3#210#4#university of nebraska\n40#kurt thomas#forward#6 - 9#230#5#texas christian university\n21#charlie ward#guard#6 - 2#190#6#florida state university\n",
        "pandas_code": "(df[df['player'] == 'luc longley']['height'].values[0] == '7 - 2') & (df[df['player'] == 'felton spencer']['height'].values[0] == '7 - 0') & (df[df['player'] == 'travis knight']['height'].values[0] == '7 - 0')",
        "pandas_eval": "True"
    },
    {
        "id": 31122,
        "statement": "mark jackson have be play for the longest time at 13 year",
        "label": 1,
        "table_caption": "2000 - 01 new york knicks season",
        "table_text": "number#player#position#height#weight#years exp#college\n9#rick brunson#guard#6 - 4#190#3#temple university\n23#marcus camby#forward / center#6 - 11#220#4#university of massachusetts\n1#chris childs#guard#6 - 3#195#6#boise state university\n32#othella harrington#forward / center#6 - 9#235#4#georgetown university\n20#allan houston#guard#6 - 6#200#7#university of tennessee\n31#mark jackson#guard#6 - 1#180#13#st john 's university\n2#larry johnson#forward#6 - 6#250#9#university of nevada las vegas\n44#travis knight#center#7 - 0#235#4#university of connecticut\n13#luc longley#center#7 - 2#265#9#university of new mexico\n7#lavor postell#guard#6 - 5#215#r#st john 's university\n41#glen rice#forward#6 - 7#215#11#university of michigan\n50#felton spencer#center#7 - 0#265#10#university of louisville\n8#latrell sprewell#guard#6 - 5#190#8#university of alabama\n25#erick strickland#guard#6 - 3#210#4#university of nebraska\n40#kurt thomas#forward#6 - 9#230#5#texas christian university\n21#charlie ward#guard#6 - 2#190#6#florida state university\n",
        "pandas_code": "df[df['player'] == 'mark jackson']['years exp'].values[0] == '13'",
        "pandas_eval": "True"
    },
    {
        "id": 31123,
        "statement": "luc longley and felton spencer be the lightest at 265",
        "label": 0,
        "table_caption": "2000 - 01 new york knicks season",
        "table_text": "number#player#position#height#weight#years exp#college\n9#rick brunson#guard#6 - 4#190#3#temple university\n23#marcus camby#forward / center#6 - 11#220#4#university of massachusetts\n1#chris childs#guard#6 - 3#195#6#boise state university\n32#othella harrington#forward / center#6 - 9#235#4#georgetown university\n20#allan houston#guard#6 - 6#200#7#university of tennessee\n31#mark jackson#guard#6 - 1#180#13#st john 's university\n2#larry johnson#forward#6 - 6#250#9#university of nevada las vegas\n44#travis knight#center#7 - 0#235#4#university of connecticut\n13#luc longley#center#7 - 2#265#9#university of new mexico\n7#lavor postell#guard#6 - 5#215#r#st john 's university\n41#glen rice#forward#6 - 7#215#11#university of michigan\n50#felton spencer#center#7 - 0#265#10#university of louisville\n8#latrell sprewell#guard#6 - 5#190#8#university of alabama\n25#erick strickland#guard#6 - 3#210#4#university of nebraska\n40#kurt thomas#forward#6 - 9#230#5#texas christian university\n21#charlie ward#guard#6 - 2#190#6#florida state university\n",
        "pandas_code": "(df[df['player'].isin(['luc longley', 'felton spencer'])]['weight'].min() == 265) and (df['weight'].min() == 265)",
        "pandas_eval": "False"
    },
    {
        "id": 31124,
        "statement": "kurt thomas be 1 of 3 player from texas christian university",
        "label": 0,
        "table_caption": "2000 - 01 new york knicks season",
        "table_text": "number#player#position#height#weight#years exp#college\n9#rick brunson#guard#6 - 4#190#3#temple university\n23#marcus camby#forward / center#6 - 11#220#4#university of massachusetts\n1#chris childs#guard#6 - 3#195#6#boise state university\n32#othella harrington#forward / center#6 - 9#235#4#georgetown university\n20#allan houston#guard#6 - 6#200#7#university of tennessee\n31#mark jackson#guard#6 - 1#180#13#st john 's university\n2#larry johnson#forward#6 - 6#250#9#university of nevada las vegas\n44#travis knight#center#7 - 0#235#4#university of connecticut\n13#luc longley#center#7 - 2#265#9#university of new mexico\n7#lavor postell#guard#6 - 5#215#r#st john 's university\n41#glen rice#forward#6 - 7#215#11#university of michigan\n50#felton spencer#center#7 - 0#265#10#university of louisville\n8#latrell sprewell#guard#6 - 5#190#8#university of alabama\n25#erick strickland#guard#6 - 3#210#4#university of nebraska\n40#kurt thomas#forward#6 - 9#230#5#texas christian university\n21#charlie ward#guard#6 - 2#190#6#florida state university\n",
        "pandas_code": "len(df[df['college'] == 'texas christian university']) == 3 and 'kurt thomas' in df[df['college'] == 'texas christian university']['player'].values",
        "pandas_eval": "False"
    },
    {
        "id": 31125,
        "statement": "othella harrington and marcus camby be the 2 player that be both forward and guard",
        "label": 0,
        "table_caption": "2000 - 01 new york knicks season",
        "table_text": "number#player#position#height#weight#years exp#college\n9#rick brunson#guard#6 - 4#190#3#temple university\n23#marcus camby#forward / center#6 - 11#220#4#university of massachusetts\n1#chris childs#guard#6 - 3#195#6#boise state university\n32#othella harrington#forward / center#6 - 9#235#4#georgetown university\n20#allan houston#guard#6 - 6#200#7#university of tennessee\n31#mark jackson#guard#6 - 1#180#13#st john 's university\n2#larry johnson#forward#6 - 6#250#9#university of nevada las vegas\n44#travis knight#center#7 - 0#235#4#university of connecticut\n13#luc longley#center#7 - 2#265#9#university of new mexico\n7#lavor postell#guard#6 - 5#215#r#st john 's university\n41#glen rice#forward#6 - 7#215#11#university of michigan\n50#felton spencer#center#7 - 0#265#10#university of louisville\n8#latrell sprewell#guard#6 - 5#190#8#university of alabama\n25#erick strickland#guard#6 - 3#210#4#university of nebraska\n40#kurt thomas#forward#6 - 9#230#5#texas christian university\n21#charlie ward#guard#6 - 2#190#6#florida state university\n",
        "pandas_code": "(df[df['player'].isin(['othella harrington', 'marcus camby'])]['position'].str.contains('forward') & df[df['player'].isin(['othella harrington', 'marcus camby'])]['position'].str.contains('guard')).sum() == 2",
        "pandas_eval": "False"
    },
    {
        "id": 31126,
        "statement": "luc longley be 2 inch less in height than felton spencer and travis knight",
        "label": 0,
        "table_caption": "2000 - 01 new york knicks season",
        "table_text": "number#player#position#height#weight#years exp#college\n9#rick brunson#guard#6 - 4#190#3#temple university\n23#marcus camby#forward / center#6 - 11#220#4#university of massachusetts\n1#chris childs#guard#6 - 3#195#6#boise state university\n32#othella harrington#forward / center#6 - 9#235#4#georgetown university\n20#allan houston#guard#6 - 6#200#7#university of tennessee\n31#mark jackson#guard#6 - 1#180#13#st john 's university\n2#larry johnson#forward#6 - 6#250#9#university of nevada las vegas\n44#travis knight#center#7 - 0#235#4#university of connecticut\n13#luc longley#center#7 - 2#265#9#university of new mexico\n7#lavor postell#guard#6 - 5#215#r#st john 's university\n41#glen rice#forward#6 - 7#215#11#university of michigan\n50#felton spencer#center#7 - 0#265#10#university of louisville\n8#latrell sprewell#guard#6 - 5#190#8#university of alabama\n25#erick strickland#guard#6 - 3#210#4#university of nebraska\n40#kurt thomas#forward#6 - 9#230#5#texas christian university\n21#charlie ward#guard#6 - 2#190#6#florida state university\n",
        "pandas_code": "df[df['player'] == 'luc longley']['height'].values[0] == '7 - 0' and df[df['player'] == 'felton spencer']['height'].values[0] == '7 - 0' and df[df['player'] == 'travis knight']['height'].values[0] == '7 - 0'",
        "pandas_eval": "False"
    },
    {
        "id": 31127,
        "statement": "mark jackson have be play for the second long time at 11 year , and just 2 year less than the longest player",
        "label": 0,
        "table_caption": "2000 - 01 new york knicks season",
        "table_text": "number#player#position#height#weight#years exp#college\n9#rick brunson#guard#6 - 4#190#3#temple university\n23#marcus camby#forward / center#6 - 11#220#4#university of massachusetts\n1#chris childs#guard#6 - 3#195#6#boise state university\n32#othella harrington#forward / center#6 - 9#235#4#georgetown university\n20#allan houston#guard#6 - 6#200#7#university of tennessee\n31#mark jackson#guard#6 - 1#180#13#st john 's university\n2#larry johnson#forward#6 - 6#250#9#university of nevada las vegas\n44#travis knight#center#7 - 0#235#4#university of connecticut\n13#luc longley#center#7 - 2#265#9#university of new mexico\n7#lavor postell#guard#6 - 5#215#r#st john 's university\n41#glen rice#forward#6 - 7#215#11#university of michigan\n50#felton spencer#center#7 - 0#265#10#university of louisville\n8#latrell sprewell#guard#6 - 5#190#8#university of alabama\n25#erick strickland#guard#6 - 3#210#4#university of nebraska\n40#kurt thomas#forward#6 - 9#230#5#texas christian university\n21#charlie ward#guard#6 - 2#190#6#florida state university\n",
        "pandas_code": "(df[df['player'] == 'mark jackson']['years exp'].values[0] == '13') and (int(df[df['player'] == 'mark jackson']['years exp'].values[0]) == max(df['years exp'].apply(lambda x: int(x) if x.isdigit() else 0)) - 2)",
        "pandas_eval": "False"
    }
]