[
    {
        "id": 29816,
        "statement": "despite have year in which they win or lose more game their overall record be even at 36 and 36",
        "label": 1,
        "table_caption": "kings xi punjab",
        "table_text": "year#matches#wins#losses#no result#win %\n2008#14#10#4#0#71.43%\n2009#14#7#7#0#50.00%\n2010#14#4#10#0#28.57%\n2011#14#7#7#0#50.00%\n2012#16#8#8#0#50.00%\ntotal#72#36#36#0#50.00%\n",
        "pandas_code": "(df.loc[df['year'] == 'total', 'wins'].values[0] == 36) and (df.loc[df['year'] == 'total', 'losses'].values[0] == 36)",
        "pandas_eval": "True"
    },
    {
        "id": 29817,
        "statement": "in 2008 they have the highest winning percentage of any year with 71.43%",
        "label": 1,
        "table_caption": "kings xi punjab",
        "table_text": "year#matches#wins#losses#no result#win %\n2008#14#10#4#0#71.43%\n2009#14#7#7#0#50.00%\n2010#14#4#10#0#28.57%\n2011#14#7#7#0#50.00%\n2012#16#8#8#0#50.00%\ntotal#72#36#36#0#50.00%\n",
        "pandas_code": "df.loc[df['year'] == '2008', 'win %'].values[0] == '71.43%'",
        "pandas_eval": "True"
    },
    {
        "id": 29818,
        "statement": "in 2010 they have the lowest winning percentage of any year with 28.57%",
        "label": 1,
        "table_caption": "kings xi punjab",
        "table_text": "year#matches#wins#losses#no result#win %\n2008#14#10#4#0#71.43%\n2009#14#7#7#0#50.00%\n2010#14#4#10#0#28.57%\n2011#14#7#7#0#50.00%\n2012#16#8#8#0#50.00%\ntotal#72#36#36#0#50.00%\n",
        "pandas_code": "df.loc[df['year'] == '2010', 'win %'].values[0] == '28.57%'",
        "pandas_eval": "True"
    },
    {
        "id": 29819,
        "statement": "in 2009 , 2011 , and 2012 , they win and lose the same number of match make their winning percentage 50% in each year",
        "label": 1,
        "table_caption": "kings xi punjab",
        "table_text": "year#matches#wins#losses#no result#win %\n2008#14#10#4#0#71.43%\n2009#14#7#7#0#50.00%\n2010#14#4#10#0#28.57%\n2011#14#7#7#0#50.00%\n2012#16#8#8#0#50.00%\ntotal#72#36#36#0#50.00%\n",
        "pandas_code": "all(df[(df['year'].isin(['2009', '2011', '2012'])) & (df['wins'] == df['losses'])]['win %'] == '50.00%')",
        "pandas_eval": "True"
    },
    {
        "id": 29821,
        "statement": "despite have year in which they win or lose more game their overall record be even at 38 and 38",
        "label": 0,
        "table_caption": "kings xi punjab",
        "table_text": "year#matches#wins#losses#no result#win %\n2008#14#10#4#0#71.43%\n2009#14#7#7#0#50.00%\n2010#14#4#10#0#28.57%\n2011#14#7#7#0#50.00%\n2012#16#8#8#0#50.00%\ntotal#72#36#36#0#50.00%\n",
        "pandas_code": "df[df['year'] == 'total'][['wins', 'losses']].eq([38, 38]).all().all()",
        "pandas_eval": "False"
    },
    {
        "id": 29822,
        "statement": "in 2010 they have the highest winning percentage of any year with 71.43%",
        "label": 0,
        "table_caption": "kings xi punjab",
        "table_text": "year#matches#wins#losses#no result#win %\n2008#14#10#4#0#71.43%\n2009#14#7#7#0#50.00%\n2010#14#4#10#0#28.57%\n2011#14#7#7#0#50.00%\n2012#16#8#8#0#50.00%\ntotal#72#36#36#0#50.00%\n",
        "pandas_code": "df.loc[df['year'] == '2010', 'win %'].values[0] == '71.43%'",
        "pandas_eval": "False"
    },
    {
        "id": 29823,
        "statement": "in 2011 and 2009 they have the lowest winning percentage of any year with 28.57% and 35.00%",
        "label": 0,
        "table_caption": "kings xi punjab",
        "table_text": "year#matches#wins#losses#no result#win %\n2008#14#10#4#0#71.43%\n2009#14#7#7#0#50.00%\n2010#14#4#10#0#28.57%\n2011#14#7#7#0#50.00%\n2012#16#8#8#0#50.00%\ntotal#72#36#36#0#50.00%\n",
        "pandas_code": "df.loc[df['year'].isin(['2011', '2009']), 'win %'].isin(['28.57%', '35.00%']).all()",
        "pandas_eval": "False"
    },
    {
        "id": 29824,
        "statement": "in 2009 , 2010 , 2011 , and 2012 , they win and lose the same number of match make their winning percentage 50% in each year",
        "label": 0,
        "table_caption": "kings xi punjab",
        "table_text": "year#matches#wins#losses#no result#win %\n2008#14#10#4#0#71.43%\n2009#14#7#7#0#50.00%\n2010#14#4#10#0#28.57%\n2011#14#7#7#0#50.00%\n2012#16#8#8#0#50.00%\ntotal#72#36#36#0#50.00%\n",
        "pandas_code": "all(df.loc[df['year'].isin(['2009', '2010', '2011', '2012']), 'win %'] == '50.00%')",
        "pandas_eval": "False"
    }
]