[
    {
        "id": 31834,
        "statement": "jahid hasan ameli compete in competition from december 2005 september 2013",
        "label": 1,
        "table_caption": "jahid hasan ameli",
        "table_text": "date#venue#score#result#competition\n8 december 2005#peoples football stadium , karachi#3 - 0#3 - 0#2005 saff gold cup\n12 december 2005#peoples football stadium , karachi#1 - 1#1 - 1#2005 saff gold cup\n1 april 2006#bangabandhu national stadium , dhaka#2 - 0#2 - 1#2006 afc challenge cup\n3 april 2006#bangabandhu national stadium , dhaka#1 - 0#3 - 0#2006 afc challenge cup\n9 may 2008#spartak stadium , bishkek#1 - 0#1 - 2#2008 afc challenge cup qualifier\n6 june 2008#sugathadasa stadium , colombo#1 - 2#2 - 2#2008 saff championship\n4 december 2009#bangabandhu national stadium , dhaka#4 - 1#4 - 1#2009 saff championship\n29 june 2011#bangabandhu national stadium , dhaka#1 - 0#3 - 0#2014 fifa world cup qualifier\n28 july 2011#bangabandhu national stadium , dhaka#2 - 0#2 - 0#2014 fifa world cup qualifier\n20 november 2012#national stadium , kuala lumpur#1 - 1#1 - 1#international friendly\n5 september 2013#halchowk stadium , kathmandu#1 - 0#1 - 2#2013 saff championship\n",
        "pandas_code": "df[(df['date'].str.contains('december 2005|september 2013'))].any().any()",
        "pandas_eval": "True"
    },
    {
        "id": 31835,
        "statement": "the saff gold cup be hold in karachi in 2005 , colombo in 2008 and kathmandu in 2013",
        "label": 1,
        "table_caption": "jahid hasan ameli",
        "table_text": "date#venue#score#result#competition\n8 december 2005#peoples football stadium , karachi#3 - 0#3 - 0#2005 saff gold cup\n12 december 2005#peoples football stadium , karachi#1 - 1#1 - 1#2005 saff gold cup\n1 april 2006#bangabandhu national stadium , dhaka#2 - 0#2 - 1#2006 afc challenge cup\n3 april 2006#bangabandhu national stadium , dhaka#1 - 0#3 - 0#2006 afc challenge cup\n9 may 2008#spartak stadium , bishkek#1 - 0#1 - 2#2008 afc challenge cup qualifier\n6 june 2008#sugathadasa stadium , colombo#1 - 2#2 - 2#2008 saff championship\n4 december 2009#bangabandhu national stadium , dhaka#4 - 1#4 - 1#2009 saff championship\n29 june 2011#bangabandhu national stadium , dhaka#1 - 0#3 - 0#2014 fifa world cup qualifier\n28 july 2011#bangabandhu national stadium , dhaka#2 - 0#2 - 0#2014 fifa world cup qualifier\n20 november 2012#national stadium , kuala lumpur#1 - 1#1 - 1#international friendly\n5 september 2013#halchowk stadium , kathmandu#1 - 0#1 - 2#2013 saff championship\n",
        "pandas_code": "(df[(df['competition'].str.contains('saff gold cup')) & (df['venue'].str.contains('karachi')) & (df['date'].str.contains('2005'))].shape[0] > 0) & (df[(df['competition'].str.contains('saff championship')) & (df['venue'].str.contains('colombo')) & (df['date'].str.contains('2008'))].shape[0] > 0) & (df[(df['competition'].str.contains('saff championship')) & (df['venue'].str.contains('kathmandu')) & (df['date'].str.contains('2013'))].shape[0] > 0)",
        "pandas_eval": "True"
    },
    {
        "id": 31836,
        "statement": "tie score occur at the 2005 saff gold cup , the 2009 saff championship , and at the international friendly",
        "label": 1,
        "table_caption": "jahid hasan ameli",
        "table_text": "date#venue#score#result#competition\n8 december 2005#peoples football stadium , karachi#3 - 0#3 - 0#2005 saff gold cup\n12 december 2005#peoples football stadium , karachi#1 - 1#1 - 1#2005 saff gold cup\n1 april 2006#bangabandhu national stadium , dhaka#2 - 0#2 - 1#2006 afc challenge cup\n3 april 2006#bangabandhu national stadium , dhaka#1 - 0#3 - 0#2006 afc challenge cup\n9 may 2008#spartak stadium , bishkek#1 - 0#1 - 2#2008 afc challenge cup qualifier\n6 june 2008#sugathadasa stadium , colombo#1 - 2#2 - 2#2008 saff championship\n4 december 2009#bangabandhu national stadium , dhaka#4 - 1#4 - 1#2009 saff championship\n29 june 2011#bangabandhu national stadium , dhaka#1 - 0#3 - 0#2014 fifa world cup qualifier\n28 july 2011#bangabandhu national stadium , dhaka#2 - 0#2 - 0#2014 fifa world cup qualifier\n20 november 2012#national stadium , kuala lumpur#1 - 1#1 - 1#international friendly\n5 september 2013#halchowk stadium , kathmandu#1 - 0#1 - 2#2013 saff championship\n",
        "pandas_code": "any(df[df['competition'].isin(['2005 saff gold cup', '2009 saff championship', 'international friendly'])]['score'].str.split(' - ').apply(lambda x: x[0] == x[1]))",
        "pandas_eval": "True"
    },
    {
        "id": 31837,
        "statement": "the 2006 afc challenge cup , 2009 saff championship , 2014 fifa world cup qualifier be all play at bangabandhu national stadium dhaka",
        "label": 1,
        "table_caption": "jahid hasan ameli",
        "table_text": "date#venue#score#result#competition\n8 december 2005#peoples football stadium , karachi#3 - 0#3 - 0#2005 saff gold cup\n12 december 2005#peoples football stadium , karachi#1 - 1#1 - 1#2005 saff gold cup\n1 april 2006#bangabandhu national stadium , dhaka#2 - 0#2 - 1#2006 afc challenge cup\n3 april 2006#bangabandhu national stadium , dhaka#1 - 0#3 - 0#2006 afc challenge cup\n9 may 2008#spartak stadium , bishkek#1 - 0#1 - 2#2008 afc challenge cup qualifier\n6 june 2008#sugathadasa stadium , colombo#1 - 2#2 - 2#2008 saff championship\n4 december 2009#bangabandhu national stadium , dhaka#4 - 1#4 - 1#2009 saff championship\n29 june 2011#bangabandhu national stadium , dhaka#1 - 0#3 - 0#2014 fifa world cup qualifier\n28 july 2011#bangabandhu national stadium , dhaka#2 - 0#2 - 0#2014 fifa world cup qualifier\n20 november 2012#national stadium , kuala lumpur#1 - 1#1 - 1#international friendly\n5 september 2013#halchowk stadium , kathmandu#1 - 0#1 - 2#2013 saff championship\n",
        "pandas_code": "all(df[df['competition'].isin(['2006 afc challenge cup', '2009 saff championship', '2014 fifa world cup qualifier'])]['venue'] == 'bangabandhu national stadium , dhaka')",
        "pandas_eval": "True"
    },
    {
        "id": 31838,
        "statement": "the international friendly be the only competition play in 2012 and the 2013 saff championship be the only 1 play in 2013",
        "label": 1,
        "table_caption": "jahid hasan ameli",
        "table_text": "date#venue#score#result#competition\n8 december 2005#peoples football stadium , karachi#3 - 0#3 - 0#2005 saff gold cup\n12 december 2005#peoples football stadium , karachi#1 - 1#1 - 1#2005 saff gold cup\n1 april 2006#bangabandhu national stadium , dhaka#2 - 0#2 - 1#2006 afc challenge cup\n3 april 2006#bangabandhu national stadium , dhaka#1 - 0#3 - 0#2006 afc challenge cup\n9 may 2008#spartak stadium , bishkek#1 - 0#1 - 2#2008 afc challenge cup qualifier\n6 june 2008#sugathadasa stadium , colombo#1 - 2#2 - 2#2008 saff championship\n4 december 2009#bangabandhu national stadium , dhaka#4 - 1#4 - 1#2009 saff championship\n29 june 2011#bangabandhu national stadium , dhaka#1 - 0#3 - 0#2014 fifa world cup qualifier\n28 july 2011#bangabandhu national stadium , dhaka#2 - 0#2 - 0#2014 fifa world cup qualifier\n20 november 2012#national stadium , kuala lumpur#1 - 1#1 - 1#international friendly\n5 september 2013#halchowk stadium , kathmandu#1 - 0#1 - 2#2013 saff championship\n",
        "pandas_code": "(df[df['date'].str.contains('2012')]['competition'].eq('international friendly').all() and df[df['date'].str.contains('2013')]['competition'].eq('2013 saff championship').all())",
        "pandas_eval": "True"
    },
    {
        "id": 31839,
        "statement": "jahid hasan ameli compete in the competition from december 2006 september 2012",
        "label": 0,
        "table_caption": "jahid hasan ameli",
        "table_text": "date#venue#score#result#competition\n8 december 2005#peoples football stadium , karachi#3 - 0#3 - 0#2005 saff gold cup\n12 december 2005#peoples football stadium , karachi#1 - 1#1 - 1#2005 saff gold cup\n1 april 2006#bangabandhu national stadium , dhaka#2 - 0#2 - 1#2006 afc challenge cup\n3 april 2006#bangabandhu national stadium , dhaka#1 - 0#3 - 0#2006 afc challenge cup\n9 may 2008#spartak stadium , bishkek#1 - 0#1 - 2#2008 afc challenge cup qualifier\n6 june 2008#sugathadasa stadium , colombo#1 - 2#2 - 2#2008 saff championship\n4 december 2009#bangabandhu national stadium , dhaka#4 - 1#4 - 1#2009 saff championship\n29 june 2011#bangabandhu national stadium , dhaka#1 - 0#3 - 0#2014 fifa world cup qualifier\n28 july 2011#bangabandhu national stadium , dhaka#2 - 0#2 - 0#2014 fifa world cup qualifier\n20 november 2012#national stadium , kuala lumpur#1 - 1#1 - 1#international friendly\n5 september 2013#halchowk stadium , kathmandu#1 - 0#1 - 2#2013 saff championship\n",
        "pandas_code": "any((pd.to_datetime(df['date']).dt.year >= 2006) & (pd.to_datetime(df['date']).dt.year <= 2012) & (pd.to_datetime(df['date']).dt.month >= 12) & (pd.to_datetime(df['date']).dt.month <= 9))",
        "pandas_eval": "False"
    },
    {
        "id": 31840,
        "statement": "the saff gold cup be hold 3 time in karachi in 2005 , 2008 and 2013",
        "label": 0,
        "table_caption": "jahid hasan ameli",
        "table_text": "date#venue#score#result#competition\n8 december 2005#peoples football stadium , karachi#3 - 0#3 - 0#2005 saff gold cup\n12 december 2005#peoples football stadium , karachi#1 - 1#1 - 1#2005 saff gold cup\n1 april 2006#bangabandhu national stadium , dhaka#2 - 0#2 - 1#2006 afc challenge cup\n3 april 2006#bangabandhu national stadium , dhaka#1 - 0#3 - 0#2006 afc challenge cup\n9 may 2008#spartak stadium , bishkek#1 - 0#1 - 2#2008 afc challenge cup qualifier\n6 june 2008#sugathadasa stadium , colombo#1 - 2#2 - 2#2008 saff championship\n4 december 2009#bangabandhu national stadium , dhaka#4 - 1#4 - 1#2009 saff championship\n29 june 2011#bangabandhu national stadium , dhaka#1 - 0#3 - 0#2014 fifa world cup qualifier\n28 july 2011#bangabandhu national stadium , dhaka#2 - 0#2 - 0#2014 fifa world cup qualifier\n20 november 2012#national stadium , kuala lumpur#1 - 1#1 - 1#international friendly\n5 september 2013#halchowk stadium , kathmandu#1 - 0#1 - 2#2013 saff championship\n",
        "pandas_code": "len(df[(df['competition'].str.contains('saff gold cup')) & (df['venue'].str.contains('karachi')) & (df['date'].str.contains('2005|2008|2013'))]) == 3",
        "pandas_eval": "False"
    },
    {
        "id": 31841,
        "statement": "the score at the 2005 saff gold cup , the 2009 saff championship and the international friendly competition be all different",
        "label": 0,
        "table_caption": "jahid hasan ameli",
        "table_text": "date#venue#score#result#competition\n8 december 2005#peoples football stadium , karachi#3 - 0#3 - 0#2005 saff gold cup\n12 december 2005#peoples football stadium , karachi#1 - 1#1 - 1#2005 saff gold cup\n1 april 2006#bangabandhu national stadium , dhaka#2 - 0#2 - 1#2006 afc challenge cup\n3 april 2006#bangabandhu national stadium , dhaka#1 - 0#3 - 0#2006 afc challenge cup\n9 may 2008#spartak stadium , bishkek#1 - 0#1 - 2#2008 afc challenge cup qualifier\n6 june 2008#sugathadasa stadium , colombo#1 - 2#2 - 2#2008 saff championship\n4 december 2009#bangabandhu national stadium , dhaka#4 - 1#4 - 1#2009 saff championship\n29 june 2011#bangabandhu national stadium , dhaka#1 - 0#3 - 0#2014 fifa world cup qualifier\n28 july 2011#bangabandhu national stadium , dhaka#2 - 0#2 - 0#2014 fifa world cup qualifier\n20 november 2012#national stadium , kuala lumpur#1 - 1#1 - 1#international friendly\n5 september 2013#halchowk stadium , kathmandu#1 - 0#1 - 2#2013 saff championship\n",
        "pandas_code": "len(df[df['competition'].isin(['2005 saff gold cup', '2009 saff championship', 'international friendly'])]['score'].unique()) < 3",
        "pandas_eval": "False"
    },
    {
        "id": 31842,
        "statement": "only 2006 afc challenge cup and 2009 saff championship be play at the bangbandhu nationla stadium dhaka",
        "label": 0,
        "table_caption": "jahid hasan ameli",
        "table_text": "date#venue#score#result#competition\n8 december 2005#peoples football stadium , karachi#3 - 0#3 - 0#2005 saff gold cup\n12 december 2005#peoples football stadium , karachi#1 - 1#1 - 1#2005 saff gold cup\n1 april 2006#bangabandhu national stadium , dhaka#2 - 0#2 - 1#2006 afc challenge cup\n3 april 2006#bangabandhu national stadium , dhaka#1 - 0#3 - 0#2006 afc challenge cup\n9 may 2008#spartak stadium , bishkek#1 - 0#1 - 2#2008 afc challenge cup qualifier\n6 june 2008#sugathadasa stadium , colombo#1 - 2#2 - 2#2008 saff championship\n4 december 2009#bangabandhu national stadium , dhaka#4 - 1#4 - 1#2009 saff championship\n29 june 2011#bangabandhu national stadium , dhaka#1 - 0#3 - 0#2014 fifa world cup qualifier\n28 july 2011#bangabandhu national stadium , dhaka#2 - 0#2 - 0#2014 fifa world cup qualifier\n20 november 2012#national stadium , kuala lumpur#1 - 1#1 - 1#international friendly\n5 september 2013#halchowk stadium , kathmandu#1 - 0#1 - 2#2013 saff championship\n",
        "pandas_code": "all(df[df['venue'] == 'bangabandhu national stadium , dhaka']['competition'].isin(['2006 afc challenge cup', '2009 saff championship']))",
        "pandas_eval": "False"
    },
    {
        "id": 31843,
        "statement": "the international friendly competition be 1 of the 2 competition play in 2012 and the 2013 saff championship be also 1 of the 2 competition play in 2013",
        "label": 0,
        "table_caption": "jahid hasan ameli",
        "table_text": "date#venue#score#result#competition\n8 december 2005#peoples football stadium , karachi#3 - 0#3 - 0#2005 saff gold cup\n12 december 2005#peoples football stadium , karachi#1 - 1#1 - 1#2005 saff gold cup\n1 april 2006#bangabandhu national stadium , dhaka#2 - 0#2 - 1#2006 afc challenge cup\n3 april 2006#bangabandhu national stadium , dhaka#1 - 0#3 - 0#2006 afc challenge cup\n9 may 2008#spartak stadium , bishkek#1 - 0#1 - 2#2008 afc challenge cup qualifier\n6 june 2008#sugathadasa stadium , colombo#1 - 2#2 - 2#2008 saff championship\n4 december 2009#bangabandhu national stadium , dhaka#4 - 1#4 - 1#2009 saff championship\n29 june 2011#bangabandhu national stadium , dhaka#1 - 0#3 - 0#2014 fifa world cup qualifier\n28 july 2011#bangabandhu national stadium , dhaka#2 - 0#2 - 0#2014 fifa world cup qualifier\n20 november 2012#national stadium , kuala lumpur#1 - 1#1 - 1#international friendly\n5 september 2013#halchowk stadium , kathmandu#1 - 0#1 - 2#2013 saff championship\n",
        "pandas_code": "(df[df['competition'] == 'international friendly']['date'].str.contains('2012').any() and df[df['competition'] == '2013 saff championship']['date'].str.contains('2013').any()) == False",
        "pandas_eval": "False"
    }
]