[
    {
        "id": 32535,
        "statement": "the 2008 - 09 new jersey devil season new jersey draft 7 canadians out of 9 pick",
        "label": 1,
        "table_caption": "2008 - 09 new jersey devils season",
        "table_text": "round#pick#player#position#nationality#club team\n1#24#mattias tedenby#left wing#sweden#hv - 71 jr (sweden jr)\n2#52#brandon burlon#defence#canada#st michael 's buzzers (opjhl)\n2#54#patrice cormier#center#canada#rimouski oceanic (qmjhl)\n3#82#adam henrique#center#canada#windsor spitfires (ohl)\n4#112#matt delahey#defence#canada#regina pats (whl)\n5#142#kory nagy#center#canada#oshawa generals (ohl)\n6#172#david wohlberg#center#united states#usa u - 18 (usdp)\n7#202#harry young#defence#canada#windsor spitfires (ohl)\n7#205#jean - sebastien berube#left wing#canada#rouyn - noranda huskies (qmjhl)\n",
        "pandas_code": "df[df['nationality'] == 'canada'].shape[0] == 7",
        "pandas_eval": "True"
    },
    {
        "id": 32536,
        "statement": "3 out of 9 pick for the new jersey devil in the 2008 - 09 season be from the ohl",
        "label": 1,
        "table_caption": "2008 - 09 new jersey devils season",
        "table_text": "round#pick#player#position#nationality#club team\n1#24#mattias tedenby#left wing#sweden#hv - 71 jr (sweden jr)\n2#52#brandon burlon#defence#canada#st michael 's buzzers (opjhl)\n2#54#patrice cormier#center#canada#rimouski oceanic (qmjhl)\n3#82#adam henrique#center#canada#windsor spitfires (ohl)\n4#112#matt delahey#defence#canada#regina pats (whl)\n5#142#kory nagy#center#canada#oshawa generals (ohl)\n6#172#david wohlberg#center#united states#usa u - 18 (usdp)\n7#202#harry young#defence#canada#windsor spitfires (ohl)\n7#205#jean - sebastien berube#left wing#canada#rouyn - noranda huskies (qmjhl)\n",
        "pandas_code": "sum(df['club team'].str.contains('ohl', case=False)) == 3",
        "pandas_eval": "True"
    },
    {
        "id": 32537,
        "statement": "david wohlberg be the only american choose by new jersey , pick in the 6th round , 172nd overall",
        "label": 1,
        "table_caption": "2008 - 09 new jersey devils season",
        "table_text": "round#pick#player#position#nationality#club team\n1#24#mattias tedenby#left wing#sweden#hv - 71 jr (sweden jr)\n2#52#brandon burlon#defence#canada#st michael 's buzzers (opjhl)\n2#54#patrice cormier#center#canada#rimouski oceanic (qmjhl)\n3#82#adam henrique#center#canada#windsor spitfires (ohl)\n4#112#matt delahey#defence#canada#regina pats (whl)\n5#142#kory nagy#center#canada#oshawa generals (ohl)\n6#172#david wohlberg#center#united states#usa u - 18 (usdp)\n7#202#harry young#defence#canada#windsor spitfires (ohl)\n7#205#jean - sebastien berube#left wing#canada#rouyn - noranda huskies (qmjhl)\n",
        "pandas_code": "(df[(df['player'] == 'david wohlberg') & (df['nationality'] == 'united states') & (df['round'] == 6) & (df['pick'] == 172)].shape[0] == 1) & (df[df['nationality'] == 'united states'].shape[0] == 1)",
        "pandas_eval": "True"
    },
    {
        "id": 32538,
        "statement": "3 defensemen be pick in 2008 - 09 new jersey devil season draft",
        "label": 1,
        "table_caption": "2008 - 09 new jersey devils season",
        "table_text": "round#pick#player#position#nationality#club team\n1#24#mattias tedenby#left wing#sweden#hv - 71 jr (sweden jr)\n2#52#brandon burlon#defence#canada#st michael 's buzzers (opjhl)\n2#54#patrice cormier#center#canada#rimouski oceanic (qmjhl)\n3#82#adam henrique#center#canada#windsor spitfires (ohl)\n4#112#matt delahey#defence#canada#regina pats (whl)\n5#142#kory nagy#center#canada#oshawa generals (ohl)\n6#172#david wohlberg#center#united states#usa u - 18 (usdp)\n7#202#harry young#defence#canada#windsor spitfires (ohl)\n7#205#jean - sebastien berube#left wing#canada#rouyn - noranda huskies (qmjhl)\n",
        "pandas_code": "(df[df['position'] == 'defence'].shape[0] == 3)",
        "pandas_eval": "True"
    },
    {
        "id": 32540,
        "statement": "the 2008 - 09 new jersey devil season new jersey draft 7 americans out of 9 pick",
        "label": 0,
        "table_caption": "2008 - 09 new jersey devils season",
        "table_text": "round#pick#player#position#nationality#club team\n1#24#mattias tedenby#left wing#sweden#hv - 71 jr (sweden jr)\n2#52#brandon burlon#defence#canada#st michael 's buzzers (opjhl)\n2#54#patrice cormier#center#canada#rimouski oceanic (qmjhl)\n3#82#adam henrique#center#canada#windsor spitfires (ohl)\n4#112#matt delahey#defence#canada#regina pats (whl)\n5#142#kory nagy#center#canada#oshawa generals (ohl)\n6#172#david wohlberg#center#united states#usa u - 18 (usdp)\n7#202#harry young#defence#canada#windsor spitfires (ohl)\n7#205#jean - sebastien berube#left wing#canada#rouyn - noranda huskies (qmjhl)\n",
        "pandas_code": "(df['nationality'] == 'united states').sum() == 7",
        "pandas_eval": "False"
    },
    {
        "id": 32541,
        "statement": "3 out of 9 pick for the new jersey devil in the 2008 - 09 season be from the usdp",
        "label": 0,
        "table_caption": "2008 - 09 new jersey devils season",
        "table_text": "round#pick#player#position#nationality#club team\n1#24#mattias tedenby#left wing#sweden#hv - 71 jr (sweden jr)\n2#52#brandon burlon#defence#canada#st michael 's buzzers (opjhl)\n2#54#patrice cormier#center#canada#rimouski oceanic (qmjhl)\n3#82#adam henrique#center#canada#windsor spitfires (ohl)\n4#112#matt delahey#defence#canada#regina pats (whl)\n5#142#kory nagy#center#canada#oshawa generals (ohl)\n6#172#david wohlberg#center#united states#usa u - 18 (usdp)\n7#202#harry young#defence#canada#windsor spitfires (ohl)\n7#205#jean - sebastien berube#left wing#canada#rouyn - noranda huskies (qmjhl)\n",
        "pandas_code": "df[df['club team'].str.contains('usdp', case=False, na=False)].shape[0] == 3",
        "pandas_eval": "False"
    },
    {
        "id": 32542,
        "statement": "david wohlberg be the only canadian choose by new jersey , pick in the 6th round , 172nd overall",
        "label": 0,
        "table_caption": "2008 - 09 new jersey devils season",
        "table_text": "round#pick#player#position#nationality#club team\n1#24#mattias tedenby#left wing#sweden#hv - 71 jr (sweden jr)\n2#52#brandon burlon#defence#canada#st michael 's buzzers (opjhl)\n2#54#patrice cormier#center#canada#rimouski oceanic (qmjhl)\n3#82#adam henrique#center#canada#windsor spitfires (ohl)\n4#112#matt delahey#defence#canada#regina pats (whl)\n5#142#kory nagy#center#canada#oshawa generals (ohl)\n6#172#david wohlberg#center#united states#usa u - 18 (usdp)\n7#202#harry young#defence#canada#windsor spitfires (ohl)\n7#205#jean - sebastien berube#left wing#canada#rouyn - noranda huskies (qmjhl)\n",
        "pandas_code": "(df[(df['player'] == 'david wohlberg') & (df['nationality'] == 'canada') & (df['round'] == 6) & (df['pick'] == 172)].shape[0] == 1) & (df[(df['nationality'] == 'canada') & (df['player'] != 'david wohlberg')].shape[0] == 0)",
        "pandas_eval": "False"
    },
    {
        "id": 32543,
        "statement": "3 center be pick in the 2008 - 09 new jersey devil season draft",
        "label": 0,
        "table_caption": "2008 - 09 new jersey devils season",
        "table_text": "round#pick#player#position#nationality#club team\n1#24#mattias tedenby#left wing#sweden#hv - 71 jr (sweden jr)\n2#52#brandon burlon#defence#canada#st michael 's buzzers (opjhl)\n2#54#patrice cormier#center#canada#rimouski oceanic (qmjhl)\n3#82#adam henrique#center#canada#windsor spitfires (ohl)\n4#112#matt delahey#defence#canada#regina pats (whl)\n5#142#kory nagy#center#canada#oshawa generals (ohl)\n6#172#david wohlberg#center#united states#usa u - 18 (usdp)\n7#202#harry young#defence#canada#windsor spitfires (ohl)\n7#205#jean - sebastien berube#left wing#canada#rouyn - noranda huskies (qmjhl)\n",
        "pandas_code": "(df[df['position'] == 'center'].shape[0] == 3)",
        "pandas_eval": "False"
    },
    {
        "id": 32544,
        "statement": "4 defensemen be pick in the 2008 - 09 new jersey devil season draft",
        "label": 0,
        "table_caption": "2008 - 09 new jersey devils season",
        "table_text": "round#pick#player#position#nationality#club team\n1#24#mattias tedenby#left wing#sweden#hv - 71 jr (sweden jr)\n2#52#brandon burlon#defence#canada#st michael 's buzzers (opjhl)\n2#54#patrice cormier#center#canada#rimouski oceanic (qmjhl)\n3#82#adam henrique#center#canada#windsor spitfires (ohl)\n4#112#matt delahey#defence#canada#regina pats (whl)\n5#142#kory nagy#center#canada#oshawa generals (ohl)\n6#172#david wohlberg#center#united states#usa u - 18 (usdp)\n7#202#harry young#defence#canada#windsor spitfires (ohl)\n7#205#jean - sebastien berube#left wing#canada#rouyn - noranda huskies (qmjhl)\n",
        "pandas_code": "(df[df['position'] == 'defence'].shape[0] == 4)",
        "pandas_eval": "False"
    }
]