[
    {
        "id": 31472,
        "statement": "alex soler - roig be the driver with the highest grid number",
        "label": 1,
        "table_caption": "1971 spanish grand prix",
        "table_text": "driver#constructor#laps#time / retired#grid\njackie stewart#tyrrell - ford#75#1:49:03.4#4\njacky ickx#ferrari#75#+ 3.4#1\nchris amon#matra#75#+ 58.1#3\npedro rodríguez#brm#75#+ 1:17.9#5\ndenny hulme#mclaren - ford#75#+ 1:27.0#9\njean - pierre beltoise#matra#74#+ 1 lap#6\nfrançois cevert#tyrrell - ford#74#+ 1 lap#12\npeter gethin#mclaren - ford#73#+ 2 laps#7\ntim schenken#brabham - ford#72#+ 3 laps#21\nhowden ganley#brm#71#+ 4 laps#17\njohn surtees#surtees - ford#67#+ 8 laps#22\nreine wisell#lotus - ford#58#not classified#16\nemerson fittipaldi#lotus - ford#54#suspension#14\nhenri pescarolo#march - ford#53#engine#11\nmario andretti#ferrari#50#engine#8\nalex soler - roig#march - ford#46#fuel pump#20\nandrea de adamich#march - alfa romeo#26#transmission#18\nronnie peterson#march - ford#24#ignition#13\nclay regazzoni#ferrari#13#engine#2\nrolf stommelen#surtees - ford#9#fuel pressure#19\njo siffert#brm#5#gearbox#15\ngraham hill#brabham - ford#5#steering#10\n",
        "pandas_code": "df.loc[df['grid'].idxmax(), 'driver'] == 'john surtees'",
        "pandas_eval": "True"
    },
    {
        "id": 31474,
        "statement": "a total of 5 driver complete 75 lap",
        "label": 1,
        "table_caption": "1971 spanish grand prix",
        "table_text": "driver#constructor#laps#time / retired#grid\njackie stewart#tyrrell - ford#75#1:49:03.4#4\njacky ickx#ferrari#75#+ 3.4#1\nchris amon#matra#75#+ 58.1#3\npedro rodríguez#brm#75#+ 1:17.9#5\ndenny hulme#mclaren - ford#75#+ 1:27.0#9\njean - pierre beltoise#matra#74#+ 1 lap#6\nfrançois cevert#tyrrell - ford#74#+ 1 lap#12\npeter gethin#mclaren - ford#73#+ 2 laps#7\ntim schenken#brabham - ford#72#+ 3 laps#21\nhowden ganley#brm#71#+ 4 laps#17\njohn surtees#surtees - ford#67#+ 8 laps#22\nreine wisell#lotus - ford#58#not classified#16\nemerson fittipaldi#lotus - ford#54#suspension#14\nhenri pescarolo#march - ford#53#engine#11\nmario andretti#ferrari#50#engine#8\nalex soler - roig#march - ford#46#fuel pump#20\nandrea de adamich#march - alfa romeo#26#transmission#18\nronnie peterson#march - ford#24#ignition#13\nclay regazzoni#ferrari#13#engine#2\nrolf stommelen#surtees - ford#9#fuel pressure#19\njo siffert#brm#5#gearbox#15\ngraham hill#brabham - ford#5#steering#10\n",
        "pandas_code": "len(df[df['laps'] == 75]) == 5",
        "pandas_eval": "True"
    },
    {
        "id": 31475,
        "statement": "a total of 2 driver complete 74 lap",
        "label": 1,
        "table_caption": "1971 spanish grand prix",
        "table_text": "driver#constructor#laps#time / retired#grid\njackie stewart#tyrrell - ford#75#1:49:03.4#4\njacky ickx#ferrari#75#+ 3.4#1\nchris amon#matra#75#+ 58.1#3\npedro rodríguez#brm#75#+ 1:17.9#5\ndenny hulme#mclaren - ford#75#+ 1:27.0#9\njean - pierre beltoise#matra#74#+ 1 lap#6\nfrançois cevert#tyrrell - ford#74#+ 1 lap#12\npeter gethin#mclaren - ford#73#+ 2 laps#7\ntim schenken#brabham - ford#72#+ 3 laps#21\nhowden ganley#brm#71#+ 4 laps#17\njohn surtees#surtees - ford#67#+ 8 laps#22\nreine wisell#lotus - ford#58#not classified#16\nemerson fittipaldi#lotus - ford#54#suspension#14\nhenri pescarolo#march - ford#53#engine#11\nmario andretti#ferrari#50#engine#8\nalex soler - roig#march - ford#46#fuel pump#20\nandrea de adamich#march - alfa romeo#26#transmission#18\nronnie peterson#march - ford#24#ignition#13\nclay regazzoni#ferrari#13#engine#2\nrolf stommelen#surtees - ford#9#fuel pressure#19\njo siffert#brm#5#gearbox#15\ngraham hill#brabham - ford#5#steering#10\n",
        "pandas_code": "(df['laps'] == 74).sum() == 2",
        "pandas_eval": "True"
    },
    {
        "id": 31477,
        "statement": "alex soler - roig be the driver with the lowest grid number",
        "label": 0,
        "table_caption": "1971 spanish grand prix",
        "table_text": "driver#constructor#laps#time / retired#grid\njackie stewart#tyrrell - ford#75#1:49:03.4#4\njacky ickx#ferrari#75#+ 3.4#1\nchris amon#matra#75#+ 58.1#3\npedro rodríguez#brm#75#+ 1:17.9#5\ndenny hulme#mclaren - ford#75#+ 1:27.0#9\njean - pierre beltoise#matra#74#+ 1 lap#6\nfrançois cevert#tyrrell - ford#74#+ 1 lap#12\npeter gethin#mclaren - ford#73#+ 2 laps#7\ntim schenken#brabham - ford#72#+ 3 laps#21\nhowden ganley#brm#71#+ 4 laps#17\njohn surtees#surtees - ford#67#+ 8 laps#22\nreine wisell#lotus - ford#58#not classified#16\nemerson fittipaldi#lotus - ford#54#suspension#14\nhenri pescarolo#march - ford#53#engine#11\nmario andretti#ferrari#50#engine#8\nalex soler - roig#march - ford#46#fuel pump#20\nandrea de adamich#march - alfa romeo#26#transmission#18\nronnie peterson#march - ford#24#ignition#13\nclay regazzoni#ferrari#13#engine#2\nrolf stommelen#surtees - ford#9#fuel pressure#19\njo siffert#brm#5#gearbox#15\ngraham hill#brabham - ford#5#steering#10\n",
        "pandas_code": "df.loc[df['grid'] == df['grid'].min(), 'driver'].iloc[0] == 'alex soler - roig'",
        "pandas_eval": "False"
    },
    {
        "id": 31478,
        "statement": "rolf stommelen be the driver with the 2nd lowest grid number",
        "label": 0,
        "table_caption": "1971 spanish grand prix",
        "table_text": "driver#constructor#laps#time / retired#grid\njackie stewart#tyrrell - ford#75#1:49:03.4#4\njacky ickx#ferrari#75#+ 3.4#1\nchris amon#matra#75#+ 58.1#3\npedro rodríguez#brm#75#+ 1:17.9#5\ndenny hulme#mclaren - ford#75#+ 1:27.0#9\njean - pierre beltoise#matra#74#+ 1 lap#6\nfrançois cevert#tyrrell - ford#74#+ 1 lap#12\npeter gethin#mclaren - ford#73#+ 2 laps#7\ntim schenken#brabham - ford#72#+ 3 laps#21\nhowden ganley#brm#71#+ 4 laps#17\njohn surtees#surtees - ford#67#+ 8 laps#22\nreine wisell#lotus - ford#58#not classified#16\nemerson fittipaldi#lotus - ford#54#suspension#14\nhenri pescarolo#march - ford#53#engine#11\nmario andretti#ferrari#50#engine#8\nalex soler - roig#march - ford#46#fuel pump#20\nandrea de adamich#march - alfa romeo#26#transmission#18\nronnie peterson#march - ford#24#ignition#13\nclay regazzoni#ferrari#13#engine#2\nrolf stommelen#surtees - ford#9#fuel pressure#19\njo siffert#brm#5#gearbox#15\ngraham hill#brabham - ford#5#steering#10\n",
        "pandas_code": "df[df['driver'] == 'rolf stommelen']['grid'].iloc[0] == df['grid'].nsmallest(2).iloc[-1]",
        "pandas_eval": "False"
    },
    {
        "id": 31479,
        "statement": "more than 5 driver complete 75 lap",
        "label": 0,
        "table_caption": "1971 spanish grand prix",
        "table_text": "driver#constructor#laps#time / retired#grid\njackie stewart#tyrrell - ford#75#1:49:03.4#4\njacky ickx#ferrari#75#+ 3.4#1\nchris amon#matra#75#+ 58.1#3\npedro rodríguez#brm#75#+ 1:17.9#5\ndenny hulme#mclaren - ford#75#+ 1:27.0#9\njean - pierre beltoise#matra#74#+ 1 lap#6\nfrançois cevert#tyrrell - ford#74#+ 1 lap#12\npeter gethin#mclaren - ford#73#+ 2 laps#7\ntim schenken#brabham - ford#72#+ 3 laps#21\nhowden ganley#brm#71#+ 4 laps#17\njohn surtees#surtees - ford#67#+ 8 laps#22\nreine wisell#lotus - ford#58#not classified#16\nemerson fittipaldi#lotus - ford#54#suspension#14\nhenri pescarolo#march - ford#53#engine#11\nmario andretti#ferrari#50#engine#8\nalex soler - roig#march - ford#46#fuel pump#20\nandrea de adamich#march - alfa romeo#26#transmission#18\nronnie peterson#march - ford#24#ignition#13\nclay regazzoni#ferrari#13#engine#2\nrolf stommelen#surtees - ford#9#fuel pressure#19\njo siffert#brm#5#gearbox#15\ngraham hill#brabham - ford#5#steering#10\n",
        "pandas_code": "(df['laps'] == 75).sum() > 5",
        "pandas_eval": "False"
    },
    {
        "id": 31480,
        "statement": "fewer than 2 driver complete 74 lap",
        "label": 0,
        "table_caption": "1971 spanish grand prix",
        "table_text": "driver#constructor#laps#time / retired#grid\njackie stewart#tyrrell - ford#75#1:49:03.4#4\njacky ickx#ferrari#75#+ 3.4#1\nchris amon#matra#75#+ 58.1#3\npedro rodríguez#brm#75#+ 1:17.9#5\ndenny hulme#mclaren - ford#75#+ 1:27.0#9\njean - pierre beltoise#matra#74#+ 1 lap#6\nfrançois cevert#tyrrell - ford#74#+ 1 lap#12\npeter gethin#mclaren - ford#73#+ 2 laps#7\ntim schenken#brabham - ford#72#+ 3 laps#21\nhowden ganley#brm#71#+ 4 laps#17\njohn surtees#surtees - ford#67#+ 8 laps#22\nreine wisell#lotus - ford#58#not classified#16\nemerson fittipaldi#lotus - ford#54#suspension#14\nhenri pescarolo#march - ford#53#engine#11\nmario andretti#ferrari#50#engine#8\nalex soler - roig#march - ford#46#fuel pump#20\nandrea de adamich#march - alfa romeo#26#transmission#18\nronnie peterson#march - ford#24#ignition#13\nclay regazzoni#ferrari#13#engine#2\nrolf stommelen#surtees - ford#9#fuel pressure#19\njo siffert#brm#5#gearbox#15\ngraham hill#brabham - ford#5#steering#10\n",
        "pandas_code": "len(df[df['laps'] == 74]) < 2",
        "pandas_eval": "False"
    },
    {
        "id": 31481,
        "statement": "jackie stewart be the driver with the second fastest time",
        "label": 0,
        "table_caption": "1971 spanish grand prix",
        "table_text": "driver#constructor#laps#time / retired#grid\njackie stewart#tyrrell - ford#75#1:49:03.4#4\njacky ickx#ferrari#75#+ 3.4#1\nchris amon#matra#75#+ 58.1#3\npedro rodríguez#brm#75#+ 1:17.9#5\ndenny hulme#mclaren - ford#75#+ 1:27.0#9\njean - pierre beltoise#matra#74#+ 1 lap#6\nfrançois cevert#tyrrell - ford#74#+ 1 lap#12\npeter gethin#mclaren - ford#73#+ 2 laps#7\ntim schenken#brabham - ford#72#+ 3 laps#21\nhowden ganley#brm#71#+ 4 laps#17\njohn surtees#surtees - ford#67#+ 8 laps#22\nreine wisell#lotus - ford#58#not classified#16\nemerson fittipaldi#lotus - ford#54#suspension#14\nhenri pescarolo#march - ford#53#engine#11\nmario andretti#ferrari#50#engine#8\nalex soler - roig#march - ford#46#fuel pump#20\nandrea de adamich#march - alfa romeo#26#transmission#18\nronnie peterson#march - ford#24#ignition#13\nclay regazzoni#ferrari#13#engine#2\nrolf stommelen#surtees - ford#9#fuel pressure#19\njo siffert#brm#5#gearbox#15\ngraham hill#brabham - ford#5#steering#10\n",
        "pandas_code": "(df[df['driver'] == 'jackie stewart']['time / retired'].iloc[0] == '1:49:03.4') and (df['time / retired'].str.extract(r'\\+ (\\d+:\\d+\\.\\d+)')[0].sort_values().iloc[0] == '3.4')",
        "pandas_eval": "False"
    }
]