[
    {
        "id": 34726,
        "statement": "the attendance be highest after the game play on september 22 , 1968",
        "label": 1,
        "table_caption": "1968 san francisco 49ers season",
        "table_text": "week#date#opponent#result#attendance\n1#september 15 , 1968#baltimore colts#l 27 - 10#56864\n2#september 22 , 1968#st louis cardinals#w 35 - 17#27557\n3#september 29 , 1968#atlanta falcons#w 28 - 13#27477\n4#october 6 , 1968#los angeles rams#l 24 - 10#69520\n5#october 13 , 1968#baltimore colts#l 42 - 14#32822\n6#october 20 , 1968#new york giants#w 26 - 10#62958\n7#october 27 , 1968#detroit lions#w 14 - 7#53555\n8#november 3 , 1968#cleveland browns#l 33 - 21#31359\n9#november 10 , 1968#chicago bears#l 27 - 19#46978\n10#november 17 , 1968#los angeles rams#t 20 - 20#41815\n11#november 24 , 1968#pittsburgh steelers#w 45 - 28#21408\n12#december 1 , 1968#green bay packers#w 27 - 20#47218\n13#december 8 , 1968#minnesota vikings#l 30 - 20#29049\n14#december 15 , 1968#atlanta falcons#w 14 - 12#44977\n",
        "pandas_code": "df['attendance'].idxmax() > df[df['date'] == 'september 22 , 1968'].index[0]",
        "pandas_eval": "True"
    },
    {
        "id": 34727,
        "statement": "the only game that end in a tie be play before the game play against the minnesota viking",
        "label": 1,
        "table_caption": "1968 san francisco 49ers season",
        "table_text": "week#date#opponent#result#attendance\n1#september 15 , 1968#baltimore colts#l 27 - 10#56864\n2#september 22 , 1968#st louis cardinals#w 35 - 17#27557\n3#september 29 , 1968#atlanta falcons#w 28 - 13#27477\n4#october 6 , 1968#los angeles rams#l 24 - 10#69520\n5#october 13 , 1968#baltimore colts#l 42 - 14#32822\n6#october 20 , 1968#new york giants#w 26 - 10#62958\n7#october 27 , 1968#detroit lions#w 14 - 7#53555\n8#november 3 , 1968#cleveland browns#l 33 - 21#31359\n9#november 10 , 1968#chicago bears#l 27 - 19#46978\n10#november 17 , 1968#los angeles rams#t 20 - 20#41815\n11#november 24 , 1968#pittsburgh steelers#w 45 - 28#21408\n12#december 1 , 1968#green bay packers#w 27 - 20#47218\n13#december 8 , 1968#minnesota vikings#l 30 - 20#29049\n14#december 15 , 1968#atlanta falcons#w 14 - 12#44977\n",
        "pandas_code": "(df[df['result'].str.startswith('t')]['week'].iloc[0] < df[df['opponent'] == 'minnesota vikings']['week'].iloc[0])",
        "pandas_eval": "True"
    },
    {
        "id": 34728,
        "statement": "the san francisco 49ers score the most point during the 11th week",
        "label": 1,
        "table_caption": "1968 san francisco 49ers season",
        "table_text": "week#date#opponent#result#attendance\n1#september 15 , 1968#baltimore colts#l 27 - 10#56864\n2#september 22 , 1968#st louis cardinals#w 35 - 17#27557\n3#september 29 , 1968#atlanta falcons#w 28 - 13#27477\n4#october 6 , 1968#los angeles rams#l 24 - 10#69520\n5#october 13 , 1968#baltimore colts#l 42 - 14#32822\n6#october 20 , 1968#new york giants#w 26 - 10#62958\n7#october 27 , 1968#detroit lions#w 14 - 7#53555\n8#november 3 , 1968#cleveland browns#l 33 - 21#31359\n9#november 10 , 1968#chicago bears#l 27 - 19#46978\n10#november 17 , 1968#los angeles rams#t 20 - 20#41815\n11#november 24 , 1968#pittsburgh steelers#w 45 - 28#21408\n12#december 1 , 1968#green bay packers#w 27 - 20#47218\n13#december 8 , 1968#minnesota vikings#l 30 - 20#29049\n14#december 15 , 1968#atlanta falcons#w 14 - 12#44977\n",
        "pandas_code": "df.loc[df['week'] == 11, 'result'].str.extract(r'(\\d+) - \\d+')[0].astype(int).max() == df['result'].str.extract(r'(\\d+) - \\d+')[0].astype(int).max()",
        "pandas_eval": "True"
    },
    {
        "id": 34729,
        "statement": "during the game play in october , the san francisco 49ers win the same number of game that they lose",
        "label": 1,
        "table_caption": "1968 san francisco 49ers season",
        "table_text": "week#date#opponent#result#attendance\n1#september 15 , 1968#baltimore colts#l 27 - 10#56864\n2#september 22 , 1968#st louis cardinals#w 35 - 17#27557\n3#september 29 , 1968#atlanta falcons#w 28 - 13#27477\n4#october 6 , 1968#los angeles rams#l 24 - 10#69520\n5#october 13 , 1968#baltimore colts#l 42 - 14#32822\n6#october 20 , 1968#new york giants#w 26 - 10#62958\n7#october 27 , 1968#detroit lions#w 14 - 7#53555\n8#november 3 , 1968#cleveland browns#l 33 - 21#31359\n9#november 10 , 1968#chicago bears#l 27 - 19#46978\n10#november 17 , 1968#los angeles rams#t 20 - 20#41815\n11#november 24 , 1968#pittsburgh steelers#w 45 - 28#21408\n12#december 1 , 1968#green bay packers#w 27 - 20#47218\n13#december 8 , 1968#minnesota vikings#l 30 - 20#29049\n14#december 15 , 1968#atlanta falcons#w 14 - 12#44977\n",
        "pandas_code": "len(df[(df['date'].str.contains('october')) & (df['result'].str.startswith('w'))]) == len(df[(df['date'].str.contains('october')) & (df['result'].str.startswith('l'))])",
        "pandas_eval": "True"
    },
    {
        "id": 34730,
        "statement": "in november , the game with the lowest number of crowd attendance be play against the pittsburgh steelers",
        "label": 1,
        "table_caption": "1968 san francisco 49ers season",
        "table_text": "week#date#opponent#result#attendance\n1#september 15 , 1968#baltimore colts#l 27 - 10#56864\n2#september 22 , 1968#st louis cardinals#w 35 - 17#27557\n3#september 29 , 1968#atlanta falcons#w 28 - 13#27477\n4#october 6 , 1968#los angeles rams#l 24 - 10#69520\n5#october 13 , 1968#baltimore colts#l 42 - 14#32822\n6#october 20 , 1968#new york giants#w 26 - 10#62958\n7#october 27 , 1968#detroit lions#w 14 - 7#53555\n8#november 3 , 1968#cleveland browns#l 33 - 21#31359\n9#november 10 , 1968#chicago bears#l 27 - 19#46978\n10#november 17 , 1968#los angeles rams#t 20 - 20#41815\n11#november 24 , 1968#pittsburgh steelers#w 45 - 28#21408\n12#december 1 , 1968#green bay packers#w 27 - 20#47218\n13#december 8 , 1968#minnesota vikings#l 30 - 20#29049\n14#december 15 , 1968#atlanta falcons#w 14 - 12#44977\n",
        "pandas_code": "df[(df['date'].str.contains('november')) & (df['attendance'] == df[df['date'].str.contains('november')]['attendance'].min())]['opponent'].iloc[0] == 'pittsburgh steelers'",
        "pandas_eval": "True"
    },
    {
        "id": 34731,
        "statement": "the attendance be highest after the game play on september 15 , 1968",
        "label": 0,
        "table_caption": "1968 san francisco 49ers season",
        "table_text": "week#date#opponent#result#attendance\n1#september 15 , 1968#baltimore colts#l 27 - 10#56864\n2#september 22 , 1968#st louis cardinals#w 35 - 17#27557\n3#september 29 , 1968#atlanta falcons#w 28 - 13#27477\n4#october 6 , 1968#los angeles rams#l 24 - 10#69520\n5#october 13 , 1968#baltimore colts#l 42 - 14#32822\n6#october 20 , 1968#new york giants#w 26 - 10#62958\n7#october 27 , 1968#detroit lions#w 14 - 7#53555\n8#november 3 , 1968#cleveland browns#l 33 - 21#31359\n9#november 10 , 1968#chicago bears#l 27 - 19#46978\n10#november 17 , 1968#los angeles rams#t 20 - 20#41815\n11#november 24 , 1968#pittsburgh steelers#w 45 - 28#21408\n12#december 1 , 1968#green bay packers#w 27 - 20#47218\n13#december 8 , 1968#minnesota vikings#l 30 - 20#29049\n14#december 15 , 1968#atlanta falcons#w 14 - 12#44977\n",
        "pandas_code": "df[df['date'] == 'september 15 , 1968']['attendance'].iloc[0] == df['attendance'].max()",
        "pandas_eval": "False"
    },
    {
        "id": 34732,
        "statement": "the only game that end in a tie be the play after the game play against the minnesota viking",
        "label": 0,
        "table_caption": "1968 san francisco 49ers season",
        "table_text": "week#date#opponent#result#attendance\n1#september 15 , 1968#baltimore colts#l 27 - 10#56864\n2#september 22 , 1968#st louis cardinals#w 35 - 17#27557\n3#september 29 , 1968#atlanta falcons#w 28 - 13#27477\n4#october 6 , 1968#los angeles rams#l 24 - 10#69520\n5#october 13 , 1968#baltimore colts#l 42 - 14#32822\n6#october 20 , 1968#new york giants#w 26 - 10#62958\n7#october 27 , 1968#detroit lions#w 14 - 7#53555\n8#november 3 , 1968#cleveland browns#l 33 - 21#31359\n9#november 10 , 1968#chicago bears#l 27 - 19#46978\n10#november 17 , 1968#los angeles rams#t 20 - 20#41815\n11#november 24 , 1968#pittsburgh steelers#w 45 - 28#21408\n12#december 1 , 1968#green bay packers#w 27 - 20#47218\n13#december 8 , 1968#minnesota vikings#l 30 - 20#29049\n14#december 15 , 1968#atlanta falcons#w 14 - 12#44977\n",
        "pandas_code": "(df[df['result'].str.startswith('t')].index[0] == df[df['opponent'] == 'minnesota vikings'].index[0] + 1)",
        "pandas_eval": "False"
    },
    {
        "id": 34733,
        "statement": "the san francisco 49ers socred teh most point during the 7th week",
        "label": 0,
        "table_caption": "1968 san francisco 49ers season",
        "table_text": "week#date#opponent#result#attendance\n1#september 15 , 1968#baltimore colts#l 27 - 10#56864\n2#september 22 , 1968#st louis cardinals#w 35 - 17#27557\n3#september 29 , 1968#atlanta falcons#w 28 - 13#27477\n4#october 6 , 1968#los angeles rams#l 24 - 10#69520\n5#october 13 , 1968#baltimore colts#l 42 - 14#32822\n6#october 20 , 1968#new york giants#w 26 - 10#62958\n7#october 27 , 1968#detroit lions#w 14 - 7#53555\n8#november 3 , 1968#cleveland browns#l 33 - 21#31359\n9#november 10 , 1968#chicago bears#l 27 - 19#46978\n10#november 17 , 1968#los angeles rams#t 20 - 20#41815\n11#november 24 , 1968#pittsburgh steelers#w 45 - 28#21408\n12#december 1 , 1968#green bay packers#w 27 - 20#47218\n13#december 8 , 1968#minnesota vikings#l 30 - 20#29049\n14#december 15 , 1968#atlanta falcons#w 14 - 12#44977\n",
        "pandas_code": "(df.loc[df['week'] == 7, 'result'].str.extract(r'(\\\\d+)').astype(float).max() == df['result'].str.extract(r'(\\\\d+)').astype(float).max()).item()",
        "pandas_eval": "False"
    },
    {
        "id": 34734,
        "statement": "during the game play in october , the san francsico 49ers lose more game than they win",
        "label": 0,
        "table_caption": "1968 san francisco 49ers season",
        "table_text": "week#date#opponent#result#attendance\n1#september 15 , 1968#baltimore colts#l 27 - 10#56864\n2#september 22 , 1968#st louis cardinals#w 35 - 17#27557\n3#september 29 , 1968#atlanta falcons#w 28 - 13#27477\n4#october 6 , 1968#los angeles rams#l 24 - 10#69520\n5#october 13 , 1968#baltimore colts#l 42 - 14#32822\n6#october 20 , 1968#new york giants#w 26 - 10#62958\n7#october 27 , 1968#detroit lions#w 14 - 7#53555\n8#november 3 , 1968#cleveland browns#l 33 - 21#31359\n9#november 10 , 1968#chicago bears#l 27 - 19#46978\n10#november 17 , 1968#los angeles rams#t 20 - 20#41815\n11#november 24 , 1968#pittsburgh steelers#w 45 - 28#21408\n12#december 1 , 1968#green bay packers#w 27 - 20#47218\n13#december 8 , 1968#minnesota vikings#l 30 - 20#29049\n14#december 15 , 1968#atlanta falcons#w 14 - 12#44977\n",
        "pandas_code": "(df['date'].str.contains('october') & df['result'].str.startswith('l')).sum() > (df['date'].str.contains('october') & df['result'].str.startswith('w')).sum()",
        "pandas_eval": "False"
    },
    {
        "id": 34735,
        "statement": "in november , the game with the highest number of crowd attendance be play against pittsburg steelers",
        "label": 0,
        "table_caption": "1968 san francisco 49ers season",
        "table_text": "week#date#opponent#result#attendance\n1#september 15 , 1968#baltimore colts#l 27 - 10#56864\n2#september 22 , 1968#st louis cardinals#w 35 - 17#27557\n3#september 29 , 1968#atlanta falcons#w 28 - 13#27477\n4#october 6 , 1968#los angeles rams#l 24 - 10#69520\n5#october 13 , 1968#baltimore colts#l 42 - 14#32822\n6#october 20 , 1968#new york giants#w 26 - 10#62958\n7#october 27 , 1968#detroit lions#w 14 - 7#53555\n8#november 3 , 1968#cleveland browns#l 33 - 21#31359\n9#november 10 , 1968#chicago bears#l 27 - 19#46978\n10#november 17 , 1968#los angeles rams#t 20 - 20#41815\n11#november 24 , 1968#pittsburgh steelers#w 45 - 28#21408\n12#december 1 , 1968#green bay packers#w 27 - 20#47218\n13#december 8 , 1968#minnesota vikings#l 30 - 20#29049\n14#december 15 , 1968#atlanta falcons#w 14 - 12#44977\n",
        "pandas_code": "df[(df['date'].str.contains('november')) & (df['attendance'] == df[df['date'].str.contains('november')]['attendance'].max())]['opponent'].eq('pittsburgh steelers').any()",
        "pandas_eval": "False"
    }
]