[
    {
        "id": 30486,
        "statement": "charles edward bennett be first elect to the united state house of representative before paul rogers",
        "label": 1,
        "table_caption": "united states house of representatives elections , 1962",
        "table_text": "district#incumbent#party#first elected#result#candidates\nflorida 2#charles edward bennett#democratic#1948#re - elected#charles edward bennett (d) unopposed\nflorida 6#paul rogers#democratic#1954#re - elected#paul rogers (d) 64.2% frederick a kibbe (r) 35.8%\nflorida 7#james a haley#democratic#1952#re - elected#james a haley (d) 66.8% f onell rogers (r) 33.2%\nflorida 8#donald ray matthews#democratic#1952#re - elected#donald ray matthews (d) unopposed\nflorida 9#none (district created)#none (district created)#none (district created)#new seat democratic gain#don fuqua (d) 75.4% wilfred c varn (r) 24.6%\n",
        "pandas_code": "df[df['incumbent'] == 'charles edward bennett']['first elected'].values[0] < df[df['incumbent'] == 'paul rogers']['first elected'].values[0]",
        "pandas_eval": "True"
    },
    {
        "id": 30487,
        "statement": "james a haley be first elect to the united state house of representative before paul rogers",
        "label": 1,
        "table_caption": "united states house of representatives elections , 1962",
        "table_text": "district#incumbent#party#first elected#result#candidates\nflorida 2#charles edward bennett#democratic#1948#re - elected#charles edward bennett (d) unopposed\nflorida 6#paul rogers#democratic#1954#re - elected#paul rogers (d) 64.2% frederick a kibbe (r) 35.8%\nflorida 7#james a haley#democratic#1952#re - elected#james a haley (d) 66.8% f onell rogers (r) 33.2%\nflorida 8#donald ray matthews#democratic#1952#re - elected#donald ray matthews (d) unopposed\nflorida 9#none (district created)#none (district created)#none (district created)#new seat democratic gain#don fuqua (d) 75.4% wilfred c varn (r) 24.6%\n",
        "pandas_code": "df[df['incumbent'] == 'james a haley']['first elected'].values[0] < df[df['incumbent'] == 'paul rogers']['first elected'].values[0]",
        "pandas_eval": "True"
    },
    {
        "id": 30488,
        "statement": "donald ray matthew be first elect to the united state house of representative before paul rogers",
        "label": 1,
        "table_caption": "united states house of representatives elections , 1962",
        "table_text": "district#incumbent#party#first elected#result#candidates\nflorida 2#charles edward bennett#democratic#1948#re - elected#charles edward bennett (d) unopposed\nflorida 6#paul rogers#democratic#1954#re - elected#paul rogers (d) 64.2% frederick a kibbe (r) 35.8%\nflorida 7#james a haley#democratic#1952#re - elected#james a haley (d) 66.8% f onell rogers (r) 33.2%\nflorida 8#donald ray matthews#democratic#1952#re - elected#donald ray matthews (d) unopposed\nflorida 9#none (district created)#none (district created)#none (district created)#new seat democratic gain#don fuqua (d) 75.4% wilfred c varn (r) 24.6%\n",
        "pandas_code": "df[df['incumbent'] == 'donald ray matthews']['first elected'].values[0] < df[df['incumbent'] == 'paul rogers']['first elected'].values[0]",
        "pandas_eval": "True"
    },
    {
        "id": 30489,
        "statement": "charles edward bennett be first elect to the united state house of representative before james a haley",
        "label": 1,
        "table_caption": "united states house of representatives elections , 1962",
        "table_text": "district#incumbent#party#first elected#result#candidates\nflorida 2#charles edward bennett#democratic#1948#re - elected#charles edward bennett (d) unopposed\nflorida 6#paul rogers#democratic#1954#re - elected#paul rogers (d) 64.2% frederick a kibbe (r) 35.8%\nflorida 7#james a haley#democratic#1952#re - elected#james a haley (d) 66.8% f onell rogers (r) 33.2%\nflorida 8#donald ray matthews#democratic#1952#re - elected#donald ray matthews (d) unopposed\nflorida 9#none (district created)#none (district created)#none (district created)#new seat democratic gain#don fuqua (d) 75.4% wilfred c varn (r) 24.6%\n",
        "pandas_code": "df[df['incumbent'] == 'charles edward bennett']['first elected'].values[0] < df[df['incumbent'] == 'james a haley']['first elected'].values[0]",
        "pandas_eval": "True"
    },
    {
        "id": 30490,
        "statement": "charles edward bennett be first elect to the united state house of representative before donald ray matthew",
        "label": 1,
        "table_caption": "united states house of representatives elections , 1962",
        "table_text": "district#incumbent#party#first elected#result#candidates\nflorida 2#charles edward bennett#democratic#1948#re - elected#charles edward bennett (d) unopposed\nflorida 6#paul rogers#democratic#1954#re - elected#paul rogers (d) 64.2% frederick a kibbe (r) 35.8%\nflorida 7#james a haley#democratic#1952#re - elected#james a haley (d) 66.8% f onell rogers (r) 33.2%\nflorida 8#donald ray matthews#democratic#1952#re - elected#donald ray matthews (d) unopposed\nflorida 9#none (district created)#none (district created)#none (district created)#new seat democratic gain#don fuqua (d) 75.4% wilfred c varn (r) 24.6%\n",
        "pandas_code": "df[df['incumbent'] == 'charles edward bennett']['first elected'].iloc[0] < df[df['incumbent'] == 'donald ray matthews']['first elected'].iloc[0]",
        "pandas_eval": "True"
    },
    {
        "id": 30565,
        "statement": "the republican party comprise 2 incumbent , silvio conte and frank b morse",
        "label": 1,
        "table_caption": "united states house of representatives elections , 1962",
        "table_text": "district#incumbent#party#first elected#result#candidates\nmassachusetts 1#silvio conte#republican#1958#re - elected#silvio conte (r) 74.4% william k hefner (d) 25.6%\nmassachusetts 3#philip philbin#democratic#1942#re - elected#philip philbin (d) 72.4% frank anthony (r) 27.6%\nmassachusetts 5#frank b morse#republican#1960#re - elected#frank b morse (r) 57.4% thomas j lane (d) 42.6%\nmassachusetts 5#thomas j lane redistricted from 7th#democratic#1941#lost re - election democratic loss#frank b morse (r) 57.4% thomas j lane (d) 42.6%\nmassachusetts 8#tip o'neill redistricted from 11th#democratic#1952#re - elected#tip o'neill (d) 73.0% howard greyber (r) 27.0%\nmassachusetts 9#john william mccormack redistricted from 12th#democratic#1928#re - elected#john william mccormack (d) unopposed\n",
        "pandas_code": "len(df[(df['party'] == 'republican') & (df['incumbent'].isin(['silvio conte', 'frank b morse']))]) == 2",
        "pandas_eval": "True"
    },
    {
        "id": 30566,
        "statement": "every incumbent be re - elect except for thomas j lane (redistricted from 7th)",
        "label": 1,
        "table_caption": "united states house of representatives elections , 1962",
        "table_text": "district#incumbent#party#first elected#result#candidates\nmassachusetts 1#silvio conte#republican#1958#re - elected#silvio conte (r) 74.4% william k hefner (d) 25.6%\nmassachusetts 3#philip philbin#democratic#1942#re - elected#philip philbin (d) 72.4% frank anthony (r) 27.6%\nmassachusetts 5#frank b morse#republican#1960#re - elected#frank b morse (r) 57.4% thomas j lane (d) 42.6%\nmassachusetts 5#thomas j lane redistricted from 7th#democratic#1941#lost re - election democratic loss#frank b morse (r) 57.4% thomas j lane (d) 42.6%\nmassachusetts 8#tip o'neill redistricted from 11th#democratic#1952#re - elected#tip o'neill (d) 73.0% howard greyber (r) 27.0%\nmassachusetts 9#john william mccormack redistricted from 12th#democratic#1928#re - elected#john william mccormack (d) unopposed\n",
        "pandas_code": "all(df[df['incumbent'] != 'thomas j lane redistricted from 7th']['result'] == 're - elected')",
        "pandas_eval": "True"
    },
    {
        "id": 30567,
        "statement": "philip philbin be first elect in 1942 and tip 'o neill (redistricted from 11th) be first elect in 1952",
        "label": 1,
        "table_caption": "united states house of representatives elections , 1962",
        "table_text": "district#incumbent#party#first elected#result#candidates\nmassachusetts 1#silvio conte#republican#1958#re - elected#silvio conte (r) 74.4% william k hefner (d) 25.6%\nmassachusetts 3#philip philbin#democratic#1942#re - elected#philip philbin (d) 72.4% frank anthony (r) 27.6%\nmassachusetts 5#frank b morse#republican#1960#re - elected#frank b morse (r) 57.4% thomas j lane (d) 42.6%\nmassachusetts 5#thomas j lane redistricted from 7th#democratic#1941#lost re - election democratic loss#frank b morse (r) 57.4% thomas j lane (d) 42.6%\nmassachusetts 8#tip o'neill redistricted from 11th#democratic#1952#re - elected#tip o'neill (d) 73.0% howard greyber (r) 27.0%\nmassachusetts 9#john william mccormack redistricted from 12th#democratic#1928#re - elected#john william mccormack (d) unopposed\n",
        "pandas_code": "(df[df['incumbent'] == 'philip philbin']['first elected'].values[0] == 1942) & (df[df['incumbent'] == \"tip o'neill redistricted from 11th\"]['first elected'].values[0] == 1952)",
        "pandas_eval": "True"
    },
    {
        "id": 30568,
        "statement": "4 incumbent from the united state house of representative election , 1962 , be from the democratic party",
        "label": 1,
        "table_caption": "united states house of representatives elections , 1962",
        "table_text": "district#incumbent#party#first elected#result#candidates\nmassachusetts 1#silvio conte#republican#1958#re - elected#silvio conte (r) 74.4% william k hefner (d) 25.6%\nmassachusetts 3#philip philbin#democratic#1942#re - elected#philip philbin (d) 72.4% frank anthony (r) 27.6%\nmassachusetts 5#frank b morse#republican#1960#re - elected#frank b morse (r) 57.4% thomas j lane (d) 42.6%\nmassachusetts 5#thomas j lane redistricted from 7th#democratic#1941#lost re - election democratic loss#frank b morse (r) 57.4% thomas j lane (d) 42.6%\nmassachusetts 8#tip o'neill redistricted from 11th#democratic#1952#re - elected#tip o'neill (d) 73.0% howard greyber (r) 27.0%\nmassachusetts 9#john william mccormack redistricted from 12th#democratic#1928#re - elected#john william mccormack (d) unopposed\n",
        "pandas_code": "len(df[df['party'] == 'democratic']) == 4",
        "pandas_eval": "True"
    },
    {
        "id": 30569,
        "statement": "john william mccormack (redistricted from 12th) be first elect 30 year earlier than silvio conte",
        "label": 1,
        "table_caption": "united states house of representatives elections , 1962",
        "table_text": "district#incumbent#party#first elected#result#candidates\nmassachusetts 1#silvio conte#republican#1958#re - elected#silvio conte (r) 74.4% william k hefner (d) 25.6%\nmassachusetts 3#philip philbin#democratic#1942#re - elected#philip philbin (d) 72.4% frank anthony (r) 27.6%\nmassachusetts 5#frank b morse#republican#1960#re - elected#frank b morse (r) 57.4% thomas j lane (d) 42.6%\nmassachusetts 5#thomas j lane redistricted from 7th#democratic#1941#lost re - election democratic loss#frank b morse (r) 57.4% thomas j lane (d) 42.6%\nmassachusetts 8#tip o'neill redistricted from 11th#democratic#1952#re - elected#tip o'neill (d) 73.0% howard greyber (r) 27.0%\nmassachusetts 9#john william mccormack redistricted from 12th#democratic#1928#re - elected#john william mccormack (d) unopposed\n",
        "pandas_code": "(df[df['incumbent'] == 'silvio conte']['first elected'].values[0] - df[df['incumbent'] == 'john william mccormack redistricted from 12th']['first elected'].values[0]) == 30",
        "pandas_eval": "True"
    },
    {
        "id": 53025,
        "statement": "the texas 12 district be democratic",
        "label": 1,
        "table_caption": "united states house of representatives elections , 1962",
        "table_text": "district#incumbent#party#first elected#result#candidates\ntexas 1#wright patman#democratic#1928#re - elected#wright patman (d) 67.3% james timberlake (r) 32.7%\ntexas 2#jack brooks#democratic#1952#re - elected#jack brooks (d) 68.7% roy james , jr (r) 31.3%\ntexas 4#ray roberts#democratic#1962#re - elected#ray roberts (d) 72.0% conner harrington (r) 28.0%\ntexas 5#bruce r alger#republican#1954#re - elected#bruce r alger (r) 56.3% bill jones (d) 43.7%\ntexas 6#olin e teague#democratic#1946#re - elected#olin e teague (d) unopposed\ntexas 7#john dowdy#democratic#1952#re - elected#john dowdy (d) 88.2% raymond ramage (r) 11.8%\ntexas 9#clark w thompson#democratic#1947#re - elected#clark w thompson (d) 66.3% dave oaks (r) 33.7%\ntexas 10#homer thornberry#democratic#1948#re - elected#homer thornberry (d) 63.3% jim dobbs (r) 36.7%\ntexas 11#william r poage#democratic#1936#re - elected#william r poage (d) unopposed\ntexas 12#jim wright#democratic#1954#re - elected#jim wright (d) 60.6% del barron (r) 39.4%\ntexas 15#joe m kilgore#democratic#1954#re - elected#joe m kilgore (d) unopposed\ntexas 16#j t rutherford#democratic#1954#lost re - election republican gain#ed foreman (r) 53.8% j t rutherford (d) 46.2%\ntexas 17#omar burleson#democratic#1946#re - elected#omar burleson (d) unopposed\ntexas 18#walter e rogers#democratic#1950#re - elected#walter e rogers (d) 58.8% jack seale (r) 41.2%\ntexas 19#george h mahon#democratic#1934#re - elected#george h mahon (d) 67.1% dennis taylor (r) 32.9%\ntexas 20#henry b gonzalez#democratic#1961#re - elected#henry b gonzalez (d) unopposed\ntexas 21#o c fisher#democratic#1942#re - elected#o c fisher (d) 76.1% e s mayer (r) 23.9%\ntexas 22#robert r casey#democratic#1958#re - elected#robert r casey (d) 53.5% ross baker (r) 46.5%\n",
        "pandas_code": "df[df['district'] == 'texas 12']['party'].iloc[0] == 'democratic'",
        "pandas_eval": "True"
    },
    {
        "id": 53026,
        "statement": "the person elect to the texas 6 section be first elect in 1946",
        "label": 1,
        "table_caption": "united states house of representatives elections , 1962",
        "table_text": "district#incumbent#party#first elected#result#candidates\ntexas 1#wright patman#democratic#1928#re - elected#wright patman (d) 67.3% james timberlake (r) 32.7%\ntexas 2#jack brooks#democratic#1952#re - elected#jack brooks (d) 68.7% roy james , jr (r) 31.3%\ntexas 4#ray roberts#democratic#1962#re - elected#ray roberts (d) 72.0% conner harrington (r) 28.0%\ntexas 5#bruce r alger#republican#1954#re - elected#bruce r alger (r) 56.3% bill jones (d) 43.7%\ntexas 6#olin e teague#democratic#1946#re - elected#olin e teague (d) unopposed\ntexas 7#john dowdy#democratic#1952#re - elected#john dowdy (d) 88.2% raymond ramage (r) 11.8%\ntexas 9#clark w thompson#democratic#1947#re - elected#clark w thompson (d) 66.3% dave oaks (r) 33.7%\ntexas 10#homer thornberry#democratic#1948#re - elected#homer thornberry (d) 63.3% jim dobbs (r) 36.7%\ntexas 11#william r poage#democratic#1936#re - elected#william r poage (d) unopposed\ntexas 12#jim wright#democratic#1954#re - elected#jim wright (d) 60.6% del barron (r) 39.4%\ntexas 15#joe m kilgore#democratic#1954#re - elected#joe m kilgore (d) unopposed\ntexas 16#j t rutherford#democratic#1954#lost re - election republican gain#ed foreman (r) 53.8% j t rutherford (d) 46.2%\ntexas 17#omar burleson#democratic#1946#re - elected#omar burleson (d) unopposed\ntexas 18#walter e rogers#democratic#1950#re - elected#walter e rogers (d) 58.8% jack seale (r) 41.2%\ntexas 19#george h mahon#democratic#1934#re - elected#george h mahon (d) 67.1% dennis taylor (r) 32.9%\ntexas 20#henry b gonzalez#democratic#1961#re - elected#henry b gonzalez (d) unopposed\ntexas 21#o c fisher#democratic#1942#re - elected#o c fisher (d) 76.1% e s mayer (r) 23.9%\ntexas 22#robert r casey#democratic#1958#re - elected#robert r casey (d) 53.5% ross baker (r) 46.5%\n",
        "pandas_code": "df[df['district'] == 'texas 6']['first elected'].values[0] == 1946",
        "pandas_eval": "True"
    },
    {
        "id": 53027,
        "statement": "ray roberts' political party be democratic",
        "label": 1,
        "table_caption": "united states house of representatives elections , 1962",
        "table_text": "district#incumbent#party#first elected#result#candidates\ntexas 1#wright patman#democratic#1928#re - elected#wright patman (d) 67.3% james timberlake (r) 32.7%\ntexas 2#jack brooks#democratic#1952#re - elected#jack brooks (d) 68.7% roy james , jr (r) 31.3%\ntexas 4#ray roberts#democratic#1962#re - elected#ray roberts (d) 72.0% conner harrington (r) 28.0%\ntexas 5#bruce r alger#republican#1954#re - elected#bruce r alger (r) 56.3% bill jones (d) 43.7%\ntexas 6#olin e teague#democratic#1946#re - elected#olin e teague (d) unopposed\ntexas 7#john dowdy#democratic#1952#re - elected#john dowdy (d) 88.2% raymond ramage (r) 11.8%\ntexas 9#clark w thompson#democratic#1947#re - elected#clark w thompson (d) 66.3% dave oaks (r) 33.7%\ntexas 10#homer thornberry#democratic#1948#re - elected#homer thornberry (d) 63.3% jim dobbs (r) 36.7%\ntexas 11#william r poage#democratic#1936#re - elected#william r poage (d) unopposed\ntexas 12#jim wright#democratic#1954#re - elected#jim wright (d) 60.6% del barron (r) 39.4%\ntexas 15#joe m kilgore#democratic#1954#re - elected#joe m kilgore (d) unopposed\ntexas 16#j t rutherford#democratic#1954#lost re - election republican gain#ed foreman (r) 53.8% j t rutherford (d) 46.2%\ntexas 17#omar burleson#democratic#1946#re - elected#omar burleson (d) unopposed\ntexas 18#walter e rogers#democratic#1950#re - elected#walter e rogers (d) 58.8% jack seale (r) 41.2%\ntexas 19#george h mahon#democratic#1934#re - elected#george h mahon (d) 67.1% dennis taylor (r) 32.9%\ntexas 20#henry b gonzalez#democratic#1961#re - elected#henry b gonzalez (d) unopposed\ntexas 21#o c fisher#democratic#1942#re - elected#o c fisher (d) 76.1% e s mayer (r) 23.9%\ntexas 22#robert r casey#democratic#1958#re - elected#robert r casey (d) 53.5% ross baker (r) 46.5%\n",
        "pandas_code": "df[df['incumbent'] == 'ray roberts']['party'].values[0] == 'democratic'",
        "pandas_eval": "True"
    },
    {
        "id": 53028,
        "statement": "there be 1946 people who vote in the texas 7 section",
        "label": 0,
        "table_caption": "united states house of representatives elections , 1962",
        "table_text": "district#incumbent#party#first elected#result#candidates\ntexas 1#wright patman#democratic#1928#re - elected#wright patman (d) 67.3% james timberlake (r) 32.7%\ntexas 2#jack brooks#democratic#1952#re - elected#jack brooks (d) 68.7% roy james , jr (r) 31.3%\ntexas 4#ray roberts#democratic#1962#re - elected#ray roberts (d) 72.0% conner harrington (r) 28.0%\ntexas 5#bruce r alger#republican#1954#re - elected#bruce r alger (r) 56.3% bill jones (d) 43.7%\ntexas 6#olin e teague#democratic#1946#re - elected#olin e teague (d) unopposed\ntexas 7#john dowdy#democratic#1952#re - elected#john dowdy (d) 88.2% raymond ramage (r) 11.8%\ntexas 9#clark w thompson#democratic#1947#re - elected#clark w thompson (d) 66.3% dave oaks (r) 33.7%\ntexas 10#homer thornberry#democratic#1948#re - elected#homer thornberry (d) 63.3% jim dobbs (r) 36.7%\ntexas 11#william r poage#democratic#1936#re - elected#william r poage (d) unopposed\ntexas 12#jim wright#democratic#1954#re - elected#jim wright (d) 60.6% del barron (r) 39.4%\ntexas 15#joe m kilgore#democratic#1954#re - elected#joe m kilgore (d) unopposed\ntexas 16#j t rutherford#democratic#1954#lost re - election republican gain#ed foreman (r) 53.8% j t rutherford (d) 46.2%\ntexas 17#omar burleson#democratic#1946#re - elected#omar burleson (d) unopposed\ntexas 18#walter e rogers#democratic#1950#re - elected#walter e rogers (d) 58.8% jack seale (r) 41.2%\ntexas 19#george h mahon#democratic#1934#re - elected#george h mahon (d) 67.1% dennis taylor (r) 32.9%\ntexas 20#henry b gonzalez#democratic#1961#re - elected#henry b gonzalez (d) unopposed\ntexas 21#o c fisher#democratic#1942#re - elected#o c fisher (d) 76.1% e s mayer (r) 23.9%\ntexas 22#robert r casey#democratic#1958#re - elected#robert r casey (d) 53.5% ross baker (r) 46.5%\n",
        "pandas_code": "df[df['district'] == 'texas 7']['candidates'].str.extract(r'(\\\\d+\\\\.\\\\d+)%').astype(float).sum().item() == 1946",
        "pandas_eval": "False"
    },
    {
        "id": 55435,
        "statement": "the district of pennsylvania 3 have an election between james a byrne (d) 59.3% joseph r burn (r) 40.7%",
        "label": 1,
        "table_caption": "united states house of representatives elections , 1962",
        "table_text": "district#incumbent#party#first elected#result#candidates\npennsylvania 3#james a byrne#democratic#1952#re - elected#james a byrne (d) 59.3% joseph r burns (r) 40.7%\npennsylvania 4#herman toll redistricted from 6th#democratic#1958#re - elected#herman toll (d) 56.0% frank j barbera (r) 44.0%\npennsylvania 16#john c kunkel#republican#1961#re - elected#john c kunkel (r) 66.7% john a walter (d) 33.3%\npennsylvania 21#john h dent#democratic#1958#re - elected#john h dent (d) 59.6% charles e scalf (r) 40.4%\npennsylvania 22#john p saylor#republican#1949#re - elected#john p saylor (r) 57.5% donald j perry (d) 42.5%\npennsylvania 24#carroll d kearns#republican#1946#lost renomination republican hold#james d weaver (r) 51.4% peter j joyce (d) 48.6%\n",
        "pandas_code": "df[df['district'] == 'pennsylvania 3']['candidates'].iloc[0] == 'james a byrne (d) 59.3% joseph r burns (r) 40.7%'",
        "pandas_eval": "True"
    },
    {
        "id": 73583,
        "statement": "edwin e willis be incumbent from louisiana 3 district",
        "label": 1,
        "table_caption": "united states house of representatives elections , 1962",
        "table_text": "district#incumbent#party#first elected#result#candidates\nlouisiana 1#f edward hebert#democratic#1940#re - elected#f edward hebert (d) unopposed\nlouisiana 2#hale boggs#democratic#1946#re - elected#hale boggs (d) 67.2% david c treen (r) 32.8%\nlouisiana 3#edwin e willis#democratic#1948#re - elected#edwin e willis (d) unopposed\nlouisiana 4#joe waggonner#democratic#1961#re - elected#joe waggonner (d) unopposed\nlouisiana 5#otto passman#democratic#1946#re - elected#otto passman (d) unopposed\nlouisiana 6#james h morrison#democratic#1942#re - elected#james h morrison (d) unopposed\n",
        "pandas_code": "df[(df['district'] == 'louisiana 3') & (df['incumbent'] == 'edwin e willis')].shape[0] == 1",
        "pandas_eval": "True"
    },
    {
        "id": 73584,
        "statement": "joe waggonner (d) be first elect on 1961",
        "label": 1,
        "table_caption": "united states house of representatives elections , 1962",
        "table_text": "district#incumbent#party#first elected#result#candidates\nlouisiana 1#f edward hebert#democratic#1940#re - elected#f edward hebert (d) unopposed\nlouisiana 2#hale boggs#democratic#1946#re - elected#hale boggs (d) 67.2% david c treen (r) 32.8%\nlouisiana 3#edwin e willis#democratic#1948#re - elected#edwin e willis (d) unopposed\nlouisiana 4#joe waggonner#democratic#1961#re - elected#joe waggonner (d) unopposed\nlouisiana 5#otto passman#democratic#1946#re - elected#otto passman (d) unopposed\nlouisiana 6#james h morrison#democratic#1942#re - elected#james h morrison (d) unopposed\n",
        "pandas_code": "df[df['incumbent'] == 'joe waggonner']['first elected'].iloc[0] == 1961",
        "pandas_eval": "True"
    },
    {
        "id": 73585,
        "statement": "hale boggs belong to the democratic party",
        "label": 1,
        "table_caption": "united states house of representatives elections , 1962",
        "table_text": "district#incumbent#party#first elected#result#candidates\nlouisiana 1#f edward hebert#democratic#1940#re - elected#f edward hebert (d) unopposed\nlouisiana 2#hale boggs#democratic#1946#re - elected#hale boggs (d) 67.2% david c treen (r) 32.8%\nlouisiana 3#edwin e willis#democratic#1948#re - elected#edwin e willis (d) unopposed\nlouisiana 4#joe waggonner#democratic#1961#re - elected#joe waggonner (d) unopposed\nlouisiana 5#otto passman#democratic#1946#re - elected#otto passman (d) unopposed\nlouisiana 6#james h morrison#democratic#1942#re - elected#james h morrison (d) unopposed\n",
        "pandas_code": "df[df['incumbent'] == 'hale boggs']['party'].iloc[0] == 'democratic'",
        "pandas_eval": "True"
    },
    {
        "id": 73586,
        "statement": "in 1961 joe waggonner be re - elect , defeat david c treen",
        "label": 0,
        "table_caption": "united states house of representatives elections , 1962",
        "table_text": "district#incumbent#party#first elected#result#candidates\nlouisiana 1#f edward hebert#democratic#1940#re - elected#f edward hebert (d) unopposed\nlouisiana 2#hale boggs#democratic#1946#re - elected#hale boggs (d) 67.2% david c treen (r) 32.8%\nlouisiana 3#edwin e willis#democratic#1948#re - elected#edwin e willis (d) unopposed\nlouisiana 4#joe waggonner#democratic#1961#re - elected#joe waggonner (d) unopposed\nlouisiana 5#otto passman#democratic#1946#re - elected#otto passman (d) unopposed\nlouisiana 6#james h morrison#democratic#1942#re - elected#james h morrison (d) unopposed\n",
        "pandas_code": "df[(df['incumbent'] == 'joe waggonner') & (df['first elected'] == 1961) & (df['result'] == 're - elected') & (df['candidates'].str.contains('david c treen'))].empty == False",
        "pandas_eval": "False"
    },
    {
        "id": 73587,
        "statement": "hale boggs be re - elect unopposed in 1946",
        "label": 0,
        "table_caption": "united states house of representatives elections , 1962",
        "table_text": "district#incumbent#party#first elected#result#candidates\nlouisiana 1#f edward hebert#democratic#1940#re - elected#f edward hebert (d) unopposed\nlouisiana 2#hale boggs#democratic#1946#re - elected#hale boggs (d) 67.2% david c treen (r) 32.8%\nlouisiana 3#edwin e willis#democratic#1948#re - elected#edwin e willis (d) unopposed\nlouisiana 4#joe waggonner#democratic#1961#re - elected#joe waggonner (d) unopposed\nlouisiana 5#otto passman#democratic#1946#re - elected#otto passman (d) unopposed\nlouisiana 6#james h morrison#democratic#1942#re - elected#james h morrison (d) unopposed\n",
        "pandas_code": "df[(df['incumbent'] == 'hale boggs') & (df['first elected'] == 1946) & (df['candidates'].str.contains('unopposed'))].shape[0] == 1",
        "pandas_eval": "False"
    }
]