[
    {
        "id": 30337,
        "statement": "2 nation be rank number 9 while 3 nation be rank number 13",
        "label": 1,
        "table_caption": "world figure skating championships cumulative medal count",
        "table_text": "rank#nation#gold#silver#bronze#total\n1#great britain#17#10#7#34\n2#soviet union#16#14#8#38\n3#russia#12#5#5#22\n4#czechoslovakia#4#0#0#4\n5#canada#3#10#11#24\n6#france#3#6#4#13\n7#united states#2#9#17#28\n8#bulgaria#2#1#1#4\n9#hungary#1#1#1#3\n9#italy#1#1#1#3\n11#germany#0#3#2#5\n12#finland#0#1#1#2\n13#israel#0#0#1#1\n13#lithuania#0#0#1#1\n13#ukraine#0#0#1#1\n",
        "pandas_code": "(df[df['rank'] == 9]['nation'].nunique() == 2) & (df[df['rank'] == 13]['nation'].nunique() == 3)",
        "pandas_eval": "True"
    },
    {
        "id": 30338,
        "statement": "great britain have the most gold medal in the championship , while the soviet union have the most total medal in the championship",
        "label": 1,
        "table_caption": "world figure skating championships cumulative medal count",
        "table_text": "rank#nation#gold#silver#bronze#total\n1#great britain#17#10#7#34\n2#soviet union#16#14#8#38\n3#russia#12#5#5#22\n4#czechoslovakia#4#0#0#4\n5#canada#3#10#11#24\n6#france#3#6#4#13\n7#united states#2#9#17#28\n8#bulgaria#2#1#1#4\n9#hungary#1#1#1#3\n9#italy#1#1#1#3\n11#germany#0#3#2#5\n12#finland#0#1#1#2\n13#israel#0#0#1#1\n13#lithuania#0#0#1#1\n13#ukraine#0#0#1#1\n",
        "pandas_code": "(df.loc[df['nation'] == 'great britain', 'gold'].values[0] == df['gold'].max()) & (df.loc[df['nation'] == 'soviet union', 'total'].values[0] == df['total'].max())",
        "pandas_eval": "True"
    },
    {
        "id": 30339,
        "statement": "czechoslovakia have 1 more gold medal than canada at the world figure skate championship",
        "label": 1,
        "table_caption": "world figure skating championships cumulative medal count",
        "table_text": "rank#nation#gold#silver#bronze#total\n1#great britain#17#10#7#34\n2#soviet union#16#14#8#38\n3#russia#12#5#5#22\n4#czechoslovakia#4#0#0#4\n5#canada#3#10#11#24\n6#france#3#6#4#13\n7#united states#2#9#17#28\n8#bulgaria#2#1#1#4\n9#hungary#1#1#1#3\n9#italy#1#1#1#3\n11#germany#0#3#2#5\n12#finland#0#1#1#2\n13#israel#0#0#1#1\n13#lithuania#0#0#1#1\n13#ukraine#0#0#1#1\n",
        "pandas_code": "(df[df['nation'] == 'czechoslovakia']['gold'].values[0] - df[df['nation'] == 'canada']['gold'].values[0]) == 1",
        "pandas_eval": "True"
    },
    {
        "id": 30340,
        "statement": "hungary and italy be the only nation with 1 medal each for gold , silver , and bronze",
        "label": 1,
        "table_caption": "world figure skating championships cumulative medal count",
        "table_text": "rank#nation#gold#silver#bronze#total\n1#great britain#17#10#7#34\n2#soviet union#16#14#8#38\n3#russia#12#5#5#22\n4#czechoslovakia#4#0#0#4\n5#canada#3#10#11#24\n6#france#3#6#4#13\n7#united states#2#9#17#28\n8#bulgaria#2#1#1#4\n9#hungary#1#1#1#3\n9#italy#1#1#1#3\n11#germany#0#3#2#5\n12#finland#0#1#1#2\n13#israel#0#0#1#1\n13#lithuania#0#0#1#1\n13#ukraine#0#0#1#1\n",
        "pandas_code": "df[(df['nation'].isin(['hungary', 'italy'])) & (df['gold'] == 1) & (df['silver'] == 1) & (df['bronze'] == 1)].shape[0] == 2",
        "pandas_eval": "True"
    },
    {
        "id": 30341,
        "statement": "israel be 1 of 3 nation who recieved only 1 total medal",
        "label": 1,
        "table_caption": "world figure skating championships cumulative medal count",
        "table_text": "rank#nation#gold#silver#bronze#total\n1#great britain#17#10#7#34\n2#soviet union#16#14#8#38\n3#russia#12#5#5#22\n4#czechoslovakia#4#0#0#4\n5#canada#3#10#11#24\n6#france#3#6#4#13\n7#united states#2#9#17#28\n8#bulgaria#2#1#1#4\n9#hungary#1#1#1#3\n9#italy#1#1#1#3\n11#germany#0#3#2#5\n12#finland#0#1#1#2\n13#israel#0#0#1#1\n13#lithuania#0#0#1#1\n13#ukraine#0#0#1#1\n",
        "pandas_code": "len(df[(df['total'] == 1) & (df['nation'] == 'israel')]) == 1",
        "pandas_eval": "True"
    },
    {
        "id": 30342,
        "statement": "only 1 nation be rank number 9 , leave 4 to be rank at number 13",
        "label": 0,
        "table_caption": "world figure skating championships cumulative medal count",
        "table_text": "rank#nation#gold#silver#bronze#total\n1#great britain#17#10#7#34\n2#soviet union#16#14#8#38\n3#russia#12#5#5#22\n4#czechoslovakia#4#0#0#4\n5#canada#3#10#11#24\n6#france#3#6#4#13\n7#united states#2#9#17#28\n8#bulgaria#2#1#1#4\n9#hungary#1#1#1#3\n9#italy#1#1#1#3\n11#germany#0#3#2#5\n12#finland#0#1#1#2\n13#israel#0#0#1#1\n13#lithuania#0#0#1#1\n13#ukraine#0#0#1#1\n",
        "pandas_code": "((df['rank'] == 9).sum() == 1) & ((df['rank'] == 13).sum() == 4)",
        "pandas_eval": "False"
    },
    {
        "id": 30343,
        "statement": "great britain have the least amount of gold medal in the championship , while the soviet union have the second highest total medal in the championship",
        "label": 0,
        "table_caption": "world figure skating championships cumulative medal count",
        "table_text": "rank#nation#gold#silver#bronze#total\n1#great britain#17#10#7#34\n2#soviet union#16#14#8#38\n3#russia#12#5#5#22\n4#czechoslovakia#4#0#0#4\n5#canada#3#10#11#24\n6#france#3#6#4#13\n7#united states#2#9#17#28\n8#bulgaria#2#1#1#4\n9#hungary#1#1#1#3\n9#italy#1#1#1#3\n11#germany#0#3#2#5\n12#finland#0#1#1#2\n13#israel#0#0#1#1\n13#lithuania#0#0#1#1\n13#ukraine#0#0#1#1\n",
        "pandas_code": "(df.loc[df['nation'] == 'great britain', 'gold'].values[0] == df['gold'].min()) & (df.loc[df['nation'] == 'soviet union', 'total'].values[0] == df['total'].nlargest(2).iloc[1])",
        "pandas_eval": "False"
    },
    {
        "id": 30344,
        "statement": "czechoslovakia and canada have the same amount of gold medal at the world figure skate championship",
        "label": 0,
        "table_caption": "world figure skating championships cumulative medal count",
        "table_text": "rank#nation#gold#silver#bronze#total\n1#great britain#17#10#7#34\n2#soviet union#16#14#8#38\n3#russia#12#5#5#22\n4#czechoslovakia#4#0#0#4\n5#canada#3#10#11#24\n6#france#3#6#4#13\n7#united states#2#9#17#28\n8#bulgaria#2#1#1#4\n9#hungary#1#1#1#3\n9#italy#1#1#1#3\n11#germany#0#3#2#5\n12#finland#0#1#1#2\n13#israel#0#0#1#1\n13#lithuania#0#0#1#1\n13#ukraine#0#0#1#1\n",
        "pandas_code": "df[df['nation'].isin(['czechoslovakia', 'canada'])]['gold'].nunique() == 1",
        "pandas_eval": "False"
    },
    {
        "id": 30346,
        "statement": "israel have achieve 2 medal in total , leave only 2 nation to receive only 1 medal",
        "label": 0,
        "table_caption": "world figure skating championships cumulative medal count",
        "table_text": "rank#nation#gold#silver#bronze#total\n1#great britain#17#10#7#34\n2#soviet union#16#14#8#38\n3#russia#12#5#5#22\n4#czechoslovakia#4#0#0#4\n5#canada#3#10#11#24\n6#france#3#6#4#13\n7#united states#2#9#17#28\n8#bulgaria#2#1#1#4\n9#hungary#1#1#1#3\n9#italy#1#1#1#3\n11#germany#0#3#2#5\n12#finland#0#1#1#2\n13#israel#0#0#1#1\n13#lithuania#0#0#1#1\n13#ukraine#0#0#1#1\n",
        "pandas_code": "(df[df['nation'] == 'israel']['total'].values[0] == 2) and (df[df['total'] == 1].shape[0] == 2)",
        "pandas_eval": "False"
    },
    {
        "id": 52438,
        "statement": "the team with 1 silver , 3 bronze and a total of 8 be rank 17",
        "label": 1,
        "table_caption": "world figure skating championships cumulative medal count",
        "table_text": "rank#nation#gold#silver#bronze#total\n1#united states#53#57#76#186\n2#soviet union#45#42#24#111\n3#austria#36#46#34#116\n4#canada#31#35#31#97\n4#russia#30#22#22#74\n6#great britain#28#30#24#82\n7#germany#20#31#26#77\n8#sweden#15#7#11#33\n9#hungary#13#7#15#35\n10#east germany#12#16#12#40\n11#france#11#18#16#45\n12#norway#10#2#5#17\n13#czechoslovakia#9#5#5#19\n14#japan#8#6#11#25\n15#china#6#8#6#20\n16#switzerland#4#2#2#8\n17#netherlands#4#1#3#8\n18#finland#3#5#3#11\n19#italy#2#3#5#10\n20#south korea#2#2#2#6\n21#bulgaria#2#1#1#4\n22#ukraine#2#0#2#4\n23#belgium#2#0#1#3\n24#czech republic#1#0#0#1\n25#kazakhstan#0#1#0#1\n26#poland#0#0#2#2\n27#israel#0#0#1#1\n27#lithuania#0#0#1#1\n27#spain#0#0#1#1\n",
        "pandas_code": "(df[(df['silver'] == 1) & (df['bronze'] == 3) & (df['total'] == 8)]['rank'] == 17).all()",
        "pandas_eval": "True"
    },
    {
        "id": 52439,
        "statement": "the team with 1 silver , 3 bronze and a total of less than 8 medal be ranked 15",
        "label": 0,
        "table_caption": "world figure skating championships cumulative medal count",
        "table_text": "rank#nation#gold#silver#bronze#total\n1#united states#53#57#76#186\n2#soviet union#45#42#24#111\n3#austria#36#46#34#116\n4#canada#31#35#31#97\n4#russia#30#22#22#74\n6#great britain#28#30#24#82\n7#germany#20#31#26#77\n8#sweden#15#7#11#33\n9#hungary#13#7#15#35\n10#east germany#12#16#12#40\n11#france#11#18#16#45\n12#norway#10#2#5#17\n13#czechoslovakia#9#5#5#19\n14#japan#8#6#11#25\n15#china#6#8#6#20\n16#switzerland#4#2#2#8\n17#netherlands#4#1#3#8\n18#finland#3#5#3#11\n19#italy#2#3#5#10\n20#south korea#2#2#2#6\n21#bulgaria#2#1#1#4\n22#ukraine#2#0#2#4\n23#belgium#2#0#1#3\n24#czech republic#1#0#0#1\n25#kazakhstan#0#1#0#1\n26#poland#0#0#2#2\n27#israel#0#0#1#1\n27#lithuania#0#0#1#1\n27#spain#0#0#1#1\n",
        "pandas_code": "((df['silver'] == 1) & (df['bronze'] == 3) & (df['total'] < 8) & (df['rank'] == 15)).any()",
        "pandas_eval": "False"
    }
]