[
    {
        "id": 34137,
        "statement": "tehran be the only city with a date of official foundation of municipality between 1880 and 1900",
        "label": 1,
        "table_caption": "list of iranian cities by population",
        "table_text": "rank#city#province#date of official foundation of municipality#2006#1996#1986#1976#1966#1956\n1#tehran#tehran#1885#7705036#6758845#6042584#4530223#2719730#1512082\n2#mashhad#razavi khorasan#1918#2410800#1887405#1463508#667770#409616#241984\n3#esfahān#esfahān#1928#1602110#1266072#986753#661510#424045#254708\n4#tabriz#east azarbaijan#1917#1398060#1191043#971482#597976#403413#289996\n5#karaj#alborz#1934#1377450#940968#611510#137926#44243#14526\n6#shiraz#fars#1950#1227311#1053025#848289#425813#269865#170659\n",
        "pandas_code": "(df[(df['date of official foundation of municipality'] >= 1880) & (df['date of official foundation of municipality'] <= 1900)]['city'].unique() == ['tehran']).all()",
        "pandas_eval": "True"
    },
    {
        "id": 34138,
        "statement": "the only city in iran with a population of over 7 million be tehran",
        "label": 1,
        "table_caption": "list of iranian cities by population",
        "table_text": "rank#city#province#date of official foundation of municipality#2006#1996#1986#1976#1966#1956\n1#tehran#tehran#1885#7705036#6758845#6042584#4530223#2719730#1512082\n2#mashhad#razavi khorasan#1918#2410800#1887405#1463508#667770#409616#241984\n3#esfahān#esfahān#1928#1602110#1266072#986753#661510#424045#254708\n4#tabriz#east azarbaijan#1917#1398060#1191043#971482#597976#403413#289996\n5#karaj#alborz#1934#1377450#940968#611510#137926#44243#14526\n6#shiraz#fars#1950#1227311#1053025#848289#425813#269865#170659\n",
        "pandas_code": "(df[df['2006'] > 7000000]['city'].unique() == ['tehran']).all()",
        "pandas_eval": "True"
    },
    {
        "id": 34139,
        "statement": "tabriz and mashhad be both officially found municipality in the decade of 1910",
        "label": 1,
        "table_caption": "list of iranian cities by population",
        "table_text": "rank#city#province#date of official foundation of municipality#2006#1996#1986#1976#1966#1956\n1#tehran#tehran#1885#7705036#6758845#6042584#4530223#2719730#1512082\n2#mashhad#razavi khorasan#1918#2410800#1887405#1463508#667770#409616#241984\n3#esfahān#esfahān#1928#1602110#1266072#986753#661510#424045#254708\n4#tabriz#east azarbaijan#1917#1398060#1191043#971482#597976#403413#289996\n5#karaj#alborz#1934#1377450#940968#611510#137926#44243#14526\n6#shiraz#fars#1950#1227311#1053025#848289#425813#269865#170659\n",
        "pandas_code": "(df[df['city'].isin(['tabriz', 'mashhad'])]['date of official foundation of municipality'] // 10 * 10 == 1910).all()",
        "pandas_eval": "True"
    },
    {
        "id": 34140,
        "statement": "from 1996 to 2006 , mashhad 's population increase by over 500000",
        "label": 1,
        "table_caption": "list of iranian cities by population",
        "table_text": "rank#city#province#date of official foundation of municipality#2006#1996#1986#1976#1966#1956\n1#tehran#tehran#1885#7705036#6758845#6042584#4530223#2719730#1512082\n2#mashhad#razavi khorasan#1918#2410800#1887405#1463508#667770#409616#241984\n3#esfahān#esfahān#1928#1602110#1266072#986753#661510#424045#254708\n4#tabriz#east azarbaijan#1917#1398060#1191043#971482#597976#403413#289996\n5#karaj#alborz#1934#1377450#940968#611510#137926#44243#14526\n6#shiraz#fars#1950#1227311#1053025#848289#425813#269865#170659\n",
        "pandas_code": "(df.loc[df['city'] == 'mashhad', '2006'].values[0] - df.loc[df['city'] == 'mashhad', '1996'].values[0]) > 500000",
        "pandas_eval": "True"
    },
    {
        "id": 34141,
        "statement": "karaj 's population more than triple between 1956 and 1966",
        "label": 1,
        "table_caption": "list of iranian cities by population",
        "table_text": "rank#city#province#date of official foundation of municipality#2006#1996#1986#1976#1966#1956\n1#tehran#tehran#1885#7705036#6758845#6042584#4530223#2719730#1512082\n2#mashhad#razavi khorasan#1918#2410800#1887405#1463508#667770#409616#241984\n3#esfahān#esfahān#1928#1602110#1266072#986753#661510#424045#254708\n4#tabriz#east azarbaijan#1917#1398060#1191043#971482#597976#403413#289996\n5#karaj#alborz#1934#1377450#940968#611510#137926#44243#14526\n6#shiraz#fars#1950#1227311#1053025#848289#425813#269865#170659\n",
        "pandas_code": "(df[df['city'] == 'karaj']['1966'].values[0] / df[df['city'] == 'karaj']['1956'].values[0]) > 3",
        "pandas_eval": "True"
    },
    {
        "id": 34142,
        "statement": "tehran be 1 of 3 city with a date of official foundation of municipality between 1880 and 1900",
        "label": 0,
        "table_caption": "list of iranian cities by population",
        "table_text": "rank#city#province#date of official foundation of municipality#2006#1996#1986#1976#1966#1956\n1#tehran#tehran#1885#7705036#6758845#6042584#4530223#2719730#1512082\n2#mashhad#razavi khorasan#1918#2410800#1887405#1463508#667770#409616#241984\n3#esfahān#esfahān#1928#1602110#1266072#986753#661510#424045#254708\n4#tabriz#east azarbaijan#1917#1398060#1191043#971482#597976#403413#289996\n5#karaj#alborz#1934#1377450#940968#611510#137926#44243#14526\n6#shiraz#fars#1950#1227311#1053025#848289#425813#269865#170659\n",
        "pandas_code": "df[(df['date of official foundation of municipality'] >= 1880) & (df['date of official foundation of municipality'] <= 1900)].shape[0] == 3 and df[(df['date of official foundation of municipality'] >= 1880) & (df['date of official foundation of municipality'] <= 1900) & (df['city'] == 'tehran')].shape[0] == 1",
        "pandas_eval": "False"
    },
    {
        "id": 34143,
        "statement": "the only city list with a population over 8 million be tehran",
        "label": 0,
        "table_caption": "list of iranian cities by population",
        "table_text": "rank#city#province#date of official foundation of municipality#2006#1996#1986#1976#1966#1956\n1#tehran#tehran#1885#7705036#6758845#6042584#4530223#2719730#1512082\n2#mashhad#razavi khorasan#1918#2410800#1887405#1463508#667770#409616#241984\n3#esfahān#esfahān#1928#1602110#1266072#986753#661510#424045#254708\n4#tabriz#east azarbaijan#1917#1398060#1191043#971482#597976#403413#289996\n5#karaj#alborz#1934#1377450#940968#611510#137926#44243#14526\n6#shiraz#fars#1950#1227311#1053025#848289#425813#269865#170659\n",
        "pandas_code": "len(df[df['2006'] > 8000000]) == 1 and df[df['2006'] > 8000000]['city'].iloc[0] == 'tehran'",
        "pandas_eval": "False"
    },
    {
        "id": 34144,
        "statement": "mashhad be the only municipality found in the decade of 1910",
        "label": 0,
        "table_caption": "list of iranian cities by population",
        "table_text": "rank#city#province#date of official foundation of municipality#2006#1996#1986#1976#1966#1956\n1#tehran#tehran#1885#7705036#6758845#6042584#4530223#2719730#1512082\n2#mashhad#razavi khorasan#1918#2410800#1887405#1463508#667770#409616#241984\n3#esfahān#esfahān#1928#1602110#1266072#986753#661510#424045#254708\n4#tabriz#east azarbaijan#1917#1398060#1191043#971482#597976#403413#289996\n5#karaj#alborz#1934#1377450#940968#611510#137926#44243#14526\n6#shiraz#fars#1950#1227311#1053025#848289#425813#269865#170659\n",
        "pandas_code": "df[df['date of official foundation of municipality'].between(1910, 1919)]['city'].eq('mashhad').all()",
        "pandas_eval": "False"
    },
    {
        "id": 34145,
        "statement": "between 1976 and 1986 , mashhad 's population increase by less than 500000",
        "label": 0,
        "table_caption": "list of iranian cities by population",
        "table_text": "rank#city#province#date of official foundation of municipality#2006#1996#1986#1976#1966#1956\n1#tehran#tehran#1885#7705036#6758845#6042584#4530223#2719730#1512082\n2#mashhad#razavi khorasan#1918#2410800#1887405#1463508#667770#409616#241984\n3#esfahān#esfahān#1928#1602110#1266072#986753#661510#424045#254708\n4#tabriz#east azarbaijan#1917#1398060#1191043#971482#597976#403413#289996\n5#karaj#alborz#1934#1377450#940968#611510#137926#44243#14526\n6#shiraz#fars#1950#1227311#1053025#848289#425813#269865#170659\n",
        "pandas_code": "(df[df['city'] == 'mashhad']['1986'].values[0] - df[df['city'] == 'mashhad']['1976'].values[0]) < 500000",
        "pandas_eval": "False"
    },
    {
        "id": 34146,
        "statement": "karaj 's population quadruple between 1956 and 1966",
        "label": 0,
        "table_caption": "list of iranian cities by population",
        "table_text": "rank#city#province#date of official foundation of municipality#2006#1996#1986#1976#1966#1956\n1#tehran#tehran#1885#7705036#6758845#6042584#4530223#2719730#1512082\n2#mashhad#razavi khorasan#1918#2410800#1887405#1463508#667770#409616#241984\n3#esfahān#esfahān#1928#1602110#1266072#986753#661510#424045#254708\n4#tabriz#east azarbaijan#1917#1398060#1191043#971482#597976#403413#289996\n5#karaj#alborz#1934#1377450#940968#611510#137926#44243#14526\n6#shiraz#fars#1950#1227311#1053025#848289#425813#269865#170659\n",
        "pandas_code": "(df[df['city'] == 'karaj']['1966'].values[0] / df[df['city'] == 'karaj']['1956'].values[0]) == 4",
        "pandas_eval": "False"
    },
    {
        "id": 84737,
        "statement": "the third largest city in the alborz province be savojbolagh",
        "label": 1,
        "table_caption": "list of iranian cities by population",
        "table_text": "province#largest city#2nd largest#3rd largest#4th largest\ntehran#tehran#eslamshahr#golestan#shahr - e qods\nalborz#karaj#nazarabad#savojbolagh#taleghan\nrazavi khorasan#mashhad#sabzevar#neyshabur#torbat - e heydarieh\nisfahan#isfahan#kashan#khomeynishahr#najafabad\nfars#shiraz#marvdasht#jahrom#fasa\nkhuzestan#ahvaz#dezful#abadan#khorramshahr\neast azarbaijan#tabriz#maragheh#marand#mianeh\nmazandaran#sari#babol#amol#qa'em shahr\nwest azarbaijan#urmia#khoy#miandoab#salmas\nkerman#kerman#sirjan#rafsanjan#jiroft\ngilan#rasht#bandar - e anzali#lahijan#langrud\nsistan and baluchistan#zahedan#zabol#iran shahr#chabahar\nkermanshah#kermanshah#eslamabad - e gharb#harsin#kangavar\nlorestan#khorramabad#borujerd#dorood#koohdasht\nhamadan#hamadan#malayer#nahavand#asadabad\ngolestan#gorgan#gonbad - e qabus#ali abad#bandar torkaman\nkurdistan#sanandaj#saghez#marivan#baneh\nhormozgan#bandar abbas#minab#dehbarez#bandar lengeh\nmarkazi#arak#saveh#khomein#mahallat\nardabil#ardabil#parsabad#meshkinshahr#khalkhal\nqazvin#qazvin#takestan#alvand#eqbaliyeh\nqom#qom#jamkaran#qanavat#jafariyeh\nyazd#yazd#meybod#ardakan#bafq\nzanjan#zanjan#abhar#khorramdareh#qidar\nbushehr#bushehr#borazjan#bandar ganaveh#khormuj\nchahar mahaal and bakhtiari#shahr - e kord#borujen#farrokhshahr#farsan\nnorth khorasan#bojnurd#shirvan#esfarayen#garmeh jajarm\nkohgiluyeh and boyer - ahmad province#yasuj#dogonbadan#dehdasht#likak\nsouth khorasan#birjand#ghayen#ferdows#nehbandan\nsemnān#shahrood#semnan#damghan#garmsar\nilam#ilam#eyvan#dehloran#abdanan\n",
        "pandas_code": "df[df['province'] == 'alborz']['3rd largest'].iloc[0] == 'savojbolagh'",
        "pandas_eval": "True"
    },
    {
        "id": 84738,
        "statement": "bandar lengeh be the 4th largest city in the hormozgan province",
        "label": 1,
        "table_caption": "list of iranian cities by population",
        "table_text": "province#largest city#2nd largest#3rd largest#4th largest\ntehran#tehran#eslamshahr#golestan#shahr - e qods\nalborz#karaj#nazarabad#savojbolagh#taleghan\nrazavi khorasan#mashhad#sabzevar#neyshabur#torbat - e heydarieh\nisfahan#isfahan#kashan#khomeynishahr#najafabad\nfars#shiraz#marvdasht#jahrom#fasa\nkhuzestan#ahvaz#dezful#abadan#khorramshahr\neast azarbaijan#tabriz#maragheh#marand#mianeh\nmazandaran#sari#babol#amol#qa'em shahr\nwest azarbaijan#urmia#khoy#miandoab#salmas\nkerman#kerman#sirjan#rafsanjan#jiroft\ngilan#rasht#bandar - e anzali#lahijan#langrud\nsistan and baluchistan#zahedan#zabol#iran shahr#chabahar\nkermanshah#kermanshah#eslamabad - e gharb#harsin#kangavar\nlorestan#khorramabad#borujerd#dorood#koohdasht\nhamadan#hamadan#malayer#nahavand#asadabad\ngolestan#gorgan#gonbad - e qabus#ali abad#bandar torkaman\nkurdistan#sanandaj#saghez#marivan#baneh\nhormozgan#bandar abbas#minab#dehbarez#bandar lengeh\nmarkazi#arak#saveh#khomein#mahallat\nardabil#ardabil#parsabad#meshkinshahr#khalkhal\nqazvin#qazvin#takestan#alvand#eqbaliyeh\nqom#qom#jamkaran#qanavat#jafariyeh\nyazd#yazd#meybod#ardakan#bafq\nzanjan#zanjan#abhar#khorramdareh#qidar\nbushehr#bushehr#borazjan#bandar ganaveh#khormuj\nchahar mahaal and bakhtiari#shahr - e kord#borujen#farrokhshahr#farsan\nnorth khorasan#bojnurd#shirvan#esfarayen#garmeh jajarm\nkohgiluyeh and boyer - ahmad province#yasuj#dogonbadan#dehdasht#likak\nsouth khorasan#birjand#ghayen#ferdows#nehbandan\nsemnān#shahrood#semnan#damghan#garmsar\nilam#ilam#eyvan#dehloran#abdanan\n",
        "pandas_code": "df[(df['province'] == 'hormozgan') & (df['4th largest'] == 'bandar lengeh')].shape[0] == 1",
        "pandas_eval": "True"
    },
    {
        "id": 84739,
        "statement": "the third largest city in the hormozgan province be dehbarez",
        "label": 1,
        "table_caption": "list of iranian cities by population",
        "table_text": "province#largest city#2nd largest#3rd largest#4th largest\ntehran#tehran#eslamshahr#golestan#shahr - e qods\nalborz#karaj#nazarabad#savojbolagh#taleghan\nrazavi khorasan#mashhad#sabzevar#neyshabur#torbat - e heydarieh\nisfahan#isfahan#kashan#khomeynishahr#najafabad\nfars#shiraz#marvdasht#jahrom#fasa\nkhuzestan#ahvaz#dezful#abadan#khorramshahr\neast azarbaijan#tabriz#maragheh#marand#mianeh\nmazandaran#sari#babol#amol#qa'em shahr\nwest azarbaijan#urmia#khoy#miandoab#salmas\nkerman#kerman#sirjan#rafsanjan#jiroft\ngilan#rasht#bandar - e anzali#lahijan#langrud\nsistan and baluchistan#zahedan#zabol#iran shahr#chabahar\nkermanshah#kermanshah#eslamabad - e gharb#harsin#kangavar\nlorestan#khorramabad#borujerd#dorood#koohdasht\nhamadan#hamadan#malayer#nahavand#asadabad\ngolestan#gorgan#gonbad - e qabus#ali abad#bandar torkaman\nkurdistan#sanandaj#saghez#marivan#baneh\nhormozgan#bandar abbas#minab#dehbarez#bandar lengeh\nmarkazi#arak#saveh#khomein#mahallat\nardabil#ardabil#parsabad#meshkinshahr#khalkhal\nqazvin#qazvin#takestan#alvand#eqbaliyeh\nqom#qom#jamkaran#qanavat#jafariyeh\nyazd#yazd#meybod#ardakan#bafq\nzanjan#zanjan#abhar#khorramdareh#qidar\nbushehr#bushehr#borazjan#bandar ganaveh#khormuj\nchahar mahaal and bakhtiari#shahr - e kord#borujen#farrokhshahr#farsan\nnorth khorasan#bojnurd#shirvan#esfarayen#garmeh jajarm\nkohgiluyeh and boyer - ahmad province#yasuj#dogonbadan#dehdasht#likak\nsouth khorasan#birjand#ghayen#ferdows#nehbandan\nsemnān#shahrood#semnan#damghan#garmsar\nilam#ilam#eyvan#dehloran#abdanan\n",
        "pandas_code": "df.loc[df['province'] == 'hormozgan', '3rd largest'].iloc[0] == 'dehbarez'",
        "pandas_eval": "True"
    },
    {
        "id": 84740,
        "statement": "the largest city in south khorasan be birjand",
        "label": 1,
        "table_caption": "list of iranian cities by population",
        "table_text": "province#largest city#2nd largest#3rd largest#4th largest\ntehran#tehran#eslamshahr#golestan#shahr - e qods\nalborz#karaj#nazarabad#savojbolagh#taleghan\nrazavi khorasan#mashhad#sabzevar#neyshabur#torbat - e heydarieh\nisfahan#isfahan#kashan#khomeynishahr#najafabad\nfars#shiraz#marvdasht#jahrom#fasa\nkhuzestan#ahvaz#dezful#abadan#khorramshahr\neast azarbaijan#tabriz#maragheh#marand#mianeh\nmazandaran#sari#babol#amol#qa'em shahr\nwest azarbaijan#urmia#khoy#miandoab#salmas\nkerman#kerman#sirjan#rafsanjan#jiroft\ngilan#rasht#bandar - e anzali#lahijan#langrud\nsistan and baluchistan#zahedan#zabol#iran shahr#chabahar\nkermanshah#kermanshah#eslamabad - e gharb#harsin#kangavar\nlorestan#khorramabad#borujerd#dorood#koohdasht\nhamadan#hamadan#malayer#nahavand#asadabad\ngolestan#gorgan#gonbad - e qabus#ali abad#bandar torkaman\nkurdistan#sanandaj#saghez#marivan#baneh\nhormozgan#bandar abbas#minab#dehbarez#bandar lengeh\nmarkazi#arak#saveh#khomein#mahallat\nardabil#ardabil#parsabad#meshkinshahr#khalkhal\nqazvin#qazvin#takestan#alvand#eqbaliyeh\nqom#qom#jamkaran#qanavat#jafariyeh\nyazd#yazd#meybod#ardakan#bafq\nzanjan#zanjan#abhar#khorramdareh#qidar\nbushehr#bushehr#borazjan#bandar ganaveh#khormuj\nchahar mahaal and bakhtiari#shahr - e kord#borujen#farrokhshahr#farsan\nnorth khorasan#bojnurd#shirvan#esfarayen#garmeh jajarm\nkohgiluyeh and boyer - ahmad province#yasuj#dogonbadan#dehdasht#likak\nsouth khorasan#birjand#ghayen#ferdows#nehbandan\nsemnān#shahrood#semnan#damghan#garmsar\nilam#ilam#eyvan#dehloran#abdanan\n",
        "pandas_code": "df[df['province'] == 'south khorasan']['largest city'].iloc[0] == 'birjand'",
        "pandas_eval": "True"
    },
    {
        "id": 84741,
        "statement": "meshkinshahr be the 3rd largest city in bushehr province",
        "label": 0,
        "table_caption": "list of iranian cities by population",
        "table_text": "province#largest city#2nd largest#3rd largest#4th largest\ntehran#tehran#eslamshahr#golestan#shahr - e qods\nalborz#karaj#nazarabad#savojbolagh#taleghan\nrazavi khorasan#mashhad#sabzevar#neyshabur#torbat - e heydarieh\nisfahan#isfahan#kashan#khomeynishahr#najafabad\nfars#shiraz#marvdasht#jahrom#fasa\nkhuzestan#ahvaz#dezful#abadan#khorramshahr\neast azarbaijan#tabriz#maragheh#marand#mianeh\nmazandaran#sari#babol#amol#qa'em shahr\nwest azarbaijan#urmia#khoy#miandoab#salmas\nkerman#kerman#sirjan#rafsanjan#jiroft\ngilan#rasht#bandar - e anzali#lahijan#langrud\nsistan and baluchistan#zahedan#zabol#iran shahr#chabahar\nkermanshah#kermanshah#eslamabad - e gharb#harsin#kangavar\nlorestan#khorramabad#borujerd#dorood#koohdasht\nhamadan#hamadan#malayer#nahavand#asadabad\ngolestan#gorgan#gonbad - e qabus#ali abad#bandar torkaman\nkurdistan#sanandaj#saghez#marivan#baneh\nhormozgan#bandar abbas#minab#dehbarez#bandar lengeh\nmarkazi#arak#saveh#khomein#mahallat\nardabil#ardabil#parsabad#meshkinshahr#khalkhal\nqazvin#qazvin#takestan#alvand#eqbaliyeh\nqom#qom#jamkaran#qanavat#jafariyeh\nyazd#yazd#meybod#ardakan#bafq\nzanjan#zanjan#abhar#khorramdareh#qidar\nbushehr#bushehr#borazjan#bandar ganaveh#khormuj\nchahar mahaal and bakhtiari#shahr - e kord#borujen#farrokhshahr#farsan\nnorth khorasan#bojnurd#shirvan#esfarayen#garmeh jajarm\nkohgiluyeh and boyer - ahmad province#yasuj#dogonbadan#dehdasht#likak\nsouth khorasan#birjand#ghayen#ferdows#nehbandan\nsemnān#shahrood#semnan#damghan#garmsar\nilam#ilam#eyvan#dehloran#abdanan\n",
        "pandas_code": "df.loc[df['province'] == 'bushehr', '3rd largest'].iloc[0] == 'meshkinshahr'",
        "pandas_eval": "False"
    },
    {
        "id": 84742,
        "statement": "the province with the third largest city name savojbolagh be ardabil",
        "label": 0,
        "table_caption": "list of iranian cities by population",
        "table_text": "province#largest city#2nd largest#3rd largest#4th largest\ntehran#tehran#eslamshahr#golestan#shahr - e qods\nalborz#karaj#nazarabad#savojbolagh#taleghan\nrazavi khorasan#mashhad#sabzevar#neyshabur#torbat - e heydarieh\nisfahan#isfahan#kashan#khomeynishahr#najafabad\nfars#shiraz#marvdasht#jahrom#fasa\nkhuzestan#ahvaz#dezful#abadan#khorramshahr\neast azarbaijan#tabriz#maragheh#marand#mianeh\nmazandaran#sari#babol#amol#qa'em shahr\nwest azarbaijan#urmia#khoy#miandoab#salmas\nkerman#kerman#sirjan#rafsanjan#jiroft\ngilan#rasht#bandar - e anzali#lahijan#langrud\nsistan and baluchistan#zahedan#zabol#iran shahr#chabahar\nkermanshah#kermanshah#eslamabad - e gharb#harsin#kangavar\nlorestan#khorramabad#borujerd#dorood#koohdasht\nhamadan#hamadan#malayer#nahavand#asadabad\ngolestan#gorgan#gonbad - e qabus#ali abad#bandar torkaman\nkurdistan#sanandaj#saghez#marivan#baneh\nhormozgan#bandar abbas#minab#dehbarez#bandar lengeh\nmarkazi#arak#saveh#khomein#mahallat\nardabil#ardabil#parsabad#meshkinshahr#khalkhal\nqazvin#qazvin#takestan#alvand#eqbaliyeh\nqom#qom#jamkaran#qanavat#jafariyeh\nyazd#yazd#meybod#ardakan#bafq\nzanjan#zanjan#abhar#khorramdareh#qidar\nbushehr#bushehr#borazjan#bandar ganaveh#khormuj\nchahar mahaal and bakhtiari#shahr - e kord#borujen#farrokhshahr#farsan\nnorth khorasan#bojnurd#shirvan#esfarayen#garmeh jajarm\nkohgiluyeh and boyer - ahmad province#yasuj#dogonbadan#dehdasht#likak\nsouth khorasan#birjand#ghayen#ferdows#nehbandan\nsemnān#shahrood#semnan#damghan#garmsar\nilam#ilam#eyvan#dehloran#abdanan\n",
        "pandas_code": "df[df['3rd largest'] == 'savojbolagh']['province'].iloc[0] == 'ardabil'",
        "pandas_eval": "False"
    },
    {
        "id": 84743,
        "statement": "the province with the 3rd largest city of dehbarez be kermanshah",
        "label": 0,
        "table_caption": "list of iranian cities by population",
        "table_text": "province#largest city#2nd largest#3rd largest#4th largest\ntehran#tehran#eslamshahr#golestan#shahr - e qods\nalborz#karaj#nazarabad#savojbolagh#taleghan\nrazavi khorasan#mashhad#sabzevar#neyshabur#torbat - e heydarieh\nisfahan#isfahan#kashan#khomeynishahr#najafabad\nfars#shiraz#marvdasht#jahrom#fasa\nkhuzestan#ahvaz#dezful#abadan#khorramshahr\neast azarbaijan#tabriz#maragheh#marand#mianeh\nmazandaran#sari#babol#amol#qa'em shahr\nwest azarbaijan#urmia#khoy#miandoab#salmas\nkerman#kerman#sirjan#rafsanjan#jiroft\ngilan#rasht#bandar - e anzali#lahijan#langrud\nsistan and baluchistan#zahedan#zabol#iran shahr#chabahar\nkermanshah#kermanshah#eslamabad - e gharb#harsin#kangavar\nlorestan#khorramabad#borujerd#dorood#koohdasht\nhamadan#hamadan#malayer#nahavand#asadabad\ngolestan#gorgan#gonbad - e qabus#ali abad#bandar torkaman\nkurdistan#sanandaj#saghez#marivan#baneh\nhormozgan#bandar abbas#minab#dehbarez#bandar lengeh\nmarkazi#arak#saveh#khomein#mahallat\nardabil#ardabil#parsabad#meshkinshahr#khalkhal\nqazvin#qazvin#takestan#alvand#eqbaliyeh\nqom#qom#jamkaran#qanavat#jafariyeh\nyazd#yazd#meybod#ardakan#bafq\nzanjan#zanjan#abhar#khorramdareh#qidar\nbushehr#bushehr#borazjan#bandar ganaveh#khormuj\nchahar mahaal and bakhtiari#shahr - e kord#borujen#farrokhshahr#farsan\nnorth khorasan#bojnurd#shirvan#esfarayen#garmeh jajarm\nkohgiluyeh and boyer - ahmad province#yasuj#dogonbadan#dehdasht#likak\nsouth khorasan#birjand#ghayen#ferdows#nehbandan\nsemnān#shahrood#semnan#damghan#garmsar\nilam#ilam#eyvan#dehloran#abdanan\n",
        "pandas_code": "df.loc[df['3rd largest'] == 'dehbarez', 'province'].iloc[0] == 'kermanshah'",
        "pandas_eval": "False"
    }
]