[
    {
        "id": 31337,
        "statement": "albi have the same amount of total point as la rochelle",
        "label": 1,
        "table_caption": "2008 - 09 rugby pro d2 season",
        "table_text": "club#total points#bonus points#match points#games#drawn#lost#points for#points against#diff\nclub#total points#bonus points#match points#games#drawn#lost#points for#points against#diff\nracing métro#107#11#96#30#0#6#754#469#+ 285\nagen#94#10#84#30#0#9#799#543#+ 256\nalbi#87#7#80#30#2#9#569#493#+ 76\nla rochelle#87#15#72#30#0#12#647#499#+ 148\noyonnax#85#11#74#30#1#11#605#438#+ 167\nlyon#84#14#72#30#1#12#600#448#+ 152\ntarbes#73#11#62#30#1#14#602#534#+ 68\npau#72#10#62#30#1#14#523#507#+ 16\naurillac#72#6#66#30#1#13#615#653#38\ngrenoble#60#14#46#30#1#18#416#469#53\nbordeaux - bègles#60#8#52#30#0#17#591#639#48\nauch#53#9#44#30#0#19#416#533#117\nnarbonne#49#7#42#30#3#18#494#672#178\ncolomiers#47#7#40#30#2#19#541#679#138\nbourg - en - bresse#43#9#34#30#1#21#507#813#306\nbéziers#41#5#36#30#2#20#465#755#290\n",
        "pandas_code": "df[df['club'] == 'albi']['total points'].values[0] == df[df['club'] == 'la rochelle']['total points'].values[0]",
        "pandas_eval": "True"
    },
    {
        "id": 31338,
        "statement": "la rochella have more total point than bourg - en - brasse and béziers combine",
        "label": 1,
        "table_caption": "2008 - 09 rugby pro d2 season",
        "table_text": "club#total points#bonus points#match points#games#drawn#lost#points for#points against#diff\nclub#total points#bonus points#match points#games#drawn#lost#points for#points against#diff\nracing métro#107#11#96#30#0#6#754#469#+ 285\nagen#94#10#84#30#0#9#799#543#+ 256\nalbi#87#7#80#30#2#9#569#493#+ 76\nla rochelle#87#15#72#30#0#12#647#499#+ 148\noyonnax#85#11#74#30#1#11#605#438#+ 167\nlyon#84#14#72#30#1#12#600#448#+ 152\ntarbes#73#11#62#30#1#14#602#534#+ 68\npau#72#10#62#30#1#14#523#507#+ 16\naurillac#72#6#66#30#1#13#615#653#38\ngrenoble#60#14#46#30#1#18#416#469#53\nbordeaux - bègles#60#8#52#30#0#17#591#639#48\nauch#53#9#44#30#0#19#416#533#117\nnarbonne#49#7#42#30#3#18#494#672#178\ncolomiers#47#7#40#30#2#19#541#679#138\nbourg - en - bresse#43#9#34#30#1#21#507#813#306\nbéziers#41#5#36#30#2#20#465#755#290\n",
        "pandas_code": "(int(df.loc[df['club'] == 'la rochelle', 'total points'].values[0]) > int(df.loc[df['club'] == 'bourg - en - bresse', 'total points'].values[0]) + int(df.loc[df['club'] == 'béziers', 'total points'].values[0]))",
        "pandas_eval": "True"
    },
    {
        "id": 31339,
        "statement": "6 club have over 10 bonus point",
        "label": 1,
        "table_caption": "2008 - 09 rugby pro d2 season",
        "table_text": "club#total points#bonus points#match points#games#drawn#lost#points for#points against#diff\nclub#total points#bonus points#match points#games#drawn#lost#points for#points against#diff\nracing métro#107#11#96#30#0#6#754#469#+ 285\nagen#94#10#84#30#0#9#799#543#+ 256\nalbi#87#7#80#30#2#9#569#493#+ 76\nla rochelle#87#15#72#30#0#12#647#499#+ 148\noyonnax#85#11#74#30#1#11#605#438#+ 167\nlyon#84#14#72#30#1#12#600#448#+ 152\ntarbes#73#11#62#30#1#14#602#534#+ 68\npau#72#10#62#30#1#14#523#507#+ 16\naurillac#72#6#66#30#1#13#615#653#38\ngrenoble#60#14#46#30#1#18#416#469#53\nbordeaux - bègles#60#8#52#30#0#17#591#639#48\nauch#53#9#44#30#0#19#416#533#117\nnarbonne#49#7#42#30#3#18#494#672#178\ncolomiers#47#7#40#30#2#19#541#679#138\nbourg - en - bresse#43#9#34#30#1#21#507#813#306\nbéziers#41#5#36#30#2#20#465#755#290\n",
        "pandas_code": "(df['bonus points'].iloc[1:].astype(int) > 10).sum() == 6",
        "pandas_eval": "True"
    },
    {
        "id": 31341,
        "statement": "racing métro lost 3 less game than agen",
        "label": 1,
        "table_caption": "2008 - 09 rugby pro d2 season",
        "table_text": "club#total points#bonus points#match points#games#drawn#lost#points for#points against#diff\nclub#total points#bonus points#match points#games#drawn#lost#points for#points against#diff\nracing métro#107#11#96#30#0#6#754#469#+ 285\nagen#94#10#84#30#0#9#799#543#+ 256\nalbi#87#7#80#30#2#9#569#493#+ 76\nla rochelle#87#15#72#30#0#12#647#499#+ 148\noyonnax#85#11#74#30#1#11#605#438#+ 167\nlyon#84#14#72#30#1#12#600#448#+ 152\ntarbes#73#11#62#30#1#14#602#534#+ 68\npau#72#10#62#30#1#14#523#507#+ 16\naurillac#72#6#66#30#1#13#615#653#38\ngrenoble#60#14#46#30#1#18#416#469#53\nbordeaux - bègles#60#8#52#30#0#17#591#639#48\nauch#53#9#44#30#0#19#416#533#117\nnarbonne#49#7#42#30#3#18#494#672#178\ncolomiers#47#7#40#30#2#19#541#679#138\nbourg - en - bresse#43#9#34#30#1#21#507#813#306\nbéziers#41#5#36#30#2#20#465#755#290\n",
        "pandas_code": "(int(df[df['club'] == 'racing métro']['lost'].values[0]) == int(df[df['club'] == 'agen']['lost'].values[0]) - 3)",
        "pandas_eval": "True"
    },
    {
        "id": 31342,
        "statement": "oyonnax have the same amount of total point as la rochelle",
        "label": 0,
        "table_caption": "2008 - 09 rugby pro d2 season",
        "table_text": "club#total points#bonus points#match points#games#drawn#lost#points for#points against#diff\nclub#total points#bonus points#match points#games#drawn#lost#points for#points against#diff\nracing métro#107#11#96#30#0#6#754#469#+ 285\nagen#94#10#84#30#0#9#799#543#+ 256\nalbi#87#7#80#30#2#9#569#493#+ 76\nla rochelle#87#15#72#30#0#12#647#499#+ 148\noyonnax#85#11#74#30#1#11#605#438#+ 167\nlyon#84#14#72#30#1#12#600#448#+ 152\ntarbes#73#11#62#30#1#14#602#534#+ 68\npau#72#10#62#30#1#14#523#507#+ 16\naurillac#72#6#66#30#1#13#615#653#38\ngrenoble#60#14#46#30#1#18#416#469#53\nbordeaux - bègles#60#8#52#30#0#17#591#639#48\nauch#53#9#44#30#0#19#416#533#117\nnarbonne#49#7#42#30#3#18#494#672#178\ncolomiers#47#7#40#30#2#19#541#679#138\nbourg - en - bresse#43#9#34#30#1#21#507#813#306\nbéziers#41#5#36#30#2#20#465#755#290\n",
        "pandas_code": "(df[df['club'] == 'oyonnax']['total points'].values[0] == df[df['club'] == 'la rochelle']['total points'].values[0])",
        "pandas_eval": "False"
    },
    {
        "id": 31343,
        "statement": "béziers have more total point than bourg - en - brasse combine",
        "label": 0,
        "table_caption": "2008 - 09 rugby pro d2 season",
        "table_text": "club#total points#bonus points#match points#games#drawn#lost#points for#points against#diff\nclub#total points#bonus points#match points#games#drawn#lost#points for#points against#diff\nracing métro#107#11#96#30#0#6#754#469#+ 285\nagen#94#10#84#30#0#9#799#543#+ 256\nalbi#87#7#80#30#2#9#569#493#+ 76\nla rochelle#87#15#72#30#0#12#647#499#+ 148\noyonnax#85#11#74#30#1#11#605#438#+ 167\nlyon#84#14#72#30#1#12#600#448#+ 152\ntarbes#73#11#62#30#1#14#602#534#+ 68\npau#72#10#62#30#1#14#523#507#+ 16\naurillac#72#6#66#30#1#13#615#653#38\ngrenoble#60#14#46#30#1#18#416#469#53\nbordeaux - bègles#60#8#52#30#0#17#591#639#48\nauch#53#9#44#30#0#19#416#533#117\nnarbonne#49#7#42#30#3#18#494#672#178\ncolomiers#47#7#40#30#2#19#541#679#138\nbourg - en - bresse#43#9#34#30#1#21#507#813#306\nbéziers#41#5#36#30#2#20#465#755#290\n",
        "pandas_code": "(df.loc[df['club'] == 'béziers', 'total points'].values[0] > df.loc[df['club'] == 'bourg - en - bresse', 'total points'].values[0])",
        "pandas_eval": "False"
    },
    {
        "id": 31344,
        "statement": "6 club have over 11 bonus point",
        "label": 0,
        "table_caption": "2008 - 09 rugby pro d2 season",
        "table_text": "club#total points#bonus points#match points#games#drawn#lost#points for#points against#diff\nclub#total points#bonus points#match points#games#drawn#lost#points for#points against#diff\nracing métro#107#11#96#30#0#6#754#469#+ 285\nagen#94#10#84#30#0#9#799#543#+ 256\nalbi#87#7#80#30#2#9#569#493#+ 76\nla rochelle#87#15#72#30#0#12#647#499#+ 148\noyonnax#85#11#74#30#1#11#605#438#+ 167\nlyon#84#14#72#30#1#12#600#448#+ 152\ntarbes#73#11#62#30#1#14#602#534#+ 68\npau#72#10#62#30#1#14#523#507#+ 16\naurillac#72#6#66#30#1#13#615#653#38\ngrenoble#60#14#46#30#1#18#416#469#53\nbordeaux - bègles#60#8#52#30#0#17#591#639#48\nauch#53#9#44#30#0#19#416#533#117\nnarbonne#49#7#42#30#3#18#494#672#178\ncolomiers#47#7#40#30#2#19#541#679#138\nbourg - en - bresse#43#9#34#30#1#21#507#813#306\nbéziers#41#5#36#30#2#20#465#755#290\n",
        "pandas_code": "(df['bonus points'].iloc[1:].astype(int) > 11).sum() == 6",
        "pandas_eval": "False"
    },
    {
        "id": 31345,
        "statement": "pau lost 19 game and béziers lost 21 game",
        "label": 0,
        "table_caption": "2008 - 09 rugby pro d2 season",
        "table_text": "club#total points#bonus points#match points#games#drawn#lost#points for#points against#diff\nclub#total points#bonus points#match points#games#drawn#lost#points for#points against#diff\nracing métro#107#11#96#30#0#6#754#469#+ 285\nagen#94#10#84#30#0#9#799#543#+ 256\nalbi#87#7#80#30#2#9#569#493#+ 76\nla rochelle#87#15#72#30#0#12#647#499#+ 148\noyonnax#85#11#74#30#1#11#605#438#+ 167\nlyon#84#14#72#30#1#12#600#448#+ 152\ntarbes#73#11#62#30#1#14#602#534#+ 68\npau#72#10#62#30#1#14#523#507#+ 16\naurillac#72#6#66#30#1#13#615#653#38\ngrenoble#60#14#46#30#1#18#416#469#53\nbordeaux - bègles#60#8#52#30#0#17#591#639#48\nauch#53#9#44#30#0#19#416#533#117\nnarbonne#49#7#42#30#3#18#494#672#178\ncolomiers#47#7#40#30#2#19#541#679#138\nbourg - en - bresse#43#9#34#30#1#21#507#813#306\nbéziers#41#5#36#30#2#20#465#755#290\n",
        "pandas_code": "(df.loc[df['club'] == 'pau', 'lost'].values[0] == '19') & (df.loc[df['club'] == 'béziers', 'lost'].values[0] == '21')",
        "pandas_eval": "False"
    },
    {
        "id": 31346,
        "statement": "racing métro lost 1 less game than agen",
        "label": 0,
        "table_caption": "2008 - 09 rugby pro d2 season",
        "table_text": "club#total points#bonus points#match points#games#drawn#lost#points for#points against#diff\nclub#total points#bonus points#match points#games#drawn#lost#points for#points against#diff\nracing métro#107#11#96#30#0#6#754#469#+ 285\nagen#94#10#84#30#0#9#799#543#+ 256\nalbi#87#7#80#30#2#9#569#493#+ 76\nla rochelle#87#15#72#30#0#12#647#499#+ 148\noyonnax#85#11#74#30#1#11#605#438#+ 167\nlyon#84#14#72#30#1#12#600#448#+ 152\ntarbes#73#11#62#30#1#14#602#534#+ 68\npau#72#10#62#30#1#14#523#507#+ 16\naurillac#72#6#66#30#1#13#615#653#38\ngrenoble#60#14#46#30#1#18#416#469#53\nbordeaux - bègles#60#8#52#30#0#17#591#639#48\nauch#53#9#44#30#0#19#416#533#117\nnarbonne#49#7#42#30#3#18#494#672#178\ncolomiers#47#7#40#30#2#19#541#679#138\nbourg - en - bresse#43#9#34#30#1#21#507#813#306\nbéziers#41#5#36#30#2#20#465#755#290\n",
        "pandas_code": "(int(df.loc[df['club'] == 'racing métro', 'lost'].values[0]) == int(df.loc[df['club'] == 'agen', 'lost'].values[0]) - 1)",
        "pandas_eval": "False"
    }
]