[
    {
        "id": 32694,
        "statement": "6 compete country win only a single silver medal",
        "label": 1,
        "table_caption": "1969 world wrestling championships",
        "table_text": "rank#nation#gold#silver#bronze#total\n1#soviet union#10#2#6#18\n2#iran#3#3#2#8\n3#united states#2#3#2#7\n4#romania#2#1#1#4\n5#japan#2#0#2#4\n6#bulgaria#1#5#2#8\n7#sweden#0#1#2#3\n8#finland#0#1#1#2\n8#yugoslavia#0#1#1#2\n10#south korea#0#1#0#1\n10#west germany#0#1#0#1\ntotal#total#20#19#19#58\n",
        "pandas_code": "df[df['silver'] == 1].shape[0] == 6",
        "pandas_eval": "True"
    },
    {
        "id": 32695,
        "statement": "5 of the compete country do not win any gold medal",
        "label": 1,
        "table_caption": "1969 world wrestling championships",
        "table_text": "rank#nation#gold#silver#bronze#total\n1#soviet union#10#2#6#18\n2#iran#3#3#2#8\n3#united states#2#3#2#7\n4#romania#2#1#1#4\n5#japan#2#0#2#4\n6#bulgaria#1#5#2#8\n7#sweden#0#1#2#3\n8#finland#0#1#1#2\n8#yugoslavia#0#1#1#2\n10#south korea#0#1#0#1\n10#west germany#0#1#0#1\ntotal#total#20#19#19#58\n",
        "pandas_code": "(df[df['nation'] != 'total']['gold'] == 0).sum() == 5",
        "pandas_eval": "True"
    },
    {
        "id": 32697,
        "statement": "south korea and west germany win the least medal overall",
        "label": 1,
        "table_caption": "1969 world wrestling championships",
        "table_text": "rank#nation#gold#silver#bronze#total\n1#soviet union#10#2#6#18\n2#iran#3#3#2#8\n3#united states#2#3#2#7\n4#romania#2#1#1#4\n5#japan#2#0#2#4\n6#bulgaria#1#5#2#8\n7#sweden#0#1#2#3\n8#finland#0#1#1#2\n8#yugoslavia#0#1#1#2\n10#south korea#0#1#0#1\n10#west germany#0#1#0#1\ntotal#total#20#19#19#58\n",
        "pandas_code": "(df[df['nation'].isin(['south korea', 'west germany'])]['total'].min() == df['total'].min())",
        "pandas_eval": "True"
    },
    {
        "id": 32698,
        "statement": "bulgaria win 2 more silver medal than iran and the united state",
        "label": 1,
        "table_caption": "1969 world wrestling championships",
        "table_text": "rank#nation#gold#silver#bronze#total\n1#soviet union#10#2#6#18\n2#iran#3#3#2#8\n3#united states#2#3#2#7\n4#romania#2#1#1#4\n5#japan#2#0#2#4\n6#bulgaria#1#5#2#8\n7#sweden#0#1#2#3\n8#finland#0#1#1#2\n8#yugoslavia#0#1#1#2\n10#south korea#0#1#0#1\n10#west germany#0#1#0#1\ntotal#total#20#19#19#58\n",
        "pandas_code": "(df[df['nation'] == 'bulgaria']['silver'].values[0] == df[df['nation'] == 'iran']['silver'].values[0] + 2) & (df[df['nation'] == 'bulgaria']['silver'].values[0] == df[df['nation'] == 'united states']['silver'].values[0] + 2)",
        "pandas_eval": "True"
    },
    {
        "id": 32699,
        "statement": "6 compete country win only a single bronze medal",
        "label": 0,
        "table_caption": "1969 world wrestling championships",
        "table_text": "rank#nation#gold#silver#bronze#total\n1#soviet union#10#2#6#18\n2#iran#3#3#2#8\n3#united states#2#3#2#7\n4#romania#2#1#1#4\n5#japan#2#0#2#4\n6#bulgaria#1#5#2#8\n7#sweden#0#1#2#3\n8#finland#0#1#1#2\n8#yugoslavia#0#1#1#2\n10#south korea#0#1#0#1\n10#west germany#0#1#0#1\ntotal#total#20#19#19#58\n",
        "pandas_code": "(df[(df['bronze'] == 1) & (df['gold'] == 0) & (df['silver'] == 0)].shape[0] == 6)",
        "pandas_eval": "False"
    },
    {
        "id": 32700,
        "statement": "7 of the compete country do not win any gold medal",
        "label": 0,
        "table_caption": "1969 world wrestling championships",
        "table_text": "rank#nation#gold#silver#bronze#total\n1#soviet union#10#2#6#18\n2#iran#3#3#2#8\n3#united states#2#3#2#7\n4#romania#2#1#1#4\n5#japan#2#0#2#4\n6#bulgaria#1#5#2#8\n7#sweden#0#1#2#3\n8#finland#0#1#1#2\n8#yugoslavia#0#1#1#2\n10#south korea#0#1#0#1\n10#west germany#0#1#0#1\ntotal#total#20#19#19#58\n",
        "pandas_code": "(df[df['nation'] != 'total']['gold'] == 0).sum() == 7",
        "pandas_eval": "False"
    },
    {
        "id": 32701,
        "statement": "the united state win the highest amount of gold and bronze medal",
        "label": 0,
        "table_caption": "1969 world wrestling championships",
        "table_text": "rank#nation#gold#silver#bronze#total\n1#soviet union#10#2#6#18\n2#iran#3#3#2#8\n3#united states#2#3#2#7\n4#romania#2#1#1#4\n5#japan#2#0#2#4\n6#bulgaria#1#5#2#8\n7#sweden#0#1#2#3\n8#finland#0#1#1#2\n8#yugoslavia#0#1#1#2\n10#south korea#0#1#0#1\n10#west germany#0#1#0#1\ntotal#total#20#19#19#58\n",
        "pandas_code": "df[(df['nation'] == 'united states') & (df['gold'] == df['gold'].max()) & (df['bronze'] == df['bronze'].max())].shape[0] == 1",
        "pandas_eval": "False"
    },
    {
        "id": 32702,
        "statement": "yugoslavia and west germany win the least medal overall",
        "label": 0,
        "table_caption": "1969 world wrestling championships",
        "table_text": "rank#nation#gold#silver#bronze#total\n1#soviet union#10#2#6#18\n2#iran#3#3#2#8\n3#united states#2#3#2#7\n4#romania#2#1#1#4\n5#japan#2#0#2#4\n6#bulgaria#1#5#2#8\n7#sweden#0#1#2#3\n8#finland#0#1#1#2\n8#yugoslavia#0#1#1#2\n10#south korea#0#1#0#1\n10#west germany#0#1#0#1\ntotal#total#20#19#19#58\n",
        "pandas_code": "df[(df['nation'] == 'yugoslavia') | (df['nation'] == 'west germany')]['total'].min() > df['total'].min()",
        "pandas_eval": "False"
    },
    {
        "id": 32703,
        "statement": "bulgaria win 3 more silver medal than japan and the united state",
        "label": 0,
        "table_caption": "1969 world wrestling championships",
        "table_text": "rank#nation#gold#silver#bronze#total\n1#soviet union#10#2#6#18\n2#iran#3#3#2#8\n3#united states#2#3#2#7\n4#romania#2#1#1#4\n5#japan#2#0#2#4\n6#bulgaria#1#5#2#8\n7#sweden#0#1#2#3\n8#finland#0#1#1#2\n8#yugoslavia#0#1#1#2\n10#south korea#0#1#0#1\n10#west germany#0#1#0#1\ntotal#total#20#19#19#58\n",
        "pandas_code": "(df.loc[df['nation'] == 'bulgaria', 'silver'].values[0] - df.loc[df['nation'] == 'japan', 'silver'].values[0] == 3) & (df.loc[df['nation'] == 'bulgaria', 'silver'].values[0] - df.loc[df['nation'] == 'united states', 'silver'].values[0] == 3)",
        "pandas_eval": "False"
    }
]