[
    {
        "id": 32863,
        "statement": "the lowest attendance figure for a game be 37903",
        "label": 1,
        "table_caption": "1985 denver broncos season",
        "table_text": "week#date#opponent#result#game site#record#attendance\n1#september 8#los angeles rams#l 16 - 20#anaheim stadium#0 - 1#52522\n2#september 15#new orleans saints#w 34 - 23#mile high stadium#1 - 1#74488\n3#september 22#atlanta falcons#w 44 - 28#atlanta - fulton county stadium#2 - 1#37903\n4#september 29#miami dolphins#l 26 - 30#mile high stadium#2 - 2#73614\n5#october 6#houston oilers#w 31 - 20#mile high stadium#3 - 2#74699\n6#october 13#indianapolis colts#w 15 - 10#hoosier dome#4 - 2#60128\n7#october 20#seattle seahawks#w 13 - 10 (ot)#mile high stadium#5 - 2#74899\n8#october 27#kansas city chiefs#w 30 - 10#arrowhead stadium#6 - 2#68246\n9#november 3#san diego chargers#l 10 - 30#jack murphy stadium#6 - 3#57312\n10#november 11#san francisco 49ers#w 17 - 16#mile high stadium#7 - 3#73173\n11#november 17#san diego chargers#w 30 - 24 (ot)#mile high stadium#8 - 3#74376\n12#november 24#los angeles raiders#l 28 - 31 (ot)#los angeles memorial coliseum#8 - 4#63181\n13#december 1#pittsburgh steelers#w 31 - 23#three rivers stadium#9 - 4#56797\n14#december 8#los angeles raiders#l 14 - 17 (ot)#mile high stadium#9 - 5#75042\n15#december 14#kansas city chiefs#w 14 - 13#mile high stadium#10 - 5#69209\n16#december 20#seattle seahawks#w 27 - 24#kingdome#11 - 5#56283\n",
        "pandas_code": "df['attendance'].min() == 37903",
        "pandas_eval": "True"
    },
    {
        "id": 32864,
        "statement": "the most point score by the bronco in a game be 44",
        "label": 1,
        "table_caption": "1985 denver broncos season",
        "table_text": "week#date#opponent#result#game site#record#attendance\n1#september 8#los angeles rams#l 16 - 20#anaheim stadium#0 - 1#52522\n2#september 15#new orleans saints#w 34 - 23#mile high stadium#1 - 1#74488\n3#september 22#atlanta falcons#w 44 - 28#atlanta - fulton county stadium#2 - 1#37903\n4#september 29#miami dolphins#l 26 - 30#mile high stadium#2 - 2#73614\n5#october 6#houston oilers#w 31 - 20#mile high stadium#3 - 2#74699\n6#october 13#indianapolis colts#w 15 - 10#hoosier dome#4 - 2#60128\n7#october 20#seattle seahawks#w 13 - 10 (ot)#mile high stadium#5 - 2#74899\n8#october 27#kansas city chiefs#w 30 - 10#arrowhead stadium#6 - 2#68246\n9#november 3#san diego chargers#l 10 - 30#jack murphy stadium#6 - 3#57312\n10#november 11#san francisco 49ers#w 17 - 16#mile high stadium#7 - 3#73173\n11#november 17#san diego chargers#w 30 - 24 (ot)#mile high stadium#8 - 3#74376\n12#november 24#los angeles raiders#l 28 - 31 (ot)#los angeles memorial coliseum#8 - 4#63181\n13#december 1#pittsburgh steelers#w 31 - 23#three rivers stadium#9 - 4#56797\n14#december 8#los angeles raiders#l 14 - 17 (ot)#mile high stadium#9 - 5#75042\n15#december 14#kansas city chiefs#w 14 - 13#mile high stadium#10 - 5#69209\n16#december 20#seattle seahawks#w 27 - 24#kingdome#11 - 5#56283\n",
        "pandas_code": "df['result'].str.extract(r'(\\d+) - \\d+').astype(int).max().item() == 44",
        "pandas_eval": "True"
    },
    {
        "id": 32865,
        "statement": "the bronco play in 4 overtime game during the 1985 season",
        "label": 1,
        "table_caption": "1985 denver broncos season",
        "table_text": "week#date#opponent#result#game site#record#attendance\n1#september 8#los angeles rams#l 16 - 20#anaheim stadium#0 - 1#52522\n2#september 15#new orleans saints#w 34 - 23#mile high stadium#1 - 1#74488\n3#september 22#atlanta falcons#w 44 - 28#atlanta - fulton county stadium#2 - 1#37903\n4#september 29#miami dolphins#l 26 - 30#mile high stadium#2 - 2#73614\n5#october 6#houston oilers#w 31 - 20#mile high stadium#3 - 2#74699\n6#october 13#indianapolis colts#w 15 - 10#hoosier dome#4 - 2#60128\n7#october 20#seattle seahawks#w 13 - 10 (ot)#mile high stadium#5 - 2#74899\n8#october 27#kansas city chiefs#w 30 - 10#arrowhead stadium#6 - 2#68246\n9#november 3#san diego chargers#l 10 - 30#jack murphy stadium#6 - 3#57312\n10#november 11#san francisco 49ers#w 17 - 16#mile high stadium#7 - 3#73173\n11#november 17#san diego chargers#w 30 - 24 (ot)#mile high stadium#8 - 3#74376\n12#november 24#los angeles raiders#l 28 - 31 (ot)#los angeles memorial coliseum#8 - 4#63181\n13#december 1#pittsburgh steelers#w 31 - 23#three rivers stadium#9 - 4#56797\n14#december 8#los angeles raiders#l 14 - 17 (ot)#mile high stadium#9 - 5#75042\n15#december 14#kansas city chiefs#w 14 - 13#mile high stadium#10 - 5#69209\n16#december 20#seattle seahawks#w 27 - 24#kingdome#11 - 5#56283\n",
        "pandas_code": "df['result'].str.contains('ot').sum() == 4",
        "pandas_eval": "True"
    },
    {
        "id": 32866,
        "statement": "denver lose a total of 2 home game during the season",
        "label": 1,
        "table_caption": "1985 denver broncos season",
        "table_text": "week#date#opponent#result#game site#record#attendance\n1#september 8#los angeles rams#l 16 - 20#anaheim stadium#0 - 1#52522\n2#september 15#new orleans saints#w 34 - 23#mile high stadium#1 - 1#74488\n3#september 22#atlanta falcons#w 44 - 28#atlanta - fulton county stadium#2 - 1#37903\n4#september 29#miami dolphins#l 26 - 30#mile high stadium#2 - 2#73614\n5#october 6#houston oilers#w 31 - 20#mile high stadium#3 - 2#74699\n6#october 13#indianapolis colts#w 15 - 10#hoosier dome#4 - 2#60128\n7#october 20#seattle seahawks#w 13 - 10 (ot)#mile high stadium#5 - 2#74899\n8#october 27#kansas city chiefs#w 30 - 10#arrowhead stadium#6 - 2#68246\n9#november 3#san diego chargers#l 10 - 30#jack murphy stadium#6 - 3#57312\n10#november 11#san francisco 49ers#w 17 - 16#mile high stadium#7 - 3#73173\n11#november 17#san diego chargers#w 30 - 24 (ot)#mile high stadium#8 - 3#74376\n12#november 24#los angeles raiders#l 28 - 31 (ot)#los angeles memorial coliseum#8 - 4#63181\n13#december 1#pittsburgh steelers#w 31 - 23#three rivers stadium#9 - 4#56797\n14#december 8#los angeles raiders#l 14 - 17 (ot)#mile high stadium#9 - 5#75042\n15#december 14#kansas city chiefs#w 14 - 13#mile high stadium#10 - 5#69209\n16#december 20#seattle seahawks#w 27 - 24#kingdome#11 - 5#56283\n",
        "pandas_code": "df[(df['game site'] == 'mile high stadium') & (df['result'].str.startswith('l'))].shape[0] == 2",
        "pandas_eval": "True"
    },
    {
        "id": 32867,
        "statement": "the bronco win 6 of their first 8 game",
        "label": 1,
        "table_caption": "1985 denver broncos season",
        "table_text": "week#date#opponent#result#game site#record#attendance\n1#september 8#los angeles rams#l 16 - 20#anaheim stadium#0 - 1#52522\n2#september 15#new orleans saints#w 34 - 23#mile high stadium#1 - 1#74488\n3#september 22#atlanta falcons#w 44 - 28#atlanta - fulton county stadium#2 - 1#37903\n4#september 29#miami dolphins#l 26 - 30#mile high stadium#2 - 2#73614\n5#october 6#houston oilers#w 31 - 20#mile high stadium#3 - 2#74699\n6#october 13#indianapolis colts#w 15 - 10#hoosier dome#4 - 2#60128\n7#october 20#seattle seahawks#w 13 - 10 (ot)#mile high stadium#5 - 2#74899\n8#october 27#kansas city chiefs#w 30 - 10#arrowhead stadium#6 - 2#68246\n9#november 3#san diego chargers#l 10 - 30#jack murphy stadium#6 - 3#57312\n10#november 11#san francisco 49ers#w 17 - 16#mile high stadium#7 - 3#73173\n11#november 17#san diego chargers#w 30 - 24 (ot)#mile high stadium#8 - 3#74376\n12#november 24#los angeles raiders#l 28 - 31 (ot)#los angeles memorial coliseum#8 - 4#63181\n13#december 1#pittsburgh steelers#w 31 - 23#three rivers stadium#9 - 4#56797\n14#december 8#los angeles raiders#l 14 - 17 (ot)#mile high stadium#9 - 5#75042\n15#december 14#kansas city chiefs#w 14 - 13#mile high stadium#10 - 5#69209\n16#december 20#seattle seahawks#w 27 - 24#kingdome#11 - 5#56283\n",
        "pandas_code": "(df['result'].str.startswith('w').iloc[:8].sum() == 6)",
        "pandas_eval": "True"
    },
    {
        "id": 32868,
        "statement": "the lowest attendance figure for a game be 37903 and the opponent be the miami dolphin",
        "label": 0,
        "table_caption": "1985 denver broncos season",
        "table_text": "week#date#opponent#result#game site#record#attendance\n1#september 8#los angeles rams#l 16 - 20#anaheim stadium#0 - 1#52522\n2#september 15#new orleans saints#w 34 - 23#mile high stadium#1 - 1#74488\n3#september 22#atlanta falcons#w 44 - 28#atlanta - fulton county stadium#2 - 1#37903\n4#september 29#miami dolphins#l 26 - 30#mile high stadium#2 - 2#73614\n5#october 6#houston oilers#w 31 - 20#mile high stadium#3 - 2#74699\n6#october 13#indianapolis colts#w 15 - 10#hoosier dome#4 - 2#60128\n7#october 20#seattle seahawks#w 13 - 10 (ot)#mile high stadium#5 - 2#74899\n8#october 27#kansas city chiefs#w 30 - 10#arrowhead stadium#6 - 2#68246\n9#november 3#san diego chargers#l 10 - 30#jack murphy stadium#6 - 3#57312\n10#november 11#san francisco 49ers#w 17 - 16#mile high stadium#7 - 3#73173\n11#november 17#san diego chargers#w 30 - 24 (ot)#mile high stadium#8 - 3#74376\n12#november 24#los angeles raiders#l 28 - 31 (ot)#los angeles memorial coliseum#8 - 4#63181\n13#december 1#pittsburgh steelers#w 31 - 23#three rivers stadium#9 - 4#56797\n14#december 8#los angeles raiders#l 14 - 17 (ot)#mile high stadium#9 - 5#75042\n15#december 14#kansas city chiefs#w 14 - 13#mile high stadium#10 - 5#69209\n16#december 20#seattle seahawks#w 27 - 24#kingdome#11 - 5#56283\n",
        "pandas_code": "((df['attendance'] == 37903) & (df['opponent'] == 'miami dolphins')).any()",
        "pandas_eval": "False"
    },
    {
        "id": 32869,
        "statement": "the bronco highest score be against the new orleans saint",
        "label": 0,
        "table_caption": "1985 denver broncos season",
        "table_text": "week#date#opponent#result#game site#record#attendance\n1#september 8#los angeles rams#l 16 - 20#anaheim stadium#0 - 1#52522\n2#september 15#new orleans saints#w 34 - 23#mile high stadium#1 - 1#74488\n3#september 22#atlanta falcons#w 44 - 28#atlanta - fulton county stadium#2 - 1#37903\n4#september 29#miami dolphins#l 26 - 30#mile high stadium#2 - 2#73614\n5#october 6#houston oilers#w 31 - 20#mile high stadium#3 - 2#74699\n6#october 13#indianapolis colts#w 15 - 10#hoosier dome#4 - 2#60128\n7#october 20#seattle seahawks#w 13 - 10 (ot)#mile high stadium#5 - 2#74899\n8#october 27#kansas city chiefs#w 30 - 10#arrowhead stadium#6 - 2#68246\n9#november 3#san diego chargers#l 10 - 30#jack murphy stadium#6 - 3#57312\n10#november 11#san francisco 49ers#w 17 - 16#mile high stadium#7 - 3#73173\n11#november 17#san diego chargers#w 30 - 24 (ot)#mile high stadium#8 - 3#74376\n12#november 24#los angeles raiders#l 28 - 31 (ot)#los angeles memorial coliseum#8 - 4#63181\n13#december 1#pittsburgh steelers#w 31 - 23#three rivers stadium#9 - 4#56797\n14#december 8#los angeles raiders#l 14 - 17 (ot)#mile high stadium#9 - 5#75042\n15#december 14#kansas city chiefs#w 14 - 13#mile high stadium#10 - 5#69209\n16#december 20#seattle seahawks#w 27 - 24#kingdome#11 - 5#56283\n",
        "pandas_code": "df[df['opponent'] == 'new orleans saints']['result'].str.extract(r'(\\d+) - \\d+').astype(int).max().item() == df['result'].str.extract(r'(\\d+) - \\d+').astype(int).max().item()",
        "pandas_eval": "False"
    },
    {
        "id": 32870,
        "statement": "the bronco play in 3 overtime game during the 1985 season",
        "label": 0,
        "table_caption": "1985 denver broncos season",
        "table_text": "week#date#opponent#result#game site#record#attendance\n1#september 8#los angeles rams#l 16 - 20#anaheim stadium#0 - 1#52522\n2#september 15#new orleans saints#w 34 - 23#mile high stadium#1 - 1#74488\n3#september 22#atlanta falcons#w 44 - 28#atlanta - fulton county stadium#2 - 1#37903\n4#september 29#miami dolphins#l 26 - 30#mile high stadium#2 - 2#73614\n5#october 6#houston oilers#w 31 - 20#mile high stadium#3 - 2#74699\n6#october 13#indianapolis colts#w 15 - 10#hoosier dome#4 - 2#60128\n7#october 20#seattle seahawks#w 13 - 10 (ot)#mile high stadium#5 - 2#74899\n8#october 27#kansas city chiefs#w 30 - 10#arrowhead stadium#6 - 2#68246\n9#november 3#san diego chargers#l 10 - 30#jack murphy stadium#6 - 3#57312\n10#november 11#san francisco 49ers#w 17 - 16#mile high stadium#7 - 3#73173\n11#november 17#san diego chargers#w 30 - 24 (ot)#mile high stadium#8 - 3#74376\n12#november 24#los angeles raiders#l 28 - 31 (ot)#los angeles memorial coliseum#8 - 4#63181\n13#december 1#pittsburgh steelers#w 31 - 23#three rivers stadium#9 - 4#56797\n14#december 8#los angeles raiders#l 14 - 17 (ot)#mile high stadium#9 - 5#75042\n15#december 14#kansas city chiefs#w 14 - 13#mile high stadium#10 - 5#69209\n16#december 20#seattle seahawks#w 27 - 24#kingdome#11 - 5#56283\n",
        "pandas_code": "df['result'].str.contains('ot').sum() == 3",
        "pandas_eval": "False"
    },
    {
        "id": 32871,
        "statement": "denver do not lose any game in the 1985 season",
        "label": 0,
        "table_caption": "1985 denver broncos season",
        "table_text": "week#date#opponent#result#game site#record#attendance\n1#september 8#los angeles rams#l 16 - 20#anaheim stadium#0 - 1#52522\n2#september 15#new orleans saints#w 34 - 23#mile high stadium#1 - 1#74488\n3#september 22#atlanta falcons#w 44 - 28#atlanta - fulton county stadium#2 - 1#37903\n4#september 29#miami dolphins#l 26 - 30#mile high stadium#2 - 2#73614\n5#october 6#houston oilers#w 31 - 20#mile high stadium#3 - 2#74699\n6#october 13#indianapolis colts#w 15 - 10#hoosier dome#4 - 2#60128\n7#october 20#seattle seahawks#w 13 - 10 (ot)#mile high stadium#5 - 2#74899\n8#october 27#kansas city chiefs#w 30 - 10#arrowhead stadium#6 - 2#68246\n9#november 3#san diego chargers#l 10 - 30#jack murphy stadium#6 - 3#57312\n10#november 11#san francisco 49ers#w 17 - 16#mile high stadium#7 - 3#73173\n11#november 17#san diego chargers#w 30 - 24 (ot)#mile high stadium#8 - 3#74376\n12#november 24#los angeles raiders#l 28 - 31 (ot)#los angeles memorial coliseum#8 - 4#63181\n13#december 1#pittsburgh steelers#w 31 - 23#three rivers stadium#9 - 4#56797\n14#december 8#los angeles raiders#l 14 - 17 (ot)#mile high stadium#9 - 5#75042\n15#december 14#kansas city chiefs#w 14 - 13#mile high stadium#10 - 5#69209\n16#december 20#seattle seahawks#w 27 - 24#kingdome#11 - 5#56283\n",
        "pandas_code": "all(df['result'].str.startswith('w'))",
        "pandas_eval": "False"
    },
    {
        "id": 32872,
        "statement": "the bronco win 6 of their first 10 game",
        "label": 0,
        "table_caption": "1985 denver broncos season",
        "table_text": "week#date#opponent#result#game site#record#attendance\n1#september 8#los angeles rams#l 16 - 20#anaheim stadium#0 - 1#52522\n2#september 15#new orleans saints#w 34 - 23#mile high stadium#1 - 1#74488\n3#september 22#atlanta falcons#w 44 - 28#atlanta - fulton county stadium#2 - 1#37903\n4#september 29#miami dolphins#l 26 - 30#mile high stadium#2 - 2#73614\n5#october 6#houston oilers#w 31 - 20#mile high stadium#3 - 2#74699\n6#october 13#indianapolis colts#w 15 - 10#hoosier dome#4 - 2#60128\n7#october 20#seattle seahawks#w 13 - 10 (ot)#mile high stadium#5 - 2#74899\n8#october 27#kansas city chiefs#w 30 - 10#arrowhead stadium#6 - 2#68246\n9#november 3#san diego chargers#l 10 - 30#jack murphy stadium#6 - 3#57312\n10#november 11#san francisco 49ers#w 17 - 16#mile high stadium#7 - 3#73173\n11#november 17#san diego chargers#w 30 - 24 (ot)#mile high stadium#8 - 3#74376\n12#november 24#los angeles raiders#l 28 - 31 (ot)#los angeles memorial coliseum#8 - 4#63181\n13#december 1#pittsburgh steelers#w 31 - 23#three rivers stadium#9 - 4#56797\n14#december 8#los angeles raiders#l 14 - 17 (ot)#mile high stadium#9 - 5#75042\n15#december 14#kansas city chiefs#w 14 - 13#mile high stadium#10 - 5#69209\n16#december 20#seattle seahawks#w 27 - 24#kingdome#11 - 5#56283\n",
        "pandas_code": "df['result'].str.startswith('w').head(10).sum() == 6",
        "pandas_eval": "False"
    },
    {
        "id": 72559,
        "statement": "during the october 27 game , the attendance be 68246",
        "label": 1,
        "table_caption": "1985 denver broncos season",
        "table_text": "week#date#opponent#result#game site#record#attendance\n1#september 8#los angeles rams#l 16 - 20#anaheim stadium#0 - 1#52522\n2#september 15#new orleans saints#w 34 - 23#mile high stadium#1 - 1#74488\n3#september 22#atlanta falcons#w 44 - 28#atlanta - fulton county stadium#2 - 1#37903\n4#september 29#miami dolphins#l 26 - 30#mile high stadium#2 - 2#73614\n5#october 6#houston oilers#w 31 - 20#mile high stadium#3 - 2#74699\n6#october 13#indianapolis colts#w 15 - 10#hoosier dome#4 - 2#60128\n7#october 20#seattle seahawks#w 13 - 10 (ot)#mile high stadium#5 - 2#74899\n8#october 27#kansas city chiefs#w 30 - 10#arrowhead stadium#6 - 2#68246\n9#november 3#san diego chargers#l 10 - 30#jack murphy stadium#6 - 3#57312\n10#november 11#san francisco 49ers#w 17 - 16#mile high stadium#7 - 3#73173\n11#november 17#san diego chargers#w 30 - 24 (ot)#mile high stadium#8 - 3#74376\n12#november 24#los angeles raiders#l 28 - 31 (ot)#los angeles memorial coliseum#8 - 4#63181\n13#december 1#pittsburgh steelers#w 31 - 23#three rivers stadium#9 - 4#56797\n14#december 8#los angeles raiders#l 14 - 17 (ot)#mile high stadium#9 - 5#75042\n15#december 14#kansas city chiefs#w 14 - 13#mile high stadium#10 - 5#69209\n",
        "pandas_code": "df[df['date'] == 'october 27']['attendance'].iloc[0] == 68246",
        "pandas_eval": "True"
    },
    {
        "id": 72560,
        "statement": "the record after the los angeles raider game be 8 - 4",
        "label": 1,
        "table_caption": "1985 denver broncos season",
        "table_text": "week#date#opponent#result#game site#record#attendance\n1#september 8#los angeles rams#l 16 - 20#anaheim stadium#0 - 1#52522\n2#september 15#new orleans saints#w 34 - 23#mile high stadium#1 - 1#74488\n3#september 22#atlanta falcons#w 44 - 28#atlanta - fulton county stadium#2 - 1#37903\n4#september 29#miami dolphins#l 26 - 30#mile high stadium#2 - 2#73614\n5#october 6#houston oilers#w 31 - 20#mile high stadium#3 - 2#74699\n6#october 13#indianapolis colts#w 15 - 10#hoosier dome#4 - 2#60128\n7#october 20#seattle seahawks#w 13 - 10 (ot)#mile high stadium#5 - 2#74899\n8#october 27#kansas city chiefs#w 30 - 10#arrowhead stadium#6 - 2#68246\n9#november 3#san diego chargers#l 10 - 30#jack murphy stadium#6 - 3#57312\n10#november 11#san francisco 49ers#w 17 - 16#mile high stadium#7 - 3#73173\n11#november 17#san diego chargers#w 30 - 24 (ot)#mile high stadium#8 - 3#74376\n12#november 24#los angeles raiders#l 28 - 31 (ot)#los angeles memorial coliseum#8 - 4#63181\n13#december 1#pittsburgh steelers#w 31 - 23#three rivers stadium#9 - 4#56797\n14#december 8#los angeles raiders#l 14 - 17 (ot)#mile high stadium#9 - 5#75042\n15#december 14#kansas city chiefs#w 14 - 13#mile high stadium#10 - 5#69209\n",
        "pandas_code": "df[df['opponent'] == 'los angeles raiders']['record'].iloc[0] == '8 - 4'",
        "pandas_eval": "True"
    },
    {
        "id": 72561,
        "statement": "the game be play at the los angeles ram on september 8",
        "label": 1,
        "table_caption": "1985 denver broncos season",
        "table_text": "week#date#opponent#result#game site#record#attendance\n1#september 8#los angeles rams#l 16 - 20#anaheim stadium#0 - 1#52522\n2#september 15#new orleans saints#w 34 - 23#mile high stadium#1 - 1#74488\n3#september 22#atlanta falcons#w 44 - 28#atlanta - fulton county stadium#2 - 1#37903\n4#september 29#miami dolphins#l 26 - 30#mile high stadium#2 - 2#73614\n5#october 6#houston oilers#w 31 - 20#mile high stadium#3 - 2#74699\n6#october 13#indianapolis colts#w 15 - 10#hoosier dome#4 - 2#60128\n7#october 20#seattle seahawks#w 13 - 10 (ot)#mile high stadium#5 - 2#74899\n8#october 27#kansas city chiefs#w 30 - 10#arrowhead stadium#6 - 2#68246\n9#november 3#san diego chargers#l 10 - 30#jack murphy stadium#6 - 3#57312\n10#november 11#san francisco 49ers#w 17 - 16#mile high stadium#7 - 3#73173\n11#november 17#san diego chargers#w 30 - 24 (ot)#mile high stadium#8 - 3#74376\n12#november 24#los angeles raiders#l 28 - 31 (ot)#los angeles memorial coliseum#8 - 4#63181\n13#december 1#pittsburgh steelers#w 31 - 23#three rivers stadium#9 - 4#56797\n14#december 8#los angeles raiders#l 14 - 17 (ot)#mile high stadium#9 - 5#75042\n15#december 14#kansas city chiefs#w 14 - 13#mile high stadium#10 - 5#69209\n",
        "pandas_code": "((df['opponent'] == 'los angeles rams') & (df['date'] == 'september 8')).any()",
        "pandas_eval": "True"
    },
    {
        "id": 72562,
        "statement": "the game hold at anaheim stadium have an attendance of 52522",
        "label": 1,
        "table_caption": "1985 denver broncos season",
        "table_text": "week#date#opponent#result#game site#record#attendance\n1#september 8#los angeles rams#l 16 - 20#anaheim stadium#0 - 1#52522\n2#september 15#new orleans saints#w 34 - 23#mile high stadium#1 - 1#74488\n3#september 22#atlanta falcons#w 44 - 28#atlanta - fulton county stadium#2 - 1#37903\n4#september 29#miami dolphins#l 26 - 30#mile high stadium#2 - 2#73614\n5#october 6#houston oilers#w 31 - 20#mile high stadium#3 - 2#74699\n6#october 13#indianapolis colts#w 15 - 10#hoosier dome#4 - 2#60128\n7#october 20#seattle seahawks#w 13 - 10 (ot)#mile high stadium#5 - 2#74899\n8#october 27#kansas city chiefs#w 30 - 10#arrowhead stadium#6 - 2#68246\n9#november 3#san diego chargers#l 10 - 30#jack murphy stadium#6 - 3#57312\n10#november 11#san francisco 49ers#w 17 - 16#mile high stadium#7 - 3#73173\n11#november 17#san diego chargers#w 30 - 24 (ot)#mile high stadium#8 - 3#74376\n12#november 24#los angeles raiders#l 28 - 31 (ot)#los angeles memorial coliseum#8 - 4#63181\n13#december 1#pittsburgh steelers#w 31 - 23#three rivers stadium#9 - 4#56797\n14#december 8#los angeles raiders#l 14 - 17 (ot)#mile high stadium#9 - 5#75042\n15#december 14#kansas city chiefs#w 14 - 13#mile high stadium#10 - 5#69209\n",
        "pandas_code": "df[df['game site'] == 'anaheim stadium']['attendance'].iloc[0] == 52522",
        "pandas_eval": "True"
    },
    {
        "id": 72563,
        "statement": "the game hold at arrowhead stadium have 68246 crowd attendance",
        "label": 1,
        "table_caption": "1985 denver broncos season",
        "table_text": "week#date#opponent#result#game site#record#attendance\n1#september 8#los angeles rams#l 16 - 20#anaheim stadium#0 - 1#52522\n2#september 15#new orleans saints#w 34 - 23#mile high stadium#1 - 1#74488\n3#september 22#atlanta falcons#w 44 - 28#atlanta - fulton county stadium#2 - 1#37903\n4#september 29#miami dolphins#l 26 - 30#mile high stadium#2 - 2#73614\n5#october 6#houston oilers#w 31 - 20#mile high stadium#3 - 2#74699\n6#october 13#indianapolis colts#w 15 - 10#hoosier dome#4 - 2#60128\n7#october 20#seattle seahawks#w 13 - 10 (ot)#mile high stadium#5 - 2#74899\n8#october 27#kansas city chiefs#w 30 - 10#arrowhead stadium#6 - 2#68246\n9#november 3#san diego chargers#l 10 - 30#jack murphy stadium#6 - 3#57312\n10#november 11#san francisco 49ers#w 17 - 16#mile high stadium#7 - 3#73173\n11#november 17#san diego chargers#w 30 - 24 (ot)#mile high stadium#8 - 3#74376\n12#november 24#los angeles raiders#l 28 - 31 (ot)#los angeles memorial coliseum#8 - 4#63181\n13#december 1#pittsburgh steelers#w 31 - 23#three rivers stadium#9 - 4#56797\n14#december 8#los angeles raiders#l 14 - 17 (ot)#mile high stadium#9 - 5#75042\n15#december 14#kansas city chiefs#w 14 - 13#mile high stadium#10 - 5#69209\n",
        "pandas_code": "df[df['game site'] == 'arrowhead stadium']['attendance'].iloc[0] == 68246",
        "pandas_eval": "True"
    },
    {
        "id": 72564,
        "statement": "during the game in october 22 the attendance be more than 68246",
        "label": 0,
        "table_caption": "1985 denver broncos season",
        "table_text": "week#date#opponent#result#game site#record#attendance\n1#september 8#los angeles rams#l 16 - 20#anaheim stadium#0 - 1#52522\n2#september 15#new orleans saints#w 34 - 23#mile high stadium#1 - 1#74488\n3#september 22#atlanta falcons#w 44 - 28#atlanta - fulton county stadium#2 - 1#37903\n4#september 29#miami dolphins#l 26 - 30#mile high stadium#2 - 2#73614\n5#october 6#houston oilers#w 31 - 20#mile high stadium#3 - 2#74699\n6#october 13#indianapolis colts#w 15 - 10#hoosier dome#4 - 2#60128\n7#october 20#seattle seahawks#w 13 - 10 (ot)#mile high stadium#5 - 2#74899\n8#october 27#kansas city chiefs#w 30 - 10#arrowhead stadium#6 - 2#68246\n9#november 3#san diego chargers#l 10 - 30#jack murphy stadium#6 - 3#57312\n10#november 11#san francisco 49ers#w 17 - 16#mile high stadium#7 - 3#73173\n11#november 17#san diego chargers#w 30 - 24 (ot)#mile high stadium#8 - 3#74376\n12#november 24#los angeles raiders#l 28 - 31 (ot)#los angeles memorial coliseum#8 - 4#63181\n13#december 1#pittsburgh steelers#w 31 - 23#three rivers stadium#9 - 4#56797\n14#december 8#los angeles raiders#l 14 - 17 (ot)#mile high stadium#9 - 5#75042\n15#december 14#kansas city chiefs#w 14 - 13#mile high stadium#10 - 5#69209\n",
        "pandas_code": "False",
        "pandas_eval": "False"
    },
    {
        "id": 72565,
        "statement": "the game record at los angeles raider be 63181",
        "label": 0,
        "table_caption": "1985 denver broncos season",
        "table_text": "week#date#opponent#result#game site#record#attendance\n1#september 8#los angeles rams#l 16 - 20#anaheim stadium#0 - 1#52522\n2#september 15#new orleans saints#w 34 - 23#mile high stadium#1 - 1#74488\n3#september 22#atlanta falcons#w 44 - 28#atlanta - fulton county stadium#2 - 1#37903\n4#september 29#miami dolphins#l 26 - 30#mile high stadium#2 - 2#73614\n5#october 6#houston oilers#w 31 - 20#mile high stadium#3 - 2#74699\n6#october 13#indianapolis colts#w 15 - 10#hoosier dome#4 - 2#60128\n7#october 20#seattle seahawks#w 13 - 10 (ot)#mile high stadium#5 - 2#74899\n8#october 27#kansas city chiefs#w 30 - 10#arrowhead stadium#6 - 2#68246\n9#november 3#san diego chargers#l 10 - 30#jack murphy stadium#6 - 3#57312\n10#november 11#san francisco 49ers#w 17 - 16#mile high stadium#7 - 3#73173\n11#november 17#san diego chargers#w 30 - 24 (ot)#mile high stadium#8 - 3#74376\n12#november 24#los angeles raiders#l 28 - 31 (ot)#los angeles memorial coliseum#8 - 4#63181\n13#december 1#pittsburgh steelers#w 31 - 23#three rivers stadium#9 - 4#56797\n14#december 8#los angeles raiders#l 14 - 17 (ot)#mile high stadium#9 - 5#75042\n15#december 14#kansas city chiefs#w 14 - 13#mile high stadium#10 - 5#69209\n",
        "pandas_code": "(df[(df['opponent'] == 'los angeles raiders') & (df['attendance'] == 63181)].shape[0] == 0)",
        "pandas_eval": "False"
    },
    {
        "id": 72566,
        "statement": "the game be play at anaheim stadium on september 8 and november 24",
        "label": 0,
        "table_caption": "1985 denver broncos season",
        "table_text": "week#date#opponent#result#game site#record#attendance\n1#september 8#los angeles rams#l 16 - 20#anaheim stadium#0 - 1#52522\n2#september 15#new orleans saints#w 34 - 23#mile high stadium#1 - 1#74488\n3#september 22#atlanta falcons#w 44 - 28#atlanta - fulton county stadium#2 - 1#37903\n4#september 29#miami dolphins#l 26 - 30#mile high stadium#2 - 2#73614\n5#october 6#houston oilers#w 31 - 20#mile high stadium#3 - 2#74699\n6#october 13#indianapolis colts#w 15 - 10#hoosier dome#4 - 2#60128\n7#october 20#seattle seahawks#w 13 - 10 (ot)#mile high stadium#5 - 2#74899\n8#october 27#kansas city chiefs#w 30 - 10#arrowhead stadium#6 - 2#68246\n9#november 3#san diego chargers#l 10 - 30#jack murphy stadium#6 - 3#57312\n10#november 11#san francisco 49ers#w 17 - 16#mile high stadium#7 - 3#73173\n11#november 17#san diego chargers#w 30 - 24 (ot)#mile high stadium#8 - 3#74376\n12#november 24#los angeles raiders#l 28 - 31 (ot)#los angeles memorial coliseum#8 - 4#63181\n13#december 1#pittsburgh steelers#w 31 - 23#three rivers stadium#9 - 4#56797\n14#december 8#los angeles raiders#l 14 - 17 (ot)#mile high stadium#9 - 5#75042\n15#december 14#kansas city chiefs#w 14 - 13#mile high stadium#10 - 5#69209\n",
        "pandas_code": "((df['game site'] == 'anaheim stadium') & (df['date'] == 'september 8')).any() and ((df['game site'] == 'anaheim stadium') & (df['date'] == 'november 24')).any()",
        "pandas_eval": "False"
    },
    {
        "id": 72567,
        "statement": "when the game be hold at mile high stadium the attendance be at 52522",
        "label": 0,
        "table_caption": "1985 denver broncos season",
        "table_text": "week#date#opponent#result#game site#record#attendance\n1#september 8#los angeles rams#l 16 - 20#anaheim stadium#0 - 1#52522\n2#september 15#new orleans saints#w 34 - 23#mile high stadium#1 - 1#74488\n3#september 22#atlanta falcons#w 44 - 28#atlanta - fulton county stadium#2 - 1#37903\n4#september 29#miami dolphins#l 26 - 30#mile high stadium#2 - 2#73614\n5#october 6#houston oilers#w 31 - 20#mile high stadium#3 - 2#74699\n6#october 13#indianapolis colts#w 15 - 10#hoosier dome#4 - 2#60128\n7#october 20#seattle seahawks#w 13 - 10 (ot)#mile high stadium#5 - 2#74899\n8#october 27#kansas city chiefs#w 30 - 10#arrowhead stadium#6 - 2#68246\n9#november 3#san diego chargers#l 10 - 30#jack murphy stadium#6 - 3#57312\n10#november 11#san francisco 49ers#w 17 - 16#mile high stadium#7 - 3#73173\n11#november 17#san diego chargers#w 30 - 24 (ot)#mile high stadium#8 - 3#74376\n12#november 24#los angeles raiders#l 28 - 31 (ot)#los angeles memorial coliseum#8 - 4#63181\n13#december 1#pittsburgh steelers#w 31 - 23#three rivers stadium#9 - 4#56797\n14#december 8#los angeles raiders#l 14 - 17 (ot)#mile high stadium#9 - 5#75042\n15#december 14#kansas city chiefs#w 14 - 13#mile high stadium#10 - 5#69209\n",
        "pandas_code": "df[df['game site'] == 'mile high stadium']['attendance'].eq(52522).any()",
        "pandas_eval": "False"
    },
    {
        "id": 72568,
        "statement": "during the game at arrowhead stadium there be 69209 crowd attendance",
        "label": 0,
        "table_caption": "1985 denver broncos season",
        "table_text": "week#date#opponent#result#game site#record#attendance\n1#september 8#los angeles rams#l 16 - 20#anaheim stadium#0 - 1#52522\n2#september 15#new orleans saints#w 34 - 23#mile high stadium#1 - 1#74488\n3#september 22#atlanta falcons#w 44 - 28#atlanta - fulton county stadium#2 - 1#37903\n4#september 29#miami dolphins#l 26 - 30#mile high stadium#2 - 2#73614\n5#october 6#houston oilers#w 31 - 20#mile high stadium#3 - 2#74699\n6#october 13#indianapolis colts#w 15 - 10#hoosier dome#4 - 2#60128\n7#october 20#seattle seahawks#w 13 - 10 (ot)#mile high stadium#5 - 2#74899\n8#october 27#kansas city chiefs#w 30 - 10#arrowhead stadium#6 - 2#68246\n9#november 3#san diego chargers#l 10 - 30#jack murphy stadium#6 - 3#57312\n10#november 11#san francisco 49ers#w 17 - 16#mile high stadium#7 - 3#73173\n11#november 17#san diego chargers#w 30 - 24 (ot)#mile high stadium#8 - 3#74376\n12#november 24#los angeles raiders#l 28 - 31 (ot)#los angeles memorial coliseum#8 - 4#63181\n13#december 1#pittsburgh steelers#w 31 - 23#three rivers stadium#9 - 4#56797\n14#december 8#los angeles raiders#l 14 - 17 (ot)#mile high stadium#9 - 5#75042\n15#december 14#kansas city chiefs#w 14 - 13#mile high stadium#10 - 5#69209\n",
        "pandas_code": "df[df['game site'] == 'arrowhead stadium']['attendance'].iloc[0] == 69209",
        "pandas_eval": "False"
    }
]