[
    {
        "id": 33158,
        "statement": "olga constantinovna of russia be marry on 27 october 1867 to george i",
        "label": 1,
        "table_caption": "list of greek royal consorts",
        "table_text": "name#birth#marriage#became consort#ceased to be consort#death#spouse\nolga constantinovna of russia#3 september 1851#27 october 1867#27 october 1867#18 march 1913 husband 's assassination#18 june 1926#george i\nsophia of prussia#14 june 1870#27 october 1889#18 march 1913 husband 's accession#11 june 1917 husband 's abdication#22 november 1936#constantine i\naspasia manos#4 september 1896#4 november 1919#4 november 1919#25 october 1920 husband 's death#7 august 1972#alexander\nsophia of prussia#14 june 1870#27 october 1889#19 december 1920 husband 's reinstatement#27 september 1922 husband 's abdication#22 november 1936#constantine i\nelisabeth of romania#12 october 1894#27 february 1921#27 september 1922 husband 's accession#25 march 1924 husband 's exile#14 november / 15 november 1956#george ii\n",
        "pandas_code": "df[(df['name'] == 'olga constantinovna of russia') & (df['marriage'] == '27 october 1867') & (df['spouse'] == 'george i')].shape[0] == 1",
        "pandas_eval": "True"
    },
    {
        "id": 33159,
        "statement": "aspasia manos became consort on 4 november 1919 and cease to be consort on 25 october 1920 husband 's death",
        "label": 1,
        "table_caption": "list of greek royal consorts",
        "table_text": "name#birth#marriage#became consort#ceased to be consort#death#spouse\nolga constantinovna of russia#3 september 1851#27 october 1867#27 october 1867#18 march 1913 husband 's assassination#18 june 1926#george i\nsophia of prussia#14 june 1870#27 october 1889#18 march 1913 husband 's accession#11 june 1917 husband 's abdication#22 november 1936#constantine i\naspasia manos#4 september 1896#4 november 1919#4 november 1919#25 october 1920 husband 's death#7 august 1972#alexander\nsophia of prussia#14 june 1870#27 october 1889#19 december 1920 husband 's reinstatement#27 september 1922 husband 's abdication#22 november 1936#constantine i\nelisabeth of romania#12 october 1894#27 february 1921#27 september 1922 husband 's accession#25 march 1924 husband 's exile#14 november / 15 november 1956#george ii\n",
        "pandas_code": "((df['name'] == 'aspasia manos') & (df['became consort'] == '4 november 1919') & (df['ceased to be consort'] == \"25 october 1920 husband 's death\")).any()",
        "pandas_eval": "True"
    },
    {
        "id": 33160,
        "statement": "sophia of prussia bear on 14 june 1870 die 22 november 1936 and marry constantine i on 27 october 1889",
        "label": 1,
        "table_caption": "list of greek royal consorts",
        "table_text": "name#birth#marriage#became consort#ceased to be consort#death#spouse\nolga constantinovna of russia#3 september 1851#27 october 1867#27 october 1867#18 march 1913 husband 's assassination#18 june 1926#george i\nsophia of prussia#14 june 1870#27 october 1889#18 march 1913 husband 's accession#11 june 1917 husband 's abdication#22 november 1936#constantine i\naspasia manos#4 september 1896#4 november 1919#4 november 1919#25 october 1920 husband 's death#7 august 1972#alexander\nsophia of prussia#14 june 1870#27 october 1889#19 december 1920 husband 's reinstatement#27 september 1922 husband 's abdication#22 november 1936#constantine i\nelisabeth of romania#12 october 1894#27 february 1921#27 september 1922 husband 's accession#25 march 1924 husband 's exile#14 november / 15 november 1956#george ii\n",
        "pandas_code": "((df['name'] == 'sophia of prussia') & (df['birth'] == '14 june 1870') & (df['death'] == '22 november 1936') & (df['marriage'] == '27 october 1889') & (df['spouse'] == 'constantine i')).any()",
        "pandas_eval": "True"
    },
    {
        "id": 33161,
        "statement": "george ii marry elisabeth of romania on 27 february 1921",
        "label": 1,
        "table_caption": "list of greek royal consorts",
        "table_text": "name#birth#marriage#became consort#ceased to be consort#death#spouse\nolga constantinovna of russia#3 september 1851#27 october 1867#27 october 1867#18 march 1913 husband 's assassination#18 june 1926#george i\nsophia of prussia#14 june 1870#27 october 1889#18 march 1913 husband 's accession#11 june 1917 husband 's abdication#22 november 1936#constantine i\naspasia manos#4 september 1896#4 november 1919#4 november 1919#25 october 1920 husband 's death#7 august 1972#alexander\nsophia of prussia#14 june 1870#27 october 1889#19 december 1920 husband 's reinstatement#27 september 1922 husband 's abdication#22 november 1936#constantine i\nelisabeth of romania#12 october 1894#27 february 1921#27 september 1922 husband 's accession#25 march 1924 husband 's exile#14 november / 15 november 1956#george ii\n",
        "pandas_code": "df[(df['spouse'] == 'george ii') & (df['name'] == 'elisabeth of romania') & (df['marriage'] == '27 february 1921')].shape[0] == 1",
        "pandas_eval": "True"
    },
    {
        "id": 33162,
        "statement": "sophia of prussia became consort 18 march 1913 husband 's accession and cease to be consort on 11 june 1917 husband 's abdication",
        "label": 1,
        "table_caption": "list of greek royal consorts",
        "table_text": "name#birth#marriage#became consort#ceased to be consort#death#spouse\nolga constantinovna of russia#3 september 1851#27 october 1867#27 october 1867#18 march 1913 husband 's assassination#18 june 1926#george i\nsophia of prussia#14 june 1870#27 october 1889#18 march 1913 husband 's accession#11 june 1917 husband 's abdication#22 november 1936#constantine i\naspasia manos#4 september 1896#4 november 1919#4 november 1919#25 october 1920 husband 's death#7 august 1972#alexander\nsophia of prussia#14 june 1870#27 october 1889#19 december 1920 husband 's reinstatement#27 september 1922 husband 's abdication#22 november 1936#constantine i\nelisabeth of romania#12 october 1894#27 february 1921#27 september 1922 husband 's accession#25 march 1924 husband 's exile#14 november / 15 november 1956#george ii\n",
        "pandas_code": "df[(df['name'] == 'sophia of prussia') & (df['became consort'] == \"18 march 1913 husband 's accession\") & (df['ceased to be consort'] == \"11 june 1917 husband 's abdication\")].any().any()",
        "pandas_eval": "True"
    },
    {
        "id": 33163,
        "statement": "olga constantinovna of russia be unwed to george i prior to 1890",
        "label": 0,
        "table_caption": "list of greek royal consorts",
        "table_text": "name#birth#marriage#became consort#ceased to be consort#death#spouse\nolga constantinovna of russia#3 september 1851#27 october 1867#27 october 1867#18 march 1913 husband 's assassination#18 june 1926#george i\nsophia of prussia#14 june 1870#27 october 1889#18 march 1913 husband 's accession#11 june 1917 husband 's abdication#22 november 1936#constantine i\naspasia manos#4 september 1896#4 november 1919#4 november 1919#25 october 1920 husband 's death#7 august 1972#alexander\nsophia of prussia#14 june 1870#27 october 1889#19 december 1920 husband 's reinstatement#27 september 1922 husband 's abdication#22 november 1936#constantine i\nelisabeth of romania#12 october 1894#27 february 1921#27 september 1922 husband 's accession#25 march 1924 husband 's exile#14 november / 15 november 1956#george ii\n",
        "pandas_code": "((df['name'] == 'olga constantinovna of russia') & (df['spouse'] == 'george i') & (df['marriage'] < '1890')).any()",
        "pandas_eval": "False"
    },
    {
        "id": 33164,
        "statement": "aspasia manos start as a consort priot to 1950 and continue to be consort after her husband death",
        "label": 0,
        "table_caption": "list of greek royal consorts",
        "table_text": "name#birth#marriage#became consort#ceased to be consort#death#spouse\nolga constantinovna of russia#3 september 1851#27 october 1867#27 october 1867#18 march 1913 husband 's assassination#18 june 1926#george i\nsophia of prussia#14 june 1870#27 october 1889#18 march 1913 husband 's accession#11 june 1917 husband 's abdication#22 november 1936#constantine i\naspasia manos#4 september 1896#4 november 1919#4 november 1919#25 october 1920 husband 's death#7 august 1972#alexander\nsophia of prussia#14 june 1870#27 october 1889#19 december 1920 husband 's reinstatement#27 september 1922 husband 's abdication#22 november 1936#constantine i\nelisabeth of romania#12 october 1894#27 february 1921#27 september 1922 husband 's accession#25 march 1924 husband 's exile#14 november / 15 november 1956#george ii\n",
        "pandas_code": "(df[df['name'] == 'aspasia manos']['became consort'].iloc[0] < '1950') & (df[df['name'] == 'aspasia manos']['ceased to be consort'].iloc[0] > df[df['name'] == 'aspasia manos']['death'].iloc[0])",
        "pandas_eval": "False"
    },
    {
        "id": 33165,
        "statement": "sophia of prussia be bear in june of 1870 , marry constantine when she be just 15 year old , then die at age 50",
        "label": 0,
        "table_caption": "list of greek royal consorts",
        "table_text": "name#birth#marriage#became consort#ceased to be consort#death#spouse\nolga constantinovna of russia#3 september 1851#27 october 1867#27 october 1867#18 march 1913 husband 's assassination#18 june 1926#george i\nsophia of prussia#14 june 1870#27 october 1889#18 march 1913 husband 's accession#11 june 1917 husband 's abdication#22 november 1936#constantine i\naspasia manos#4 september 1896#4 november 1919#4 november 1919#25 october 1920 husband 's death#7 august 1972#alexander\nsophia of prussia#14 june 1870#27 october 1889#19 december 1920 husband 's reinstatement#27 september 1922 husband 's abdication#22 november 1936#constantine i\nelisabeth of romania#12 october 1894#27 february 1921#27 september 1922 husband 's accession#25 march 1924 husband 's exile#14 november / 15 november 1956#george ii\n",
        "pandas_code": "df[(df['name'] == 'sophia of prussia') & (df['birth'].str.contains('1870')) & (df['marriage'].str.contains('1889')) & (df['death'].str.contains('1936'))].shape[0] == 1",
        "pandas_eval": "False"
    },
    {
        "id": 33166,
        "statement": "george ii marry elisabeth of romania prior to 1920",
        "label": 0,
        "table_caption": "list of greek royal consorts",
        "table_text": "name#birth#marriage#became consort#ceased to be consort#death#spouse\nolga constantinovna of russia#3 september 1851#27 october 1867#27 october 1867#18 march 1913 husband 's assassination#18 june 1926#george i\nsophia of prussia#14 june 1870#27 october 1889#18 march 1913 husband 's accession#11 june 1917 husband 's abdication#22 november 1936#constantine i\naspasia manos#4 september 1896#4 november 1919#4 november 1919#25 october 1920 husband 's death#7 august 1972#alexander\nsophia of prussia#14 june 1870#27 october 1889#19 december 1920 husband 's reinstatement#27 september 1922 husband 's abdication#22 november 1936#constantine i\nelisabeth of romania#12 october 1894#27 february 1921#27 september 1922 husband 's accession#25 march 1924 husband 's exile#14 november / 15 november 1956#george ii\n",
        "pandas_code": "df[(df['spouse'] == 'george ii') & (df['name'] == 'elisabeth of romania') & (pd.to_datetime(df['marriage']) < pd.to_datetime('1920-01-01'))].any().any()",
        "pandas_eval": "False"
    },
    {
        "id": 33167,
        "statement": "sophia of prussia became consort in 1910 and continue to be consort until 1920 even with her husband abdication",
        "label": 0,
        "table_caption": "list of greek royal consorts",
        "table_text": "name#birth#marriage#became consort#ceased to be consort#death#spouse\nolga constantinovna of russia#3 september 1851#27 october 1867#27 october 1867#18 march 1913 husband 's assassination#18 june 1926#george i\nsophia of prussia#14 june 1870#27 october 1889#18 march 1913 husband 's accession#11 june 1917 husband 's abdication#22 november 1936#constantine i\naspasia manos#4 september 1896#4 november 1919#4 november 1919#25 october 1920 husband 's death#7 august 1972#alexander\nsophia of prussia#14 june 1870#27 october 1889#19 december 1920 husband 's reinstatement#27 september 1922 husband 's abdication#22 november 1936#constantine i\nelisabeth of romania#12 october 1894#27 february 1921#27 september 1922 husband 's accession#25 march 1924 husband 's exile#14 november / 15 november 1956#george ii\n",
        "pandas_code": "((df['name'] == 'sophia of prussia') & (df['became consort'].str.contains('1910')) & (df['ceased to be consort'].str.contains('1920'))).any()",
        "pandas_eval": "False"
    }
]