[
    {
        "id": 34237,
        "statement": "seve ballesteros be the only player from spain",
        "label": 1,
        "table_caption": "1987 pga championship",
        "table_text": "place#player#country#score#to par#money\nt1#larry nelson#united states#70 + 72 + 73 + 72 = 287#- 1#playoff\nt1#lanny wadkins#united states#70 + 70 + 74 + 73 = 287#- 1#playoff\nt3#scott hoch#united states#74 + 74 + 71 + 69 = 288#e#58750\nt3#d a weibring#united states#73 + 72 + 67 + 76 = 288#e#58750\nt5#mark mccumber#united states#74 + 69 + 69 + 77 = 289#+ 1#37500\nt5#don pooley#united states#73 + 71 + 73 + 72 = 289#+ 1#37500\nt7#ben crenshaw#united states#72 + 70 + 74 + 74 = 290#+ 2#27500\nt7#bobby wadkins#united states#68 + 74 + 71 + 77 = 290#+ 2#27500\n9#curtis strange#united states#70 + 76 + 71 + 74 = 291#+ 3#22500\nt10#seve ballesteros#spain#72 + 70 + 72 + 78 = 292#+ 4#17000\nt10#david frost#south africa#75 + 70 + 71 + 76 = 292#+ 4#17000\nt10#tom kite#united states#72 + 77 + 71 + 72 = 292#+ 4#17000\nt10#nick price#zimbabwe#76 + 71 + 70 + 75 = 292#+ 4#17000\n",
        "pandas_code": "(df[df['country'] == 'spain']['player'].nunique() == 1) and (df[df['country'] == 'spain']['player'].iloc[0] == 'seve ballesteros')",
        "pandas_eval": "True"
    },
    {
        "id": 34238,
        "statement": "david frost be the only player from south africa",
        "label": 1,
        "table_caption": "1987 pga championship",
        "table_text": "place#player#country#score#to par#money\nt1#larry nelson#united states#70 + 72 + 73 + 72 = 287#- 1#playoff\nt1#lanny wadkins#united states#70 + 70 + 74 + 73 = 287#- 1#playoff\nt3#scott hoch#united states#74 + 74 + 71 + 69 = 288#e#58750\nt3#d a weibring#united states#73 + 72 + 67 + 76 = 288#e#58750\nt5#mark mccumber#united states#74 + 69 + 69 + 77 = 289#+ 1#37500\nt5#don pooley#united states#73 + 71 + 73 + 72 = 289#+ 1#37500\nt7#ben crenshaw#united states#72 + 70 + 74 + 74 = 290#+ 2#27500\nt7#bobby wadkins#united states#68 + 74 + 71 + 77 = 290#+ 2#27500\n9#curtis strange#united states#70 + 76 + 71 + 74 = 291#+ 3#22500\nt10#seve ballesteros#spain#72 + 70 + 72 + 78 = 292#+ 4#17000\nt10#david frost#south africa#75 + 70 + 71 + 76 = 292#+ 4#17000\nt10#tom kite#united states#72 + 77 + 71 + 72 = 292#+ 4#17000\nt10#nick price#zimbabwe#76 + 71 + 70 + 75 = 292#+ 4#17000\n",
        "pandas_code": "(df[df['country'] == 'south africa']['player'].nunique() == 1) and (df[df['country'] == 'south africa']['player'].iloc[0] == 'david frost')",
        "pandas_eval": "True"
    },
    {
        "id": 34239,
        "statement": "tom kite be the only player from the united state , with 17000",
        "label": 1,
        "table_caption": "1987 pga championship",
        "table_text": "place#player#country#score#to par#money\nt1#larry nelson#united states#70 + 72 + 73 + 72 = 287#- 1#playoff\nt1#lanny wadkins#united states#70 + 70 + 74 + 73 = 287#- 1#playoff\nt3#scott hoch#united states#74 + 74 + 71 + 69 = 288#e#58750\nt3#d a weibring#united states#73 + 72 + 67 + 76 = 288#e#58750\nt5#mark mccumber#united states#74 + 69 + 69 + 77 = 289#+ 1#37500\nt5#don pooley#united states#73 + 71 + 73 + 72 = 289#+ 1#37500\nt7#ben crenshaw#united states#72 + 70 + 74 + 74 = 290#+ 2#27500\nt7#bobby wadkins#united states#68 + 74 + 71 + 77 = 290#+ 2#27500\n9#curtis strange#united states#70 + 76 + 71 + 74 = 291#+ 3#22500\nt10#seve ballesteros#spain#72 + 70 + 72 + 78 = 292#+ 4#17000\nt10#david frost#south africa#75 + 70 + 71 + 76 = 292#+ 4#17000\nt10#tom kite#united states#72 + 77 + 71 + 72 = 292#+ 4#17000\nt10#nick price#zimbabwe#76 + 71 + 70 + 75 = 292#+ 4#17000\n",
        "pandas_code": "(df[(df['player'] == 'tom kite') & (df['country'] == 'united states') & (df['money'] == '17000')].shape[0] == 1) & (df[(df['country'] == 'united states') & (df['money'] == '17000')].shape[0] == 1)",
        "pandas_eval": "True"
    },
    {
        "id": 34240,
        "statement": "nick price be the only player from zimbabwe",
        "label": 1,
        "table_caption": "1987 pga championship",
        "table_text": "place#player#country#score#to par#money\nt1#larry nelson#united states#70 + 72 + 73 + 72 = 287#- 1#playoff\nt1#lanny wadkins#united states#70 + 70 + 74 + 73 = 287#- 1#playoff\nt3#scott hoch#united states#74 + 74 + 71 + 69 = 288#e#58750\nt3#d a weibring#united states#73 + 72 + 67 + 76 = 288#e#58750\nt5#mark mccumber#united states#74 + 69 + 69 + 77 = 289#+ 1#37500\nt5#don pooley#united states#73 + 71 + 73 + 72 = 289#+ 1#37500\nt7#ben crenshaw#united states#72 + 70 + 74 + 74 = 290#+ 2#27500\nt7#bobby wadkins#united states#68 + 74 + 71 + 77 = 290#+ 2#27500\n9#curtis strange#united states#70 + 76 + 71 + 74 = 291#+ 3#22500\nt10#seve ballesteros#spain#72 + 70 + 72 + 78 = 292#+ 4#17000\nt10#david frost#south africa#75 + 70 + 71 + 76 = 292#+ 4#17000\nt10#tom kite#united states#72 + 77 + 71 + 72 = 292#+ 4#17000\nt10#nick price#zimbabwe#76 + 71 + 70 + 75 = 292#+ 4#17000\n",
        "pandas_code": "len(df[(df['player'] == 'nick price') & (df['country'] == 'zimbabwe')]) == 1 and len(df[df['country'] == 'zimbabwe']) == 1",
        "pandas_eval": "True"
    },
    {
        "id": 34241,
        "statement": "curtis strange be the only player with 22500",
        "label": 1,
        "table_caption": "1987 pga championship",
        "table_text": "place#player#country#score#to par#money\nt1#larry nelson#united states#70 + 72 + 73 + 72 = 287#- 1#playoff\nt1#lanny wadkins#united states#70 + 70 + 74 + 73 = 287#- 1#playoff\nt3#scott hoch#united states#74 + 74 + 71 + 69 = 288#e#58750\nt3#d a weibring#united states#73 + 72 + 67 + 76 = 288#e#58750\nt5#mark mccumber#united states#74 + 69 + 69 + 77 = 289#+ 1#37500\nt5#don pooley#united states#73 + 71 + 73 + 72 = 289#+ 1#37500\nt7#ben crenshaw#united states#72 + 70 + 74 + 74 = 290#+ 2#27500\nt7#bobby wadkins#united states#68 + 74 + 71 + 77 = 290#+ 2#27500\n9#curtis strange#united states#70 + 76 + 71 + 74 = 291#+ 3#22500\nt10#seve ballesteros#spain#72 + 70 + 72 + 78 = 292#+ 4#17000\nt10#david frost#south africa#75 + 70 + 71 + 76 = 292#+ 4#17000\nt10#tom kite#united states#72 + 77 + 71 + 72 = 292#+ 4#17000\nt10#nick price#zimbabwe#76 + 71 + 70 + 75 = 292#+ 4#17000\n",
        "pandas_code": "(df[df['player'] == 'curtis strange']['money'].iloc[0] == '22500') and (df[df['money'] == '22500'].shape[0] == 1)",
        "pandas_eval": "True"
    },
    {
        "id": 34242,
        "statement": "seve ballesteros be the only player from the united state",
        "label": 0,
        "table_caption": "1987 pga championship",
        "table_text": "place#player#country#score#to par#money\nt1#larry nelson#united states#70 + 72 + 73 + 72 = 287#- 1#playoff\nt1#lanny wadkins#united states#70 + 70 + 74 + 73 = 287#- 1#playoff\nt3#scott hoch#united states#74 + 74 + 71 + 69 = 288#e#58750\nt3#d a weibring#united states#73 + 72 + 67 + 76 = 288#e#58750\nt5#mark mccumber#united states#74 + 69 + 69 + 77 = 289#+ 1#37500\nt5#don pooley#united states#73 + 71 + 73 + 72 = 289#+ 1#37500\nt7#ben crenshaw#united states#72 + 70 + 74 + 74 = 290#+ 2#27500\nt7#bobby wadkins#united states#68 + 74 + 71 + 77 = 290#+ 2#27500\n9#curtis strange#united states#70 + 76 + 71 + 74 = 291#+ 3#22500\nt10#seve ballesteros#spain#72 + 70 + 72 + 78 = 292#+ 4#17000\nt10#david frost#south africa#75 + 70 + 71 + 76 = 292#+ 4#17000\nt10#tom kite#united states#72 + 77 + 71 + 72 = 292#+ 4#17000\nt10#nick price#zimbabwe#76 + 71 + 70 + 75 = 292#+ 4#17000\n",
        "pandas_code": "df[df['player'] == 'seve ballesteros']['country'].iloc[0] == 'united states' and df['country'].eq('united states').sum() == 1",
        "pandas_eval": "False"
    },
    {
        "id": 34243,
        "statement": "david frost be the only player from spain",
        "label": 0,
        "table_caption": "1987 pga championship",
        "table_text": "place#player#country#score#to par#money\nt1#larry nelson#united states#70 + 72 + 73 + 72 = 287#- 1#playoff\nt1#lanny wadkins#united states#70 + 70 + 74 + 73 = 287#- 1#playoff\nt3#scott hoch#united states#74 + 74 + 71 + 69 = 288#e#58750\nt3#d a weibring#united states#73 + 72 + 67 + 76 = 288#e#58750\nt5#mark mccumber#united states#74 + 69 + 69 + 77 = 289#+ 1#37500\nt5#don pooley#united states#73 + 71 + 73 + 72 = 289#+ 1#37500\nt7#ben crenshaw#united states#72 + 70 + 74 + 74 = 290#+ 2#27500\nt7#bobby wadkins#united states#68 + 74 + 71 + 77 = 290#+ 2#27500\n9#curtis strange#united states#70 + 76 + 71 + 74 = 291#+ 3#22500\nt10#seve ballesteros#spain#72 + 70 + 72 + 78 = 292#+ 4#17000\nt10#david frost#south africa#75 + 70 + 71 + 76 = 292#+ 4#17000\nt10#tom kite#united states#72 + 77 + 71 + 72 = 292#+ 4#17000\nt10#nick price#zimbabwe#76 + 71 + 70 + 75 = 292#+ 4#17000\n",
        "pandas_code": "df[(df['player'] == 'david frost') & (df['country'] == 'spain')].empty == False",
        "pandas_eval": "False"
    },
    {
        "id": 34244,
        "statement": "bobby wadkins be the only player from the united state , with 17000",
        "label": 0,
        "table_caption": "1987 pga championship",
        "table_text": "place#player#country#score#to par#money\nt1#larry nelson#united states#70 + 72 + 73 + 72 = 287#- 1#playoff\nt1#lanny wadkins#united states#70 + 70 + 74 + 73 = 287#- 1#playoff\nt3#scott hoch#united states#74 + 74 + 71 + 69 = 288#e#58750\nt3#d a weibring#united states#73 + 72 + 67 + 76 = 288#e#58750\nt5#mark mccumber#united states#74 + 69 + 69 + 77 = 289#+ 1#37500\nt5#don pooley#united states#73 + 71 + 73 + 72 = 289#+ 1#37500\nt7#ben crenshaw#united states#72 + 70 + 74 + 74 = 290#+ 2#27500\nt7#bobby wadkins#united states#68 + 74 + 71 + 77 = 290#+ 2#27500\n9#curtis strange#united states#70 + 76 + 71 + 74 = 291#+ 3#22500\nt10#seve ballesteros#spain#72 + 70 + 72 + 78 = 292#+ 4#17000\nt10#david frost#south africa#75 + 70 + 71 + 76 = 292#+ 4#17000\nt10#tom kite#united states#72 + 77 + 71 + 72 = 292#+ 4#17000\nt10#nick price#zimbabwe#76 + 71 + 70 + 75 = 292#+ 4#17000\n",
        "pandas_code": "len(df[(df['player'] == 'bobby wadkins') & (df['country'] == 'united states') & (df['money'] == '17000')]) == 1",
        "pandas_eval": "False"
    },
    {
        "id": 34245,
        "statement": "nick price be the only player from south africa",
        "label": 0,
        "table_caption": "1987 pga championship",
        "table_text": "place#player#country#score#to par#money\nt1#larry nelson#united states#70 + 72 + 73 + 72 = 287#- 1#playoff\nt1#lanny wadkins#united states#70 + 70 + 74 + 73 = 287#- 1#playoff\nt3#scott hoch#united states#74 + 74 + 71 + 69 = 288#e#58750\nt3#d a weibring#united states#73 + 72 + 67 + 76 = 288#e#58750\nt5#mark mccumber#united states#74 + 69 + 69 + 77 = 289#+ 1#37500\nt5#don pooley#united states#73 + 71 + 73 + 72 = 289#+ 1#37500\nt7#ben crenshaw#united states#72 + 70 + 74 + 74 = 290#+ 2#27500\nt7#bobby wadkins#united states#68 + 74 + 71 + 77 = 290#+ 2#27500\n9#curtis strange#united states#70 + 76 + 71 + 74 = 291#+ 3#22500\nt10#seve ballesteros#spain#72 + 70 + 72 + 78 = 292#+ 4#17000\nt10#david frost#south africa#75 + 70 + 71 + 76 = 292#+ 4#17000\nt10#tom kite#united states#72 + 77 + 71 + 72 = 292#+ 4#17000\nt10#nick price#zimbabwe#76 + 71 + 70 + 75 = 292#+ 4#17000\n",
        "pandas_code": "(df[df['country'] == 'south africa']['player'].unique() == ['nick price']).all()",
        "pandas_eval": "False"
    },
    {
        "id": 34246,
        "statement": "nick price be the only player with 22500",
        "label": 0,
        "table_caption": "1987 pga championship",
        "table_text": "place#player#country#score#to par#money\nt1#larry nelson#united states#70 + 72 + 73 + 72 = 287#- 1#playoff\nt1#lanny wadkins#united states#70 + 70 + 74 + 73 = 287#- 1#playoff\nt3#scott hoch#united states#74 + 74 + 71 + 69 = 288#e#58750\nt3#d a weibring#united states#73 + 72 + 67 + 76 = 288#e#58750\nt5#mark mccumber#united states#74 + 69 + 69 + 77 = 289#+ 1#37500\nt5#don pooley#united states#73 + 71 + 73 + 72 = 289#+ 1#37500\nt7#ben crenshaw#united states#72 + 70 + 74 + 74 = 290#+ 2#27500\nt7#bobby wadkins#united states#68 + 74 + 71 + 77 = 290#+ 2#27500\n9#curtis strange#united states#70 + 76 + 71 + 74 = 291#+ 3#22500\nt10#seve ballesteros#spain#72 + 70 + 72 + 78 = 292#+ 4#17000\nt10#david frost#south africa#75 + 70 + 71 + 76 = 292#+ 4#17000\nt10#tom kite#united states#72 + 77 + 71 + 72 = 292#+ 4#17000\nt10#nick price#zimbabwe#76 + 71 + 70 + 75 = 292#+ 4#17000\n",
        "pandas_code": "(df[df['player'] == 'nick price']['money'].values[0] == '22500') and (df[df['money'] == '22500'].shape[0] == 1)",
        "pandas_eval": "False"
    },
    {
        "id": 85825,
        "statement": "300 be the average total in 1985 , when finish be t47",
        "label": 0,
        "table_caption": "1987 pga championship",
        "table_text": "player#country#year (s) won#total#to par#finish\nlarry nelson#united states#1981#287#- 1#1\nlanny wadkins#united states#1977#287#- 1#2\nraymond floyd#united states#1969 , 1982#293#+ 5#t14\njack nicklaus#united states#1963 , 1971 , 1973 1975 , 1980#296#+ 8#t24\nhal sutton#united states#1983#297#+ 9#t28\nbob tway#united states#1986#300#+ 12#t47\nhubert green#united states#1985#301#+ 13#t56\njohn mahaffey#united states#1978#306#+ 18#t65\n",
        "pandas_code": "df[(df['total'] == 300) & (df['finish'] == 't47') & (df['year (s) won'].str.contains('1985'))].shape[0] > 0",
        "pandas_eval": "False"
    }
]