[
    {
        "id": 29720,
        "statement": "between 1986 and 2010 south korea win the equestrian gold medal all but 1 time",
        "label": 1,
        "table_caption": "equestrian at the asian games",
        "table_text": "year#location#gold#silver#bronze\n1986#seoul#south korea#japan#india\n1994#hiroshima#japan#south korea#chinese taipei\n1998#bangkok#south korea#malaysia#thailand\n2002#busan#south korea#japan#china\n2006#doha#south korea#malaysia#japan\n2010#guangzhou#south korea#china#malaysia\n",
        "pandas_code": "(df[(df['year'] >= 1986) & (df['year'] <= 2010)]['gold'].value_counts()['south korea'] == len(df[(df['year'] >= 1986) & (df['year'] <= 2010)]) - 1)",
        "pandas_eval": "True"
    },
    {
        "id": 29721,
        "statement": "india , win a bronze medal in equestrian in 1986 , have not win a medal since",
        "label": 1,
        "table_caption": "equestrian at the asian games",
        "table_text": "year#location#gold#silver#bronze\n1986#seoul#south korea#japan#india\n1994#hiroshima#japan#south korea#chinese taipei\n1998#bangkok#south korea#malaysia#thailand\n2002#busan#south korea#japan#china\n2006#doha#south korea#malaysia#japan\n2010#guangzhou#south korea#china#malaysia\n",
        "pandas_code": "(df[(df['year'] == 1986) & (df['bronze'] == 'india')].shape[0] == 1) & (df[(df['year'] > 1986) & (df['bronze'] == 'india')].shape[0] == 0)",
        "pandas_eval": "True"
    },
    {
        "id": 29722,
        "statement": "south korea have win an equestrian medal at all 6 of the asian game since 1986",
        "label": 1,
        "table_caption": "equestrian at the asian games",
        "table_text": "year#location#gold#silver#bronze\n1986#seoul#south korea#japan#india\n1994#hiroshima#japan#south korea#chinese taipei\n1998#bangkok#south korea#malaysia#thailand\n2002#busan#south korea#japan#china\n2006#doha#south korea#malaysia#japan\n2010#guangzhou#south korea#china#malaysia\n",
        "pandas_code": "all((df['gold'] == 'south korea') | (df['silver'] == 'south korea') | (df['bronze'] == 'south korea'))",
        "pandas_eval": "True"
    },
    {
        "id": 29723,
        "statement": "japan have win the second most total equestrian medal in the asian game , and the same number of silver medal as malaysia",
        "label": 1,
        "table_caption": "equestrian at the asian games",
        "table_text": "year#location#gold#silver#bronze\n1986#seoul#south korea#japan#india\n1994#hiroshima#japan#south korea#chinese taipei\n1998#bangkok#south korea#malaysia#thailand\n2002#busan#south korea#japan#china\n2006#doha#south korea#malaysia#japan\n2010#guangzhou#south korea#china#malaysia\n",
        "pandas_code": "(df['silver'].value_counts().loc['japan'] == df['silver'].value_counts().loc['malaysia']) & (df[['gold', 'silver', 'bronze']].stack().value_counts().sort_values(ascending=False).index[1] == 'japan')",
        "pandas_eval": "True"
    },
    {
        "id": 29724,
        "statement": "china win bronze in 2002 at busan , 8 year later they improve to silver in guanhzhou",
        "label": 1,
        "table_caption": "equestrian at the asian games",
        "table_text": "year#location#gold#silver#bronze\n1986#seoul#south korea#japan#india\n1994#hiroshima#japan#south korea#chinese taipei\n1998#bangkok#south korea#malaysia#thailand\n2002#busan#south korea#japan#china\n2006#doha#south korea#malaysia#japan\n2010#guangzhou#south korea#china#malaysia\n",
        "pandas_code": "(df[(df['year'] == 2002) & (df['location'] == 'busan')]['bronze'].values[0] == 'china') & (df[(df['year'] == 2010) & (df['location'] == 'guangzhou')]['silver'].values[0] == 'china')",
        "pandas_eval": "True"
    },
    {
        "id": 29725,
        "statement": "between 1986 and 2010 south korea win the equestrian gold medal half of the time",
        "label": 0,
        "table_caption": "equestrian at the asian games",
        "table_text": "year#location#gold#silver#bronze\n1986#seoul#south korea#japan#india\n1994#hiroshima#japan#south korea#chinese taipei\n1998#bangkok#south korea#malaysia#thailand\n2002#busan#south korea#japan#china\n2006#doha#south korea#malaysia#japan\n2010#guangzhou#south korea#china#malaysia\n",
        "pandas_code": "(df[(df['year'] >= 1986) & (df['year'] <= 2010)]['gold'].value_counts(normalize=True)['south korea'] == 0.5)",
        "pandas_eval": "False"
    },
    {
        "id": 29726,
        "statement": "india , win a gold medal in 1994 , have win a silver medal thereafter",
        "label": 0,
        "table_caption": "equestrian at the asian games",
        "table_text": "year#location#gold#silver#bronze\n1986#seoul#south korea#japan#india\n1994#hiroshima#japan#south korea#chinese taipei\n1998#bangkok#south korea#malaysia#thailand\n2002#busan#south korea#japan#china\n2006#doha#south korea#malaysia#japan\n2010#guangzhou#south korea#china#malaysia\n",
        "pandas_code": "((df['year'] == 1994) & (df['gold'] == 'india')).any() & ((df[df['year'] > 1994]['silver'] == 'india').any())",
        "pandas_eval": "False"
    },
    {
        "id": 29727,
        "statement": "south korea have win the equestrian gold medal in all 6 of the asian game since 1986",
        "label": 0,
        "table_caption": "equestrian at the asian games",
        "table_text": "year#location#gold#silver#bronze\n1986#seoul#south korea#japan#india\n1994#hiroshima#japan#south korea#chinese taipei\n1998#bangkok#south korea#malaysia#thailand\n2002#busan#south korea#japan#china\n2006#doha#south korea#malaysia#japan\n2010#guangzhou#south korea#china#malaysia\n",
        "pandas_code": "(df['gold'] == 'south korea').all()",
        "pandas_eval": "False"
    },
    {
        "id": 29728,
        "statement": "japan have win the most total equestrian medal in asian game , and the same number of bronze medal as malaysia",
        "label": 0,
        "table_caption": "equestrian at the asian games",
        "table_text": "year#location#gold#silver#bronze\n1986#seoul#south korea#japan#india\n1994#hiroshima#japan#south korea#chinese taipei\n1998#bangkok#south korea#malaysia#thailand\n2002#busan#south korea#japan#china\n2006#doha#south korea#malaysia#japan\n2010#guangzhou#south korea#china#malaysia\n",
        "pandas_code": "(df['gold'].value_counts().get('japan', 0) + df['silver'].value_counts().get('japan', 0) + df['bronze'].value_counts().get('japan', 0)) > (df['gold'].value_counts().max() + df['silver'].value_counts().max() + df['bronze'].value_counts().max()) and df['bronze'].value_counts().get('japan', 0) == df['bronze'].value_counts().get('malaysia', 0)",
        "pandas_eval": "False"
    },
    {
        "id": 29729,
        "statement": "china do not win any equestrian medal in 2002 at busan , but go on to win the gold in guanghzhou",
        "label": 0,
        "table_caption": "equestrian at the asian games",
        "table_text": "year#location#gold#silver#bronze\n1986#seoul#south korea#japan#india\n1994#hiroshima#japan#south korea#chinese taipei\n1998#bangkok#south korea#malaysia#thailand\n2002#busan#south korea#japan#china\n2006#doha#south korea#malaysia#japan\n2010#guangzhou#south korea#china#malaysia\n",
        "pandas_code": "(df[(df['year'] == 2002) & (df['location'] == 'busan')][['gold', 'silver', 'bronze']].isin(['china']).any().any() == False) & (df[(df['year'] == 2010) & (df['location'] == 'guangzhou')]['gold'].values[0] == 'china')",
        "pandas_eval": "False"
    },
    {
        "id": 39692,
        "statement": "india receive the bronze medal in 4 competition straight , between 1986 and 2006",
        "label": 1,
        "table_caption": "equestrian at the asian games",
        "table_text": "year#location#gold#silver#bronze\n1982#new delhi#india#japan#philippines\n1986#seoul#japan#south korea#india\n1998#bangkok#thailand#japan#india\n2002#busan#japan#south korea#india\n2006#doha#qatar#japan#india\n2010#guangzhou#japan#thailand#china\n",
        "pandas_code": "((df['year'] >= 1986) & (df['year'] <= 2006) & (df['bronze'] == 'india')).sum() == 4",
        "pandas_eval": "True"
    },
    {
        "id": 39693,
        "statement": "japan receive the silver medal 3 time between 1982 and 2006",
        "label": 1,
        "table_caption": "equestrian at the asian games",
        "table_text": "year#location#gold#silver#bronze\n1982#new delhi#india#japan#philippines\n1986#seoul#japan#south korea#india\n1998#bangkok#thailand#japan#india\n2002#busan#japan#south korea#india\n2006#doha#qatar#japan#india\n2010#guangzhou#japan#thailand#china\n",
        "pandas_code": "(df[(df['year'] >= 1982) & (df['year'] <= 2006)]['silver'] == 'japan').sum() == 3",
        "pandas_eval": "True"
    },
    {
        "id": 39694,
        "statement": "between 1982 and 2010 the location of the asian game never take place in place 2 time",
        "label": 1,
        "table_caption": "equestrian at the asian games",
        "table_text": "year#location#gold#silver#bronze\n1982#new delhi#india#japan#philippines\n1986#seoul#japan#south korea#india\n1998#bangkok#thailand#japan#india\n2002#busan#japan#south korea#india\n2006#doha#qatar#japan#india\n2010#guangzhou#japan#thailand#china\n",
        "pandas_code": "df['location'].value_counts().max() == 1",
        "pandas_eval": "True"
    },
    {
        "id": 39695,
        "statement": "japan win the gold medal 3 time between 1986 - 2010 but never back - to - back",
        "label": 1,
        "table_caption": "equestrian at the asian games",
        "table_text": "year#location#gold#silver#bronze\n1982#new delhi#india#japan#philippines\n1986#seoul#japan#south korea#india\n1998#bangkok#thailand#japan#india\n2002#busan#japan#south korea#india\n2006#doha#qatar#japan#india\n2010#guangzhou#japan#thailand#china\n",
        "pandas_code": "(df[(df['year'] >= 1986) & (df['year'] <= 2010)]['gold'].value_counts()['japan'] == 3) and not any((df['gold'].shift(1) == 'japan') & (df['gold'] == 'japan'))",
        "pandas_eval": "True"
    },
    {
        "id": 39696,
        "statement": "thailand and qatar have only receive 1 medal each , which be gold",
        "label": 1,
        "table_caption": "equestrian at the asian games",
        "table_text": "year#location#gold#silver#bronze\n1982#new delhi#india#japan#philippines\n1986#seoul#japan#south korea#india\n1998#bangkok#thailand#japan#india\n2002#busan#japan#south korea#india\n2006#doha#qatar#japan#india\n2010#guangzhou#japan#thailand#china\n",
        "pandas_code": "((df['gold'].value_counts().get('thailand', 0) == 1) & (df['gold'].value_counts().get('qatar', 0) == 1))",
        "pandas_eval": "True"
    },
    {
        "id": 39697,
        "statement": "india receive the silver medal in 4 competition straight , between 1986 and 2006",
        "label": 0,
        "table_caption": "equestrian at the asian games",
        "table_text": "year#location#gold#silver#bronze\n1982#new delhi#india#japan#philippines\n1986#seoul#japan#south korea#india\n1998#bangkok#thailand#japan#india\n2002#busan#japan#south korea#india\n2006#doha#qatar#japan#india\n2010#guangzhou#japan#thailand#china\n",
        "pandas_code": "((df['year'].between(1986, 2006)) & (df['silver'] == 'india')).sum() == 4",
        "pandas_eval": "False"
    },
    {
        "id": 39698,
        "statement": "thailand receive the silver medal 3 time between 1982 and 2006",
        "label": 0,
        "table_caption": "equestrian at the asian games",
        "table_text": "year#location#gold#silver#bronze\n1982#new delhi#india#japan#philippines\n1986#seoul#japan#south korea#india\n1998#bangkok#thailand#japan#india\n2002#busan#japan#south korea#india\n2006#doha#qatar#japan#india\n2010#guangzhou#japan#thailand#china\n",
        "pandas_code": "(df[(df['year'] >= 1982) & (df['year'] <= 2006)]['silver'] == 'thailand').sum() == 3",
        "pandas_eval": "False"
    },
    {
        "id": 39699,
        "statement": "between 1982 and 2010 the location of the asian game take place in place 2 time",
        "label": 0,
        "table_caption": "equestrian at the asian games",
        "table_text": "year#location#gold#silver#bronze\n1982#new delhi#india#japan#philippines\n1986#seoul#japan#south korea#india\n1998#bangkok#thailand#japan#india\n2002#busan#japan#south korea#india\n2006#doha#qatar#japan#india\n2010#guangzhou#japan#thailand#china\n",
        "pandas_code": "df['location'].value_counts().max() == 2",
        "pandas_eval": "False"
    },
    {
        "id": 39700,
        "statement": "japan win the gold medal 3 time between 1986 - 2010 continuously back - to - back",
        "label": 0,
        "table_caption": "equestrian at the asian games",
        "table_text": "year#location#gold#silver#bronze\n1982#new delhi#india#japan#philippines\n1986#seoul#japan#south korea#india\n1998#bangkok#thailand#japan#india\n2002#busan#japan#south korea#india\n2006#doha#qatar#japan#india\n2010#guangzhou#japan#thailand#china\n",
        "pandas_code": "(df[(df['year'] >= 1986) & (df['year'] <= 2010)]['gold'].eq('japan').rolling(3).sum().max() == 3)",
        "pandas_eval": "False"
    },
    {
        "id": 39701,
        "statement": "thailand and qatar have receive 2 medal each , which be silver",
        "label": 0,
        "table_caption": "equestrian at the asian games",
        "table_text": "year#location#gold#silver#bronze\n1982#new delhi#india#japan#philippines\n1986#seoul#japan#south korea#india\n1998#bangkok#thailand#japan#india\n2002#busan#japan#south korea#india\n2006#doha#qatar#japan#india\n2010#guangzhou#japan#thailand#china\n",
        "pandas_code": "((df['silver'].value_counts().get('thailand', 0) == 1) & (df['silver'].value_counts().get('qatar', 0) == 1))",
        "pandas_eval": "False"
    }
]