[
    {
        "id": 32744,
        "statement": "chic be beat by attraction for the first time after the first time they finish in 6th placing",
        "label": 1,
        "table_caption": "chic (horse)",
        "table_text": "date#placing#beat by#location#distance\n24 aug 02#4th#ego#nmk#6 gf\n14 oct 02#4th#star sensation#lei#7 gf\n07 may 03#1st#won#chs#7 gf\n04 jun 03#1st#won#kem#8 gf\n21 jun 03#3rd#hold to ransom#asc#8fm\n21 aug 03#6th#vanderlin#yor#7 gf\n11 sep 03#2nd#tantina#don#7 gd\n11 oct 03#1st#won#asc#7 gf\n20 may 04#6th#gonfilia#goo#8 gf\n16 jun 04#7th#favourable terms#asc#8 gf\n30 jul 04#3rd#phantom wind#goo#7 gf\n14 aug 04#1st#won#nby#7 gd\n28 aug 04#1st#won#goo#8 gs\n02 oct 04#2nd#attraction#nmk#8 gd\n09 jul 05#6th#autumn glory#lin#8st\n27 jul 05#12th#proclamation#goo#8sft\n28 aug 05#1st#won#goo#8 gd\n10 sep 05#2nd#attraction#leo#8 gd / y\n01 oct 05#5th#peeress#nmk#8 gs\n15 oct 05#7th#david junior#nmk#10 gs\n",
        "pandas_code": "(df[df['placing'] == '6th'].index[0] < df[df['beat by'] == 'attraction'].index[0])",
        "pandas_eval": "True"
    },
    {
        "id": 32746,
        "statement": "the first race with a distance of 8 gf that chic lose happen after they lose to tantina",
        "label": 1,
        "table_caption": "chic (horse)",
        "table_text": "date#placing#beat by#location#distance\n24 aug 02#4th#ego#nmk#6 gf\n14 oct 02#4th#star sensation#lei#7 gf\n07 may 03#1st#won#chs#7 gf\n04 jun 03#1st#won#kem#8 gf\n21 jun 03#3rd#hold to ransom#asc#8fm\n21 aug 03#6th#vanderlin#yor#7 gf\n11 sep 03#2nd#tantina#don#7 gd\n11 oct 03#1st#won#asc#7 gf\n20 may 04#6th#gonfilia#goo#8 gf\n16 jun 04#7th#favourable terms#asc#8 gf\n30 jul 04#3rd#phantom wind#goo#7 gf\n14 aug 04#1st#won#nby#7 gd\n28 aug 04#1st#won#goo#8 gs\n02 oct 04#2nd#attraction#nmk#8 gd\n09 jul 05#6th#autumn glory#lin#8st\n27 jul 05#12th#proclamation#goo#8sft\n28 aug 05#1st#won#goo#8 gd\n10 sep 05#2nd#attraction#leo#8 gd / y\n01 oct 05#5th#peeress#nmk#8 gs\n15 oct 05#7th#david junior#nmk#10 gs\n",
        "pandas_code": "df[(df['distance'] == '8 gf') & (df['placing'] != '1st')].index[0] > df[df['beat by'] == 'tantina'].index[0]",
        "pandas_eval": "True"
    },
    {
        "id": 32747,
        "statement": "chic only participate in 1 race with the location don",
        "label": 1,
        "table_caption": "chic (horse)",
        "table_text": "date#placing#beat by#location#distance\n24 aug 02#4th#ego#nmk#6 gf\n14 oct 02#4th#star sensation#lei#7 gf\n07 may 03#1st#won#chs#7 gf\n04 jun 03#1st#won#kem#8 gf\n21 jun 03#3rd#hold to ransom#asc#8fm\n21 aug 03#6th#vanderlin#yor#7 gf\n11 sep 03#2nd#tantina#don#7 gd\n11 oct 03#1st#won#asc#7 gf\n20 may 04#6th#gonfilia#goo#8 gf\n16 jun 04#7th#favourable terms#asc#8 gf\n30 jul 04#3rd#phantom wind#goo#7 gf\n14 aug 04#1st#won#nby#7 gd\n28 aug 04#1st#won#goo#8 gs\n02 oct 04#2nd#attraction#nmk#8 gd\n09 jul 05#6th#autumn glory#lin#8st\n27 jul 05#12th#proclamation#goo#8sft\n28 aug 05#1st#won#goo#8 gd\n10 sep 05#2nd#attraction#leo#8 gd / y\n01 oct 05#5th#peeress#nmk#8 gs\n15 oct 05#7th#david junior#nmk#10 gs\n",
        "pandas_code": "len(df[df['location'] == 'don']) == 1",
        "pandas_eval": "True"
    },
    {
        "id": 32748,
        "statement": "the year that chic win the most race be in 2003",
        "label": 1,
        "table_caption": "chic (horse)",
        "table_text": "date#placing#beat by#location#distance\n24 aug 02#4th#ego#nmk#6 gf\n14 oct 02#4th#star sensation#lei#7 gf\n07 may 03#1st#won#chs#7 gf\n04 jun 03#1st#won#kem#8 gf\n21 jun 03#3rd#hold to ransom#asc#8fm\n21 aug 03#6th#vanderlin#yor#7 gf\n11 sep 03#2nd#tantina#don#7 gd\n11 oct 03#1st#won#asc#7 gf\n20 may 04#6th#gonfilia#goo#8 gf\n16 jun 04#7th#favourable terms#asc#8 gf\n30 jul 04#3rd#phantom wind#goo#7 gf\n14 aug 04#1st#won#nby#7 gd\n28 aug 04#1st#won#goo#8 gs\n02 oct 04#2nd#attraction#nmk#8 gd\n09 jul 05#6th#autumn glory#lin#8st\n27 jul 05#12th#proclamation#goo#8sft\n28 aug 05#1st#won#goo#8 gd\n10 sep 05#2nd#attraction#leo#8 gd / y\n01 oct 05#5th#peeress#nmk#8 gs\n15 oct 05#7th#david junior#nmk#10 gs\n",
        "pandas_code": "df[df['placing'] == '1st']['date'].str[-2:].value_counts().idxmax() == '03'",
        "pandas_eval": "True"
    },
    {
        "id": 32749,
        "statement": "chic come in 1st placing on 27 jul 05",
        "label": 0,
        "table_caption": "chic (horse)",
        "table_text": "date#placing#beat by#location#distance\n24 aug 02#4th#ego#nmk#6 gf\n14 oct 02#4th#star sensation#lei#7 gf\n07 may 03#1st#won#chs#7 gf\n04 jun 03#1st#won#kem#8 gf\n21 jun 03#3rd#hold to ransom#asc#8fm\n21 aug 03#6th#vanderlin#yor#7 gf\n11 sep 03#2nd#tantina#don#7 gd\n11 oct 03#1st#won#asc#7 gf\n20 may 04#6th#gonfilia#goo#8 gf\n16 jun 04#7th#favourable terms#asc#8 gf\n30 jul 04#3rd#phantom wind#goo#7 gf\n14 aug 04#1st#won#nby#7 gd\n28 aug 04#1st#won#goo#8 gs\n02 oct 04#2nd#attraction#nmk#8 gd\n09 jul 05#6th#autumn glory#lin#8st\n27 jul 05#12th#proclamation#goo#8sft\n28 aug 05#1st#won#goo#8 gd\n10 sep 05#2nd#attraction#leo#8 gd / y\n01 oct 05#5th#peeress#nmk#8 gs\n15 oct 05#7th#david junior#nmk#10 gs\n",
        "pandas_code": "not df[(df['date'] == '27 jul 05') & (df['placing'] == '1st')].empty",
        "pandas_eval": "False"
    },
    {
        "id": 32750,
        "statement": "chic lose the first race with a distance of 8 gf to tantina on 11 sep 03",
        "label": 0,
        "table_caption": "chic (horse)",
        "table_text": "date#placing#beat by#location#distance\n24 aug 02#4th#ego#nmk#6 gf\n14 oct 02#4th#star sensation#lei#7 gf\n07 may 03#1st#won#chs#7 gf\n04 jun 03#1st#won#kem#8 gf\n21 jun 03#3rd#hold to ransom#asc#8fm\n21 aug 03#6th#vanderlin#yor#7 gf\n11 sep 03#2nd#tantina#don#7 gd\n11 oct 03#1st#won#asc#7 gf\n20 may 04#6th#gonfilia#goo#8 gf\n16 jun 04#7th#favourable terms#asc#8 gf\n30 jul 04#3rd#phantom wind#goo#7 gf\n14 aug 04#1st#won#nby#7 gd\n28 aug 04#1st#won#goo#8 gs\n02 oct 04#2nd#attraction#nmk#8 gd\n09 jul 05#6th#autumn glory#lin#8st\n27 jul 05#12th#proclamation#goo#8sft\n28 aug 05#1st#won#goo#8 gd\n10 sep 05#2nd#attraction#leo#8 gd / y\n01 oct 05#5th#peeress#nmk#8 gs\n15 oct 05#7th#david junior#nmk#10 gs\n",
        "pandas_code": "df[(df['date'] == '11 sep 03') & (df['distance'] == '8 gf') & (df['beat by'] == 'tantina') & (df['placing'] != '1st')].empty == False",
        "pandas_eval": "False"
    },
    {
        "id": 32751,
        "statement": "chic participate in 2 don location race",
        "label": 0,
        "table_caption": "chic (horse)",
        "table_text": "date#placing#beat by#location#distance\n24 aug 02#4th#ego#nmk#6 gf\n14 oct 02#4th#star sensation#lei#7 gf\n07 may 03#1st#won#chs#7 gf\n04 jun 03#1st#won#kem#8 gf\n21 jun 03#3rd#hold to ransom#asc#8fm\n21 aug 03#6th#vanderlin#yor#7 gf\n11 sep 03#2nd#tantina#don#7 gd\n11 oct 03#1st#won#asc#7 gf\n20 may 04#6th#gonfilia#goo#8 gf\n16 jun 04#7th#favourable terms#asc#8 gf\n30 jul 04#3rd#phantom wind#goo#7 gf\n14 aug 04#1st#won#nby#7 gd\n28 aug 04#1st#won#goo#8 gs\n02 oct 04#2nd#attraction#nmk#8 gd\n09 jul 05#6th#autumn glory#lin#8st\n27 jul 05#12th#proclamation#goo#8sft\n28 aug 05#1st#won#goo#8 gd\n10 sep 05#2nd#attraction#leo#8 gd / y\n01 oct 05#5th#peeress#nmk#8 gs\n15 oct 05#7th#david junior#nmk#10 gs\n",
        "pandas_code": "(df['location'] == 'don').sum() == 2",
        "pandas_eval": "False"
    },
    {
        "id": 32752,
        "statement": "chic suffer the most loss in 2003",
        "label": 0,
        "table_caption": "chic (horse)",
        "table_text": "date#placing#beat by#location#distance\n24 aug 02#4th#ego#nmk#6 gf\n14 oct 02#4th#star sensation#lei#7 gf\n07 may 03#1st#won#chs#7 gf\n04 jun 03#1st#won#kem#8 gf\n21 jun 03#3rd#hold to ransom#asc#8fm\n21 aug 03#6th#vanderlin#yor#7 gf\n11 sep 03#2nd#tantina#don#7 gd\n11 oct 03#1st#won#asc#7 gf\n20 may 04#6th#gonfilia#goo#8 gf\n16 jun 04#7th#favourable terms#asc#8 gf\n30 jul 04#3rd#phantom wind#goo#7 gf\n14 aug 04#1st#won#nby#7 gd\n28 aug 04#1st#won#goo#8 gs\n02 oct 04#2nd#attraction#nmk#8 gd\n09 jul 05#6th#autumn glory#lin#8st\n27 jul 05#12th#proclamation#goo#8sft\n28 aug 05#1st#won#goo#8 gd\n10 sep 05#2nd#attraction#leo#8 gd / y\n01 oct 05#5th#peeress#nmk#8 gs\n15 oct 05#7th#david junior#nmk#10 gs\n",
        "pandas_code": "df[df['date'].str.contains('03')]['placing'].apply(lambda x: int(x[:-2])).max() > df[~df['date'].str.contains('03')]['placing'].apply(lambda x: int(x[:-2])).max()",
        "pandas_eval": "False"
    }
]