[
    {
        "id": 30282,
        "statement": "euza silva play on a hard surface 4 more time than clay surface",
        "label": 1,
        "table_caption": "neuza silva",
        "table_text": "date#tournament#surface#opponent in the final#score\n13 june 2004#alcobaça#hard#lucía jiménez#7 - 5 , 5 - 7 , 6 - 1\n24 october 2004#évora#hard#laura zelder#6 - 2 , 2 - 6 , ret\n26 june 2006#alcobaça#hard#xinyun han#6 - 3 , 2 - 6 , 7 - 5\n27 august 2006#vlaardingen#clay#pauline wong#6 - 1 , 6 - 2\n17 september 2006#lleida#clay#paula fondevila castro#5 - 7 , 6 - 2 , 7 - 6 (7 - 2)\n25 february 2007#portimão#hard#irena pavlovic#7 - 6 (7 - 2) , 6 - 4\n2 june 2007#braga#clay#stéphanie vongsouthi#6 - 1 , 6 - 4\n30 july 2007#la coruña#hard#marina erakovic#0 - 6 , 7 - 5 , 6 - 3\n27 january 2008#kaarst#carpet#renee reinhard#6 - 3 , 6 - 1\n13 july 2008#felixstowe#grass#sarah borwell#6 - 3 , 6 - 2\n3 august 2008#vigo#hard#silvia soler espinosa#6 - 3 , 6 - 1\n12 july 2009#la coruña#hard#vesna manasieva#6 - 3 , 6 - 1\n",
        "pandas_code": "(df[df['surface'] == 'hard'].shape[0] - df[df['surface'] == 'clay'].shape[0]) == 4",
        "pandas_eval": "True"
    },
    {
        "id": 30283,
        "statement": "euza silva play on grass surface the same amount of time that be play on carpet surface",
        "label": 1,
        "table_caption": "neuza silva",
        "table_text": "date#tournament#surface#opponent in the final#score\n13 june 2004#alcobaça#hard#lucía jiménez#7 - 5 , 5 - 7 , 6 - 1\n24 october 2004#évora#hard#laura zelder#6 - 2 , 2 - 6 , ret\n26 june 2006#alcobaça#hard#xinyun han#6 - 3 , 2 - 6 , 7 - 5\n27 august 2006#vlaardingen#clay#pauline wong#6 - 1 , 6 - 2\n17 september 2006#lleida#clay#paula fondevila castro#5 - 7 , 6 - 2 , 7 - 6 (7 - 2)\n25 february 2007#portimão#hard#irena pavlovic#7 - 6 (7 - 2) , 6 - 4\n2 june 2007#braga#clay#stéphanie vongsouthi#6 - 1 , 6 - 4\n30 july 2007#la coruña#hard#marina erakovic#0 - 6 , 7 - 5 , 6 - 3\n27 january 2008#kaarst#carpet#renee reinhard#6 - 3 , 6 - 1\n13 july 2008#felixstowe#grass#sarah borwell#6 - 3 , 6 - 2\n3 august 2008#vigo#hard#silvia soler espinosa#6 - 3 , 6 - 1\n12 july 2009#la coruña#hard#vesna manasieva#6 - 3 , 6 - 1\n",
        "pandas_code": "(df[df['surface'] == 'grass'].shape[0] == df[df['surface'] == 'carpet'].shape[0])",
        "pandas_eval": "True"
    },
    {
        "id": 30284,
        "statement": "euza silva play on a hard surface on august 3 , 2008 july 12 2009",
        "label": 1,
        "table_caption": "neuza silva",
        "table_text": "date#tournament#surface#opponent in the final#score\n13 june 2004#alcobaça#hard#lucía jiménez#7 - 5 , 5 - 7 , 6 - 1\n24 october 2004#évora#hard#laura zelder#6 - 2 , 2 - 6 , ret\n26 june 2006#alcobaça#hard#xinyun han#6 - 3 , 2 - 6 , 7 - 5\n27 august 2006#vlaardingen#clay#pauline wong#6 - 1 , 6 - 2\n17 september 2006#lleida#clay#paula fondevila castro#5 - 7 , 6 - 2 , 7 - 6 (7 - 2)\n25 february 2007#portimão#hard#irena pavlovic#7 - 6 (7 - 2) , 6 - 4\n2 june 2007#braga#clay#stéphanie vongsouthi#6 - 1 , 6 - 4\n30 july 2007#la coruña#hard#marina erakovic#0 - 6 , 7 - 5 , 6 - 3\n27 january 2008#kaarst#carpet#renee reinhard#6 - 3 , 6 - 1\n13 july 2008#felixstowe#grass#sarah borwell#6 - 3 , 6 - 2\n3 august 2008#vigo#hard#silvia soler espinosa#6 - 3 , 6 - 1\n12 july 2009#la coruña#hard#vesna manasieva#6 - 3 , 6 - 1\n",
        "pandas_code": "all(df[(df['date'].isin(['3 august 2008', '12 july 2009']))]['surface'] == 'hard')",
        "pandas_eval": "True"
    },
    {
        "id": 30285,
        "statement": "euza silva have the same score on january 27 , 2008 august 3 , 2008",
        "label": 1,
        "table_caption": "neuza silva",
        "table_text": "date#tournament#surface#opponent in the final#score\n13 june 2004#alcobaça#hard#lucía jiménez#7 - 5 , 5 - 7 , 6 - 1\n24 october 2004#évora#hard#laura zelder#6 - 2 , 2 - 6 , ret\n26 june 2006#alcobaça#hard#xinyun han#6 - 3 , 2 - 6 , 7 - 5\n27 august 2006#vlaardingen#clay#pauline wong#6 - 1 , 6 - 2\n17 september 2006#lleida#clay#paula fondevila castro#5 - 7 , 6 - 2 , 7 - 6 (7 - 2)\n25 february 2007#portimão#hard#irena pavlovic#7 - 6 (7 - 2) , 6 - 4\n2 june 2007#braga#clay#stéphanie vongsouthi#6 - 1 , 6 - 4\n30 july 2007#la coruña#hard#marina erakovic#0 - 6 , 7 - 5 , 6 - 3\n27 january 2008#kaarst#carpet#renee reinhard#6 - 3 , 6 - 1\n13 july 2008#felixstowe#grass#sarah borwell#6 - 3 , 6 - 2\n3 august 2008#vigo#hard#silvia soler espinosa#6 - 3 , 6 - 1\n12 july 2009#la coruña#hard#vesna manasieva#6 - 3 , 6 - 1\n",
        "pandas_code": "df.loc[df['date'].isin(['27 january 2008', '3 august 2008']), 'score'].nunique() == 1",
        "pandas_eval": "True"
    },
    {
        "id": 30286,
        "statement": "euza silva have the same score on august 3 , 2008 july 12 2009",
        "label": 1,
        "table_caption": "neuza silva",
        "table_text": "date#tournament#surface#opponent in the final#score\n13 june 2004#alcobaça#hard#lucía jiménez#7 - 5 , 5 - 7 , 6 - 1\n24 october 2004#évora#hard#laura zelder#6 - 2 , 2 - 6 , ret\n26 june 2006#alcobaça#hard#xinyun han#6 - 3 , 2 - 6 , 7 - 5\n27 august 2006#vlaardingen#clay#pauline wong#6 - 1 , 6 - 2\n17 september 2006#lleida#clay#paula fondevila castro#5 - 7 , 6 - 2 , 7 - 6 (7 - 2)\n25 february 2007#portimão#hard#irena pavlovic#7 - 6 (7 - 2) , 6 - 4\n2 june 2007#braga#clay#stéphanie vongsouthi#6 - 1 , 6 - 4\n30 july 2007#la coruña#hard#marina erakovic#0 - 6 , 7 - 5 , 6 - 3\n27 january 2008#kaarst#carpet#renee reinhard#6 - 3 , 6 - 1\n13 july 2008#felixstowe#grass#sarah borwell#6 - 3 , 6 - 2\n3 august 2008#vigo#hard#silvia soler espinosa#6 - 3 , 6 - 1\n12 july 2009#la coruña#hard#vesna manasieva#6 - 3 , 6 - 1\n",
        "pandas_code": "df.loc[df['date'].isin(['3 august 2008', '12 july 2009']), 'score'].nunique() == 1",
        "pandas_eval": "True"
    },
    {
        "id": 30287,
        "statement": "euza silva play every game on grass surface",
        "label": 0,
        "table_caption": "neuza silva",
        "table_text": "date#tournament#surface#opponent in the final#score\n13 june 2004#alcobaça#hard#lucía jiménez#7 - 5 , 5 - 7 , 6 - 1\n24 october 2004#évora#hard#laura zelder#6 - 2 , 2 - 6 , ret\n26 june 2006#alcobaça#hard#xinyun han#6 - 3 , 2 - 6 , 7 - 5\n27 august 2006#vlaardingen#clay#pauline wong#6 - 1 , 6 - 2\n17 september 2006#lleida#clay#paula fondevila castro#5 - 7 , 6 - 2 , 7 - 6 (7 - 2)\n25 february 2007#portimão#hard#irena pavlovic#7 - 6 (7 - 2) , 6 - 4\n2 june 2007#braga#clay#stéphanie vongsouthi#6 - 1 , 6 - 4\n30 july 2007#la coruña#hard#marina erakovic#0 - 6 , 7 - 5 , 6 - 3\n27 january 2008#kaarst#carpet#renee reinhard#6 - 3 , 6 - 1\n13 july 2008#felixstowe#grass#sarah borwell#6 - 3 , 6 - 2\n3 august 2008#vigo#hard#silvia soler espinosa#6 - 3 , 6 - 1\n12 july 2009#la coruña#hard#vesna manasieva#6 - 3 , 6 - 1\n",
        "pandas_code": "all(df['surface'] == 'grass')",
        "pandas_eval": "False"
    },
    {
        "id": 30288,
        "statement": "euza silva play on hard surface the same amount of time as carpet surface",
        "label": 0,
        "table_caption": "neuza silva",
        "table_text": "date#tournament#surface#opponent in the final#score\n13 june 2004#alcobaça#hard#lucía jiménez#7 - 5 , 5 - 7 , 6 - 1\n24 october 2004#évora#hard#laura zelder#6 - 2 , 2 - 6 , ret\n26 june 2006#alcobaça#hard#xinyun han#6 - 3 , 2 - 6 , 7 - 5\n27 august 2006#vlaardingen#clay#pauline wong#6 - 1 , 6 - 2\n17 september 2006#lleida#clay#paula fondevila castro#5 - 7 , 6 - 2 , 7 - 6 (7 - 2)\n25 february 2007#portimão#hard#irena pavlovic#7 - 6 (7 - 2) , 6 - 4\n2 june 2007#braga#clay#stéphanie vongsouthi#6 - 1 , 6 - 4\n30 july 2007#la coruña#hard#marina erakovic#0 - 6 , 7 - 5 , 6 - 3\n27 january 2008#kaarst#carpet#renee reinhard#6 - 3 , 6 - 1\n13 july 2008#felixstowe#grass#sarah borwell#6 - 3 , 6 - 2\n3 august 2008#vigo#hard#silvia soler espinosa#6 - 3 , 6 - 1\n12 july 2009#la coruña#hard#vesna manasieva#6 - 3 , 6 - 1\n",
        "pandas_code": "(df['surface'].value_counts()['hard'] == df['surface'].value_counts()['carpet'])",
        "pandas_eval": "False"
    },
    {
        "id": 30289,
        "statement": "euza silva play on a clay surface on august 3 , 2008 july 12 2009",
        "label": 0,
        "table_caption": "neuza silva",
        "table_text": "date#tournament#surface#opponent in the final#score\n13 june 2004#alcobaça#hard#lucía jiménez#7 - 5 , 5 - 7 , 6 - 1\n24 october 2004#évora#hard#laura zelder#6 - 2 , 2 - 6 , ret\n26 june 2006#alcobaça#hard#xinyun han#6 - 3 , 2 - 6 , 7 - 5\n27 august 2006#vlaardingen#clay#pauline wong#6 - 1 , 6 - 2\n17 september 2006#lleida#clay#paula fondevila castro#5 - 7 , 6 - 2 , 7 - 6 (7 - 2)\n25 february 2007#portimão#hard#irena pavlovic#7 - 6 (7 - 2) , 6 - 4\n2 june 2007#braga#clay#stéphanie vongsouthi#6 - 1 , 6 - 4\n30 july 2007#la coruña#hard#marina erakovic#0 - 6 , 7 - 5 , 6 - 3\n27 january 2008#kaarst#carpet#renee reinhard#6 - 3 , 6 - 1\n13 july 2008#felixstowe#grass#sarah borwell#6 - 3 , 6 - 2\n3 august 2008#vigo#hard#silvia soler espinosa#6 - 3 , 6 - 1\n12 july 2009#la coruña#hard#vesna manasieva#6 - 3 , 6 - 1\n",
        "pandas_code": "df[(df['date'].isin(['3 august 2008', '12 july 2009'])) & (df['surface'] == 'clay')].any().any()",
        "pandas_eval": "False"
    },
    {
        "id": 30290,
        "statement": "euza silva win by a score of 6 - 3 , 6 - 2 on august 3 , 2008",
        "label": 0,
        "table_caption": "neuza silva",
        "table_text": "date#tournament#surface#opponent in the final#score\n13 june 2004#alcobaça#hard#lucía jiménez#7 - 5 , 5 - 7 , 6 - 1\n24 october 2004#évora#hard#laura zelder#6 - 2 , 2 - 6 , ret\n26 june 2006#alcobaça#hard#xinyun han#6 - 3 , 2 - 6 , 7 - 5\n27 august 2006#vlaardingen#clay#pauline wong#6 - 1 , 6 - 2\n17 september 2006#lleida#clay#paula fondevila castro#5 - 7 , 6 - 2 , 7 - 6 (7 - 2)\n25 february 2007#portimão#hard#irena pavlovic#7 - 6 (7 - 2) , 6 - 4\n2 june 2007#braga#clay#stéphanie vongsouthi#6 - 1 , 6 - 4\n30 july 2007#la coruña#hard#marina erakovic#0 - 6 , 7 - 5 , 6 - 3\n27 january 2008#kaarst#carpet#renee reinhard#6 - 3 , 6 - 1\n13 july 2008#felixstowe#grass#sarah borwell#6 - 3 , 6 - 2\n3 august 2008#vigo#hard#silvia soler espinosa#6 - 3 , 6 - 1\n12 july 2009#la coruña#hard#vesna manasieva#6 - 3 , 6 - 1\n",
        "pandas_code": "any((df['date'] == '3 august 2008') & (df['score'] == '6 - 3 , 6 - 2'))",
        "pandas_eval": "False"
    },
    {
        "id": 30291,
        "statement": "euza silva win by a score of 6 - 3 , 6 - 2 on august 3 , 2008 july 12 2009",
        "label": 0,
        "table_caption": "neuza silva",
        "table_text": "date#tournament#surface#opponent in the final#score\n13 june 2004#alcobaça#hard#lucía jiménez#7 - 5 , 5 - 7 , 6 - 1\n24 october 2004#évora#hard#laura zelder#6 - 2 , 2 - 6 , ret\n26 june 2006#alcobaça#hard#xinyun han#6 - 3 , 2 - 6 , 7 - 5\n27 august 2006#vlaardingen#clay#pauline wong#6 - 1 , 6 - 2\n17 september 2006#lleida#clay#paula fondevila castro#5 - 7 , 6 - 2 , 7 - 6 (7 - 2)\n25 february 2007#portimão#hard#irena pavlovic#7 - 6 (7 - 2) , 6 - 4\n2 june 2007#braga#clay#stéphanie vongsouthi#6 - 1 , 6 - 4\n30 july 2007#la coruña#hard#marina erakovic#0 - 6 , 7 - 5 , 6 - 3\n27 january 2008#kaarst#carpet#renee reinhard#6 - 3 , 6 - 1\n13 july 2008#felixstowe#grass#sarah borwell#6 - 3 , 6 - 2\n3 august 2008#vigo#hard#silvia soler espinosa#6 - 3 , 6 - 1\n12 july 2009#la coruña#hard#vesna manasieva#6 - 3 , 6 - 1\n",
        "pandas_code": "((df['score'] == '6 - 3 , 6 - 2') & (df['date'].isin(['3 august 2008', '12 july 2009']))).any()",
        "pandas_eval": "False"
    },
    {
        "id": 69959,
        "statement": "in the amarante tournament silva 's partner be joana cortez and they play on a hard surface",
        "label": 1,
        "table_caption": "neuza silva",
        "table_text": "date#tournament#surface#partner#opponent in the final#score\n23 june 2002#montemor - o - novo#hard#carlota santos#alberta brianti & frederica piedade#6 - 4 , 6 - 2\n5 august 2002#pontevedra#hard#frederica piedade#alberta brianti & ipek şenoğlu#6 - 2 , 4 - 6 , 6 - 2\n29 september 2002#lleida#clay#frederica piedade#caroline ann basu & aliénor tricerri#6 - 7 (5 - 7) , 6 - 2 , 6 - 4\n25 may 2003#almeria#hard#ipek şenoğlu#romy farah & astrid waernes#7 - 5 , 5 - 7 , 6 - 3\n3 august 2003#pontevedra#hard#gabriela velasco andreu#veronika litvinskaya & elena poliakova#6 - 0 , 6 - 1\n16 may 2004#monzón#hard#larissa carvalho#joana cortez & marina tavares#6 - 2 , 6 - 4\n29 august 2005#amarante#hard#joana cortez#flavia mignola & gabriela velasco andreu#6 - 2 , 6 - 3\n11 october 2005#bolton#hard#daniela kix#veronika chvojková & claire peterzan#6 - 0 , 6 - 2\n11 october 2006#mallorca#clay#nuria sanchez garcia#anja prislan & laura siegemund#6 - 3 , 6 - 1\n30 january 2007#hull#hard#claire de gubernatis#danielle brown & elizabeth thomas#6 - 7 (2 - 7) , 7 - 5 , 6 - 4\n25 february 2007#portimão#hard#nicole thijssen#jessica lehnhoff & robin stephenson#6 - 4 , 6 - 2\n26 march 2007#athens#hard#nicole thijssen#anna koumantou & pemra özgen#6 - 2 , 6 - 4\n26 may 2007#fuerteventura#carpet#nicole thijssen#mariana duque marino & roxane vaisemberg#6 - 1 , 6 - 2\n9 july 2007#mont - de - marsan#clay#nina bratchikova#joana cortez & teliana pereira#6 - 3 , 7 - 6 (7 - 3)\n10 august 2007#coimbra#hard#kira nagy#magdalena kiszczyńska & yanina wickmayer#6 - 3 , 3 - 6 , 7 - 5\n5 july 2008#mont - de - marsan#clay#ipek şenoğlu#melanie klaffner & frederica piedade#6 - 4 , 6 - 2\n27 july 2008#la coruña#hard#nicole thijssen#karen emilia castiblanco duarte & paula zabala#6 - 2 , 6 - 2\n3 august 2008#vigo#hard#nicole thijssen#nina bratchikova & frederica piedade#6 - 2 , 6 - 4\n",
        "pandas_code": "((df['tournament'] == 'amarante') & (df['partner'] == 'joana cortez') & (df['surface'] == 'hard')).any()",
        "pandas_eval": "True"
    },
    {
        "id": 69960,
        "statement": "vigo be the tournament that nicole thijssen partner with nicole thijssen with opponent in the final nina bratchikova & frederica piedade",
        "label": 1,
        "table_caption": "neuza silva",
        "table_text": "date#tournament#surface#partner#opponent in the final#score\n23 june 2002#montemor - o - novo#hard#carlota santos#alberta brianti & frederica piedade#6 - 4 , 6 - 2\n5 august 2002#pontevedra#hard#frederica piedade#alberta brianti & ipek şenoğlu#6 - 2 , 4 - 6 , 6 - 2\n29 september 2002#lleida#clay#frederica piedade#caroline ann basu & aliénor tricerri#6 - 7 (5 - 7) , 6 - 2 , 6 - 4\n25 may 2003#almeria#hard#ipek şenoğlu#romy farah & astrid waernes#7 - 5 , 5 - 7 , 6 - 3\n3 august 2003#pontevedra#hard#gabriela velasco andreu#veronika litvinskaya & elena poliakova#6 - 0 , 6 - 1\n16 may 2004#monzón#hard#larissa carvalho#joana cortez & marina tavares#6 - 2 , 6 - 4\n29 august 2005#amarante#hard#joana cortez#flavia mignola & gabriela velasco andreu#6 - 2 , 6 - 3\n11 october 2005#bolton#hard#daniela kix#veronika chvojková & claire peterzan#6 - 0 , 6 - 2\n11 october 2006#mallorca#clay#nuria sanchez garcia#anja prislan & laura siegemund#6 - 3 , 6 - 1\n30 january 2007#hull#hard#claire de gubernatis#danielle brown & elizabeth thomas#6 - 7 (2 - 7) , 7 - 5 , 6 - 4\n25 february 2007#portimão#hard#nicole thijssen#jessica lehnhoff & robin stephenson#6 - 4 , 6 - 2\n26 march 2007#athens#hard#nicole thijssen#anna koumantou & pemra özgen#6 - 2 , 6 - 4\n26 may 2007#fuerteventura#carpet#nicole thijssen#mariana duque marino & roxane vaisemberg#6 - 1 , 6 - 2\n9 july 2007#mont - de - marsan#clay#nina bratchikova#joana cortez & teliana pereira#6 - 3 , 7 - 6 (7 - 3)\n10 august 2007#coimbra#hard#kira nagy#magdalena kiszczyńska & yanina wickmayer#6 - 3 , 3 - 6 , 7 - 5\n5 july 2008#mont - de - marsan#clay#ipek şenoğlu#melanie klaffner & frederica piedade#6 - 4 , 6 - 2\n27 july 2008#la coruña#hard#nicole thijssen#karen emilia castiblanco duarte & paula zabala#6 - 2 , 6 - 2\n3 august 2008#vigo#hard#nicole thijssen#nina bratchikova & frederica piedade#6 - 2 , 6 - 4\n",
        "pandas_code": "df[(df['tournament'] == 'vigo') & (df['partner'] == 'nicole thijssen') & (df['opponent in the final'] == 'nina bratchikova & frederica piedade')].any().any()",
        "pandas_eval": "True"
    },
    {
        "id": 69961,
        "statement": "vigo tournament be august 3 2008",
        "label": 1,
        "table_caption": "neuza silva",
        "table_text": "date#tournament#surface#partner#opponent in the final#score\n23 june 2002#montemor - o - novo#hard#carlota santos#alberta brianti & frederica piedade#6 - 4 , 6 - 2\n5 august 2002#pontevedra#hard#frederica piedade#alberta brianti & ipek şenoğlu#6 - 2 , 4 - 6 , 6 - 2\n29 september 2002#lleida#clay#frederica piedade#caroline ann basu & aliénor tricerri#6 - 7 (5 - 7) , 6 - 2 , 6 - 4\n25 may 2003#almeria#hard#ipek şenoğlu#romy farah & astrid waernes#7 - 5 , 5 - 7 , 6 - 3\n3 august 2003#pontevedra#hard#gabriela velasco andreu#veronika litvinskaya & elena poliakova#6 - 0 , 6 - 1\n16 may 2004#monzón#hard#larissa carvalho#joana cortez & marina tavares#6 - 2 , 6 - 4\n29 august 2005#amarante#hard#joana cortez#flavia mignola & gabriela velasco andreu#6 - 2 , 6 - 3\n11 october 2005#bolton#hard#daniela kix#veronika chvojková & claire peterzan#6 - 0 , 6 - 2\n11 october 2006#mallorca#clay#nuria sanchez garcia#anja prislan & laura siegemund#6 - 3 , 6 - 1\n30 january 2007#hull#hard#claire de gubernatis#danielle brown & elizabeth thomas#6 - 7 (2 - 7) , 7 - 5 , 6 - 4\n25 february 2007#portimão#hard#nicole thijssen#jessica lehnhoff & robin stephenson#6 - 4 , 6 - 2\n26 march 2007#athens#hard#nicole thijssen#anna koumantou & pemra özgen#6 - 2 , 6 - 4\n26 may 2007#fuerteventura#carpet#nicole thijssen#mariana duque marino & roxane vaisemberg#6 - 1 , 6 - 2\n9 july 2007#mont - de - marsan#clay#nina bratchikova#joana cortez & teliana pereira#6 - 3 , 7 - 6 (7 - 3)\n10 august 2007#coimbra#hard#kira nagy#magdalena kiszczyńska & yanina wickmayer#6 - 3 , 3 - 6 , 7 - 5\n5 july 2008#mont - de - marsan#clay#ipek şenoğlu#melanie klaffner & frederica piedade#6 - 4 , 6 - 2\n27 july 2008#la coruña#hard#nicole thijssen#karen emilia castiblanco duarte & paula zabala#6 - 2 , 6 - 2\n3 august 2008#vigo#hard#nicole thijssen#nina bratchikova & frederica piedade#6 - 2 , 6 - 4\n",
        "pandas_code": "df[(df['tournament'] == 'vigo') & (df['date'] == '3 august 2008')].shape[0] == 1",
        "pandas_eval": "True"
    },
    {
        "id": 69962,
        "statement": "kira naggy be silva 's partner in the bolton tournament play on a clay surface",
        "label": 0,
        "table_caption": "neuza silva",
        "table_text": "date#tournament#surface#partner#opponent in the final#score\n23 june 2002#montemor - o - novo#hard#carlota santos#alberta brianti & frederica piedade#6 - 4 , 6 - 2\n5 august 2002#pontevedra#hard#frederica piedade#alberta brianti & ipek şenoğlu#6 - 2 , 4 - 6 , 6 - 2\n29 september 2002#lleida#clay#frederica piedade#caroline ann basu & aliénor tricerri#6 - 7 (5 - 7) , 6 - 2 , 6 - 4\n25 may 2003#almeria#hard#ipek şenoğlu#romy farah & astrid waernes#7 - 5 , 5 - 7 , 6 - 3\n3 august 2003#pontevedra#hard#gabriela velasco andreu#veronika litvinskaya & elena poliakova#6 - 0 , 6 - 1\n16 may 2004#monzón#hard#larissa carvalho#joana cortez & marina tavares#6 - 2 , 6 - 4\n29 august 2005#amarante#hard#joana cortez#flavia mignola & gabriela velasco andreu#6 - 2 , 6 - 3\n11 october 2005#bolton#hard#daniela kix#veronika chvojková & claire peterzan#6 - 0 , 6 - 2\n11 october 2006#mallorca#clay#nuria sanchez garcia#anja prislan & laura siegemund#6 - 3 , 6 - 1\n30 january 2007#hull#hard#claire de gubernatis#danielle brown & elizabeth thomas#6 - 7 (2 - 7) , 7 - 5 , 6 - 4\n25 february 2007#portimão#hard#nicole thijssen#jessica lehnhoff & robin stephenson#6 - 4 , 6 - 2\n26 march 2007#athens#hard#nicole thijssen#anna koumantou & pemra özgen#6 - 2 , 6 - 4\n26 may 2007#fuerteventura#carpet#nicole thijssen#mariana duque marino & roxane vaisemberg#6 - 1 , 6 - 2\n9 july 2007#mont - de - marsan#clay#nina bratchikova#joana cortez & teliana pereira#6 - 3 , 7 - 6 (7 - 3)\n10 august 2007#coimbra#hard#kira nagy#magdalena kiszczyńska & yanina wickmayer#6 - 3 , 3 - 6 , 7 - 5\n5 july 2008#mont - de - marsan#clay#ipek şenoğlu#melanie klaffner & frederica piedade#6 - 4 , 6 - 2\n27 july 2008#la coruña#hard#nicole thijssen#karen emilia castiblanco duarte & paula zabala#6 - 2 , 6 - 2\n3 august 2008#vigo#hard#nicole thijssen#nina bratchikova & frederica piedade#6 - 2 , 6 - 4\n",
        "pandas_code": "((df['tournament'] == 'bolton') & (df['partner'] == 'kira nagy') & (df['surface'] == 'clay')).any()",
        "pandas_eval": "False"
    },
    {
        "id": 69963,
        "statement": "nina bratchikova be lva 's partner in the match with a score of 6 - 1 , 7 - 6 (7 - 3)",
        "label": 0,
        "table_caption": "neuza silva",
        "table_text": "date#tournament#surface#partner#opponent in the final#score\n23 june 2002#montemor - o - novo#hard#carlota santos#alberta brianti & frederica piedade#6 - 4 , 6 - 2\n5 august 2002#pontevedra#hard#frederica piedade#alberta brianti & ipek şenoğlu#6 - 2 , 4 - 6 , 6 - 2\n29 september 2002#lleida#clay#frederica piedade#caroline ann basu & aliénor tricerri#6 - 7 (5 - 7) , 6 - 2 , 6 - 4\n25 may 2003#almeria#hard#ipek şenoğlu#romy farah & astrid waernes#7 - 5 , 5 - 7 , 6 - 3\n3 august 2003#pontevedra#hard#gabriela velasco andreu#veronika litvinskaya & elena poliakova#6 - 0 , 6 - 1\n16 may 2004#monzón#hard#larissa carvalho#joana cortez & marina tavares#6 - 2 , 6 - 4\n29 august 2005#amarante#hard#joana cortez#flavia mignola & gabriela velasco andreu#6 - 2 , 6 - 3\n11 october 2005#bolton#hard#daniela kix#veronika chvojková & claire peterzan#6 - 0 , 6 - 2\n11 october 2006#mallorca#clay#nuria sanchez garcia#anja prislan & laura siegemund#6 - 3 , 6 - 1\n30 january 2007#hull#hard#claire de gubernatis#danielle brown & elizabeth thomas#6 - 7 (2 - 7) , 7 - 5 , 6 - 4\n25 february 2007#portimão#hard#nicole thijssen#jessica lehnhoff & robin stephenson#6 - 4 , 6 - 2\n26 march 2007#athens#hard#nicole thijssen#anna koumantou & pemra özgen#6 - 2 , 6 - 4\n26 may 2007#fuerteventura#carpet#nicole thijssen#mariana duque marino & roxane vaisemberg#6 - 1 , 6 - 2\n9 july 2007#mont - de - marsan#clay#nina bratchikova#joana cortez & teliana pereira#6 - 3 , 7 - 6 (7 - 3)\n10 august 2007#coimbra#hard#kira nagy#magdalena kiszczyńska & yanina wickmayer#6 - 3 , 3 - 6 , 7 - 5\n5 july 2008#mont - de - marsan#clay#ipek şenoğlu#melanie klaffner & frederica piedade#6 - 4 , 6 - 2\n27 july 2008#la coruña#hard#nicole thijssen#karen emilia castiblanco duarte & paula zabala#6 - 2 , 6 - 2\n3 august 2008#vigo#hard#nicole thijssen#nina bratchikova & frederica piedade#6 - 2 , 6 - 4\n",
        "pandas_code": "((df['partner'] == 'nina bratchikova') & (df['score'] == '6 - 1 , 7 - 6 (7 - 3)')).any()",
        "pandas_eval": "False"
    },
    {
        "id": 69964,
        "statement": "10 august 2008 be the match with partner kira nagy",
        "label": 0,
        "table_caption": "neuza silva",
        "table_text": "date#tournament#surface#partner#opponent in the final#score\n23 june 2002#montemor - o - novo#hard#carlota santos#alberta brianti & frederica piedade#6 - 4 , 6 - 2\n5 august 2002#pontevedra#hard#frederica piedade#alberta brianti & ipek şenoğlu#6 - 2 , 4 - 6 , 6 - 2\n29 september 2002#lleida#clay#frederica piedade#caroline ann basu & aliénor tricerri#6 - 7 (5 - 7) , 6 - 2 , 6 - 4\n25 may 2003#almeria#hard#ipek şenoğlu#romy farah & astrid waernes#7 - 5 , 5 - 7 , 6 - 3\n3 august 2003#pontevedra#hard#gabriela velasco andreu#veronika litvinskaya & elena poliakova#6 - 0 , 6 - 1\n16 may 2004#monzón#hard#larissa carvalho#joana cortez & marina tavares#6 - 2 , 6 - 4\n29 august 2005#amarante#hard#joana cortez#flavia mignola & gabriela velasco andreu#6 - 2 , 6 - 3\n11 october 2005#bolton#hard#daniela kix#veronika chvojková & claire peterzan#6 - 0 , 6 - 2\n11 october 2006#mallorca#clay#nuria sanchez garcia#anja prislan & laura siegemund#6 - 3 , 6 - 1\n30 january 2007#hull#hard#claire de gubernatis#danielle brown & elizabeth thomas#6 - 7 (2 - 7) , 7 - 5 , 6 - 4\n25 february 2007#portimão#hard#nicole thijssen#jessica lehnhoff & robin stephenson#6 - 4 , 6 - 2\n26 march 2007#athens#hard#nicole thijssen#anna koumantou & pemra özgen#6 - 2 , 6 - 4\n26 may 2007#fuerteventura#carpet#nicole thijssen#mariana duque marino & roxane vaisemberg#6 - 1 , 6 - 2\n9 july 2007#mont - de - marsan#clay#nina bratchikova#joana cortez & teliana pereira#6 - 3 , 7 - 6 (7 - 3)\n10 august 2007#coimbra#hard#kira nagy#magdalena kiszczyńska & yanina wickmayer#6 - 3 , 3 - 6 , 7 - 5\n5 july 2008#mont - de - marsan#clay#ipek şenoğlu#melanie klaffner & frederica piedade#6 - 4 , 6 - 2\n27 july 2008#la coruña#hard#nicole thijssen#karen emilia castiblanco duarte & paula zabala#6 - 2 , 6 - 2\n3 august 2008#vigo#hard#nicole thijssen#nina bratchikova & frederica piedade#6 - 2 , 6 - 4\n",
        "pandas_code": "((df['date'] == '10 august 2008') & (df['partner'] == 'kira nagy')).any()",
        "pandas_eval": "False"
    },
    {
        "id": 69965,
        "statement": "3 august 2009 be the date of the vigo tournament",
        "label": 0,
        "table_caption": "neuza silva",
        "table_text": "date#tournament#surface#partner#opponent in the final#score\n23 june 2002#montemor - o - novo#hard#carlota santos#alberta brianti & frederica piedade#6 - 4 , 6 - 2\n5 august 2002#pontevedra#hard#frederica piedade#alberta brianti & ipek şenoğlu#6 - 2 , 4 - 6 , 6 - 2\n29 september 2002#lleida#clay#frederica piedade#caroline ann basu & aliénor tricerri#6 - 7 (5 - 7) , 6 - 2 , 6 - 4\n25 may 2003#almeria#hard#ipek şenoğlu#romy farah & astrid waernes#7 - 5 , 5 - 7 , 6 - 3\n3 august 2003#pontevedra#hard#gabriela velasco andreu#veronika litvinskaya & elena poliakova#6 - 0 , 6 - 1\n16 may 2004#monzón#hard#larissa carvalho#joana cortez & marina tavares#6 - 2 , 6 - 4\n29 august 2005#amarante#hard#joana cortez#flavia mignola & gabriela velasco andreu#6 - 2 , 6 - 3\n11 october 2005#bolton#hard#daniela kix#veronika chvojková & claire peterzan#6 - 0 , 6 - 2\n11 october 2006#mallorca#clay#nuria sanchez garcia#anja prislan & laura siegemund#6 - 3 , 6 - 1\n30 january 2007#hull#hard#claire de gubernatis#danielle brown & elizabeth thomas#6 - 7 (2 - 7) , 7 - 5 , 6 - 4\n25 february 2007#portimão#hard#nicole thijssen#jessica lehnhoff & robin stephenson#6 - 4 , 6 - 2\n26 march 2007#athens#hard#nicole thijssen#anna koumantou & pemra özgen#6 - 2 , 6 - 4\n26 may 2007#fuerteventura#carpet#nicole thijssen#mariana duque marino & roxane vaisemberg#6 - 1 , 6 - 2\n9 july 2007#mont - de - marsan#clay#nina bratchikova#joana cortez & teliana pereira#6 - 3 , 7 - 6 (7 - 3)\n10 august 2007#coimbra#hard#kira nagy#magdalena kiszczyńska & yanina wickmayer#6 - 3 , 3 - 6 , 7 - 5\n5 july 2008#mont - de - marsan#clay#ipek şenoğlu#melanie klaffner & frederica piedade#6 - 4 , 6 - 2\n27 july 2008#la coruña#hard#nicole thijssen#karen emilia castiblanco duarte & paula zabala#6 - 2 , 6 - 2\n3 august 2008#vigo#hard#nicole thijssen#nina bratchikova & frederica piedade#6 - 2 , 6 - 4\n",
        "pandas_code": "not df[(df['date'] == '3 august 2009') & (df['tournament'] == 'vigo')].empty",
        "pandas_eval": "False"
    },
    {
        "id": 69966,
        "statement": "la coruña be the tournament that silva partner with nicole thijssen with opponent in the final nina bratchikova & frederica piedade",
        "label": 0,
        "table_caption": "neuza silva",
        "table_text": "date#tournament#surface#partner#opponent in the final#score\n23 june 2002#montemor - o - novo#hard#carlota santos#alberta brianti & frederica piedade#6 - 4 , 6 - 2\n5 august 2002#pontevedra#hard#frederica piedade#alberta brianti & ipek şenoğlu#6 - 2 , 4 - 6 , 6 - 2\n29 september 2002#lleida#clay#frederica piedade#caroline ann basu & aliénor tricerri#6 - 7 (5 - 7) , 6 - 2 , 6 - 4\n25 may 2003#almeria#hard#ipek şenoğlu#romy farah & astrid waernes#7 - 5 , 5 - 7 , 6 - 3\n3 august 2003#pontevedra#hard#gabriela velasco andreu#veronika litvinskaya & elena poliakova#6 - 0 , 6 - 1\n16 may 2004#monzón#hard#larissa carvalho#joana cortez & marina tavares#6 - 2 , 6 - 4\n29 august 2005#amarante#hard#joana cortez#flavia mignola & gabriela velasco andreu#6 - 2 , 6 - 3\n11 october 2005#bolton#hard#daniela kix#veronika chvojková & claire peterzan#6 - 0 , 6 - 2\n11 october 2006#mallorca#clay#nuria sanchez garcia#anja prislan & laura siegemund#6 - 3 , 6 - 1\n30 january 2007#hull#hard#claire de gubernatis#danielle brown & elizabeth thomas#6 - 7 (2 - 7) , 7 - 5 , 6 - 4\n25 february 2007#portimão#hard#nicole thijssen#jessica lehnhoff & robin stephenson#6 - 4 , 6 - 2\n26 march 2007#athens#hard#nicole thijssen#anna koumantou & pemra özgen#6 - 2 , 6 - 4\n26 may 2007#fuerteventura#carpet#nicole thijssen#mariana duque marino & roxane vaisemberg#6 - 1 , 6 - 2\n9 july 2007#mont - de - marsan#clay#nina bratchikova#joana cortez & teliana pereira#6 - 3 , 7 - 6 (7 - 3)\n10 august 2007#coimbra#hard#kira nagy#magdalena kiszczyńska & yanina wickmayer#6 - 3 , 3 - 6 , 7 - 5\n5 july 2008#mont - de - marsan#clay#ipek şenoğlu#melanie klaffner & frederica piedade#6 - 4 , 6 - 2\n27 july 2008#la coruña#hard#nicole thijssen#karen emilia castiblanco duarte & paula zabala#6 - 2 , 6 - 2\n3 august 2008#vigo#hard#nicole thijssen#nina bratchikova & frederica piedade#6 - 2 , 6 - 4\n",
        "pandas_code": "((df['tournament'] == 'la coruña') & (df['partner'] == 'nicole thijssen') & (df['opponent in the final'] == 'nina bratchikova & frederica piedade')).any()",
        "pandas_eval": "False"
    },
    {
        "id": 76642,
        "statement": "on 28 april 2005 selma babic play on a clay surface at the 2005 fed cup europe / africa group iii",
        "label": 1,
        "table_caption": "neuza silva",
        "table_text": "edition#round#date#against#surface#opponent#result\n2002 fed cup europe / africa group i#rr#24 april 2002#bulgaria#clay#desislava topalova#6 - 7 (4 - 7) , 1 - 6\n2005 fed cup europe / africa group iii#rr#26 april 2005#moldova#clay#ina sireteanu#6 - 1 , 6 - 1\n2005 fed cup europe / africa group iii#giii play - offs#28 april 2005#bosnia and herzegovina#clay#selma babic#6 - 3 , 6 - 0\n2007 fed cup europe / africa group ii#rr#17 - 19 april 2007#bosnia and herzegovina#hard#dijana stojic#6 - 3 , 6 - 3\n2007 fed cup europe / africa group ii#rr#17 - 19 april 2007#georgia#hard#oksana kalashnikova#7 - 5 , 6 - 4\n2007 fed cup europe / africa group ii#rr#17 - 19 april 2007#norway#hard#karoline steiro#6 - 2 , 6 - 1\n2007 fed cup europe / africa group ii#gii play - offs#20 april 2007#greece#hard#asimina kaplani#6 - 2 , 6 - 1\n2008 fed cup europe / africa group i#rr#30 january - 3 february 2008#bulgaria#carpet#tsvetana pironkova#1 - 6 , 0 - 6\n2008 fed cup europe / africa group i#rr#30 january - 3 february 2008#netherlands#carpet#arantxa rus#5 - 7 , 4 - 6\n2009 fed cup europe / africa group ii#rr#22 - 24 april 2009#morocco#hard#nadia lalami#6 - 1 , 6 - 0\n2009 fed cup europe / africa group ii#rr#22 - 24 april 2009#latvia#hard#irina kuzmina#6 - 2 , 6 - 1\n2009 fed cup europe / africa group ii#gii play - offs#25 april 2009#south africa#hard#lizaan du plessis#6 - 2 , 6 - 3\n2010 fed cup europe / africa group i#rr#4 - 5 february 2010#cratia#hard#ajla tomljanović#6 - 7 (6 - 8) , 4 - 6\n2010 fed cup europe / africa group i#rr#4 - 5 february 2010#switzerland#hard#amra sadikovic#4 - 6 , 1 - 6\n2010 fed cup europe / africa group i#gi play - offs#6 february 2010#bulgaria#hard#dia evtimova#1 - 6 , 1 - 6\n",
        "pandas_code": "((df['date'] == '28 april 2005') & (df['opponent'] == 'selma babic') & (df['surface'] == 'clay') & (df['edition'] == '2005 fed cup europe / africa group iii')).any()",
        "pandas_eval": "True"
    },
    {
        "id": 76643,
        "statement": "on 24 april 2002 the surface be clay and the result be 6 - 7 (4 - 7) , 1 - 6",
        "label": 1,
        "table_caption": "neuza silva",
        "table_text": "edition#round#date#against#surface#opponent#result\n2002 fed cup europe / africa group i#rr#24 april 2002#bulgaria#clay#desislava topalova#6 - 7 (4 - 7) , 1 - 6\n2005 fed cup europe / africa group iii#rr#26 april 2005#moldova#clay#ina sireteanu#6 - 1 , 6 - 1\n2005 fed cup europe / africa group iii#giii play - offs#28 april 2005#bosnia and herzegovina#clay#selma babic#6 - 3 , 6 - 0\n2007 fed cup europe / africa group ii#rr#17 - 19 april 2007#bosnia and herzegovina#hard#dijana stojic#6 - 3 , 6 - 3\n2007 fed cup europe / africa group ii#rr#17 - 19 april 2007#georgia#hard#oksana kalashnikova#7 - 5 , 6 - 4\n2007 fed cup europe / africa group ii#rr#17 - 19 april 2007#norway#hard#karoline steiro#6 - 2 , 6 - 1\n2007 fed cup europe / africa group ii#gii play - offs#20 april 2007#greece#hard#asimina kaplani#6 - 2 , 6 - 1\n2008 fed cup europe / africa group i#rr#30 january - 3 february 2008#bulgaria#carpet#tsvetana pironkova#1 - 6 , 0 - 6\n2008 fed cup europe / africa group i#rr#30 january - 3 february 2008#netherlands#carpet#arantxa rus#5 - 7 , 4 - 6\n2009 fed cup europe / africa group ii#rr#22 - 24 april 2009#morocco#hard#nadia lalami#6 - 1 , 6 - 0\n2009 fed cup europe / africa group ii#rr#22 - 24 april 2009#latvia#hard#irina kuzmina#6 - 2 , 6 - 1\n2009 fed cup europe / africa group ii#gii play - offs#25 april 2009#south africa#hard#lizaan du plessis#6 - 2 , 6 - 3\n2010 fed cup europe / africa group i#rr#4 - 5 february 2010#cratia#hard#ajla tomljanović#6 - 7 (6 - 8) , 4 - 6\n2010 fed cup europe / africa group i#rr#4 - 5 february 2010#switzerland#hard#amra sadikovic#4 - 6 , 1 - 6\n2010 fed cup europe / africa group i#gi play - offs#6 february 2010#bulgaria#hard#dia evtimova#1 - 6 , 1 - 6\n",
        "pandas_code": "df[(df['date'] == '24 april 2002') & (df['surface'] == 'clay') & (df['result'] == '6 - 7 (4 - 7) , 1 - 6')].shape[0] == 1",
        "pandas_eval": "True"
    },
    {
        "id": 76644,
        "statement": "the opponent when play against norway be karoline steiro",
        "label": 1,
        "table_caption": "neuza silva",
        "table_text": "edition#round#date#against#surface#opponent#result\n2002 fed cup europe / africa group i#rr#24 april 2002#bulgaria#clay#desislava topalova#6 - 7 (4 - 7) , 1 - 6\n2005 fed cup europe / africa group iii#rr#26 april 2005#moldova#clay#ina sireteanu#6 - 1 , 6 - 1\n2005 fed cup europe / africa group iii#giii play - offs#28 april 2005#bosnia and herzegovina#clay#selma babic#6 - 3 , 6 - 0\n2007 fed cup europe / africa group ii#rr#17 - 19 april 2007#bosnia and herzegovina#hard#dijana stojic#6 - 3 , 6 - 3\n2007 fed cup europe / africa group ii#rr#17 - 19 april 2007#georgia#hard#oksana kalashnikova#7 - 5 , 6 - 4\n2007 fed cup europe / africa group ii#rr#17 - 19 april 2007#norway#hard#karoline steiro#6 - 2 , 6 - 1\n2007 fed cup europe / africa group ii#gii play - offs#20 april 2007#greece#hard#asimina kaplani#6 - 2 , 6 - 1\n2008 fed cup europe / africa group i#rr#30 january - 3 february 2008#bulgaria#carpet#tsvetana pironkova#1 - 6 , 0 - 6\n2008 fed cup europe / africa group i#rr#30 january - 3 february 2008#netherlands#carpet#arantxa rus#5 - 7 , 4 - 6\n2009 fed cup europe / africa group ii#rr#22 - 24 april 2009#morocco#hard#nadia lalami#6 - 1 , 6 - 0\n2009 fed cup europe / africa group ii#rr#22 - 24 april 2009#latvia#hard#irina kuzmina#6 - 2 , 6 - 1\n2009 fed cup europe / africa group ii#gii play - offs#25 april 2009#south africa#hard#lizaan du plessis#6 - 2 , 6 - 3\n2010 fed cup europe / africa group i#rr#4 - 5 february 2010#cratia#hard#ajla tomljanović#6 - 7 (6 - 8) , 4 - 6\n2010 fed cup europe / africa group i#rr#4 - 5 february 2010#switzerland#hard#amra sadikovic#4 - 6 , 1 - 6\n2010 fed cup europe / africa group i#gi play - offs#6 february 2010#bulgaria#hard#dia evtimova#1 - 6 , 1 - 6\n",
        "pandas_code": "df[df['against'] == 'norway']['opponent'].eq('karoline steiro').all()",
        "pandas_eval": "True"
    },
    {
        "id": 76645,
        "statement": "when the opponent w selma babic the surface be clay",
        "label": 1,
        "table_caption": "neuza silva",
        "table_text": "edition#round#date#against#surface#opponent#result\n2002 fed cup europe / africa group i#rr#24 april 2002#bulgaria#clay#desislava topalova#6 - 7 (4 - 7) , 1 - 6\n2005 fed cup europe / africa group iii#rr#26 april 2005#moldova#clay#ina sireteanu#6 - 1 , 6 - 1\n2005 fed cup europe / africa group iii#giii play - offs#28 april 2005#bosnia and herzegovina#clay#selma babic#6 - 3 , 6 - 0\n2007 fed cup europe / africa group ii#rr#17 - 19 april 2007#bosnia and herzegovina#hard#dijana stojic#6 - 3 , 6 - 3\n2007 fed cup europe / africa group ii#rr#17 - 19 april 2007#georgia#hard#oksana kalashnikova#7 - 5 , 6 - 4\n2007 fed cup europe / africa group ii#rr#17 - 19 april 2007#norway#hard#karoline steiro#6 - 2 , 6 - 1\n2007 fed cup europe / africa group ii#gii play - offs#20 april 2007#greece#hard#asimina kaplani#6 - 2 , 6 - 1\n2008 fed cup europe / africa group i#rr#30 january - 3 february 2008#bulgaria#carpet#tsvetana pironkova#1 - 6 , 0 - 6\n2008 fed cup europe / africa group i#rr#30 january - 3 february 2008#netherlands#carpet#arantxa rus#5 - 7 , 4 - 6\n2009 fed cup europe / africa group ii#rr#22 - 24 april 2009#morocco#hard#nadia lalami#6 - 1 , 6 - 0\n2009 fed cup europe / africa group ii#rr#22 - 24 april 2009#latvia#hard#irina kuzmina#6 - 2 , 6 - 1\n2009 fed cup europe / africa group ii#gii play - offs#25 april 2009#south africa#hard#lizaan du plessis#6 - 2 , 6 - 3\n2010 fed cup europe / africa group i#rr#4 - 5 february 2010#cratia#hard#ajla tomljanović#6 - 7 (6 - 8) , 4 - 6\n2010 fed cup europe / africa group i#rr#4 - 5 february 2010#switzerland#hard#amra sadikovic#4 - 6 , 1 - 6\n2010 fed cup europe / africa group i#gi play - offs#6 february 2010#bulgaria#hard#dia evtimova#1 - 6 , 1 - 6\n",
        "pandas_code": "df[(df['opponent'] == 'selma babic') & (df['surface'] == 'clay')].shape[0] > 0",
        "pandas_eval": "True"
    },
    {
        "id": 76646,
        "statement": "in the europe / africa group when the round be gii play - off the surface be hard",
        "label": 1,
        "table_caption": "neuza silva",
        "table_text": "edition#round#date#against#surface#opponent#result\n2002 fed cup europe / africa group i#rr#24 april 2002#bulgaria#clay#desislava topalova#6 - 7 (4 - 7) , 1 - 6\n2005 fed cup europe / africa group iii#rr#26 april 2005#moldova#clay#ina sireteanu#6 - 1 , 6 - 1\n2005 fed cup europe / africa group iii#giii play - offs#28 april 2005#bosnia and herzegovina#clay#selma babic#6 - 3 , 6 - 0\n2007 fed cup europe / africa group ii#rr#17 - 19 april 2007#bosnia and herzegovina#hard#dijana stojic#6 - 3 , 6 - 3\n2007 fed cup europe / africa group ii#rr#17 - 19 april 2007#georgia#hard#oksana kalashnikova#7 - 5 , 6 - 4\n2007 fed cup europe / africa group ii#rr#17 - 19 april 2007#norway#hard#karoline steiro#6 - 2 , 6 - 1\n2007 fed cup europe / africa group ii#gii play - offs#20 april 2007#greece#hard#asimina kaplani#6 - 2 , 6 - 1\n2008 fed cup europe / africa group i#rr#30 january - 3 february 2008#bulgaria#carpet#tsvetana pironkova#1 - 6 , 0 - 6\n2008 fed cup europe / africa group i#rr#30 january - 3 february 2008#netherlands#carpet#arantxa rus#5 - 7 , 4 - 6\n2009 fed cup europe / africa group ii#rr#22 - 24 april 2009#morocco#hard#nadia lalami#6 - 1 , 6 - 0\n2009 fed cup europe / africa group ii#rr#22 - 24 april 2009#latvia#hard#irina kuzmina#6 - 2 , 6 - 1\n2009 fed cup europe / africa group ii#gii play - offs#25 april 2009#south africa#hard#lizaan du plessis#6 - 2 , 6 - 3\n2010 fed cup europe / africa group i#rr#4 - 5 february 2010#cratia#hard#ajla tomljanović#6 - 7 (6 - 8) , 4 - 6\n2010 fed cup europe / africa group i#rr#4 - 5 february 2010#switzerland#hard#amra sadikovic#4 - 6 , 1 - 6\n2010 fed cup europe / africa group i#gi play - offs#6 february 2010#bulgaria#hard#dia evtimova#1 - 6 , 1 - 6\n",
        "pandas_code": "all(df[(df['round'] == 'gii play - offs') & (df['edition'].str.contains('europe / africa'))]['surface'] == 'hard')",
        "pandas_eval": "True"
    },
    {
        "id": 76647,
        "statement": "the date when the surface be clay and the result be 6 - 7 (4 - 7) , 1 - 6 , be 24 april 2002",
        "label": 1,
        "table_caption": "neuza silva",
        "table_text": "edition#round#date#against#surface#opponent#result\n2002 fed cup europe / africa group i#rr#24 april 2002#bulgaria#clay#desislava topalova#6 - 7 (4 - 7) , 1 - 6\n2005 fed cup europe / africa group iii#rr#26 april 2005#moldova#clay#ina sireteanu#6 - 1 , 6 - 1\n2005 fed cup europe / africa group iii#giii play - offs#28 april 2005#bosnia and herzegovina#clay#selma babic#6 - 3 , 6 - 0\n2007 fed cup europe / africa group ii#rr#17 - 19 april 2007#bosnia and herzegovina#hard#dijana stojic#6 - 3 , 6 - 3\n2007 fed cup europe / africa group ii#rr#17 - 19 april 2007#georgia#hard#oksana kalashnikova#7 - 5 , 6 - 4\n2007 fed cup europe / africa group ii#rr#17 - 19 april 2007#norway#hard#karoline steiro#6 - 2 , 6 - 1\n2007 fed cup europe / africa group ii#gii play - offs#20 april 2007#greece#hard#asimina kaplani#6 - 2 , 6 - 1\n2008 fed cup europe / africa group i#rr#30 january - 3 february 2008#bulgaria#carpet#tsvetana pironkova#1 - 6 , 0 - 6\n2008 fed cup europe / africa group i#rr#30 january - 3 february 2008#netherlands#carpet#arantxa rus#5 - 7 , 4 - 6\n2009 fed cup europe / africa group ii#rr#22 - 24 april 2009#morocco#hard#nadia lalami#6 - 1 , 6 - 0\n2009 fed cup europe / africa group ii#rr#22 - 24 april 2009#latvia#hard#irina kuzmina#6 - 2 , 6 - 1\n2009 fed cup europe / africa group ii#gii play - offs#25 april 2009#south africa#hard#lizaan du plessis#6 - 2 , 6 - 3\n2010 fed cup europe / africa group i#rr#4 - 5 february 2010#cratia#hard#ajla tomljanović#6 - 7 (6 - 8) , 4 - 6\n2010 fed cup europe / africa group i#rr#4 - 5 february 2010#switzerland#hard#amra sadikovic#4 - 6 , 1 - 6\n2010 fed cup europe / africa group i#gi play - offs#6 february 2010#bulgaria#hard#dia evtimova#1 - 6 , 1 - 6\n",
        "pandas_code": "df[(df['surface'] == 'clay') & (df['result'] == '6 - 7 (4 - 7) , 1 - 6')]['date'].iloc[0] == '24 april 2002'",
        "pandas_eval": "True"
    },
    {
        "id": 76648,
        "statement": "karoline steiro be the opponent when norway be against",
        "label": 1,
        "table_caption": "neuza silva",
        "table_text": "edition#round#date#against#surface#opponent#result\n2002 fed cup europe / africa group i#rr#24 april 2002#bulgaria#clay#desislava topalova#6 - 7 (4 - 7) , 1 - 6\n2005 fed cup europe / africa group iii#rr#26 april 2005#moldova#clay#ina sireteanu#6 - 1 , 6 - 1\n2005 fed cup europe / africa group iii#giii play - offs#28 april 2005#bosnia and herzegovina#clay#selma babic#6 - 3 , 6 - 0\n2007 fed cup europe / africa group ii#rr#17 - 19 april 2007#bosnia and herzegovina#hard#dijana stojic#6 - 3 , 6 - 3\n2007 fed cup europe / africa group ii#rr#17 - 19 april 2007#georgia#hard#oksana kalashnikova#7 - 5 , 6 - 4\n2007 fed cup europe / africa group ii#rr#17 - 19 april 2007#norway#hard#karoline steiro#6 - 2 , 6 - 1\n2007 fed cup europe / africa group ii#gii play - offs#20 april 2007#greece#hard#asimina kaplani#6 - 2 , 6 - 1\n2008 fed cup europe / africa group i#rr#30 january - 3 february 2008#bulgaria#carpet#tsvetana pironkova#1 - 6 , 0 - 6\n2008 fed cup europe / africa group i#rr#30 january - 3 february 2008#netherlands#carpet#arantxa rus#5 - 7 , 4 - 6\n2009 fed cup europe / africa group ii#rr#22 - 24 april 2009#morocco#hard#nadia lalami#6 - 1 , 6 - 0\n2009 fed cup europe / africa group ii#rr#22 - 24 april 2009#latvia#hard#irina kuzmina#6 - 2 , 6 - 1\n2009 fed cup europe / africa group ii#gii play - offs#25 april 2009#south africa#hard#lizaan du plessis#6 - 2 , 6 - 3\n2010 fed cup europe / africa group i#rr#4 - 5 february 2010#cratia#hard#ajla tomljanović#6 - 7 (6 - 8) , 4 - 6\n2010 fed cup europe / africa group i#rr#4 - 5 february 2010#switzerland#hard#amra sadikovic#4 - 6 , 1 - 6\n2010 fed cup europe / africa group i#gi play - offs#6 february 2010#bulgaria#hard#dia evtimova#1 - 6 , 1 - 6\n",
        "pandas_code": "df[(df['opponent'] == 'karoline steiro') & (df['against'] == 'norway')].shape[0] > 0",
        "pandas_eval": "True"
    },
    {
        "id": 76649,
        "statement": "selma babic 's surface at match be hard",
        "label": 0,
        "table_caption": "neuza silva",
        "table_text": "edition#round#date#against#surface#opponent#result\n2002 fed cup europe / africa group i#rr#24 april 2002#bulgaria#clay#desislava topalova#6 - 7 (4 - 7) , 1 - 6\n2005 fed cup europe / africa group iii#rr#26 april 2005#moldova#clay#ina sireteanu#6 - 1 , 6 - 1\n2005 fed cup europe / africa group iii#giii play - offs#28 april 2005#bosnia and herzegovina#clay#selma babic#6 - 3 , 6 - 0\n2007 fed cup europe / africa group ii#rr#17 - 19 april 2007#bosnia and herzegovina#hard#dijana stojic#6 - 3 , 6 - 3\n2007 fed cup europe / africa group ii#rr#17 - 19 april 2007#georgia#hard#oksana kalashnikova#7 - 5 , 6 - 4\n2007 fed cup europe / africa group ii#rr#17 - 19 april 2007#norway#hard#karoline steiro#6 - 2 , 6 - 1\n2007 fed cup europe / africa group ii#gii play - offs#20 april 2007#greece#hard#asimina kaplani#6 - 2 , 6 - 1\n2008 fed cup europe / africa group i#rr#30 january - 3 february 2008#bulgaria#carpet#tsvetana pironkova#1 - 6 , 0 - 6\n2008 fed cup europe / africa group i#rr#30 january - 3 february 2008#netherlands#carpet#arantxa rus#5 - 7 , 4 - 6\n2009 fed cup europe / africa group ii#rr#22 - 24 april 2009#morocco#hard#nadia lalami#6 - 1 , 6 - 0\n2009 fed cup europe / africa group ii#rr#22 - 24 april 2009#latvia#hard#irina kuzmina#6 - 2 , 6 - 1\n2009 fed cup europe / africa group ii#gii play - offs#25 april 2009#south africa#hard#lizaan du plessis#6 - 2 , 6 - 3\n2010 fed cup europe / africa group i#rr#4 - 5 february 2010#cratia#hard#ajla tomljanović#6 - 7 (6 - 8) , 4 - 6\n2010 fed cup europe / africa group i#rr#4 - 5 february 2010#switzerland#hard#amra sadikovic#4 - 6 , 1 - 6\n2010 fed cup europe / africa group i#gi play - offs#6 february 2010#bulgaria#hard#dia evtimova#1 - 6 , 1 - 6\n",
        "pandas_code": "df[df['opponent'] == 'selma babic']['surface'].eq('hard').any()",
        "pandas_eval": "False"
    },
    {
        "id": 76650,
        "statement": "the surface at the 2009 play - offs for the europe / africa group ii be carpet",
        "label": 0,
        "table_caption": "neuza silva",
        "table_text": "edition#round#date#against#surface#opponent#result\n2002 fed cup europe / africa group i#rr#24 april 2002#bulgaria#clay#desislava topalova#6 - 7 (4 - 7) , 1 - 6\n2005 fed cup europe / africa group iii#rr#26 april 2005#moldova#clay#ina sireteanu#6 - 1 , 6 - 1\n2005 fed cup europe / africa group iii#giii play - offs#28 april 2005#bosnia and herzegovina#clay#selma babic#6 - 3 , 6 - 0\n2007 fed cup europe / africa group ii#rr#17 - 19 april 2007#bosnia and herzegovina#hard#dijana stojic#6 - 3 , 6 - 3\n2007 fed cup europe / africa group ii#rr#17 - 19 april 2007#georgia#hard#oksana kalashnikova#7 - 5 , 6 - 4\n2007 fed cup europe / africa group ii#rr#17 - 19 april 2007#norway#hard#karoline steiro#6 - 2 , 6 - 1\n2007 fed cup europe / africa group ii#gii play - offs#20 april 2007#greece#hard#asimina kaplani#6 - 2 , 6 - 1\n2008 fed cup europe / africa group i#rr#30 january - 3 february 2008#bulgaria#carpet#tsvetana pironkova#1 - 6 , 0 - 6\n2008 fed cup europe / africa group i#rr#30 january - 3 february 2008#netherlands#carpet#arantxa rus#5 - 7 , 4 - 6\n2009 fed cup europe / africa group ii#rr#22 - 24 april 2009#morocco#hard#nadia lalami#6 - 1 , 6 - 0\n2009 fed cup europe / africa group ii#rr#22 - 24 april 2009#latvia#hard#irina kuzmina#6 - 2 , 6 - 1\n2009 fed cup europe / africa group ii#gii play - offs#25 april 2009#south africa#hard#lizaan du plessis#6 - 2 , 6 - 3\n2010 fed cup europe / africa group i#rr#4 - 5 february 2010#cratia#hard#ajla tomljanović#6 - 7 (6 - 8) , 4 - 6\n2010 fed cup europe / africa group i#rr#4 - 5 february 2010#switzerland#hard#amra sadikovic#4 - 6 , 1 - 6\n2010 fed cup europe / africa group i#gi play - offs#6 february 2010#bulgaria#hard#dia evtimova#1 - 6 , 1 - 6\n",
        "pandas_code": "df[(df['edition'] == '2009 fed cup europe / africa group ii') & (df['round'].str.contains('play - offs'))]['surface'].eq('carpet').any()",
        "pandas_eval": "False"
    },
    {
        "id": 76651,
        "statement": "on 24 april 2002 the surface be clay and the result be 6 - 1 , 6 - 1",
        "label": 0,
        "table_caption": "neuza silva",
        "table_text": "edition#round#date#against#surface#opponent#result\n2002 fed cup europe / africa group i#rr#24 april 2002#bulgaria#clay#desislava topalova#6 - 7 (4 - 7) , 1 - 6\n2005 fed cup europe / africa group iii#rr#26 april 2005#moldova#clay#ina sireteanu#6 - 1 , 6 - 1\n2005 fed cup europe / africa group iii#giii play - offs#28 april 2005#bosnia and herzegovina#clay#selma babic#6 - 3 , 6 - 0\n2007 fed cup europe / africa group ii#rr#17 - 19 april 2007#bosnia and herzegovina#hard#dijana stojic#6 - 3 , 6 - 3\n2007 fed cup europe / africa group ii#rr#17 - 19 april 2007#georgia#hard#oksana kalashnikova#7 - 5 , 6 - 4\n2007 fed cup europe / africa group ii#rr#17 - 19 april 2007#norway#hard#karoline steiro#6 - 2 , 6 - 1\n2007 fed cup europe / africa group ii#gii play - offs#20 april 2007#greece#hard#asimina kaplani#6 - 2 , 6 - 1\n2008 fed cup europe / africa group i#rr#30 january - 3 february 2008#bulgaria#carpet#tsvetana pironkova#1 - 6 , 0 - 6\n2008 fed cup europe / africa group i#rr#30 january - 3 february 2008#netherlands#carpet#arantxa rus#5 - 7 , 4 - 6\n2009 fed cup europe / africa group ii#rr#22 - 24 april 2009#morocco#hard#nadia lalami#6 - 1 , 6 - 0\n2009 fed cup europe / africa group ii#rr#22 - 24 april 2009#latvia#hard#irina kuzmina#6 - 2 , 6 - 1\n2009 fed cup europe / africa group ii#gii play - offs#25 april 2009#south africa#hard#lizaan du plessis#6 - 2 , 6 - 3\n2010 fed cup europe / africa group i#rr#4 - 5 february 2010#cratia#hard#ajla tomljanović#6 - 7 (6 - 8) , 4 - 6\n2010 fed cup europe / africa group i#rr#4 - 5 february 2010#switzerland#hard#amra sadikovic#4 - 6 , 1 - 6\n2010 fed cup europe / africa group i#gi play - offs#6 february 2010#bulgaria#hard#dia evtimova#1 - 6 , 1 - 6\n",
        "pandas_code": "((df['date'] == '24 april 2002') & (df['surface'] == 'clay') & (df['result'] == '6 - 1 , 6 - 1')).any()",
        "pandas_eval": "False"
    },
    {
        "id": 76652,
        "statement": "the opponent against greece be karoline steiro",
        "label": 0,
        "table_caption": "neuza silva",
        "table_text": "edition#round#date#against#surface#opponent#result\n2002 fed cup europe / africa group i#rr#24 april 2002#bulgaria#clay#desislava topalova#6 - 7 (4 - 7) , 1 - 6\n2005 fed cup europe / africa group iii#rr#26 april 2005#moldova#clay#ina sireteanu#6 - 1 , 6 - 1\n2005 fed cup europe / africa group iii#giii play - offs#28 april 2005#bosnia and herzegovina#clay#selma babic#6 - 3 , 6 - 0\n2007 fed cup europe / africa group ii#rr#17 - 19 april 2007#bosnia and herzegovina#hard#dijana stojic#6 - 3 , 6 - 3\n2007 fed cup europe / africa group ii#rr#17 - 19 april 2007#georgia#hard#oksana kalashnikova#7 - 5 , 6 - 4\n2007 fed cup europe / africa group ii#rr#17 - 19 april 2007#norway#hard#karoline steiro#6 - 2 , 6 - 1\n2007 fed cup europe / africa group ii#gii play - offs#20 april 2007#greece#hard#asimina kaplani#6 - 2 , 6 - 1\n2008 fed cup europe / africa group i#rr#30 january - 3 february 2008#bulgaria#carpet#tsvetana pironkova#1 - 6 , 0 - 6\n2008 fed cup europe / africa group i#rr#30 january - 3 february 2008#netherlands#carpet#arantxa rus#5 - 7 , 4 - 6\n2009 fed cup europe / africa group ii#rr#22 - 24 april 2009#morocco#hard#nadia lalami#6 - 1 , 6 - 0\n2009 fed cup europe / africa group ii#rr#22 - 24 april 2009#latvia#hard#irina kuzmina#6 - 2 , 6 - 1\n2009 fed cup europe / africa group ii#gii play - offs#25 april 2009#south africa#hard#lizaan du plessis#6 - 2 , 6 - 3\n2010 fed cup europe / africa group i#rr#4 - 5 february 2010#cratia#hard#ajla tomljanović#6 - 7 (6 - 8) , 4 - 6\n2010 fed cup europe / africa group i#rr#4 - 5 february 2010#switzerland#hard#amra sadikovic#4 - 6 , 1 - 6\n2010 fed cup europe / africa group i#gi play - offs#6 february 2010#bulgaria#hard#dia evtimova#1 - 6 , 1 - 6\n",
        "pandas_code": "df[(df['against'] == 'greece') & (df['opponent'] == 'karoline steiro')].shape[0] > 0",
        "pandas_eval": "False"
    },
    {
        "id": 76653,
        "statement": "the result of the selma babic match be 6 - 3 , 6 - 3",
        "label": 0,
        "table_caption": "neuza silva",
        "table_text": "edition#round#date#against#surface#opponent#result\n2002 fed cup europe / africa group i#rr#24 april 2002#bulgaria#clay#desislava topalova#6 - 7 (4 - 7) , 1 - 6\n2005 fed cup europe / africa group iii#rr#26 april 2005#moldova#clay#ina sireteanu#6 - 1 , 6 - 1\n2005 fed cup europe / africa group iii#giii play - offs#28 april 2005#bosnia and herzegovina#clay#selma babic#6 - 3 , 6 - 0\n2007 fed cup europe / africa group ii#rr#17 - 19 april 2007#bosnia and herzegovina#hard#dijana stojic#6 - 3 , 6 - 3\n2007 fed cup europe / africa group ii#rr#17 - 19 april 2007#georgia#hard#oksana kalashnikova#7 - 5 , 6 - 4\n2007 fed cup europe / africa group ii#rr#17 - 19 april 2007#norway#hard#karoline steiro#6 - 2 , 6 - 1\n2007 fed cup europe / africa group ii#gii play - offs#20 april 2007#greece#hard#asimina kaplani#6 - 2 , 6 - 1\n2008 fed cup europe / africa group i#rr#30 january - 3 february 2008#bulgaria#carpet#tsvetana pironkova#1 - 6 , 0 - 6\n2008 fed cup europe / africa group i#rr#30 january - 3 february 2008#netherlands#carpet#arantxa rus#5 - 7 , 4 - 6\n2009 fed cup europe / africa group ii#rr#22 - 24 april 2009#morocco#hard#nadia lalami#6 - 1 , 6 - 0\n2009 fed cup europe / africa group ii#rr#22 - 24 april 2009#latvia#hard#irina kuzmina#6 - 2 , 6 - 1\n2009 fed cup europe / africa group ii#gii play - offs#25 april 2009#south africa#hard#lizaan du plessis#6 - 2 , 6 - 3\n2010 fed cup europe / africa group i#rr#4 - 5 february 2010#cratia#hard#ajla tomljanović#6 - 7 (6 - 8) , 4 - 6\n2010 fed cup europe / africa group i#rr#4 - 5 february 2010#switzerland#hard#amra sadikovic#4 - 6 , 1 - 6\n2010 fed cup europe / africa group i#gi play - offs#6 february 2010#bulgaria#hard#dia evtimova#1 - 6 , 1 - 6\n",
        "pandas_code": "df[(df['opponent'] == 'selma babic') & (df['result'] == '6 - 3 , 6 - 3')].shape[0] == 1",
        "pandas_eval": "False"
    },
    {
        "id": 76654,
        "statement": "the 2009 fed cup europe / africa group ii gii play - offs take place on 22 - 24 april 2009",
        "label": 0,
        "table_caption": "neuza silva",
        "table_text": "edition#round#date#against#surface#opponent#result\n2002 fed cup europe / africa group i#rr#24 april 2002#bulgaria#clay#desislava topalova#6 - 7 (4 - 7) , 1 - 6\n2005 fed cup europe / africa group iii#rr#26 april 2005#moldova#clay#ina sireteanu#6 - 1 , 6 - 1\n2005 fed cup europe / africa group iii#giii play - offs#28 april 2005#bosnia and herzegovina#clay#selma babic#6 - 3 , 6 - 0\n2007 fed cup europe / africa group ii#rr#17 - 19 april 2007#bosnia and herzegovina#hard#dijana stojic#6 - 3 , 6 - 3\n2007 fed cup europe / africa group ii#rr#17 - 19 april 2007#georgia#hard#oksana kalashnikova#7 - 5 , 6 - 4\n2007 fed cup europe / africa group ii#rr#17 - 19 april 2007#norway#hard#karoline steiro#6 - 2 , 6 - 1\n2007 fed cup europe / africa group ii#gii play - offs#20 april 2007#greece#hard#asimina kaplani#6 - 2 , 6 - 1\n2008 fed cup europe / africa group i#rr#30 january - 3 february 2008#bulgaria#carpet#tsvetana pironkova#1 - 6 , 0 - 6\n2008 fed cup europe / africa group i#rr#30 january - 3 february 2008#netherlands#carpet#arantxa rus#5 - 7 , 4 - 6\n2009 fed cup europe / africa group ii#rr#22 - 24 april 2009#morocco#hard#nadia lalami#6 - 1 , 6 - 0\n2009 fed cup europe / africa group ii#rr#22 - 24 april 2009#latvia#hard#irina kuzmina#6 - 2 , 6 - 1\n2009 fed cup europe / africa group ii#gii play - offs#25 april 2009#south africa#hard#lizaan du plessis#6 - 2 , 6 - 3\n2010 fed cup europe / africa group i#rr#4 - 5 february 2010#cratia#hard#ajla tomljanović#6 - 7 (6 - 8) , 4 - 6\n2010 fed cup europe / africa group i#rr#4 - 5 february 2010#switzerland#hard#amra sadikovic#4 - 6 , 1 - 6\n2010 fed cup europe / africa group i#gi play - offs#6 february 2010#bulgaria#hard#dia evtimova#1 - 6 , 1 - 6\n",
        "pandas_code": "((df['edition'] == '2009 fed cup europe / africa group ii') & (df['round'] == 'gii play - offs') & (df['date'] == '22 - 24 april 2009')).any()",
        "pandas_eval": "False"
    },
    {
        "id": 89313,
        "statement": "wta premier tournament 2004 have a 60% win loss ratio",
        "label": 0,
        "table_caption": "neuza silva",
        "table_text": "tournament#2002#2003#2004#2005#2006#2007#2008#2009#2010#career sr#career w - l\ngrand slam tournaments#grand slam tournaments#grand slam tournaments#grand slam tournaments#grand slam tournaments#grand slam tournaments#grand slam tournaments#grand slam tournaments#grand slam tournaments#grand slam tournaments#grand slam tournaments#grand slam tournaments\naustralian open#a#a#a#a#a#a#lq#lq#lq#0 / 0#0 - 0\nfrench open#a#a#a#a#a#a#lq#lq#a#0 / 0#0 - 0\nwimbledon#a#a#a#a#a#a#lq#1r#lq#0 / 1#0 - 1\nus open#a#a#a#a#a#a#lq#lq#a#0 / 0#0 - 0\nsr#0 / 0#0 / 0#0 / 0#0 / 0#0 / 0#0 / 0#0 / 0#0 / 1#0 / 0#0 / 0#n / a\nwin - loss#0 - 0#0 - 0#0 - 0#0 - 0#0 - 0#0 - 0#0 - 0#0 - 1#0 - 0#n / a#0 - 1\nwta premier 5 tournaments#wta premier 5 tournaments#wta premier 5 tournaments#wta premier 5 tournaments#wta premier 5 tournaments#wta premier 5 tournaments#wta premier 5 tournaments#wta premier 5 tournaments#wta premier 5 tournaments#wta premier 5 tournaments#wta premier 5 tournaments#wta premier 5 tournaments\ndubai#not tier i#not tier i#not tier i#not tier i#not tier i#not tier i#not tier i#lq#a#0 / 0#0 - 0\nsr#0 / 0#0 / 0#0 / 0#0 / 0#0 / 0#0 / 0#0 / 0#0 / 0#0 / 0#0 / 0#n / a\nwin - loss#0 - 0#0 - 0#0 - 0#0 - 0#0 - 0#0 - 0#0 - 0#0 - 0#0 - 0#n / a#0 - 0\nwta premier tournaments#wta premier tournaments#wta premier tournaments#wta premier tournaments#wta premier tournaments#wta premier tournaments#wta premier tournaments#wta premier tournaments#wta premier tournaments#wta premier tournaments#wta premier tournaments#wta premier tournaments\nmoscow#a#a#a#a#a#a#a#lq#a#0 / 0#0 - 0\nwta international tournaments#wta international tournaments#wta international tournaments#wta international tournaments#wta international tournaments#wta international tournaments#wta international tournaments#wta international tournaments#wta international tournaments#wta international tournaments#wta international tournaments#wta international tournaments\nauckland#a#a#a#a#a#a#a#lq#a#0 / 0#0 - 0\npattaya#a#a#a#a#a#a#a#2r#a#0 / 1#1 - 1\nmonterrey#not held#not held#not held#not held#not held#not held#not held#lq#a#0 / 0#0 - 0\nfes#a#a#a#a#a#a#lq#a#a#0 / 0#0 - 0\nbarcelona#not held#not held#not held#not held#not held#lq#lq#a#a#0 / 0#0 - 0\nestoril#1r#lq#2r#1r#a#1r#1r#1r#a#0 / 6#1 - 6\nistanbul#not held#not held#not held#a#a#a#a#lq#a#0 / 0#0 - 0\ntashkent#a#a#a#a#a#a#a#1r#a#0 / 1#0 - 1\nlinz#a#a#a#a#a#lq#a#a#a#0 / 0#0 - 0\nsr#0 / 1#0 / 0#0 / 1#0 / 1#0 / 0#0 / 1#0 / 1#0 / 3#0 / 0#0 / 8#n / a\nwin - loss#0 - 1#0 - 0#1 - 1#0 - 1#0 - 0#0 - 1#0 - 1#1 - 3#0 - 0#n / a#2 - 8\ncareer statistics#career statistics#career statistics#career statistics#career statistics#career statistics#career statistics#career statistics#career statistics#career statistics#career statistics#career statistics\ntournaments played#1#0#1#1#0#1#1#4#0#career total : 9#career total : 9\nfinals reached#0#0#0#0#0#0#0#0#0#career total : 0#career total : 0\ntournaments won#0#0#0#0#0#0#0#0#0#career total : 0#career total : 0\nstatistics by surface#statistics by surface#statistics by surface#statistics by surface#statistics by surface#statistics by surface#statistics by surface#statistics by surface#statistics by surface#statistics by surface#statistics by surface#statistics by surface\nhardcourt win - loss#0 - 0#0 - 0#0 - 0#0 - 0#0 - 0#4 - 0#0 - 0#3 - 1#0 - 0#n / a#7 - 1\nclay win - loss#0 - 2#0 - 0#1 - 1#2 - 1#0 - 0#0 - 1#0 - 1#1 - 2#0 - 0#n / a#4 - 8\ngrass win - loss#0 - 0#0 - 0#0 - 0#0 - 0#0 - 0#0 - 0#0 - 0#0 - 1#0 - 0#n / a#0 - 1\ncarpet win - loss#0 - 0#0 - 0#0 - 0#0 - 0#0 - 0#0 - 0#0 - 2#0 - 0#0 - 0#n / a#0 - 2\noverall win - loss#0 - 2#0 - 0#1 - 1#2 - 1#0 - 0#4 - 1#0 - 3#4 - 4#0 - 0#n / a#11 - 12\nwin (%)#0%#0%#50%#67%#0%#80%#0%#50%#0%#career win (%) : 48%#career win (%) : 48%\nyear - end ranking#710#732#421#468#495#204#162#170#434#n / a#n / a\n",
        "pandas_code": "df.loc[df['tournament'] == 'wta premier tournaments', '2004'].str.contains('60%').any()",
        "pandas_eval": "False"
    },
    {
        "id": 89314,
        "statement": "wta premier tournament 2007 have a 40% win loss ratio",
        "label": 0,
        "table_caption": "neuza silva",
        "table_text": "tournament#2002#2003#2004#2005#2006#2007#2008#2009#2010#career sr#career w - l\ngrand slam tournaments#grand slam tournaments#grand slam tournaments#grand slam tournaments#grand slam tournaments#grand slam tournaments#grand slam tournaments#grand slam tournaments#grand slam tournaments#grand slam tournaments#grand slam tournaments#grand slam tournaments\naustralian open#a#a#a#a#a#a#lq#lq#lq#0 / 0#0 - 0\nfrench open#a#a#a#a#a#a#lq#lq#a#0 / 0#0 - 0\nwimbledon#a#a#a#a#a#a#lq#1r#lq#0 / 1#0 - 1\nus open#a#a#a#a#a#a#lq#lq#a#0 / 0#0 - 0\nsr#0 / 0#0 / 0#0 / 0#0 / 0#0 / 0#0 / 0#0 / 0#0 / 1#0 / 0#0 / 0#n / a\nwin - loss#0 - 0#0 - 0#0 - 0#0 - 0#0 - 0#0 - 0#0 - 0#0 - 1#0 - 0#n / a#0 - 1\nwta premier 5 tournaments#wta premier 5 tournaments#wta premier 5 tournaments#wta premier 5 tournaments#wta premier 5 tournaments#wta premier 5 tournaments#wta premier 5 tournaments#wta premier 5 tournaments#wta premier 5 tournaments#wta premier 5 tournaments#wta premier 5 tournaments#wta premier 5 tournaments\ndubai#not tier i#not tier i#not tier i#not tier i#not tier i#not tier i#not tier i#lq#a#0 / 0#0 - 0\nsr#0 / 0#0 / 0#0 / 0#0 / 0#0 / 0#0 / 0#0 / 0#0 / 0#0 / 0#0 / 0#n / a\nwin - loss#0 - 0#0 - 0#0 - 0#0 - 0#0 - 0#0 - 0#0 - 0#0 - 0#0 - 0#n / a#0 - 0\nwta premier tournaments#wta premier tournaments#wta premier tournaments#wta premier tournaments#wta premier tournaments#wta premier tournaments#wta premier tournaments#wta premier tournaments#wta premier tournaments#wta premier tournaments#wta premier tournaments#wta premier tournaments\nmoscow#a#a#a#a#a#a#a#lq#a#0 / 0#0 - 0\nwta international tournaments#wta international tournaments#wta international tournaments#wta international tournaments#wta international tournaments#wta international tournaments#wta international tournaments#wta international tournaments#wta international tournaments#wta international tournaments#wta international tournaments#wta international tournaments\nauckland#a#a#a#a#a#a#a#lq#a#0 / 0#0 - 0\npattaya#a#a#a#a#a#a#a#2r#a#0 / 1#1 - 1\nmonterrey#not held#not held#not held#not held#not held#not held#not held#lq#a#0 / 0#0 - 0\nfes#a#a#a#a#a#a#lq#a#a#0 / 0#0 - 0\nbarcelona#not held#not held#not held#not held#not held#lq#lq#a#a#0 / 0#0 - 0\nestoril#1r#lq#2r#1r#a#1r#1r#1r#a#0 / 6#1 - 6\nistanbul#not held#not held#not held#a#a#a#a#lq#a#0 / 0#0 - 0\ntashkent#a#a#a#a#a#a#a#1r#a#0 / 1#0 - 1\nlinz#a#a#a#a#a#lq#a#a#a#0 / 0#0 - 0\nsr#0 / 1#0 / 0#0 / 1#0 / 1#0 / 0#0 / 1#0 / 1#0 / 3#0 / 0#0 / 8#n / a\nwin - loss#0 - 1#0 - 0#1 - 1#0 - 1#0 - 0#0 - 1#0 - 1#1 - 3#0 - 0#n / a#2 - 8\ncareer statistics#career statistics#career statistics#career statistics#career statistics#career statistics#career statistics#career statistics#career statistics#career statistics#career statistics#career statistics\ntournaments played#1#0#1#1#0#1#1#4#0#career total : 9#career total : 9\nfinals reached#0#0#0#0#0#0#0#0#0#career total : 0#career total : 0\ntournaments won#0#0#0#0#0#0#0#0#0#career total : 0#career total : 0\nstatistics by surface#statistics by surface#statistics by surface#statistics by surface#statistics by surface#statistics by surface#statistics by surface#statistics by surface#statistics by surface#statistics by surface#statistics by surface#statistics by surface\nhardcourt win - loss#0 - 0#0 - 0#0 - 0#0 - 0#0 - 0#4 - 0#0 - 0#3 - 1#0 - 0#n / a#7 - 1\nclay win - loss#0 - 2#0 - 0#1 - 1#2 - 1#0 - 0#0 - 1#0 - 1#1 - 2#0 - 0#n / a#4 - 8\ngrass win - loss#0 - 0#0 - 0#0 - 0#0 - 0#0 - 0#0 - 0#0 - 0#0 - 1#0 - 0#n / a#0 - 1\ncarpet win - loss#0 - 0#0 - 0#0 - 0#0 - 0#0 - 0#0 - 0#0 - 2#0 - 0#0 - 0#n / a#0 - 2\noverall win - loss#0 - 2#0 - 0#1 - 1#2 - 1#0 - 0#4 - 1#0 - 3#4 - 4#0 - 0#n / a#11 - 12\nwin (%)#0%#0%#50%#67%#0%#80%#0%#50%#0%#career win (%) : 48%#career win (%) : 48%\nyear - end ranking#710#732#421#468#495#204#162#170#434#n / a#n / a\n",
        "pandas_code": "df.loc[df['tournament'] == 'wta premier tournaments', '2007'].iloc[0] == 'a'",
        "pandas_eval": "False"
    }
]