[
    {
        "id": 32734,
        "statement": "during the 1969 denver bronco season , they play against the boston patriot 1 week before play against the new york jet",
        "label": 1,
        "table_caption": "1969 denver broncos season",
        "table_text": "week#date#opponent#result#game site#record#attendance\n1#september 14#boston patriots#w 35 - 7#mile high stadium#1 - 0#43482\n2#september 21#new york jets#w 21 - 19#mile high stadium#2 - 0#50583\n3#september 28#buffalo bills#l 28 - 41#war memorial stadium#2 - 1#40302\n4#october 5#kansas city chiefs#l 13 - 26#mile high stadium#2 - 2#50564\n5#october 12#oakland raiders#l 14 - 24#mile high stadium#2 - 3#49511\n6#october 19#cincinnati bengals#w 30 - 23#nippert stadium#3 - 3#27920\n7#october 26#houston oilers#l 21 - 24#astrodome#3 - 4#45348\n8#november 2#san diego chargers#w 13 - 0#mile high stadium#4 - 4#45511\n9#november 9#oakland raiders#l 10 - 41#oakland - alameda county coliseum#4 - 5#54416\n10#november 16#houston oilers#t 20 - 20#mile high stadium#4 - 5 - 1#45002\n11#november 23#san diego chargers#l 24 - 45#san diego stadium#4 - 6 - 1#34664\n12#november 27#kansas city chiefs#l 17 - 31#municipal stadium#4 - 7 - 1#48773\n13#december 7#miami dolphins#l 24 - 27#miami orange bowl#4 - 8 - 1#25332\n14#december 14#cincinnati bengals#w 27 - 16#mile high stadium#5 - 8 - 1#42198\n",
        "pandas_code": "(df[df['opponent'] == 'boston patriots']['week'].values[0] + 1) == df[df['opponent'] == 'new york jets']['week'].values[0]",
        "pandas_eval": "True"
    },
    {
        "id": 32735,
        "statement": "during the 1969 denver bronco season , there be 3 more loss than win",
        "label": 1,
        "table_caption": "1969 denver broncos season",
        "table_text": "week#date#opponent#result#game site#record#attendance\n1#september 14#boston patriots#w 35 - 7#mile high stadium#1 - 0#43482\n2#september 21#new york jets#w 21 - 19#mile high stadium#2 - 0#50583\n3#september 28#buffalo bills#l 28 - 41#war memorial stadium#2 - 1#40302\n4#october 5#kansas city chiefs#l 13 - 26#mile high stadium#2 - 2#50564\n5#october 12#oakland raiders#l 14 - 24#mile high stadium#2 - 3#49511\n6#october 19#cincinnati bengals#w 30 - 23#nippert stadium#3 - 3#27920\n7#october 26#houston oilers#l 21 - 24#astrodome#3 - 4#45348\n8#november 2#san diego chargers#w 13 - 0#mile high stadium#4 - 4#45511\n9#november 9#oakland raiders#l 10 - 41#oakland - alameda county coliseum#4 - 5#54416\n10#november 16#houston oilers#t 20 - 20#mile high stadium#4 - 5 - 1#45002\n11#november 23#san diego chargers#l 24 - 45#san diego stadium#4 - 6 - 1#34664\n12#november 27#kansas city chiefs#l 17 - 31#municipal stadium#4 - 7 - 1#48773\n13#december 7#miami dolphins#l 24 - 27#miami orange bowl#4 - 8 - 1#25332\n14#december 14#cincinnati bengals#w 27 - 16#mile high stadium#5 - 8 - 1#42198\n",
        "pandas_code": "(df['result'].str.startswith('l').sum() - df['result'].str.startswith('w').sum()) == 3",
        "pandas_eval": "True"
    },
    {
        "id": 32737,
        "statement": "during the 1969 denver bronco season , they play against the cinicinnati bengal 2 week after they play the kansas city chief",
        "label": 1,
        "table_caption": "1969 denver broncos season",
        "table_text": "week#date#opponent#result#game site#record#attendance\n1#september 14#boston patriots#w 35 - 7#mile high stadium#1 - 0#43482\n2#september 21#new york jets#w 21 - 19#mile high stadium#2 - 0#50583\n3#september 28#buffalo bills#l 28 - 41#war memorial stadium#2 - 1#40302\n4#october 5#kansas city chiefs#l 13 - 26#mile high stadium#2 - 2#50564\n5#october 12#oakland raiders#l 14 - 24#mile high stadium#2 - 3#49511\n6#october 19#cincinnati bengals#w 30 - 23#nippert stadium#3 - 3#27920\n7#october 26#houston oilers#l 21 - 24#astrodome#3 - 4#45348\n8#november 2#san diego chargers#w 13 - 0#mile high stadium#4 - 4#45511\n9#november 9#oakland raiders#l 10 - 41#oakland - alameda county coliseum#4 - 5#54416\n10#november 16#houston oilers#t 20 - 20#mile high stadium#4 - 5 - 1#45002\n11#november 23#san diego chargers#l 24 - 45#san diego stadium#4 - 6 - 1#34664\n12#november 27#kansas city chiefs#l 17 - 31#municipal stadium#4 - 7 - 1#48773\n13#december 7#miami dolphins#l 24 - 27#miami orange bowl#4 - 8 - 1#25332\n14#december 14#cincinnati bengals#w 27 - 16#mile high stadium#5 - 8 - 1#42198\n",
        "pandas_code": "(df[df['opponent'] == 'kansas city chiefs'].index[0] + 2 == df[df['opponent'] == 'cincinnati bengals'].index[0])",
        "pandas_eval": "True"
    },
    {
        "id": 32738,
        "statement": "during the 1969 denver bronco season , the game on november 9 have the most fan in the crowd",
        "label": 1,
        "table_caption": "1969 denver broncos season",
        "table_text": "week#date#opponent#result#game site#record#attendance\n1#september 14#boston patriots#w 35 - 7#mile high stadium#1 - 0#43482\n2#september 21#new york jets#w 21 - 19#mile high stadium#2 - 0#50583\n3#september 28#buffalo bills#l 28 - 41#war memorial stadium#2 - 1#40302\n4#october 5#kansas city chiefs#l 13 - 26#mile high stadium#2 - 2#50564\n5#october 12#oakland raiders#l 14 - 24#mile high stadium#2 - 3#49511\n6#october 19#cincinnati bengals#w 30 - 23#nippert stadium#3 - 3#27920\n7#october 26#houston oilers#l 21 - 24#astrodome#3 - 4#45348\n8#november 2#san diego chargers#w 13 - 0#mile high stadium#4 - 4#45511\n9#november 9#oakland raiders#l 10 - 41#oakland - alameda county coliseum#4 - 5#54416\n10#november 16#houston oilers#t 20 - 20#mile high stadium#4 - 5 - 1#45002\n11#november 23#san diego chargers#l 24 - 45#san diego stadium#4 - 6 - 1#34664\n12#november 27#kansas city chiefs#l 17 - 31#municipal stadium#4 - 7 - 1#48773\n13#december 7#miami dolphins#l 24 - 27#miami orange bowl#4 - 8 - 1#25332\n14#december 14#cincinnati bengals#w 27 - 16#mile high stadium#5 - 8 - 1#42198\n",
        "pandas_code": "df.loc[df['date'] == 'november 9', 'attendance'].max() == df['attendance'].max()",
        "pandas_eval": "True"
    },
    {
        "id": 32739,
        "statement": "during the 1969 denver bronco season , they play against the boston patriot 1 week after play against the new york jet",
        "label": 0,
        "table_caption": "1969 denver broncos season",
        "table_text": "week#date#opponent#result#game site#record#attendance\n1#september 14#boston patriots#w 35 - 7#mile high stadium#1 - 0#43482\n2#september 21#new york jets#w 21 - 19#mile high stadium#2 - 0#50583\n3#september 28#buffalo bills#l 28 - 41#war memorial stadium#2 - 1#40302\n4#october 5#kansas city chiefs#l 13 - 26#mile high stadium#2 - 2#50564\n5#october 12#oakland raiders#l 14 - 24#mile high stadium#2 - 3#49511\n6#october 19#cincinnati bengals#w 30 - 23#nippert stadium#3 - 3#27920\n7#october 26#houston oilers#l 21 - 24#astrodome#3 - 4#45348\n8#november 2#san diego chargers#w 13 - 0#mile high stadium#4 - 4#45511\n9#november 9#oakland raiders#l 10 - 41#oakland - alameda county coliseum#4 - 5#54416\n10#november 16#houston oilers#t 20 - 20#mile high stadium#4 - 5 - 1#45002\n11#november 23#san diego chargers#l 24 - 45#san diego stadium#4 - 6 - 1#34664\n12#november 27#kansas city chiefs#l 17 - 31#municipal stadium#4 - 7 - 1#48773\n13#december 7#miami dolphins#l 24 - 27#miami orange bowl#4 - 8 - 1#25332\n14#december 14#cincinnati bengals#w 27 - 16#mile high stadium#5 - 8 - 1#42198\n",
        "pandas_code": "df[(df['opponent'] == 'boston patriots') & (df['week'] == df[df['opponent'] == 'new york jets']['week'].values[0] + 1)].any().any()",
        "pandas_eval": "False"
    },
    {
        "id": 32740,
        "statement": "during the 1969 denver bronco season , there be 4 more loss than win",
        "label": 0,
        "table_caption": "1969 denver broncos season",
        "table_text": "week#date#opponent#result#game site#record#attendance\n1#september 14#boston patriots#w 35 - 7#mile high stadium#1 - 0#43482\n2#september 21#new york jets#w 21 - 19#mile high stadium#2 - 0#50583\n3#september 28#buffalo bills#l 28 - 41#war memorial stadium#2 - 1#40302\n4#october 5#kansas city chiefs#l 13 - 26#mile high stadium#2 - 2#50564\n5#october 12#oakland raiders#l 14 - 24#mile high stadium#2 - 3#49511\n6#october 19#cincinnati bengals#w 30 - 23#nippert stadium#3 - 3#27920\n7#october 26#houston oilers#l 21 - 24#astrodome#3 - 4#45348\n8#november 2#san diego chargers#w 13 - 0#mile high stadium#4 - 4#45511\n9#november 9#oakland raiders#l 10 - 41#oakland - alameda county coliseum#4 - 5#54416\n10#november 16#houston oilers#t 20 - 20#mile high stadium#4 - 5 - 1#45002\n11#november 23#san diego chargers#l 24 - 45#san diego stadium#4 - 6 - 1#34664\n12#november 27#kansas city chiefs#l 17 - 31#municipal stadium#4 - 7 - 1#48773\n13#december 7#miami dolphins#l 24 - 27#miami orange bowl#4 - 8 - 1#25332\n14#december 14#cincinnati bengals#w 27 - 16#mile high stadium#5 - 8 - 1#42198\n",
        "pandas_code": "(df['result'].str.startswith('l').sum() - df['result'].str.startswith('w').sum()) == 4",
        "pandas_eval": "False"
    },
    {
        "id": 32741,
        "statement": "during the 1969 denver bronco season , the game on december 13 have the most amount of fan in attendance",
        "label": 0,
        "table_caption": "1969 denver broncos season",
        "table_text": "week#date#opponent#result#game site#record#attendance\n1#september 14#boston patriots#w 35 - 7#mile high stadium#1 - 0#43482\n2#september 21#new york jets#w 21 - 19#mile high stadium#2 - 0#50583\n3#september 28#buffalo bills#l 28 - 41#war memorial stadium#2 - 1#40302\n4#october 5#kansas city chiefs#l 13 - 26#mile high stadium#2 - 2#50564\n5#october 12#oakland raiders#l 14 - 24#mile high stadium#2 - 3#49511\n6#october 19#cincinnati bengals#w 30 - 23#nippert stadium#3 - 3#27920\n7#october 26#houston oilers#l 21 - 24#astrodome#3 - 4#45348\n8#november 2#san diego chargers#w 13 - 0#mile high stadium#4 - 4#45511\n9#november 9#oakland raiders#l 10 - 41#oakland - alameda county coliseum#4 - 5#54416\n10#november 16#houston oilers#t 20 - 20#mile high stadium#4 - 5 - 1#45002\n11#november 23#san diego chargers#l 24 - 45#san diego stadium#4 - 6 - 1#34664\n12#november 27#kansas city chiefs#l 17 - 31#municipal stadium#4 - 7 - 1#48773\n13#december 7#miami dolphins#l 24 - 27#miami orange bowl#4 - 8 - 1#25332\n14#december 14#cincinnati bengals#w 27 - 16#mile high stadium#5 - 8 - 1#42198\n",
        "pandas_code": "df[df['date'] == 'december 14']['attendance'].max() == df['attendance'].max()",
        "pandas_eval": "False"
    },
    {
        "id": 32742,
        "statement": "during the 1969 denver bronco season , they play against the cinicinnati bengal 2 week before they play the kansas city chief",
        "label": 0,
        "table_caption": "1969 denver broncos season",
        "table_text": "week#date#opponent#result#game site#record#attendance\n1#september 14#boston patriots#w 35 - 7#mile high stadium#1 - 0#43482\n2#september 21#new york jets#w 21 - 19#mile high stadium#2 - 0#50583\n3#september 28#buffalo bills#l 28 - 41#war memorial stadium#2 - 1#40302\n4#october 5#kansas city chiefs#l 13 - 26#mile high stadium#2 - 2#50564\n5#october 12#oakland raiders#l 14 - 24#mile high stadium#2 - 3#49511\n6#october 19#cincinnati bengals#w 30 - 23#nippert stadium#3 - 3#27920\n7#october 26#houston oilers#l 21 - 24#astrodome#3 - 4#45348\n8#november 2#san diego chargers#w 13 - 0#mile high stadium#4 - 4#45511\n9#november 9#oakland raiders#l 10 - 41#oakland - alameda county coliseum#4 - 5#54416\n10#november 16#houston oilers#t 20 - 20#mile high stadium#4 - 5 - 1#45002\n11#november 23#san diego chargers#l 24 - 45#san diego stadium#4 - 6 - 1#34664\n12#november 27#kansas city chiefs#l 17 - 31#municipal stadium#4 - 7 - 1#48773\n13#december 7#miami dolphins#l 24 - 27#miami orange bowl#4 - 8 - 1#25332\n14#december 14#cincinnati bengals#w 27 - 16#mile high stadium#5 - 8 - 1#42198\n",
        "pandas_code": "(df[df['opponent'] == 'cincinnati bengals']['week'].values[0] + 2) == df[df['opponent'] == 'kansas city chiefs']['week'].values[0]",
        "pandas_eval": "False"
    },
    {
        "id": 32743,
        "statement": "during the 1969 denver bronco season , the game on november 27 have the most fan in the crowd",
        "label": 0,
        "table_caption": "1969 denver broncos season",
        "table_text": "week#date#opponent#result#game site#record#attendance\n1#september 14#boston patriots#w 35 - 7#mile high stadium#1 - 0#43482\n2#september 21#new york jets#w 21 - 19#mile high stadium#2 - 0#50583\n3#september 28#buffalo bills#l 28 - 41#war memorial stadium#2 - 1#40302\n4#october 5#kansas city chiefs#l 13 - 26#mile high stadium#2 - 2#50564\n5#october 12#oakland raiders#l 14 - 24#mile high stadium#2 - 3#49511\n6#october 19#cincinnati bengals#w 30 - 23#nippert stadium#3 - 3#27920\n7#october 26#houston oilers#l 21 - 24#astrodome#3 - 4#45348\n8#november 2#san diego chargers#w 13 - 0#mile high stadium#4 - 4#45511\n9#november 9#oakland raiders#l 10 - 41#oakland - alameda county coliseum#4 - 5#54416\n10#november 16#houston oilers#t 20 - 20#mile high stadium#4 - 5 - 1#45002\n11#november 23#san diego chargers#l 24 - 45#san diego stadium#4 - 6 - 1#34664\n12#november 27#kansas city chiefs#l 17 - 31#municipal stadium#4 - 7 - 1#48773\n13#december 7#miami dolphins#l 24 - 27#miami orange bowl#4 - 8 - 1#25332\n14#december 14#cincinnati bengals#w 27 - 16#mile high stadium#5 - 8 - 1#42198\n",
        "pandas_code": "df.loc[df['date'] == 'november 27', 'attendance'].max() == df['attendance'].max()",
        "pandas_eval": "False"
    }
]