[
    {
        "id": 30984,
        "statement": "zhou zhang be list as an author 2 time",
        "label": 1,
        "table_caption": "2001 in paleontology",
        "table_text": "name#status#authors#unit#location#notes\napsaravis#valid#norell clarke#djadokhta formation#mongolia#the type species is apsaravis ukhaana\nlimenavis#valid#clarke chiappe#allen formation#argentina#the type species is limenavis patagonica\nlongipteryx#valid#zhang zhou hou gu#jiufotang formation#china#the type species is longipteryx chaoyangensis\nyanornis#valid#zhou zhang#jiufotang formation#china#the type species is yanornis martini\nyixianornis#valid#zhou zhang#jiufotang formation#china#the type species is yixianornis grabaui\n",
        "pandas_code": "df['authors'].value_counts().get('zhou zhang', 0) == 2",
        "pandas_eval": "True"
    },
    {
        "id": 30985,
        "statement": "all of the entry in the table be list as valid",
        "label": 1,
        "table_caption": "2001 in paleontology",
        "table_text": "name#status#authors#unit#location#notes\napsaravis#valid#norell clarke#djadokhta formation#mongolia#the type species is apsaravis ukhaana\nlimenavis#valid#clarke chiappe#allen formation#argentina#the type species is limenavis patagonica\nlongipteryx#valid#zhang zhou hou gu#jiufotang formation#china#the type species is longipteryx chaoyangensis\nyanornis#valid#zhou zhang#jiufotang formation#china#the type species is yanornis martini\nyixianornis#valid#zhou zhang#jiufotang formation#china#the type species is yixianornis grabaui\n",
        "pandas_code": "df['status'].eq('valid').all()",
        "pandas_eval": "True"
    },
    {
        "id": 30986,
        "statement": "3 of the specie name in the table be from china",
        "label": 1,
        "table_caption": "2001 in paleontology",
        "table_text": "name#status#authors#unit#location#notes\napsaravis#valid#norell clarke#djadokhta formation#mongolia#the type species is apsaravis ukhaana\nlimenavis#valid#clarke chiappe#allen formation#argentina#the type species is limenavis patagonica\nlongipteryx#valid#zhang zhou hou gu#jiufotang formation#china#the type species is longipteryx chaoyangensis\nyanornis#valid#zhou zhang#jiufotang formation#china#the type species is yanornis martini\nyixianornis#valid#zhou zhang#jiufotang formation#china#the type species is yixianornis grabaui\n",
        "pandas_code": "df[df['location'] == 'china'].shape[0] == 3",
        "pandas_eval": "True"
    },
    {
        "id": 30987,
        "statement": "the djadokhta formation be only listed 1 time in the table",
        "label": 1,
        "table_caption": "2001 in paleontology",
        "table_text": "name#status#authors#unit#location#notes\napsaravis#valid#norell clarke#djadokhta formation#mongolia#the type species is apsaravis ukhaana\nlimenavis#valid#clarke chiappe#allen formation#argentina#the type species is limenavis patagonica\nlongipteryx#valid#zhang zhou hou gu#jiufotang formation#china#the type species is longipteryx chaoyangensis\nyanornis#valid#zhou zhang#jiufotang formation#china#the type species is yanornis martini\nyixianornis#valid#zhou zhang#jiufotang formation#china#the type species is yixianornis grabaui\n",
        "pandas_code": "df[df['unit'] == 'djadokhta formation'].shape[0] == 1",
        "pandas_eval": "True"
    },
    {
        "id": 30988,
        "statement": "all of the location in the table except 1 be find in asia",
        "label": 1,
        "table_caption": "2001 in paleontology",
        "table_text": "name#status#authors#unit#location#notes\napsaravis#valid#norell clarke#djadokhta formation#mongolia#the type species is apsaravis ukhaana\nlimenavis#valid#clarke chiappe#allen formation#argentina#the type species is limenavis patagonica\nlongipteryx#valid#zhang zhou hou gu#jiufotang formation#china#the type species is longipteryx chaoyangensis\nyanornis#valid#zhou zhang#jiufotang formation#china#the type species is yanornis martini\nyixianornis#valid#zhou zhang#jiufotang formation#china#the type species is yixianornis grabaui\n",
        "pandas_code": "df[df['location'] != 'argentina']['location'].isin(['mongolia', 'china']).all()",
        "pandas_eval": "True"
    },
    {
        "id": 30989,
        "statement": "zhou zhang be list as an author 3 time",
        "label": 0,
        "table_caption": "2001 in paleontology",
        "table_text": "name#status#authors#unit#location#notes\napsaravis#valid#norell clarke#djadokhta formation#mongolia#the type species is apsaravis ukhaana\nlimenavis#valid#clarke chiappe#allen formation#argentina#the type species is limenavis patagonica\nlongipteryx#valid#zhang zhou hou gu#jiufotang formation#china#the type species is longipteryx chaoyangensis\nyanornis#valid#zhou zhang#jiufotang formation#china#the type species is yanornis martini\nyixianornis#valid#zhou zhang#jiufotang formation#china#the type species is yixianornis grabaui\n",
        "pandas_code": "df['authors'].str.contains('zhou zhang').sum() == 3",
        "pandas_eval": "False"
    },
    {
        "id": 30990,
        "statement": "all but 1 of the entry in the table be list as valid",
        "label": 0,
        "table_caption": "2001 in paleontology",
        "table_text": "name#status#authors#unit#location#notes\napsaravis#valid#norell clarke#djadokhta formation#mongolia#the type species is apsaravis ukhaana\nlimenavis#valid#clarke chiappe#allen formation#argentina#the type species is limenavis patagonica\nlongipteryx#valid#zhang zhou hou gu#jiufotang formation#china#the type species is longipteryx chaoyangensis\nyanornis#valid#zhou zhang#jiufotang formation#china#the type species is yanornis martini\nyixianornis#valid#zhou zhang#jiufotang formation#china#the type species is yixianornis grabaui\n",
        "pandas_code": "df['status'].value_counts().get('valid', 0) == len(df) - 1",
        "pandas_eval": "False"
    },
    {
        "id": 30991,
        "statement": "2 of the specie name in the table be from china",
        "label": 0,
        "table_caption": "2001 in paleontology",
        "table_text": "name#status#authors#unit#location#notes\napsaravis#valid#norell clarke#djadokhta formation#mongolia#the type species is apsaravis ukhaana\nlimenavis#valid#clarke chiappe#allen formation#argentina#the type species is limenavis patagonica\nlongipteryx#valid#zhang zhou hou gu#jiufotang formation#china#the type species is longipteryx chaoyangensis\nyanornis#valid#zhou zhang#jiufotang formation#china#the type species is yanornis martini\nyixianornis#valid#zhou zhang#jiufotang formation#china#the type species is yixianornis grabaui\n",
        "pandas_code": "(df['location'].value_counts()['china'] == 2)",
        "pandas_eval": "False"
    },
    {
        "id": 30992,
        "statement": "the djadokhta formation be list 1 time as invalid in the table",
        "label": 0,
        "table_caption": "2001 in paleontology",
        "table_text": "name#status#authors#unit#location#notes\napsaravis#valid#norell clarke#djadokhta formation#mongolia#the type species is apsaravis ukhaana\nlimenavis#valid#clarke chiappe#allen formation#argentina#the type species is limenavis patagonica\nlongipteryx#valid#zhang zhou hou gu#jiufotang formation#china#the type species is longipteryx chaoyangensis\nyanornis#valid#zhou zhang#jiufotang formation#china#the type species is yanornis martini\nyixianornis#valid#zhou zhang#jiufotang formation#china#the type species is yixianornis grabaui\n",
        "pandas_code": "df[(df['unit'] == 'djadokhta formation') & (df['status'] == 'invalid')].shape[0] == 1",
        "pandas_eval": "False"
    },
    {
        "id": 30993,
        "statement": "2 of the location be find in asia",
        "label": 0,
        "table_caption": "2001 in paleontology",
        "table_text": "name#status#authors#unit#location#notes\napsaravis#valid#norell clarke#djadokhta formation#mongolia#the type species is apsaravis ukhaana\nlimenavis#valid#clarke chiappe#allen formation#argentina#the type species is limenavis patagonica\nlongipteryx#valid#zhang zhou hou gu#jiufotang formation#china#the type species is longipteryx chaoyangensis\nyanornis#valid#zhou zhang#jiufotang formation#china#the type species is yanornis martini\nyixianornis#valid#zhou zhang#jiufotang formation#china#the type species is yixianornis grabaui\n",
        "pandas_code": "df[df['location'].isin(['china', 'mongolia'])].shape[0] == 2",
        "pandas_eval": "False"
    }
]