[
    {
        "id": 34297,
        "statement": "in partnership (cricket) colombo have the highest venue",
        "label": 1,
        "table_caption": "partnership (cricket)",
        "table_text": "runs#wicket#battling partners#battling team#fielding team#venue#season\n624#3rd#mahela jayawardene and kumar sangakkara#sri lanka#south africa#colombo#2006\n576#2nd#roshan mahanama and sanath jayasuriya#sri lanka#india#colombo#1997\n467#3rd#andrew jones and martin crowe#new zealand#sri lanka#wellington#1990 / 91\n451#2nd#donald bradman and w h ponsford#australia#england#sydney#1934\n451#3rd#mudassar nazar and javed miandad#pakistan#india#hyderabad , pakistan#1982 / 83\n446#2nd#conrad hunte and gary sobers#west indies#pakistan#the oval#1957 / 58\n438#2nd#marvan atapattu and kumar sangakkara#sri lanka#zimbabwe#bulawayo#2004\n437#4th#mahela jayawardene and thilan samaraweera#sri lanka#pakistan#karachi#2008 / 09\n429#3rd#jacques rudolph and boeta dippenaar#south africa#bangladesh#chittagong#2003\n",
        "pandas_code": "df[df['venue'] == 'colombo']['runs'].max() == df['runs'].max()",
        "pandas_eval": "True"
    },
    {
        "id": 34298,
        "statement": "donald bradman and w h ponsford be the oldest batting partner season",
        "label": 1,
        "table_caption": "partnership (cricket)",
        "table_text": "runs#wicket#battling partners#battling team#fielding team#venue#season\n624#3rd#mahela jayawardene and kumar sangakkara#sri lanka#south africa#colombo#2006\n576#2nd#roshan mahanama and sanath jayasuriya#sri lanka#india#colombo#1997\n467#3rd#andrew jones and martin crowe#new zealand#sri lanka#wellington#1990 / 91\n451#2nd#donald bradman and w h ponsford#australia#england#sydney#1934\n451#3rd#mudassar nazar and javed miandad#pakistan#india#hyderabad , pakistan#1982 / 83\n446#2nd#conrad hunte and gary sobers#west indies#pakistan#the oval#1957 / 58\n438#2nd#marvan atapattu and kumar sangakkara#sri lanka#zimbabwe#bulawayo#2004\n437#4th#mahela jayawardene and thilan samaraweera#sri lanka#pakistan#karachi#2008 / 09\n429#3rd#jacques rudolph and boeta dippenaar#south africa#bangladesh#chittagong#2003\n",
        "pandas_code": "df.loc[df['battling partners'] == 'donald bradman and w h ponsford', 'season'].iloc[0] == '1934'",
        "pandas_eval": "True"
    },
    {
        "id": 34299,
        "statement": "mahela jayawardene and thilan samaraweera have 9runs more than jacques rudolph and boeta dippenaar",
        "label": 1,
        "table_caption": "partnership (cricket)",
        "table_text": "runs#wicket#battling partners#battling team#fielding team#venue#season\n624#3rd#mahela jayawardene and kumar sangakkara#sri lanka#south africa#colombo#2006\n576#2nd#roshan mahanama and sanath jayasuriya#sri lanka#india#colombo#1997\n467#3rd#andrew jones and martin crowe#new zealand#sri lanka#wellington#1990 / 91\n451#2nd#donald bradman and w h ponsford#australia#england#sydney#1934\n451#3rd#mudassar nazar and javed miandad#pakistan#india#hyderabad , pakistan#1982 / 83\n446#2nd#conrad hunte and gary sobers#west indies#pakistan#the oval#1957 / 58\n438#2nd#marvan atapattu and kumar sangakkara#sri lanka#zimbabwe#bulawayo#2004\n437#4th#mahela jayawardene and thilan samaraweera#sri lanka#pakistan#karachi#2008 / 09\n429#3rd#jacques rudolph and boeta dippenaar#south africa#bangladesh#chittagong#2003\n",
        "pandas_code": "(df[df['battling partners'] == 'mahela jayawardene and thilan samaraweera']['runs'].values[0] - df[df['battling partners'] == 'jacques rudolph and boeta dippenaar']['runs'].values[0]) == 8",
        "pandas_eval": "True"
    },
    {
        "id": 34300,
        "statement": "zimbabwe have a lower fielding team than england",
        "label": 1,
        "table_caption": "partnership (cricket)",
        "table_text": "runs#wicket#battling partners#battling team#fielding team#venue#season\n624#3rd#mahela jayawardene and kumar sangakkara#sri lanka#south africa#colombo#2006\n576#2nd#roshan mahanama and sanath jayasuriya#sri lanka#india#colombo#1997\n467#3rd#andrew jones and martin crowe#new zealand#sri lanka#wellington#1990 / 91\n451#2nd#donald bradman and w h ponsford#australia#england#sydney#1934\n451#3rd#mudassar nazar and javed miandad#pakistan#india#hyderabad , pakistan#1982 / 83\n446#2nd#conrad hunte and gary sobers#west indies#pakistan#the oval#1957 / 58\n438#2nd#marvan atapattu and kumar sangakkara#sri lanka#zimbabwe#bulawayo#2004\n437#4th#mahela jayawardene and thilan samaraweera#sri lanka#pakistan#karachi#2008 / 09\n429#3rd#jacques rudolph and boeta dippenaar#south africa#bangladesh#chittagong#2003\n",
        "pandas_code": "df[df['fielding team'] == 'zimbabwe']['runs'].max() < df[df['fielding team'] == 'england']['runs'].max()",
        "pandas_eval": "True"
    },
    {
        "id": 34301,
        "statement": "there be 4 battle which finish 2nd in wicket",
        "label": 1,
        "table_caption": "partnership (cricket)",
        "table_text": "runs#wicket#battling partners#battling team#fielding team#venue#season\n624#3rd#mahela jayawardene and kumar sangakkara#sri lanka#south africa#colombo#2006\n576#2nd#roshan mahanama and sanath jayasuriya#sri lanka#india#colombo#1997\n467#3rd#andrew jones and martin crowe#new zealand#sri lanka#wellington#1990 / 91\n451#2nd#donald bradman and w h ponsford#australia#england#sydney#1934\n451#3rd#mudassar nazar and javed miandad#pakistan#india#hyderabad , pakistan#1982 / 83\n446#2nd#conrad hunte and gary sobers#west indies#pakistan#the oval#1957 / 58\n438#2nd#marvan atapattu and kumar sangakkara#sri lanka#zimbabwe#bulawayo#2004\n437#4th#mahela jayawardene and thilan samaraweera#sri lanka#pakistan#karachi#2008 / 09\n429#3rd#jacques rudolph and boeta dippenaar#south africa#bangladesh#chittagong#2003\n",
        "pandas_code": "len(df[df['wicket'] == '2nd']) == 4",
        "pandas_eval": "True"
    },
    {
        "id": 46217,
        "statement": "the batting team for the fielding team quetta be not wapda , that be for the fielding team ssgc",
        "label": 1,
        "table_caption": "partnership (cricket)",
        "table_text": "wicket#runs#battling partners#battling team#fielding team#venue#season\n1st#561#waheed mirza and mansoor akhtar#karachi whites#quetta#karachi#1976 / 77\n2nd#580#rafatullah mohmand and aamer sajjad#wapda#ssgc#sheikhupura#2009 / 10\n3rd#624#mahela jayawardene and kumar sangakkara#sri lanka#south africa#colombo#2006\n4th#577#vijay hazare and gul mohammad#baroda#holkar#baroda#1946 / 47\n5th#520#cheteshwar pujara and ravi jadeja#saurashtra#orissa#rajkot#2008 / 09\n6th#487#george headley and clarence passailaigue#jamaica#lord tennyson 's xi#kingston#1931 / 32\n7th#460#bhupinder singh and pankaj dharmani#punjab#delhi#delhi#1994 / 95\n8th#433#arthur sims and victor trumper#australia#canterbury#christchurch#1913 / 14\n9th#283#john chapman and arnold warren#derbyshire#warwickshire#blackwell#1910\n10th#307#alan kippax and hal hooker#new south wales#victoria#mcg#1928 / 29\n",
        "pandas_code": "df[(df['fielding team'] == 'quetta') & (df['battling team'] != 'wapda') & (df['fielding team'] == 'ssgc')].empty",
        "pandas_eval": "True"
    },
    {
        "id": 46218,
        "statement": "the venue be not colombo during 1910 , and their batting partner be not arthur sims and victor trumpter",
        "label": 1,
        "table_caption": "partnership (cricket)",
        "table_text": "wicket#runs#battling partners#battling team#fielding team#venue#season\n1st#561#waheed mirza and mansoor akhtar#karachi whites#quetta#karachi#1976 / 77\n2nd#580#rafatullah mohmand and aamer sajjad#wapda#ssgc#sheikhupura#2009 / 10\n3rd#624#mahela jayawardene and kumar sangakkara#sri lanka#south africa#colombo#2006\n4th#577#vijay hazare and gul mohammad#baroda#holkar#baroda#1946 / 47\n5th#520#cheteshwar pujara and ravi jadeja#saurashtra#orissa#rajkot#2008 / 09\n6th#487#george headley and clarence passailaigue#jamaica#lord tennyson 's xi#kingston#1931 / 32\n7th#460#bhupinder singh and pankaj dharmani#punjab#delhi#delhi#1994 / 95\n8th#433#arthur sims and victor trumper#australia#canterbury#christchurch#1913 / 14\n9th#283#john chapman and arnold warren#derbyshire#warwickshire#blackwell#1910\n10th#307#alan kippax and hal hooker#new south wales#victoria#mcg#1928 / 29\n",
        "pandas_code": "((df['season'] != '1910') | ((df['venue'] != 'colombo') & (~df['battling partners'].str.contains('arthur sims and victor trumper')))).all()",
        "pandas_eval": "True"
    },
    {
        "id": 46219,
        "statement": "the venue for punjab and australia be delhi and christchurch , respectively",
        "label": 1,
        "table_caption": "partnership (cricket)",
        "table_text": "wicket#runs#battling partners#battling team#fielding team#venue#season\n1st#561#waheed mirza and mansoor akhtar#karachi whites#quetta#karachi#1976 / 77\n2nd#580#rafatullah mohmand and aamer sajjad#wapda#ssgc#sheikhupura#2009 / 10\n3rd#624#mahela jayawardene and kumar sangakkara#sri lanka#south africa#colombo#2006\n4th#577#vijay hazare and gul mohammad#baroda#holkar#baroda#1946 / 47\n5th#520#cheteshwar pujara and ravi jadeja#saurashtra#orissa#rajkot#2008 / 09\n6th#487#george headley and clarence passailaigue#jamaica#lord tennyson 's xi#kingston#1931 / 32\n7th#460#bhupinder singh and pankaj dharmani#punjab#delhi#delhi#1994 / 95\n8th#433#arthur sims and victor trumper#australia#canterbury#christchurch#1913 / 14\n9th#283#john chapman and arnold warren#derbyshire#warwickshire#blackwell#1910\n10th#307#alan kippax and hal hooker#new south wales#victoria#mcg#1928 / 29\n",
        "pandas_code": "((df['battling team'] == 'punjab') & (df['venue'] == 'delhi')).any() & ((df['battling team'] == 'australia') & (df['venue'] == 'christchurch')).any()",
        "pandas_eval": "True"
    },
    {
        "id": 46220,
        "statement": "new south wale have a season with a game at the mcg before sri lanka have a season with a game at colombo",
        "label": 1,
        "table_caption": "partnership (cricket)",
        "table_text": "wicket#runs#battling partners#battling team#fielding team#venue#season\n1st#561#waheed mirza and mansoor akhtar#karachi whites#quetta#karachi#1976 / 77\n2nd#580#rafatullah mohmand and aamer sajjad#wapda#ssgc#sheikhupura#2009 / 10\n3rd#624#mahela jayawardene and kumar sangakkara#sri lanka#south africa#colombo#2006\n4th#577#vijay hazare and gul mohammad#baroda#holkar#baroda#1946 / 47\n5th#520#cheteshwar pujara and ravi jadeja#saurashtra#orissa#rajkot#2008 / 09\n6th#487#george headley and clarence passailaigue#jamaica#lord tennyson 's xi#kingston#1931 / 32\n7th#460#bhupinder singh and pankaj dharmani#punjab#delhi#delhi#1994 / 95\n8th#433#arthur sims and victor trumper#australia#canterbury#christchurch#1913 / 14\n9th#283#john chapman and arnold warren#derbyshire#warwickshire#blackwell#1910\n10th#307#alan kippax and hal hooker#new south wales#victoria#mcg#1928 / 29\n",
        "pandas_code": "(df[(df['battling team'] == 'new south wales') & (df['venue'] == 'mcg')]['season'].iloc[0] < df[(df['battling team'] == 'sri lanka') & (df['venue'] == 'colombo')]['season'].iloc[0])",
        "pandas_eval": "True"
    },
    {
        "id": 46221,
        "statement": "george headley and clarence passailaigue be not in second place , rafatullah mohmand and aamer sajjad be",
        "label": 1,
        "table_caption": "partnership (cricket)",
        "table_text": "wicket#runs#battling partners#battling team#fielding team#venue#season\n1st#561#waheed mirza and mansoor akhtar#karachi whites#quetta#karachi#1976 / 77\n2nd#580#rafatullah mohmand and aamer sajjad#wapda#ssgc#sheikhupura#2009 / 10\n3rd#624#mahela jayawardene and kumar sangakkara#sri lanka#south africa#colombo#2006\n4th#577#vijay hazare and gul mohammad#baroda#holkar#baroda#1946 / 47\n5th#520#cheteshwar pujara and ravi jadeja#saurashtra#orissa#rajkot#2008 / 09\n6th#487#george headley and clarence passailaigue#jamaica#lord tennyson 's xi#kingston#1931 / 32\n7th#460#bhupinder singh and pankaj dharmani#punjab#delhi#delhi#1994 / 95\n8th#433#arthur sims and victor trumper#australia#canterbury#christchurch#1913 / 14\n9th#283#john chapman and arnold warren#derbyshire#warwickshire#blackwell#1910\n10th#307#alan kippax and hal hooker#new south wales#victoria#mcg#1928 / 29\n",
        "pandas_code": "not df['battling partners'].iloc[1] == 'george headley and clarence passailaigue' and df['battling partners'].iloc[1] == 'rafatullah mohmand and aamer sajjad'",
        "pandas_eval": "True"
    },
    {
        "id": 46222,
        "statement": "the batting team for the fielding team quetta be not karachi white , that be for the fielding team wapda",
        "label": 0,
        "table_caption": "partnership (cricket)",
        "table_text": "wicket#runs#battling partners#battling team#fielding team#venue#season\n1st#561#waheed mirza and mansoor akhtar#karachi whites#quetta#karachi#1976 / 77\n2nd#580#rafatullah mohmand and aamer sajjad#wapda#ssgc#sheikhupura#2009 / 10\n3rd#624#mahela jayawardene and kumar sangakkara#sri lanka#south africa#colombo#2006\n4th#577#vijay hazare and gul mohammad#baroda#holkar#baroda#1946 / 47\n5th#520#cheteshwar pujara and ravi jadeja#saurashtra#orissa#rajkot#2008 / 09\n6th#487#george headley and clarence passailaigue#jamaica#lord tennyson 's xi#kingston#1931 / 32\n7th#460#bhupinder singh and pankaj dharmani#punjab#delhi#delhi#1994 / 95\n8th#433#arthur sims and victor trumper#australia#canterbury#christchurch#1913 / 14\n9th#283#john chapman and arnold warren#derbyshire#warwickshire#blackwell#1910\n10th#307#alan kippax and hal hooker#new south wales#victoria#mcg#1928 / 29\n",
        "pandas_code": "not df[df['fielding team'] == 'quetta']['battling team'].eq('karachi whites').any() and df[df['fielding team'] == 'wapda']['battling team'].eq('karachi whites').any()",
        "pandas_eval": "False"
    },
    {
        "id": 46223,
        "statement": "the venue be not blackwell during 1910 , and their batting partner be not arthur sims and victor trumpter",
        "label": 0,
        "table_caption": "partnership (cricket)",
        "table_text": "wicket#runs#battling partners#battling team#fielding team#venue#season\n1st#561#waheed mirza and mansoor akhtar#karachi whites#quetta#karachi#1976 / 77\n2nd#580#rafatullah mohmand and aamer sajjad#wapda#ssgc#sheikhupura#2009 / 10\n3rd#624#mahela jayawardene and kumar sangakkara#sri lanka#south africa#colombo#2006\n4th#577#vijay hazare and gul mohammad#baroda#holkar#baroda#1946 / 47\n5th#520#cheteshwar pujara and ravi jadeja#saurashtra#orissa#rajkot#2008 / 09\n6th#487#george headley and clarence passailaigue#jamaica#lord tennyson 's xi#kingston#1931 / 32\n7th#460#bhupinder singh and pankaj dharmani#punjab#delhi#delhi#1994 / 95\n8th#433#arthur sims and victor trumper#australia#canterbury#christchurch#1913 / 14\n9th#283#john chapman and arnold warren#derbyshire#warwickshire#blackwell#1910\n10th#307#alan kippax and hal hooker#new south wales#victoria#mcg#1928 / 29\n",
        "pandas_code": "((df['venue'] != 'blackwell') & (df['season'] != '1910') & (~df['battling partners'].str.contains('arthur sims and victor trumper'))).all()",
        "pandas_eval": "False"
    },
    {
        "id": 46224,
        "statement": "the venue for punjab and australia be delhi and blackwell , respectively",
        "label": 0,
        "table_caption": "partnership (cricket)",
        "table_text": "wicket#runs#battling partners#battling team#fielding team#venue#season\n1st#561#waheed mirza and mansoor akhtar#karachi whites#quetta#karachi#1976 / 77\n2nd#580#rafatullah mohmand and aamer sajjad#wapda#ssgc#sheikhupura#2009 / 10\n3rd#624#mahela jayawardene and kumar sangakkara#sri lanka#south africa#colombo#2006\n4th#577#vijay hazare and gul mohammad#baroda#holkar#baroda#1946 / 47\n5th#520#cheteshwar pujara and ravi jadeja#saurashtra#orissa#rajkot#2008 / 09\n6th#487#george headley and clarence passailaigue#jamaica#lord tennyson 's xi#kingston#1931 / 32\n7th#460#bhupinder singh and pankaj dharmani#punjab#delhi#delhi#1994 / 95\n8th#433#arthur sims and victor trumper#australia#canterbury#christchurch#1913 / 14\n9th#283#john chapman and arnold warren#derbyshire#warwickshire#blackwell#1910\n10th#307#alan kippax and hal hooker#new south wales#victoria#mcg#1928 / 29\n",
        "pandas_code": "(df[df['battling team'] == 'punjab']['venue'].values[0] == 'delhi') and (df[df['battling team'] == 'australia']['venue'].values[0] == 'blackwell')",
        "pandas_eval": "False"
    },
    {
        "id": 46225,
        "statement": "new south wale have a season with a game at the christchurch before sri lanka have a season with a game at colombo",
        "label": 0,
        "table_caption": "partnership (cricket)",
        "table_text": "wicket#runs#battling partners#battling team#fielding team#venue#season\n1st#561#waheed mirza and mansoor akhtar#karachi whites#quetta#karachi#1976 / 77\n2nd#580#rafatullah mohmand and aamer sajjad#wapda#ssgc#sheikhupura#2009 / 10\n3rd#624#mahela jayawardene and kumar sangakkara#sri lanka#south africa#colombo#2006\n4th#577#vijay hazare and gul mohammad#baroda#holkar#baroda#1946 / 47\n5th#520#cheteshwar pujara and ravi jadeja#saurashtra#orissa#rajkot#2008 / 09\n6th#487#george headley and clarence passailaigue#jamaica#lord tennyson 's xi#kingston#1931 / 32\n7th#460#bhupinder singh and pankaj dharmani#punjab#delhi#delhi#1994 / 95\n8th#433#arthur sims and victor trumper#australia#canterbury#christchurch#1913 / 14\n9th#283#john chapman and arnold warren#derbyshire#warwickshire#blackwell#1910\n10th#307#alan kippax and hal hooker#new south wales#victoria#mcg#1928 / 29\n",
        "pandas_code": "(df[(df['battling team'] == 'new south wales') & (df['venue'] == 'christchurch')]['season'].empty == False and df[(df['battling team'] == 'sri lanka') & (df['venue'] == 'colombo')]['season'].empty == False and df[(df['battling team'] == 'new south wales') & (df['venue'] == 'christchurch')]['season'].iloc[0] < df[(df['battling team'] == 'sri lanka') & (df['venue'] == 'colombo')]['season'].iloc[0])",
        "pandas_eval": "False"
    },
    {
        "id": 46226,
        "statement": "george headley and clarence passailaigue be not in sixth place , rafatullah mohmand and aamer sajjad be in third place",
        "label": 0,
        "table_caption": "partnership (cricket)",
        "table_text": "wicket#runs#battling partners#battling team#fielding team#venue#season\n1st#561#waheed mirza and mansoor akhtar#karachi whites#quetta#karachi#1976 / 77\n2nd#580#rafatullah mohmand and aamer sajjad#wapda#ssgc#sheikhupura#2009 / 10\n3rd#624#mahela jayawardene and kumar sangakkara#sri lanka#south africa#colombo#2006\n4th#577#vijay hazare and gul mohammad#baroda#holkar#baroda#1946 / 47\n5th#520#cheteshwar pujara and ravi jadeja#saurashtra#orissa#rajkot#2008 / 09\n6th#487#george headley and clarence passailaigue#jamaica#lord tennyson 's xi#kingston#1931 / 32\n7th#460#bhupinder singh and pankaj dharmani#punjab#delhi#delhi#1994 / 95\n8th#433#arthur sims and victor trumper#australia#canterbury#christchurch#1913 / 14\n9th#283#john chapman and arnold warren#derbyshire#warwickshire#blackwell#1910\n10th#307#alan kippax and hal hooker#new south wales#victoria#mcg#1928 / 29\n",
        "pandas_code": "(df.loc[5, 'battling partners'] != 'george headley and clarence passailaigue') & (df.loc[2, 'battling partners'] == 'rafatullah mohmand and aamer sajjad')",
        "pandas_eval": "False"
    }
]