[
    {
        "id": 33207,
        "statement": "there be a 2r for the australian open , french open , and us open in 2004",
        "label": 1,
        "table_caption": "igor andreev",
        "table_text": "tournament#2004#2005#2006#2007#2008#2009#2010#2011\ngrand slam tournaments#grand slam tournaments#grand slam tournaments#grand slam tournaments#grand slam tournaments#grand slam tournaments#grand slam tournaments#grand slam tournaments#grand slam tournaments\naustralian open#2r#2r#1r#1r#a#1r#2r#a\nfrench open#2r#3r#a#1r#a#1r#a#a\nwimbledon#1r#a#a#1r#a#2r#a#a\nus open#2r#2r#a#a#2r#a#a#1r\n",
        "pandas_code": "all(df.loc[df['tournament'].isin(['australian open', 'french open', 'us open']), '2004'] == '2r')",
        "pandas_eval": "True"
    },
    {
        "id": 33208,
        "statement": "there be a 2r for both the australian open and the us open in 2005",
        "label": 1,
        "table_caption": "igor andreev",
        "table_text": "tournament#2004#2005#2006#2007#2008#2009#2010#2011\ngrand slam tournaments#grand slam tournaments#grand slam tournaments#grand slam tournaments#grand slam tournaments#grand slam tournaments#grand slam tournaments#grand slam tournaments#grand slam tournaments\naustralian open#2r#2r#1r#1r#a#1r#2r#a\nfrench open#2r#3r#a#1r#a#1r#a#a\nwimbledon#1r#a#a#1r#a#2r#a#a\nus open#2r#2r#a#a#2r#a#a#1r\n",
        "pandas_code": "df[(df['tournament'] == 'australian open') & (df['2005'] == '2r')].any().any() and df[(df['tournament'] == 'us open') & (df['2005'] == '2r')].any().any()",
        "pandas_eval": "True"
    },
    {
        "id": 33209,
        "statement": "there be a 1r for the australian open , french open , and wimbledon in 2007",
        "label": 1,
        "table_caption": "igor andreev",
        "table_text": "tournament#2004#2005#2006#2007#2008#2009#2010#2011\ngrand slam tournaments#grand slam tournaments#grand slam tournaments#grand slam tournaments#grand slam tournaments#grand slam tournaments#grand slam tournaments#grand slam tournaments#grand slam tournaments\naustralian open#2r#2r#1r#1r#a#1r#2r#a\nfrench open#2r#3r#a#1r#a#1r#a#a\nwimbledon#1r#a#a#1r#a#2r#a#a\nus open#2r#2r#a#a#2r#a#a#1r\n",
        "pandas_code": "all(df.loc[df['tournament'].isin(['australian open', 'french open', 'wimbledon']), '2007'] == '1r')",
        "pandas_eval": "True"
    },
    {
        "id": 33210,
        "statement": "there be an a for the australian open , french open , and wimbledon in 2008",
        "label": 1,
        "table_caption": "igor andreev",
        "table_text": "tournament#2004#2005#2006#2007#2008#2009#2010#2011\ngrand slam tournaments#grand slam tournaments#grand slam tournaments#grand slam tournaments#grand slam tournaments#grand slam tournaments#grand slam tournaments#grand slam tournaments#grand slam tournaments\naustralian open#2r#2r#1r#1r#a#1r#2r#a\nfrench open#2r#3r#a#1r#a#1r#a#a\nwimbledon#1r#a#a#1r#a#2r#a#a\nus open#2r#2r#a#a#2r#a#a#1r\n",
        "pandas_code": "all(df[df['tournament'].isin(['australian open', 'french open', 'wimbledon'])]['2008'] == 'a')",
        "pandas_eval": "True"
    },
    {
        "id": 33211,
        "statement": "there be an a for the french open , wimbledon , and us open in 2010",
        "label": 1,
        "table_caption": "igor andreev",
        "table_text": "tournament#2004#2005#2006#2007#2008#2009#2010#2011\ngrand slam tournaments#grand slam tournaments#grand slam tournaments#grand slam tournaments#grand slam tournaments#grand slam tournaments#grand slam tournaments#grand slam tournaments#grand slam tournaments\naustralian open#2r#2r#1r#1r#a#1r#2r#a\nfrench open#2r#3r#a#1r#a#1r#a#a\nwimbledon#1r#a#a#1r#a#2r#a#a\nus open#2r#2r#a#a#2r#a#a#1r\n",
        "pandas_code": "all(df.loc[df['tournament'].isin(['french open', 'wimbledon', 'us open']), '2010'] == 'a')",
        "pandas_eval": "True"
    },
    {
        "id": 33212,
        "statement": "there be a 1r for the australian open , french open , and us open in 2004",
        "label": 0,
        "table_caption": "igor andreev",
        "table_text": "tournament#2004#2005#2006#2007#2008#2009#2010#2011\ngrand slam tournaments#grand slam tournaments#grand slam tournaments#grand slam tournaments#grand slam tournaments#grand slam tournaments#grand slam tournaments#grand slam tournaments#grand slam tournaments\naustralian open#2r#2r#1r#1r#a#1r#2r#a\nfrench open#2r#3r#a#1r#a#1r#a#a\nwimbledon#1r#a#a#1r#a#2r#a#a\nus open#2r#2r#a#a#2r#a#a#1r\n",
        "pandas_code": "all(df.loc[df['tournament'].isin(['australian open', 'french open', 'us open']), '2004'] == '1r')",
        "pandas_eval": "False"
    },
    {
        "id": 33213,
        "statement": "there be a 1r for both the australian open and the us open in 2005",
        "label": 0,
        "table_caption": "igor andreev",
        "table_text": "tournament#2004#2005#2006#2007#2008#2009#2010#2011\ngrand slam tournaments#grand slam tournaments#grand slam tournaments#grand slam tournaments#grand slam tournaments#grand slam tournaments#grand slam tournaments#grand slam tournaments#grand slam tournaments\naustralian open#2r#2r#1r#1r#a#1r#2r#a\nfrench open#2r#3r#a#1r#a#1r#a#a\nwimbledon#1r#a#a#1r#a#2r#a#a\nus open#2r#2r#a#a#2r#a#a#1r\n",
        "pandas_code": "((df[df['tournament'] == 'australian open']['2005'].values[0] == '1r') & (df[df['tournament'] == 'us open']['2005'].values[0] == '1r'))",
        "pandas_eval": "False"
    },
    {
        "id": 33214,
        "statement": "there be a 2r for the australian open , french open , and wimbledon in 2007",
        "label": 0,
        "table_caption": "igor andreev",
        "table_text": "tournament#2004#2005#2006#2007#2008#2009#2010#2011\ngrand slam tournaments#grand slam tournaments#grand slam tournaments#grand slam tournaments#grand slam tournaments#grand slam tournaments#grand slam tournaments#grand slam tournaments#grand slam tournaments\naustralian open#2r#2r#1r#1r#a#1r#2r#a\nfrench open#2r#3r#a#1r#a#1r#a#a\nwimbledon#1r#a#a#1r#a#2r#a#a\nus open#2r#2r#a#a#2r#a#a#1r\n",
        "pandas_code": "all(df.loc[df['tournament'].isin(['australian open', 'french open', 'wimbledon']), '2007'] == '2r')",
        "pandas_eval": "False"
    },
    {
        "id": 33215,
        "statement": "there be an a for the australian open , french open , and wimbledon in 2010",
        "label": 0,
        "table_caption": "igor andreev",
        "table_text": "tournament#2004#2005#2006#2007#2008#2009#2010#2011\ngrand slam tournaments#grand slam tournaments#grand slam tournaments#grand slam tournaments#grand slam tournaments#grand slam tournaments#grand slam tournaments#grand slam tournaments#grand slam tournaments\naustralian open#2r#2r#1r#1r#a#1r#2r#a\nfrench open#2r#3r#a#1r#a#1r#a#a\nwimbledon#1r#a#a#1r#a#2r#a#a\nus open#2r#2r#a#a#2r#a#a#1r\n",
        "pandas_code": "all(df[df['tournament'].isin(['australian open', 'french open', 'wimbledon'])]['2010'] == 'a')",
        "pandas_eval": "False"
    },
    {
        "id": 33216,
        "statement": "there be an a for the french open , wimbledon , and us open in 2009",
        "label": 0,
        "table_caption": "igor andreev",
        "table_text": "tournament#2004#2005#2006#2007#2008#2009#2010#2011\ngrand slam tournaments#grand slam tournaments#grand slam tournaments#grand slam tournaments#grand slam tournaments#grand slam tournaments#grand slam tournaments#grand slam tournaments#grand slam tournaments\naustralian open#2r#2r#1r#1r#a#1r#2r#a\nfrench open#2r#3r#a#1r#a#1r#a#a\nwimbledon#1r#a#a#1r#a#2r#a#a\nus open#2r#2r#a#a#2r#a#a#1r\n",
        "pandas_code": "all(df.loc[df['tournament'].isin(['french open', 'wimbledon', 'us open']), '2009'] == 'a')",
        "pandas_eval": "False"
    },
    {
        "id": 33918,
        "statement": "igor andreev be in the final on clay court far more often than carpet or hard",
        "label": 1,
        "table_caption": "igor andreev",
        "table_text": "outcome#date#championship#surface#opponent#score\nrunner - up#12 july 2004#gstaad , switzerland#clay#roger federer#2 - 6 , 3 - 6 , 7 - 5 , 3 - 6\nrunner - up#19 september 2004#bucharest , romania#clay#josé acasuso#3 - 6 , 0 - 6\nwinner#4 april 2005#valencia , spain#clay#david ferrer#6 - 3 , 5 - 7 , 6 - 3\nwinner#26 september 2005#palermo , italy#clay#filippo volandri#0 - 6 , 6 - 1 , 6 - 3\nrunner - up#18 september 2005#bucharest , romania#clay#florent serra#4 - 6 , 3 - 6\nwinner#10 october 2005#moscow , russia#carpet (i)#nicolas kiefer#5 - 7 , 7 - 6 (7 - 3) , 6 - 2\nrunner - up#16 january 2006#sydney , australia#hard#james blake#2 - 6 , 6 - 3 , 6 - 7 (3 - 7)\nrunner - up#13 july 2008#gstaad , switzerland#clay#victor hănescu#3 - 6 , 4 - 6\nrunner - up#20 july 2008#umag , croatia#clay#fernando verdasco#6 - 3 , 4 - 6 , 6 - 7 (4 - 7)\n",
        "pandas_code": "(df[df['surface'] == 'clay']['outcome'].value_counts().get('runner - up', 0) > df[df['surface'].isin(['carpet (i)', 'hard'])]['outcome'].value_counts().get('runner - up', 0))",
        "pandas_eval": "True"
    },
    {
        "id": 33919,
        "statement": "igor andreev have never play the same opponent in the final",
        "label": 1,
        "table_caption": "igor andreev",
        "table_text": "outcome#date#championship#surface#opponent#score\nrunner - up#12 july 2004#gstaad , switzerland#clay#roger federer#2 - 6 , 3 - 6 , 7 - 5 , 3 - 6\nrunner - up#19 september 2004#bucharest , romania#clay#josé acasuso#3 - 6 , 0 - 6\nwinner#4 april 2005#valencia , spain#clay#david ferrer#6 - 3 , 5 - 7 , 6 - 3\nwinner#26 september 2005#palermo , italy#clay#filippo volandri#0 - 6 , 6 - 1 , 6 - 3\nrunner - up#18 september 2005#bucharest , romania#clay#florent serra#4 - 6 , 3 - 6\nwinner#10 october 2005#moscow , russia#carpet (i)#nicolas kiefer#5 - 7 , 7 - 6 (7 - 3) , 6 - 2\nrunner - up#16 january 2006#sydney , australia#hard#james blake#2 - 6 , 6 - 3 , 6 - 7 (3 - 7)\nrunner - up#13 july 2008#gstaad , switzerland#clay#victor hănescu#3 - 6 , 4 - 6\nrunner - up#20 july 2008#umag , croatia#clay#fernando verdasco#6 - 3 , 4 - 6 , 6 - 7 (4 - 7)\n",
        "pandas_code": "df.groupby('opponent').filter(lambda x: len(x) > 1).empty",
        "pandas_eval": "True"
    },
    {
        "id": 33920,
        "statement": "when igor andreev win a final , it be never in straight set",
        "label": 1,
        "table_caption": "igor andreev",
        "table_text": "outcome#date#championship#surface#opponent#score\nrunner - up#12 july 2004#gstaad , switzerland#clay#roger federer#2 - 6 , 3 - 6 , 7 - 5 , 3 - 6\nrunner - up#19 september 2004#bucharest , romania#clay#josé acasuso#3 - 6 , 0 - 6\nwinner#4 april 2005#valencia , spain#clay#david ferrer#6 - 3 , 5 - 7 , 6 - 3\nwinner#26 september 2005#palermo , italy#clay#filippo volandri#0 - 6 , 6 - 1 , 6 - 3\nrunner - up#18 september 2005#bucharest , romania#clay#florent serra#4 - 6 , 3 - 6\nwinner#10 october 2005#moscow , russia#carpet (i)#nicolas kiefer#5 - 7 , 7 - 6 (7 - 3) , 6 - 2\nrunner - up#16 january 2006#sydney , australia#hard#james blake#2 - 6 , 6 - 3 , 6 - 7 (3 - 7)\nrunner - up#13 july 2008#gstaad , switzerland#clay#victor hănescu#3 - 6 , 4 - 6\nrunner - up#20 july 2008#umag , croatia#clay#fernando verdasco#6 - 3 , 4 - 6 , 6 - 7 (4 - 7)\n",
        "pandas_code": "all(df[df['outcome'] == 'winner']['score'].str.count(' - ') > 1)",
        "pandas_eval": "True"
    },
    {
        "id": 33921,
        "statement": "in the final , igor andreev have 2 time lose a set without win a single game",
        "label": 1,
        "table_caption": "igor andreev",
        "table_text": "outcome#date#championship#surface#opponent#score\nrunner - up#12 july 2004#gstaad , switzerland#clay#roger federer#2 - 6 , 3 - 6 , 7 - 5 , 3 - 6\nrunner - up#19 september 2004#bucharest , romania#clay#josé acasuso#3 - 6 , 0 - 6\nwinner#4 april 2005#valencia , spain#clay#david ferrer#6 - 3 , 5 - 7 , 6 - 3\nwinner#26 september 2005#palermo , italy#clay#filippo volandri#0 - 6 , 6 - 1 , 6 - 3\nrunner - up#18 september 2005#bucharest , romania#clay#florent serra#4 - 6 , 3 - 6\nwinner#10 october 2005#moscow , russia#carpet (i)#nicolas kiefer#5 - 7 , 7 - 6 (7 - 3) , 6 - 2\nrunner - up#16 january 2006#sydney , australia#hard#james blake#2 - 6 , 6 - 3 , 6 - 7 (3 - 7)\nrunner - up#13 july 2008#gstaad , switzerland#clay#victor hănescu#3 - 6 , 4 - 6\nrunner - up#20 july 2008#umag , croatia#clay#fernando verdasco#6 - 3 , 4 - 6 , 6 - 7 (4 - 7)\n",
        "pandas_code": "df['score'].str.contains(r'0 - 6', regex=True).sum() == 2",
        "pandas_eval": "True"
    },
    {
        "id": 33922,
        "statement": "igor have never shut out an opponent in a set , his best score be 6 - 1",
        "label": 1,
        "table_caption": "igor andreev",
        "table_text": "outcome#date#championship#surface#opponent#score\nrunner - up#12 july 2004#gstaad , switzerland#clay#roger federer#2 - 6 , 3 - 6 , 7 - 5 , 3 - 6\nrunner - up#19 september 2004#bucharest , romania#clay#josé acasuso#3 - 6 , 0 - 6\nwinner#4 april 2005#valencia , spain#clay#david ferrer#6 - 3 , 5 - 7 , 6 - 3\nwinner#26 september 2005#palermo , italy#clay#filippo volandri#0 - 6 , 6 - 1 , 6 - 3\nrunner - up#18 september 2005#bucharest , romania#clay#florent serra#4 - 6 , 3 - 6\nwinner#10 october 2005#moscow , russia#carpet (i)#nicolas kiefer#5 - 7 , 7 - 6 (7 - 3) , 6 - 2\nrunner - up#16 january 2006#sydney , australia#hard#james blake#2 - 6 , 6 - 3 , 6 - 7 (3 - 7)\nrunner - up#13 july 2008#gstaad , switzerland#clay#victor hănescu#3 - 6 , 4 - 6\nrunner - up#20 july 2008#umag , croatia#clay#fernando verdasco#6 - 3 , 4 - 6 , 6 - 7 (4 - 7)\n",
        "pandas_code": "all(df['score'].str.contains(r'6 - 0') == False)",
        "pandas_eval": "True"
    },
    {
        "id": 33923,
        "statement": "igor andreev playes on only clay and hard surface",
        "label": 0,
        "table_caption": "igor andreev",
        "table_text": "outcome#date#championship#surface#opponent#score\nrunner - up#12 july 2004#gstaad , switzerland#clay#roger federer#2 - 6 , 3 - 6 , 7 - 5 , 3 - 6\nrunner - up#19 september 2004#bucharest , romania#clay#josé acasuso#3 - 6 , 0 - 6\nwinner#4 april 2005#valencia , spain#clay#david ferrer#6 - 3 , 5 - 7 , 6 - 3\nwinner#26 september 2005#palermo , italy#clay#filippo volandri#0 - 6 , 6 - 1 , 6 - 3\nrunner - up#18 september 2005#bucharest , romania#clay#florent serra#4 - 6 , 3 - 6\nwinner#10 october 2005#moscow , russia#carpet (i)#nicolas kiefer#5 - 7 , 7 - 6 (7 - 3) , 6 - 2\nrunner - up#16 january 2006#sydney , australia#hard#james blake#2 - 6 , 6 - 3 , 6 - 7 (3 - 7)\nrunner - up#13 july 2008#gstaad , switzerland#clay#victor hănescu#3 - 6 , 4 - 6\nrunner - up#20 july 2008#umag , croatia#clay#fernando verdasco#6 - 3 , 4 - 6 , 6 - 7 (4 - 7)\n",
        "pandas_code": "df['surface'].isin(['clay', 'hard']).all()",
        "pandas_eval": "False"
    },
    {
        "id": 33924,
        "statement": "igor andreev have filippo volandria 2 time as an opponent",
        "label": 0,
        "table_caption": "igor andreev",
        "table_text": "outcome#date#championship#surface#opponent#score\nrunner - up#12 july 2004#gstaad , switzerland#clay#roger federer#2 - 6 , 3 - 6 , 7 - 5 , 3 - 6\nrunner - up#19 september 2004#bucharest , romania#clay#josé acasuso#3 - 6 , 0 - 6\nwinner#4 april 2005#valencia , spain#clay#david ferrer#6 - 3 , 5 - 7 , 6 - 3\nwinner#26 september 2005#palermo , italy#clay#filippo volandri#0 - 6 , 6 - 1 , 6 - 3\nrunner - up#18 september 2005#bucharest , romania#clay#florent serra#4 - 6 , 3 - 6\nwinner#10 october 2005#moscow , russia#carpet (i)#nicolas kiefer#5 - 7 , 7 - 6 (7 - 3) , 6 - 2\nrunner - up#16 january 2006#sydney , australia#hard#james blake#2 - 6 , 6 - 3 , 6 - 7 (3 - 7)\nrunner - up#13 july 2008#gstaad , switzerland#clay#victor hănescu#3 - 6 , 4 - 6\nrunner - up#20 july 2008#umag , croatia#clay#fernando verdasco#6 - 3 , 4 - 6 , 6 - 7 (4 - 7)\n",
        "pandas_code": "df[df['opponent'] == 'filippo volandri'].shape[0] == 2",
        "pandas_eval": "False"
    },
    {
        "id": 33925,
        "statement": "when igor andreev win a final , its always in straight set",
        "label": 0,
        "table_caption": "igor andreev",
        "table_text": "outcome#date#championship#surface#opponent#score\nrunner - up#12 july 2004#gstaad , switzerland#clay#roger federer#2 - 6 , 3 - 6 , 7 - 5 , 3 - 6\nrunner - up#19 september 2004#bucharest , romania#clay#josé acasuso#3 - 6 , 0 - 6\nwinner#4 april 2005#valencia , spain#clay#david ferrer#6 - 3 , 5 - 7 , 6 - 3\nwinner#26 september 2005#palermo , italy#clay#filippo volandri#0 - 6 , 6 - 1 , 6 - 3\nrunner - up#18 september 2005#bucharest , romania#clay#florent serra#4 - 6 , 3 - 6\nwinner#10 october 2005#moscow , russia#carpet (i)#nicolas kiefer#5 - 7 , 7 - 6 (7 - 3) , 6 - 2\nrunner - up#16 january 2006#sydney , australia#hard#james blake#2 - 6 , 6 - 3 , 6 - 7 (3 - 7)\nrunner - up#13 july 2008#gstaad , switzerland#clay#victor hănescu#3 - 6 , 4 - 6\nrunner - up#20 july 2008#umag , croatia#clay#fernando verdasco#6 - 3 , 4 - 6 , 6 - 7 (4 - 7)\n",
        "pandas_code": "all(df[df['outcome'] == 'winner']['score'].str.count('-') == 2)",
        "pandas_eval": "False"
    },
    {
        "id": 33926,
        "statement": "in the final , igor andreev have win 2 time",
        "label": 0,
        "table_caption": "igor andreev",
        "table_text": "outcome#date#championship#surface#opponent#score\nrunner - up#12 july 2004#gstaad , switzerland#clay#roger federer#2 - 6 , 3 - 6 , 7 - 5 , 3 - 6\nrunner - up#19 september 2004#bucharest , romania#clay#josé acasuso#3 - 6 , 0 - 6\nwinner#4 april 2005#valencia , spain#clay#david ferrer#6 - 3 , 5 - 7 , 6 - 3\nwinner#26 september 2005#palermo , italy#clay#filippo volandri#0 - 6 , 6 - 1 , 6 - 3\nrunner - up#18 september 2005#bucharest , romania#clay#florent serra#4 - 6 , 3 - 6\nwinner#10 october 2005#moscow , russia#carpet (i)#nicolas kiefer#5 - 7 , 7 - 6 (7 - 3) , 6 - 2\nrunner - up#16 january 2006#sydney , australia#hard#james blake#2 - 6 , 6 - 3 , 6 - 7 (3 - 7)\nrunner - up#13 july 2008#gstaad , switzerland#clay#victor hănescu#3 - 6 , 4 - 6\nrunner - up#20 july 2008#umag , croatia#clay#fernando verdasco#6 - 3 , 4 - 6 , 6 - 7 (4 - 7)\n",
        "pandas_code": "df[df['outcome'] == 'winner'].shape[0] == 2",
        "pandas_eval": "False"
    },
    {
        "id": 33927,
        "statement": "igor have always shut out an opponent in a set , his worst score be 6 - 1",
        "label": 0,
        "table_caption": "igor andreev",
        "table_text": "outcome#date#championship#surface#opponent#score\nrunner - up#12 july 2004#gstaad , switzerland#clay#roger federer#2 - 6 , 3 - 6 , 7 - 5 , 3 - 6\nrunner - up#19 september 2004#bucharest , romania#clay#josé acasuso#3 - 6 , 0 - 6\nwinner#4 april 2005#valencia , spain#clay#david ferrer#6 - 3 , 5 - 7 , 6 - 3\nwinner#26 september 2005#palermo , italy#clay#filippo volandri#0 - 6 , 6 - 1 , 6 - 3\nrunner - up#18 september 2005#bucharest , romania#clay#florent serra#4 - 6 , 3 - 6\nwinner#10 october 2005#moscow , russia#carpet (i)#nicolas kiefer#5 - 7 , 7 - 6 (7 - 3) , 6 - 2\nrunner - up#16 january 2006#sydney , australia#hard#james blake#2 - 6 , 6 - 3 , 6 - 7 (3 - 7)\nrunner - up#13 july 2008#gstaad , switzerland#clay#victor hănescu#3 - 6 , 4 - 6\nrunner - up#20 july 2008#umag , croatia#clay#fernando verdasco#6 - 3 , 4 - 6 , 6 - 7 (4 - 7)\n",
        "pandas_code": "all(df['score'].str.contains(r'6 - [01]'))",
        "pandas_eval": "False"
    }
]