[
    {
        "id": 34302,
        "statement": "rihanna make 2 music video in 2005 from the album music in the sun",
        "label": 1,
        "table_caption": "rihanna videography",
        "table_text": "title#other performer (s)#director (s)#album#year\npon de replay#n / a#little x#music of the sun#2005\nif it 's lovin' that you want#n / a#marcus raboy#music of the sun#2005\nsos#n / a#chris applebaum#a girl like me#2006\nunfaithful#n / a#anthony mandler#a girl like me#2006\nwe ride#n / a#anthony mandler#a girl like me#2006\numbrella#jay - z#chris applebaum#good girl gone bad#2007\nshut up and drive#n / a#anthony mandler#good girl gone bad#2007\nhate that i love you#ne - yo / david bisbal#anthony mandler#good girl gone bad#2007\ndon't stop the music#n / a#anthony mandler#good girl gone bad#2007\ntake a bow#n / a#anthony mandler#good girl gone bad : reloaded#2008\nif i never see your face again#maroon 5#anthony mandler#good girl gone bad : reloaded#2008\ndisturbia#n / a#anthony mandler#good girl gone bad : reloaded#2008\nrehab#n / a#anthony mandler#good girl gone bad#2008\nlive your life#ti#anthony mandler#paper trail#2008\nrun this town#jay - z and kanye west#anthony mandler#the blueprint 3#2009\nwait your turn#n / a#anthony mandler#rated r#2009\nrussian roulette#n / a#anthony mandler#rated r#2009\nhard#young jeezy#melina matsoukas#rated r#2009\nshy ronnie#the lonely island#akiva schaffer#n / a#2009\nrude boy#n / a#melina matsoukas#rated r#2010\nrockstar 101#slash#melina matsoukas#rated r#2010\nte amo#n / a#anthony mandler#rated r#2010\nlove the way you lie#eminem#joseph kahn#recovery#2010\nwho 's that chick#david guetta#jonas ã…kerlund#one more love#2010\nonly girl (in the world)#n / a#anthony mandler#loud#2010\nshy ronnie 2: ronnie & clyde#the lonely island#akiva schaffer#turtleneck & chain#2010\nwhat 's my name#drake#philip andelman#loud#2010\ns&m#n / a#melina matsoukas#loud#2011\nall of the lights#kanye west and kid cudi#hype williams#my beautiful dark twisted fantasy#2011\ncalifornia king bed#n / a#anthony mandler#loud#2011\nman down#n / a#anthony mandler#loud#2011\ncheers (drink to that)#n / a#evan rogers and ciara pardo#loud#2011\nfly#nicki minaj#sanaa hamri#pink friday#2011\nwe found love#calvin harris#melina matsoukas#talk that talk#2011\nyou da one#n / a#melina matsoukas#talk that talk#2011\ntake care#drake#yoann lemoine#take care#2012\nwhere have you been#n / a#dave meyers#talk that talk#2012\nprincess of china#coldplay#adria petty and alan bibby#mylo xyloto#2012\ndiamonds#n / a#anthony mandler#unapologetic#2012\nstay#mikky ekko#sophie muller#unapologetic#2013\npour it up#n / a#robyn fenty#unapologetic#2013\nwhat now#n / a#unknown#unapologetic#2013\n",
        "pandas_code": "len(df[(df['year'] == 2005) & (df['album'] == 'music of the sun')]) == 2",
        "pandas_eval": "True"
    },
    {
        "id": 34303,
        "statement": "anthony mandler have direct the most of rihanna 's music video",
        "label": 1,
        "table_caption": "rihanna videography",
        "table_text": "title#other performer (s)#director (s)#album#year\npon de replay#n / a#little x#music of the sun#2005\nif it 's lovin' that you want#n / a#marcus raboy#music of the sun#2005\nsos#n / a#chris applebaum#a girl like me#2006\nunfaithful#n / a#anthony mandler#a girl like me#2006\nwe ride#n / a#anthony mandler#a girl like me#2006\numbrella#jay - z#chris applebaum#good girl gone bad#2007\nshut up and drive#n / a#anthony mandler#good girl gone bad#2007\nhate that i love you#ne - yo / david bisbal#anthony mandler#good girl gone bad#2007\ndon't stop the music#n / a#anthony mandler#good girl gone bad#2007\ntake a bow#n / a#anthony mandler#good girl gone bad : reloaded#2008\nif i never see your face again#maroon 5#anthony mandler#good girl gone bad : reloaded#2008\ndisturbia#n / a#anthony mandler#good girl gone bad : reloaded#2008\nrehab#n / a#anthony mandler#good girl gone bad#2008\nlive your life#ti#anthony mandler#paper trail#2008\nrun this town#jay - z and kanye west#anthony mandler#the blueprint 3#2009\nwait your turn#n / a#anthony mandler#rated r#2009\nrussian roulette#n / a#anthony mandler#rated r#2009\nhard#young jeezy#melina matsoukas#rated r#2009\nshy ronnie#the lonely island#akiva schaffer#n / a#2009\nrude boy#n / a#melina matsoukas#rated r#2010\nrockstar 101#slash#melina matsoukas#rated r#2010\nte amo#n / a#anthony mandler#rated r#2010\nlove the way you lie#eminem#joseph kahn#recovery#2010\nwho 's that chick#david guetta#jonas ã…kerlund#one more love#2010\nonly girl (in the world)#n / a#anthony mandler#loud#2010\nshy ronnie 2: ronnie & clyde#the lonely island#akiva schaffer#turtleneck & chain#2010\nwhat 's my name#drake#philip andelman#loud#2010\ns&m#n / a#melina matsoukas#loud#2011\nall of the lights#kanye west and kid cudi#hype williams#my beautiful dark twisted fantasy#2011\ncalifornia king bed#n / a#anthony mandler#loud#2011\nman down#n / a#anthony mandler#loud#2011\ncheers (drink to that)#n / a#evan rogers and ciara pardo#loud#2011\nfly#nicki minaj#sanaa hamri#pink friday#2011\nwe found love#calvin harris#melina matsoukas#talk that talk#2011\nyou da one#n / a#melina matsoukas#talk that talk#2011\ntake care#drake#yoann lemoine#take care#2012\nwhere have you been#n / a#dave meyers#talk that talk#2012\nprincess of china#coldplay#adria petty and alan bibby#mylo xyloto#2012\ndiamonds#n / a#anthony mandler#unapologetic#2012\nstay#mikky ekko#sophie muller#unapologetic#2013\npour it up#n / a#robyn fenty#unapologetic#2013\nwhat now#n / a#unknown#unapologetic#2013\n",
        "pandas_code": "df['director (s)'].value_counts().idxmax() == 'anthony mandler'",
        "pandas_eval": "True"
    },
    {
        "id": 34304,
        "statement": "the lonely island be the only other performer to collaborate 2 time",
        "label": 1,
        "table_caption": "rihanna videography",
        "table_text": "title#other performer (s)#director (s)#album#year\npon de replay#n / a#little x#music of the sun#2005\nif it 's lovin' that you want#n / a#marcus raboy#music of the sun#2005\nsos#n / a#chris applebaum#a girl like me#2006\nunfaithful#n / a#anthony mandler#a girl like me#2006\nwe ride#n / a#anthony mandler#a girl like me#2006\numbrella#jay - z#chris applebaum#good girl gone bad#2007\nshut up and drive#n / a#anthony mandler#good girl gone bad#2007\nhate that i love you#ne - yo / david bisbal#anthony mandler#good girl gone bad#2007\ndon't stop the music#n / a#anthony mandler#good girl gone bad#2007\ntake a bow#n / a#anthony mandler#good girl gone bad : reloaded#2008\nif i never see your face again#maroon 5#anthony mandler#good girl gone bad : reloaded#2008\ndisturbia#n / a#anthony mandler#good girl gone bad : reloaded#2008\nrehab#n / a#anthony mandler#good girl gone bad#2008\nlive your life#ti#anthony mandler#paper trail#2008\nrun this town#jay - z and kanye west#anthony mandler#the blueprint 3#2009\nwait your turn#n / a#anthony mandler#rated r#2009\nrussian roulette#n / a#anthony mandler#rated r#2009\nhard#young jeezy#melina matsoukas#rated r#2009\nshy ronnie#the lonely island#akiva schaffer#n / a#2009\nrude boy#n / a#melina matsoukas#rated r#2010\nrockstar 101#slash#melina matsoukas#rated r#2010\nte amo#n / a#anthony mandler#rated r#2010\nlove the way you lie#eminem#joseph kahn#recovery#2010\nwho 's that chick#david guetta#jonas ã…kerlund#one more love#2010\nonly girl (in the world)#n / a#anthony mandler#loud#2010\nshy ronnie 2: ronnie & clyde#the lonely island#akiva schaffer#turtleneck & chain#2010\nwhat 's my name#drake#philip andelman#loud#2010\ns&m#n / a#melina matsoukas#loud#2011\nall of the lights#kanye west and kid cudi#hype williams#my beautiful dark twisted fantasy#2011\ncalifornia king bed#n / a#anthony mandler#loud#2011\nman down#n / a#anthony mandler#loud#2011\ncheers (drink to that)#n / a#evan rogers and ciara pardo#loud#2011\nfly#nicki minaj#sanaa hamri#pink friday#2011\nwe found love#calvin harris#melina matsoukas#talk that talk#2011\nyou da one#n / a#melina matsoukas#talk that talk#2011\ntake care#drake#yoann lemoine#take care#2012\nwhere have you been#n / a#dave meyers#talk that talk#2012\nprincess of china#coldplay#adria petty and alan bibby#mylo xyloto#2012\ndiamonds#n / a#anthony mandler#unapologetic#2012\nstay#mikky ekko#sophie muller#unapologetic#2013\npour it up#n / a#robyn fenty#unapologetic#2013\nwhat now#n / a#unknown#unapologetic#2013\n",
        "pandas_code": "df[df['other performer (s)'] == 'the lonely island'].shape[0] == 2",
        "pandas_eval": "True"
    },
    {
        "id": 34306,
        "statement": "the unapologetic album have 4 different director for the video",
        "label": 1,
        "table_caption": "rihanna videography",
        "table_text": "title#other performer (s)#director (s)#album#year\npon de replay#n / a#little x#music of the sun#2005\nif it 's lovin' that you want#n / a#marcus raboy#music of the sun#2005\nsos#n / a#chris applebaum#a girl like me#2006\nunfaithful#n / a#anthony mandler#a girl like me#2006\nwe ride#n / a#anthony mandler#a girl like me#2006\numbrella#jay - z#chris applebaum#good girl gone bad#2007\nshut up and drive#n / a#anthony mandler#good girl gone bad#2007\nhate that i love you#ne - yo / david bisbal#anthony mandler#good girl gone bad#2007\ndon't stop the music#n / a#anthony mandler#good girl gone bad#2007\ntake a bow#n / a#anthony mandler#good girl gone bad : reloaded#2008\nif i never see your face again#maroon 5#anthony mandler#good girl gone bad : reloaded#2008\ndisturbia#n / a#anthony mandler#good girl gone bad : reloaded#2008\nrehab#n / a#anthony mandler#good girl gone bad#2008\nlive your life#ti#anthony mandler#paper trail#2008\nrun this town#jay - z and kanye west#anthony mandler#the blueprint 3#2009\nwait your turn#n / a#anthony mandler#rated r#2009\nrussian roulette#n / a#anthony mandler#rated r#2009\nhard#young jeezy#melina matsoukas#rated r#2009\nshy ronnie#the lonely island#akiva schaffer#n / a#2009\nrude boy#n / a#melina matsoukas#rated r#2010\nrockstar 101#slash#melina matsoukas#rated r#2010\nte amo#n / a#anthony mandler#rated r#2010\nlove the way you lie#eminem#joseph kahn#recovery#2010\nwho 's that chick#david guetta#jonas ã…kerlund#one more love#2010\nonly girl (in the world)#n / a#anthony mandler#loud#2010\nshy ronnie 2: ronnie & clyde#the lonely island#akiva schaffer#turtleneck & chain#2010\nwhat 's my name#drake#philip andelman#loud#2010\ns&m#n / a#melina matsoukas#loud#2011\nall of the lights#kanye west and kid cudi#hype williams#my beautiful dark twisted fantasy#2011\ncalifornia king bed#n / a#anthony mandler#loud#2011\nman down#n / a#anthony mandler#loud#2011\ncheers (drink to that)#n / a#evan rogers and ciara pardo#loud#2011\nfly#nicki minaj#sanaa hamri#pink friday#2011\nwe found love#calvin harris#melina matsoukas#talk that talk#2011\nyou da one#n / a#melina matsoukas#talk that talk#2011\ntake care#drake#yoann lemoine#take care#2012\nwhere have you been#n / a#dave meyers#talk that talk#2012\nprincess of china#coldplay#adria petty and alan bibby#mylo xyloto#2012\ndiamonds#n / a#anthony mandler#unapologetic#2012\nstay#mikky ekko#sophie muller#unapologetic#2013\npour it up#n / a#robyn fenty#unapologetic#2013\nwhat now#n / a#unknown#unapologetic#2013\n",
        "pandas_code": "df[df['album'] == 'unapologetic']['director (s)'].nunique() == 4",
        "pandas_eval": "True"
    },
    {
        "id": 34307,
        "statement": "album pink friday be release in 2005",
        "label": 0,
        "table_caption": "rihanna videography",
        "table_text": "title#other performer (s)#director (s)#album#year\npon de replay#n / a#little x#music of the sun#2005\nif it 's lovin' that you want#n / a#marcus raboy#music of the sun#2005\nsos#n / a#chris applebaum#a girl like me#2006\nunfaithful#n / a#anthony mandler#a girl like me#2006\nwe ride#n / a#anthony mandler#a girl like me#2006\numbrella#jay - z#chris applebaum#good girl gone bad#2007\nshut up and drive#n / a#anthony mandler#good girl gone bad#2007\nhate that i love you#ne - yo / david bisbal#anthony mandler#good girl gone bad#2007\ndon't stop the music#n / a#anthony mandler#good girl gone bad#2007\ntake a bow#n / a#anthony mandler#good girl gone bad : reloaded#2008\nif i never see your face again#maroon 5#anthony mandler#good girl gone bad : reloaded#2008\ndisturbia#n / a#anthony mandler#good girl gone bad : reloaded#2008\nrehab#n / a#anthony mandler#good girl gone bad#2008\nlive your life#ti#anthony mandler#paper trail#2008\nrun this town#jay - z and kanye west#anthony mandler#the blueprint 3#2009\nwait your turn#n / a#anthony mandler#rated r#2009\nrussian roulette#n / a#anthony mandler#rated r#2009\nhard#young jeezy#melina matsoukas#rated r#2009\nshy ronnie#the lonely island#akiva schaffer#n / a#2009\nrude boy#n / a#melina matsoukas#rated r#2010\nrockstar 101#slash#melina matsoukas#rated r#2010\nte amo#n / a#anthony mandler#rated r#2010\nlove the way you lie#eminem#joseph kahn#recovery#2010\nwho 's that chick#david guetta#jonas ã…kerlund#one more love#2010\nonly girl (in the world)#n / a#anthony mandler#loud#2010\nshy ronnie 2: ronnie & clyde#the lonely island#akiva schaffer#turtleneck & chain#2010\nwhat 's my name#drake#philip andelman#loud#2010\ns&m#n / a#melina matsoukas#loud#2011\nall of the lights#kanye west and kid cudi#hype williams#my beautiful dark twisted fantasy#2011\ncalifornia king bed#n / a#anthony mandler#loud#2011\nman down#n / a#anthony mandler#loud#2011\ncheers (drink to that)#n / a#evan rogers and ciara pardo#loud#2011\nfly#nicki minaj#sanaa hamri#pink friday#2011\nwe found love#calvin harris#melina matsoukas#talk that talk#2011\nyou da one#n / a#melina matsoukas#talk that talk#2011\ntake care#drake#yoann lemoine#take care#2012\nwhere have you been#n / a#dave meyers#talk that talk#2012\nprincess of china#coldplay#adria petty and alan bibby#mylo xyloto#2012\ndiamonds#n / a#anthony mandler#unapologetic#2012\nstay#mikky ekko#sophie muller#unapologetic#2013\npour it up#n / a#robyn fenty#unapologetic#2013\nwhat now#n / a#unknown#unapologetic#2013\n",
        "pandas_code": "df[(df['album'] == 'pink friday') & (df['year'] == 2005)].shape[0] > 0",
        "pandas_eval": "False"
    },
    {
        "id": 34308,
        "statement": "anthony mandler direct only for kanye west and kid cudi",
        "label": 0,
        "table_caption": "rihanna videography",
        "table_text": "title#other performer (s)#director (s)#album#year\npon de replay#n / a#little x#music of the sun#2005\nif it 's lovin' that you want#n / a#marcus raboy#music of the sun#2005\nsos#n / a#chris applebaum#a girl like me#2006\nunfaithful#n / a#anthony mandler#a girl like me#2006\nwe ride#n / a#anthony mandler#a girl like me#2006\numbrella#jay - z#chris applebaum#good girl gone bad#2007\nshut up and drive#n / a#anthony mandler#good girl gone bad#2007\nhate that i love you#ne - yo / david bisbal#anthony mandler#good girl gone bad#2007\ndon't stop the music#n / a#anthony mandler#good girl gone bad#2007\ntake a bow#n / a#anthony mandler#good girl gone bad : reloaded#2008\nif i never see your face again#maroon 5#anthony mandler#good girl gone bad : reloaded#2008\ndisturbia#n / a#anthony mandler#good girl gone bad : reloaded#2008\nrehab#n / a#anthony mandler#good girl gone bad#2008\nlive your life#ti#anthony mandler#paper trail#2008\nrun this town#jay - z and kanye west#anthony mandler#the blueprint 3#2009\nwait your turn#n / a#anthony mandler#rated r#2009\nrussian roulette#n / a#anthony mandler#rated r#2009\nhard#young jeezy#melina matsoukas#rated r#2009\nshy ronnie#the lonely island#akiva schaffer#n / a#2009\nrude boy#n / a#melina matsoukas#rated r#2010\nrockstar 101#slash#melina matsoukas#rated r#2010\nte amo#n / a#anthony mandler#rated r#2010\nlove the way you lie#eminem#joseph kahn#recovery#2010\nwho 's that chick#david guetta#jonas ã…kerlund#one more love#2010\nonly girl (in the world)#n / a#anthony mandler#loud#2010\nshy ronnie 2: ronnie & clyde#the lonely island#akiva schaffer#turtleneck & chain#2010\nwhat 's my name#drake#philip andelman#loud#2010\ns&m#n / a#melina matsoukas#loud#2011\nall of the lights#kanye west and kid cudi#hype williams#my beautiful dark twisted fantasy#2011\ncalifornia king bed#n / a#anthony mandler#loud#2011\nman down#n / a#anthony mandler#loud#2011\ncheers (drink to that)#n / a#evan rogers and ciara pardo#loud#2011\nfly#nicki minaj#sanaa hamri#pink friday#2011\nwe found love#calvin harris#melina matsoukas#talk that talk#2011\nyou da one#n / a#melina matsoukas#talk that talk#2011\ntake care#drake#yoann lemoine#take care#2012\nwhere have you been#n / a#dave meyers#talk that talk#2012\nprincess of china#coldplay#adria petty and alan bibby#mylo xyloto#2012\ndiamonds#n / a#anthony mandler#unapologetic#2012\nstay#mikky ekko#sophie muller#unapologetic#2013\npour it up#n / a#robyn fenty#unapologetic#2013\nwhat now#n / a#unknown#unapologetic#2013\n",
        "pandas_code": "(df[df['director (s)'] == 'anthony mandler']['other performer (s)'] == 'kanye west and kid cudi').any() and (df[df['director (s)'] == 'anthony mandler']['other performer (s)'] != 'kanye west and kid cudi').sum() == 0",
        "pandas_eval": "False"
    },
    {
        "id": 34310,
        "statement": "in 2010 and 2011 3 video be produce",
        "label": 0,
        "table_caption": "rihanna videography",
        "table_text": "title#other performer (s)#director (s)#album#year\npon de replay#n / a#little x#music of the sun#2005\nif it 's lovin' that you want#n / a#marcus raboy#music of the sun#2005\nsos#n / a#chris applebaum#a girl like me#2006\nunfaithful#n / a#anthony mandler#a girl like me#2006\nwe ride#n / a#anthony mandler#a girl like me#2006\numbrella#jay - z#chris applebaum#good girl gone bad#2007\nshut up and drive#n / a#anthony mandler#good girl gone bad#2007\nhate that i love you#ne - yo / david bisbal#anthony mandler#good girl gone bad#2007\ndon't stop the music#n / a#anthony mandler#good girl gone bad#2007\ntake a bow#n / a#anthony mandler#good girl gone bad : reloaded#2008\nif i never see your face again#maroon 5#anthony mandler#good girl gone bad : reloaded#2008\ndisturbia#n / a#anthony mandler#good girl gone bad : reloaded#2008\nrehab#n / a#anthony mandler#good girl gone bad#2008\nlive your life#ti#anthony mandler#paper trail#2008\nrun this town#jay - z and kanye west#anthony mandler#the blueprint 3#2009\nwait your turn#n / a#anthony mandler#rated r#2009\nrussian roulette#n / a#anthony mandler#rated r#2009\nhard#young jeezy#melina matsoukas#rated r#2009\nshy ronnie#the lonely island#akiva schaffer#n / a#2009\nrude boy#n / a#melina matsoukas#rated r#2010\nrockstar 101#slash#melina matsoukas#rated r#2010\nte amo#n / a#anthony mandler#rated r#2010\nlove the way you lie#eminem#joseph kahn#recovery#2010\nwho 's that chick#david guetta#jonas ã…kerlund#one more love#2010\nonly girl (in the world)#n / a#anthony mandler#loud#2010\nshy ronnie 2: ronnie & clyde#the lonely island#akiva schaffer#turtleneck & chain#2010\nwhat 's my name#drake#philip andelman#loud#2010\ns&m#n / a#melina matsoukas#loud#2011\nall of the lights#kanye west and kid cudi#hype williams#my beautiful dark twisted fantasy#2011\ncalifornia king bed#n / a#anthony mandler#loud#2011\nman down#n / a#anthony mandler#loud#2011\ncheers (drink to that)#n / a#evan rogers and ciara pardo#loud#2011\nfly#nicki minaj#sanaa hamri#pink friday#2011\nwe found love#calvin harris#melina matsoukas#talk that talk#2011\nyou da one#n / a#melina matsoukas#talk that talk#2011\ntake care#drake#yoann lemoine#take care#2012\nwhere have you been#n / a#dave meyers#talk that talk#2012\nprincess of china#coldplay#adria petty and alan bibby#mylo xyloto#2012\ndiamonds#n / a#anthony mandler#unapologetic#2012\nstay#mikky ekko#sophie muller#unapologetic#2013\npour it up#n / a#robyn fenty#unapologetic#2013\nwhat now#n / a#unknown#unapologetic#2013\n",
        "pandas_code": "len(df[(df['year'] == 2010) | (df['year'] == 2011)]) == 3",
        "pandas_eval": "False"
    },
    {
        "id": 34311,
        "statement": "the album unapologetic have one director for the video",
        "label": 0,
        "table_caption": "rihanna videography",
        "table_text": "title#other performer (s)#director (s)#album#year\npon de replay#n / a#little x#music of the sun#2005\nif it 's lovin' that you want#n / a#marcus raboy#music of the sun#2005\nsos#n / a#chris applebaum#a girl like me#2006\nunfaithful#n / a#anthony mandler#a girl like me#2006\nwe ride#n / a#anthony mandler#a girl like me#2006\numbrella#jay - z#chris applebaum#good girl gone bad#2007\nshut up and drive#n / a#anthony mandler#good girl gone bad#2007\nhate that i love you#ne - yo / david bisbal#anthony mandler#good girl gone bad#2007\ndon't stop the music#n / a#anthony mandler#good girl gone bad#2007\ntake a bow#n / a#anthony mandler#good girl gone bad : reloaded#2008\nif i never see your face again#maroon 5#anthony mandler#good girl gone bad : reloaded#2008\ndisturbia#n / a#anthony mandler#good girl gone bad : reloaded#2008\nrehab#n / a#anthony mandler#good girl gone bad#2008\nlive your life#ti#anthony mandler#paper trail#2008\nrun this town#jay - z and kanye west#anthony mandler#the blueprint 3#2009\nwait your turn#n / a#anthony mandler#rated r#2009\nrussian roulette#n / a#anthony mandler#rated r#2009\nhard#young jeezy#melina matsoukas#rated r#2009\nshy ronnie#the lonely island#akiva schaffer#n / a#2009\nrude boy#n / a#melina matsoukas#rated r#2010\nrockstar 101#slash#melina matsoukas#rated r#2010\nte amo#n / a#anthony mandler#rated r#2010\nlove the way you lie#eminem#joseph kahn#recovery#2010\nwho 's that chick#david guetta#jonas ã…kerlund#one more love#2010\nonly girl (in the world)#n / a#anthony mandler#loud#2010\nshy ronnie 2: ronnie & clyde#the lonely island#akiva schaffer#turtleneck & chain#2010\nwhat 's my name#drake#philip andelman#loud#2010\ns&m#n / a#melina matsoukas#loud#2011\nall of the lights#kanye west and kid cudi#hype williams#my beautiful dark twisted fantasy#2011\ncalifornia king bed#n / a#anthony mandler#loud#2011\nman down#n / a#anthony mandler#loud#2011\ncheers (drink to that)#n / a#evan rogers and ciara pardo#loud#2011\nfly#nicki minaj#sanaa hamri#pink friday#2011\nwe found love#calvin harris#melina matsoukas#talk that talk#2011\nyou da one#n / a#melina matsoukas#talk that talk#2011\ntake care#drake#yoann lemoine#take care#2012\nwhere have you been#n / a#dave meyers#talk that talk#2012\nprincess of china#coldplay#adria petty and alan bibby#mylo xyloto#2012\ndiamonds#n / a#anthony mandler#unapologetic#2012\nstay#mikky ekko#sophie muller#unapologetic#2013\npour it up#n / a#robyn fenty#unapologetic#2013\nwhat now#n / a#unknown#unapologetic#2013\n",
        "pandas_code": "df[df['album'] == 'unapologetic']['director (s)'].nunique() == 1",
        "pandas_eval": "False"
    }
]