[
    {
        "id": 30302,
        "statement": "the munkedals if compete in only 1 tier 2 division 2 , the rest all be in tier 3 division 3",
        "label": 1,
        "table_caption": "munkedals if",
        "table_text": "season#level#division#section#position\n1932 - 33#tier 3#division 3#västsvenska#7th\n1933 - 34#tier 3#division 3#västsvenska#6th\n1934 - 35#tier 3#division 3#västsvenska norra#7th\n1935 - 36#tier 3#division 3#västsvenska norra#6th\n1936 - 37#tier 3#division 3#västsvenska norra#7th\n1937 - 38#tier 3#division 3#västsvenska norra#6th\n1938 - 39#tier 3#division 3#västsvenska norra#7th\n1939 - 40#tier 3#division 3#västsvenska norra#9th\n1940 - 41#tier 3#division 3#västsvenska södra#3rd\n1941 - 42#tier 3#division 3#västsvenska södra , bohus#2nd\n1942 - 43#tier 3#division 3#västsvenska södra , bohus#1st\n1943 - 44#tier 2#division 2#västra#9th\n1944 - 45#tier 3#division 3#västsvenska södra , bohus#1st\n1945 - 46#tier 3#division 3#västsvenska södra , bohus#4th\n1946 - 47#tier 3#division 3#västsvenska södra#8th\n",
        "pandas_code": "(df[df['level'] == 'tier 2']['division'].nunique() == 1) & (df[df['level'] == 'tier 2']['division'].iloc[0] == 'division 2') & (df[df['level'] == 'tier 3']['division'].nunique() == 1) & (df[df['level'] == 'tier 3']['division'].iloc[0] == 'division 3')",
        "pandas_eval": "True"
    },
    {
        "id": 30303,
        "statement": "the munkedals if finish in 1st position 2 time , during the 1942 - 43 and 1944 - 45 season",
        "label": 1,
        "table_caption": "munkedals if",
        "table_text": "season#level#division#section#position\n1932 - 33#tier 3#division 3#västsvenska#7th\n1933 - 34#tier 3#division 3#västsvenska#6th\n1934 - 35#tier 3#division 3#västsvenska norra#7th\n1935 - 36#tier 3#division 3#västsvenska norra#6th\n1936 - 37#tier 3#division 3#västsvenska norra#7th\n1937 - 38#tier 3#division 3#västsvenska norra#6th\n1938 - 39#tier 3#division 3#västsvenska norra#7th\n1939 - 40#tier 3#division 3#västsvenska norra#9th\n1940 - 41#tier 3#division 3#västsvenska södra#3rd\n1941 - 42#tier 3#division 3#västsvenska södra , bohus#2nd\n1942 - 43#tier 3#division 3#västsvenska södra , bohus#1st\n1943 - 44#tier 2#division 2#västra#9th\n1944 - 45#tier 3#division 3#västsvenska södra , bohus#1st\n1945 - 46#tier 3#division 3#västsvenska södra , bohus#4th\n1946 - 47#tier 3#division 3#västsvenska södra#8th\n",
        "pandas_code": "(df[(df['season'] == '1942 - 43') | (df['season'] == '1944 - 45')]['position'] == '1st').sum() == 2",
        "pandas_eval": "True"
    },
    {
        "id": 30304,
        "statement": "the munkedals if be in the västsvenska section 2 time , in the 1932 - 33 and 1933 - 34 season",
        "label": 1,
        "table_caption": "munkedals if",
        "table_text": "season#level#division#section#position\n1932 - 33#tier 3#division 3#västsvenska#7th\n1933 - 34#tier 3#division 3#västsvenska#6th\n1934 - 35#tier 3#division 3#västsvenska norra#7th\n1935 - 36#tier 3#division 3#västsvenska norra#6th\n1936 - 37#tier 3#division 3#västsvenska norra#7th\n1937 - 38#tier 3#division 3#västsvenska norra#6th\n1938 - 39#tier 3#division 3#västsvenska norra#7th\n1939 - 40#tier 3#division 3#västsvenska norra#9th\n1940 - 41#tier 3#division 3#västsvenska södra#3rd\n1941 - 42#tier 3#division 3#västsvenska södra , bohus#2nd\n1942 - 43#tier 3#division 3#västsvenska södra , bohus#1st\n1943 - 44#tier 2#division 2#västra#9th\n1944 - 45#tier 3#division 3#västsvenska södra , bohus#1st\n1945 - 46#tier 3#division 3#västsvenska södra , bohus#4th\n1946 - 47#tier 3#division 3#västsvenska södra#8th\n",
        "pandas_code": "len(df[(df['season'].isin(['1932 - 33', '1933 - 34'])) & (df['section'] == 'västsvenska')]) == 2",
        "pandas_eval": "True"
    },
    {
        "id": 30305,
        "statement": "the lowest position the munkedals if finish in during these season be 9th , in the 1939 - 40 and 1943 - 44 season",
        "label": 1,
        "table_caption": "munkedals if",
        "table_text": "season#level#division#section#position\n1932 - 33#tier 3#division 3#västsvenska#7th\n1933 - 34#tier 3#division 3#västsvenska#6th\n1934 - 35#tier 3#division 3#västsvenska norra#7th\n1935 - 36#tier 3#division 3#västsvenska norra#6th\n1936 - 37#tier 3#division 3#västsvenska norra#7th\n1937 - 38#tier 3#division 3#västsvenska norra#6th\n1938 - 39#tier 3#division 3#västsvenska norra#7th\n1939 - 40#tier 3#division 3#västsvenska norra#9th\n1940 - 41#tier 3#division 3#västsvenska södra#3rd\n1941 - 42#tier 3#division 3#västsvenska södra , bohus#2nd\n1942 - 43#tier 3#division 3#västsvenska södra , bohus#1st\n1943 - 44#tier 2#division 2#västra#9th\n1944 - 45#tier 3#division 3#västsvenska södra , bohus#1st\n1945 - 46#tier 3#division 3#västsvenska södra , bohus#4th\n1946 - 47#tier 3#division 3#västsvenska södra#8th\n",
        "pandas_code": "(df[df['season'].isin(['1939 - 40', '1943 - 44'])]['position'] == '9th').all()",
        "pandas_eval": "True"
    },
    {
        "id": 30306,
        "statement": "the most section the munkedals if play in be the västsvenska norra",
        "label": 1,
        "table_caption": "munkedals if",
        "table_text": "season#level#division#section#position\n1932 - 33#tier 3#division 3#västsvenska#7th\n1933 - 34#tier 3#division 3#västsvenska#6th\n1934 - 35#tier 3#division 3#västsvenska norra#7th\n1935 - 36#tier 3#division 3#västsvenska norra#6th\n1936 - 37#tier 3#division 3#västsvenska norra#7th\n1937 - 38#tier 3#division 3#västsvenska norra#6th\n1938 - 39#tier 3#division 3#västsvenska norra#7th\n1939 - 40#tier 3#division 3#västsvenska norra#9th\n1940 - 41#tier 3#division 3#västsvenska södra#3rd\n1941 - 42#tier 3#division 3#västsvenska södra , bohus#2nd\n1942 - 43#tier 3#division 3#västsvenska södra , bohus#1st\n1943 - 44#tier 2#division 2#västra#9th\n1944 - 45#tier 3#division 3#västsvenska södra , bohus#1st\n1945 - 46#tier 3#division 3#västsvenska södra , bohus#4th\n1946 - 47#tier 3#division 3#västsvenska södra#8th\n",
        "pandas_code": "df['section'].value_counts().idxmax() == 'västsvenska norra'",
        "pandas_eval": "True"
    },
    {
        "id": 30307,
        "statement": "the munkedals if compete in only 1 tier 2 division 2 , the rest all be in tier 2 division 2",
        "label": 0,
        "table_caption": "munkedals if",
        "table_text": "season#level#division#section#position\n1932 - 33#tier 3#division 3#västsvenska#7th\n1933 - 34#tier 3#division 3#västsvenska#6th\n1934 - 35#tier 3#division 3#västsvenska norra#7th\n1935 - 36#tier 3#division 3#västsvenska norra#6th\n1936 - 37#tier 3#division 3#västsvenska norra#7th\n1937 - 38#tier 3#division 3#västsvenska norra#6th\n1938 - 39#tier 3#division 3#västsvenska norra#7th\n1939 - 40#tier 3#division 3#västsvenska norra#9th\n1940 - 41#tier 3#division 3#västsvenska södra#3rd\n1941 - 42#tier 3#division 3#västsvenska södra , bohus#2nd\n1942 - 43#tier 3#division 3#västsvenska södra , bohus#1st\n1943 - 44#tier 2#division 2#västra#9th\n1944 - 45#tier 3#division 3#västsvenska södra , bohus#1st\n1945 - 46#tier 3#division 3#västsvenska södra , bohus#4th\n1946 - 47#tier 3#division 3#västsvenska södra#8th\n",
        "pandas_code": "False",
        "pandas_eval": "False"
    },
    {
        "id": 30308,
        "statement": "the munkedals if finish in 1st position 2 time , during the 1943 - 44 and 1945 - 46 season",
        "label": 0,
        "table_caption": "munkedals if",
        "table_text": "season#level#division#section#position\n1932 - 33#tier 3#division 3#västsvenska#7th\n1933 - 34#tier 3#division 3#västsvenska#6th\n1934 - 35#tier 3#division 3#västsvenska norra#7th\n1935 - 36#tier 3#division 3#västsvenska norra#6th\n1936 - 37#tier 3#division 3#västsvenska norra#7th\n1937 - 38#tier 3#division 3#västsvenska norra#6th\n1938 - 39#tier 3#division 3#västsvenska norra#7th\n1939 - 40#tier 3#division 3#västsvenska norra#9th\n1940 - 41#tier 3#division 3#västsvenska södra#3rd\n1941 - 42#tier 3#division 3#västsvenska södra , bohus#2nd\n1942 - 43#tier 3#division 3#västsvenska södra , bohus#1st\n1943 - 44#tier 2#division 2#västra#9th\n1944 - 45#tier 3#division 3#västsvenska södra , bohus#1st\n1945 - 46#tier 3#division 3#västsvenska södra , bohus#4th\n1946 - 47#tier 3#division 3#västsvenska södra#8th\n",
        "pandas_code": "(df[(df['season'] == '1943 - 44') | (df['season'] == '1945 - 46')]['position'] == '1st').sum() == 2",
        "pandas_eval": "False"
    },
    {
        "id": 30309,
        "statement": "the munkedals if be in the västsvenska section 2 time , in the 1934 - 35 and 1935 - 36 season",
        "label": 0,
        "table_caption": "munkedals if",
        "table_text": "season#level#division#section#position\n1932 - 33#tier 3#division 3#västsvenska#7th\n1933 - 34#tier 3#division 3#västsvenska#6th\n1934 - 35#tier 3#division 3#västsvenska norra#7th\n1935 - 36#tier 3#division 3#västsvenska norra#6th\n1936 - 37#tier 3#division 3#västsvenska norra#7th\n1937 - 38#tier 3#division 3#västsvenska norra#6th\n1938 - 39#tier 3#division 3#västsvenska norra#7th\n1939 - 40#tier 3#division 3#västsvenska norra#9th\n1940 - 41#tier 3#division 3#västsvenska södra#3rd\n1941 - 42#tier 3#division 3#västsvenska södra , bohus#2nd\n1942 - 43#tier 3#division 3#västsvenska södra , bohus#1st\n1943 - 44#tier 2#division 2#västra#9th\n1944 - 45#tier 3#division 3#västsvenska södra , bohus#1st\n1945 - 46#tier 3#division 3#västsvenska södra , bohus#4th\n1946 - 47#tier 3#division 3#västsvenska södra#8th\n",
        "pandas_code": "(df[(df['season'].isin(['1934 - 35', '1935 - 36'])) & (df['section'].str.contains('västsvenska'))].shape[0] != 2)",
        "pandas_eval": "False"
    },
    {
        "id": 30310,
        "statement": "the highest position the munkedals if finish in during these season be 9th , in the 1939 - 40 and 1943 - 44 season",
        "label": 0,
        "table_caption": "munkedals if",
        "table_text": "season#level#division#section#position\n1932 - 33#tier 3#division 3#västsvenska#7th\n1933 - 34#tier 3#division 3#västsvenska#6th\n1934 - 35#tier 3#division 3#västsvenska norra#7th\n1935 - 36#tier 3#division 3#västsvenska norra#6th\n1936 - 37#tier 3#division 3#västsvenska norra#7th\n1937 - 38#tier 3#division 3#västsvenska norra#6th\n1938 - 39#tier 3#division 3#västsvenska norra#7th\n1939 - 40#tier 3#division 3#västsvenska norra#9th\n1940 - 41#tier 3#division 3#västsvenska södra#3rd\n1941 - 42#tier 3#division 3#västsvenska södra , bohus#2nd\n1942 - 43#tier 3#division 3#västsvenska södra , bohus#1st\n1943 - 44#tier 2#division 2#västra#9th\n1944 - 45#tier 3#division 3#västsvenska södra , bohus#1st\n1945 - 46#tier 3#division 3#västsvenska södra , bohus#4th\n1946 - 47#tier 3#division 3#västsvenska södra#8th\n",
        "pandas_code": "df[(df['season'] == '1939 - 40') | (df['season'] == '1943 - 44')]['position'].max() != '9th'",
        "pandas_eval": "False"
    },
    {
        "id": 30311,
        "statement": "the most section the munkedals if play in be the västra",
        "label": 0,
        "table_caption": "munkedals if",
        "table_text": "season#level#division#section#position\n1932 - 33#tier 3#division 3#västsvenska#7th\n1933 - 34#tier 3#division 3#västsvenska#6th\n1934 - 35#tier 3#division 3#västsvenska norra#7th\n1935 - 36#tier 3#division 3#västsvenska norra#6th\n1936 - 37#tier 3#division 3#västsvenska norra#7th\n1937 - 38#tier 3#division 3#västsvenska norra#6th\n1938 - 39#tier 3#division 3#västsvenska norra#7th\n1939 - 40#tier 3#division 3#västsvenska norra#9th\n1940 - 41#tier 3#division 3#västsvenska södra#3rd\n1941 - 42#tier 3#division 3#västsvenska södra , bohus#2nd\n1942 - 43#tier 3#division 3#västsvenska södra , bohus#1st\n1943 - 44#tier 2#division 2#västra#9th\n1944 - 45#tier 3#division 3#västsvenska södra , bohus#1st\n1945 - 46#tier 3#division 3#västsvenska södra , bohus#4th\n1946 - 47#tier 3#division 3#västsvenska södra#8th\n",
        "pandas_code": "df['section'].value_counts().idxmax() == 'västra'",
        "pandas_eval": "False"
    },
    {
        "id": 30313,
        "statement": "the munkedals if finish in 1st place everytime",
        "label": 0,
        "table_caption": "munkedals if",
        "table_text": "season#level#division#section#position\n1932 - 33#tier 3#division 3#västsvenska#7th\n1933 - 34#tier 3#division 3#västsvenska#6th\n1934 - 35#tier 3#division 3#västsvenska norra#7th\n1935 - 36#tier 3#division 3#västsvenska norra#6th\n1936 - 37#tier 3#division 3#västsvenska norra#7th\n1937 - 38#tier 3#division 3#västsvenska norra#6th\n1938 - 39#tier 3#division 3#västsvenska norra#7th\n1939 - 40#tier 3#division 3#västsvenska norra#9th\n1940 - 41#tier 3#division 3#västsvenska södra#3rd\n1941 - 42#tier 3#division 3#västsvenska södra , bohus#2nd\n1942 - 43#tier 3#division 3#västsvenska södra , bohus#1st\n1943 - 44#tier 2#division 2#västra#9th\n1944 - 45#tier 3#division 3#västsvenska södra , bohus#1st\n1945 - 46#tier 3#division 3#västsvenska södra , bohus#4th\n1946 - 47#tier 3#division 3#västsvenska södra#8th\n",
        "pandas_code": "all(df['position'] == '1st')",
        "pandas_eval": "False"
    },
    {
        "id": 30314,
        "statement": "the munkedals if be in the västsvenska section everytime from 1932 - 33 and 1946 - 47",
        "label": 0,
        "table_caption": "munkedals if",
        "table_text": "season#level#division#section#position\n1932 - 33#tier 3#division 3#västsvenska#7th\n1933 - 34#tier 3#division 3#västsvenska#6th\n1934 - 35#tier 3#division 3#västsvenska norra#7th\n1935 - 36#tier 3#division 3#västsvenska norra#6th\n1936 - 37#tier 3#division 3#västsvenska norra#7th\n1937 - 38#tier 3#division 3#västsvenska norra#6th\n1938 - 39#tier 3#division 3#västsvenska norra#7th\n1939 - 40#tier 3#division 3#västsvenska norra#9th\n1940 - 41#tier 3#division 3#västsvenska södra#3rd\n1941 - 42#tier 3#division 3#västsvenska södra , bohus#2nd\n1942 - 43#tier 3#division 3#västsvenska södra , bohus#1st\n1943 - 44#tier 2#division 2#västra#9th\n1944 - 45#tier 3#division 3#västsvenska södra , bohus#1st\n1945 - 46#tier 3#division 3#västsvenska södra , bohus#4th\n1946 - 47#tier 3#division 3#västsvenska södra#8th\n",
        "pandas_code": "all(df[(df['season'] >= '1932 - 33') & (df['season'] <= '1946 - 47')]['section'].str.contains('västsvenska'))",
        "pandas_eval": "False"
    },
    {
        "id": 30315,
        "statement": "the lowest position the munkedals if finish in during these season be 4th",
        "label": 0,
        "table_caption": "munkedals if",
        "table_text": "season#level#division#section#position\n1932 - 33#tier 3#division 3#västsvenska#7th\n1933 - 34#tier 3#division 3#västsvenska#6th\n1934 - 35#tier 3#division 3#västsvenska norra#7th\n1935 - 36#tier 3#division 3#västsvenska norra#6th\n1936 - 37#tier 3#division 3#västsvenska norra#7th\n1937 - 38#tier 3#division 3#västsvenska norra#6th\n1938 - 39#tier 3#division 3#västsvenska norra#7th\n1939 - 40#tier 3#division 3#västsvenska norra#9th\n1940 - 41#tier 3#division 3#västsvenska södra#3rd\n1941 - 42#tier 3#division 3#västsvenska södra , bohus#2nd\n1942 - 43#tier 3#division 3#västsvenska södra , bohus#1st\n1943 - 44#tier 2#division 2#västra#9th\n1944 - 45#tier 3#division 3#västsvenska södra , bohus#1st\n1945 - 46#tier 3#division 3#västsvenska södra , bohus#4th\n1946 - 47#tier 3#division 3#västsvenska södra#8th\n",
        "pandas_code": "(df['position'].str.extract('(\\d+)')[0].astype(int) >= 4).all()",
        "pandas_eval": "False"
    },
    {
        "id": 30316,
        "statement": "the least section the munkedals if play in be the västsvenska norra",
        "label": 0,
        "table_caption": "munkedals if",
        "table_text": "season#level#division#section#position\n1932 - 33#tier 3#division 3#västsvenska#7th\n1933 - 34#tier 3#division 3#västsvenska#6th\n1934 - 35#tier 3#division 3#västsvenska norra#7th\n1935 - 36#tier 3#division 3#västsvenska norra#6th\n1936 - 37#tier 3#division 3#västsvenska norra#7th\n1937 - 38#tier 3#division 3#västsvenska norra#6th\n1938 - 39#tier 3#division 3#västsvenska norra#7th\n1939 - 40#tier 3#division 3#västsvenska norra#9th\n1940 - 41#tier 3#division 3#västsvenska södra#3rd\n1941 - 42#tier 3#division 3#västsvenska södra , bohus#2nd\n1942 - 43#tier 3#division 3#västsvenska södra , bohus#1st\n1943 - 44#tier 2#division 2#västra#9th\n1944 - 45#tier 3#division 3#västsvenska södra , bohus#1st\n1945 - 46#tier 3#division 3#västsvenska södra , bohus#4th\n1946 - 47#tier 3#division 3#västsvenska södra#8th\n",
        "pandas_code": "df[df['section'] == 'västsvenska norra'].shape[0] == df['section'].value_counts().min()",
        "pandas_eval": "False"
    }
]