[
    {
        "id": 34002,
        "statement": "34.420 be the highest total in the equestrian game",
        "label": 1,
        "table_caption": "individual jumping at the 2006 fei world equestrian games",
        "table_text": "rider#horse#faults#round 1 + 2a + 2b + 3a points#total\nbeezie madden#authentic#0#4.000#4.000\njos lansink#cavalor cumano#0#5.005#5.005\nmeredith michaels - beerbaum#shutterfly#0#9.920#9.920\nedwina alexander#isovlas pialotta#0#10.235#10.235\nludger beerbaum#l'espoir#4#6.695#10.695\ngerco schröder#eurocommerce berlin#4#8.425#12.425\nmclain ward#sapphire#0#12.865#12.865\nmichael whitaker#insul tech portofino#0#13.525#13.525\nludo philippaerts#parco#0#14.045#14.045\nniklaus schurtenberger#cantus#4#10.635#14.635\njeroen dubbeldam#bmc up and down#4#12.100#16.100\nbernardo alves#canturo#4#13.355#17.355\nchristina liebherr#lb no mercy#4#14.520#18.520\nroyne zetterman#isaac#4#17.075#21.075\njean - claude van geenberghe#osta rugs tresor#4#18.375#22.375\nricardo jurado#procasa le monde#4#19.270#23.270\nsamantha mcintosh#loxley#0#24.015#24.015\nsergio alvarez moya#le rève du nabab#8#17.235#25.235\nrolf - göran bengtsson#ninja la silla#8#17.910#25.910\nalbert zoer#okidoki#8#18.480#26.480\ngeir gulliksen#cattani#4#22.840#26.840\nkatharina offel#atlanta#12#22.420#34.420\nluciana diniz#dover#did not start#did not start#16.160\nmarie burke#chippison#did not start#did not start#30.710\n",
        "pandas_code": "df['total'].max() == 34.42",
        "pandas_eval": "True"
    },
    {
        "id": 34003,
        "statement": "sergio alvarez moya and rolf - göran bengtsson both have a fault of 8",
        "label": 1,
        "table_caption": "individual jumping at the 2006 fei world equestrian games",
        "table_text": "rider#horse#faults#round 1 + 2a + 2b + 3a points#total\nbeezie madden#authentic#0#4.000#4.000\njos lansink#cavalor cumano#0#5.005#5.005\nmeredith michaels - beerbaum#shutterfly#0#9.920#9.920\nedwina alexander#isovlas pialotta#0#10.235#10.235\nludger beerbaum#l'espoir#4#6.695#10.695\ngerco schröder#eurocommerce berlin#4#8.425#12.425\nmclain ward#sapphire#0#12.865#12.865\nmichael whitaker#insul tech portofino#0#13.525#13.525\nludo philippaerts#parco#0#14.045#14.045\nniklaus schurtenberger#cantus#4#10.635#14.635\njeroen dubbeldam#bmc up and down#4#12.100#16.100\nbernardo alves#canturo#4#13.355#17.355\nchristina liebherr#lb no mercy#4#14.520#18.520\nroyne zetterman#isaac#4#17.075#21.075\njean - claude van geenberghe#osta rugs tresor#4#18.375#22.375\nricardo jurado#procasa le monde#4#19.270#23.270\nsamantha mcintosh#loxley#0#24.015#24.015\nsergio alvarez moya#le rève du nabab#8#17.235#25.235\nrolf - göran bengtsson#ninja la silla#8#17.910#25.910\nalbert zoer#okidoki#8#18.480#26.480\ngeir gulliksen#cattani#4#22.840#26.840\nkatharina offel#atlanta#12#22.420#34.420\nluciana diniz#dover#did not start#did not start#16.160\nmarie burke#chippison#did not start#did not start#30.710\n",
        "pandas_code": "all(df[df['rider'].isin(['sergio alvarez moya', 'rolf - göran bengtsson'])]['faults'] == '8')",
        "pandas_eval": "True"
    },
    {
        "id": 34004,
        "statement": "marie burke and luciana diniz both have fault that did not start",
        "label": 1,
        "table_caption": "individual jumping at the 2006 fei world equestrian games",
        "table_text": "rider#horse#faults#round 1 + 2a + 2b + 3a points#total\nbeezie madden#authentic#0#4.000#4.000\njos lansink#cavalor cumano#0#5.005#5.005\nmeredith michaels - beerbaum#shutterfly#0#9.920#9.920\nedwina alexander#isovlas pialotta#0#10.235#10.235\nludger beerbaum#l'espoir#4#6.695#10.695\ngerco schröder#eurocommerce berlin#4#8.425#12.425\nmclain ward#sapphire#0#12.865#12.865\nmichael whitaker#insul tech portofino#0#13.525#13.525\nludo philippaerts#parco#0#14.045#14.045\nniklaus schurtenberger#cantus#4#10.635#14.635\njeroen dubbeldam#bmc up and down#4#12.100#16.100\nbernardo alves#canturo#4#13.355#17.355\nchristina liebherr#lb no mercy#4#14.520#18.520\nroyne zetterman#isaac#4#17.075#21.075\njean - claude van geenberghe#osta rugs tresor#4#18.375#22.375\nricardo jurado#procasa le monde#4#19.270#23.270\nsamantha mcintosh#loxley#0#24.015#24.015\nsergio alvarez moya#le rève du nabab#8#17.235#25.235\nrolf - göran bengtsson#ninja la silla#8#17.910#25.910\nalbert zoer#okidoki#8#18.480#26.480\ngeir gulliksen#cattani#4#22.840#26.840\nkatharina offel#atlanta#12#22.420#34.420\nluciana diniz#dover#did not start#did not start#16.160\nmarie burke#chippison#did not start#did not start#30.710\n",
        "pandas_code": "all(df[df['rider'].isin(['marie burke', 'luciana diniz'])]['faults'] == 'did not start')",
        "pandas_eval": "True"
    },
    {
        "id": 34005,
        "statement": "the round 1 + 2a + 2b + 3a point of geir gulliksen be 420 more then katharina offel 's",
        "label": 1,
        "table_caption": "individual jumping at the 2006 fei world equestrian games",
        "table_text": "rider#horse#faults#round 1 + 2a + 2b + 3a points#total\nbeezie madden#authentic#0#4.000#4.000\njos lansink#cavalor cumano#0#5.005#5.005\nmeredith michaels - beerbaum#shutterfly#0#9.920#9.920\nedwina alexander#isovlas pialotta#0#10.235#10.235\nludger beerbaum#l'espoir#4#6.695#10.695\ngerco schröder#eurocommerce berlin#4#8.425#12.425\nmclain ward#sapphire#0#12.865#12.865\nmichael whitaker#insul tech portofino#0#13.525#13.525\nludo philippaerts#parco#0#14.045#14.045\nniklaus schurtenberger#cantus#4#10.635#14.635\njeroen dubbeldam#bmc up and down#4#12.100#16.100\nbernardo alves#canturo#4#13.355#17.355\nchristina liebherr#lb no mercy#4#14.520#18.520\nroyne zetterman#isaac#4#17.075#21.075\njean - claude van geenberghe#osta rugs tresor#4#18.375#22.375\nricardo jurado#procasa le monde#4#19.270#23.270\nsamantha mcintosh#loxley#0#24.015#24.015\nsergio alvarez moya#le rève du nabab#8#17.235#25.235\nrolf - göran bengtsson#ninja la silla#8#17.910#25.910\nalbert zoer#okidoki#8#18.480#26.480\ngeir gulliksen#cattani#4#22.840#26.840\nkatharina offel#atlanta#12#22.420#34.420\nluciana diniz#dover#did not start#did not start#16.160\nmarie burke#chippison#did not start#did not start#30.710\n",
        "pandas_code": "(df[df['rider'] == 'geir gulliksen']['round 1 + 2a + 2b + 3a points'].astype(float).iloc[0] * 1000 - df[df['rider'] == 'katharina offel']['round 1 + 2a + 2b + 3a points'].astype(float).iloc[0] * 1000) == 420",
        "pandas_eval": "True"
    },
    {
        "id": 34006,
        "statement": "jos lansink 's total be higher than that of rider beezie madden",
        "label": 1,
        "table_caption": "individual jumping at the 2006 fei world equestrian games",
        "table_text": "rider#horse#faults#round 1 + 2a + 2b + 3a points#total\nbeezie madden#authentic#0#4.000#4.000\njos lansink#cavalor cumano#0#5.005#5.005\nmeredith michaels - beerbaum#shutterfly#0#9.920#9.920\nedwina alexander#isovlas pialotta#0#10.235#10.235\nludger beerbaum#l'espoir#4#6.695#10.695\ngerco schröder#eurocommerce berlin#4#8.425#12.425\nmclain ward#sapphire#0#12.865#12.865\nmichael whitaker#insul tech portofino#0#13.525#13.525\nludo philippaerts#parco#0#14.045#14.045\nniklaus schurtenberger#cantus#4#10.635#14.635\njeroen dubbeldam#bmc up and down#4#12.100#16.100\nbernardo alves#canturo#4#13.355#17.355\nchristina liebherr#lb no mercy#4#14.520#18.520\nroyne zetterman#isaac#4#17.075#21.075\njean - claude van geenberghe#osta rugs tresor#4#18.375#22.375\nricardo jurado#procasa le monde#4#19.270#23.270\nsamantha mcintosh#loxley#0#24.015#24.015\nsergio alvarez moya#le rève du nabab#8#17.235#25.235\nrolf - göran bengtsson#ninja la silla#8#17.910#25.910\nalbert zoer#okidoki#8#18.480#26.480\ngeir gulliksen#cattani#4#22.840#26.840\nkatharina offel#atlanta#12#22.420#34.420\nluciana diniz#dover#did not start#did not start#16.160\nmarie burke#chippison#did not start#did not start#30.710\n",
        "pandas_code": "(df[df['rider'] == 'jos lansink']['total'].values[0] > df[df['rider'] == 'beezie madden']['total'].values[0])",
        "pandas_eval": "True"
    },
    {
        "id": 34007,
        "statement": "34.420 be the lowest totaly score in the equestrian game",
        "label": 0,
        "table_caption": "individual jumping at the 2006 fei world equestrian games",
        "table_text": "rider#horse#faults#round 1 + 2a + 2b + 3a points#total\nbeezie madden#authentic#0#4.000#4.000\njos lansink#cavalor cumano#0#5.005#5.005\nmeredith michaels - beerbaum#shutterfly#0#9.920#9.920\nedwina alexander#isovlas pialotta#0#10.235#10.235\nludger beerbaum#l'espoir#4#6.695#10.695\ngerco schröder#eurocommerce berlin#4#8.425#12.425\nmclain ward#sapphire#0#12.865#12.865\nmichael whitaker#insul tech portofino#0#13.525#13.525\nludo philippaerts#parco#0#14.045#14.045\nniklaus schurtenberger#cantus#4#10.635#14.635\njeroen dubbeldam#bmc up and down#4#12.100#16.100\nbernardo alves#canturo#4#13.355#17.355\nchristina liebherr#lb no mercy#4#14.520#18.520\nroyne zetterman#isaac#4#17.075#21.075\njean - claude van geenberghe#osta rugs tresor#4#18.375#22.375\nricardo jurado#procasa le monde#4#19.270#23.270\nsamantha mcintosh#loxley#0#24.015#24.015\nsergio alvarez moya#le rève du nabab#8#17.235#25.235\nrolf - göran bengtsson#ninja la silla#8#17.910#25.910\nalbert zoer#okidoki#8#18.480#26.480\ngeir gulliksen#cattani#4#22.840#26.840\nkatharina offel#atlanta#12#22.420#34.420\nluciana diniz#dover#did not start#did not start#16.160\nmarie burke#chippison#did not start#did not start#30.710\n",
        "pandas_code": "df['total'].min() == 34.42",
        "pandas_eval": "False"
    },
    {
        "id": 34008,
        "statement": "beezie madden have the highest score score out of all the player",
        "label": 0,
        "table_caption": "individual jumping at the 2006 fei world equestrian games",
        "table_text": "rider#horse#faults#round 1 + 2a + 2b + 3a points#total\nbeezie madden#authentic#0#4.000#4.000\njos lansink#cavalor cumano#0#5.005#5.005\nmeredith michaels - beerbaum#shutterfly#0#9.920#9.920\nedwina alexander#isovlas pialotta#0#10.235#10.235\nludger beerbaum#l'espoir#4#6.695#10.695\ngerco schröder#eurocommerce berlin#4#8.425#12.425\nmclain ward#sapphire#0#12.865#12.865\nmichael whitaker#insul tech portofino#0#13.525#13.525\nludo philippaerts#parco#0#14.045#14.045\nniklaus schurtenberger#cantus#4#10.635#14.635\njeroen dubbeldam#bmc up and down#4#12.100#16.100\nbernardo alves#canturo#4#13.355#17.355\nchristina liebherr#lb no mercy#4#14.520#18.520\nroyne zetterman#isaac#4#17.075#21.075\njean - claude van geenberghe#osta rugs tresor#4#18.375#22.375\nricardo jurado#procasa le monde#4#19.270#23.270\nsamantha mcintosh#loxley#0#24.015#24.015\nsergio alvarez moya#le rève du nabab#8#17.235#25.235\nrolf - göran bengtsson#ninja la silla#8#17.910#25.910\nalbert zoer#okidoki#8#18.480#26.480\ngeir gulliksen#cattani#4#22.840#26.840\nkatharina offel#atlanta#12#22.420#34.420\nluciana diniz#dover#did not start#did not start#16.160\nmarie burke#chippison#did not start#did not start#30.710\n",
        "pandas_code": "df[df['rider'] == 'beezie madden']['total'].max() == df['total'].max()",
        "pandas_eval": "False"
    },
    {
        "id": 34009,
        "statement": "luciana diniz and marie burke most have 3 fault",
        "label": 0,
        "table_caption": "individual jumping at the 2006 fei world equestrian games",
        "table_text": "rider#horse#faults#round 1 + 2a + 2b + 3a points#total\nbeezie madden#authentic#0#4.000#4.000\njos lansink#cavalor cumano#0#5.005#5.005\nmeredith michaels - beerbaum#shutterfly#0#9.920#9.920\nedwina alexander#isovlas pialotta#0#10.235#10.235\nludger beerbaum#l'espoir#4#6.695#10.695\ngerco schröder#eurocommerce berlin#4#8.425#12.425\nmclain ward#sapphire#0#12.865#12.865\nmichael whitaker#insul tech portofino#0#13.525#13.525\nludo philippaerts#parco#0#14.045#14.045\nniklaus schurtenberger#cantus#4#10.635#14.635\njeroen dubbeldam#bmc up and down#4#12.100#16.100\nbernardo alves#canturo#4#13.355#17.355\nchristina liebherr#lb no mercy#4#14.520#18.520\nroyne zetterman#isaac#4#17.075#21.075\njean - claude van geenberghe#osta rugs tresor#4#18.375#22.375\nricardo jurado#procasa le monde#4#19.270#23.270\nsamantha mcintosh#loxley#0#24.015#24.015\nsergio alvarez moya#le rève du nabab#8#17.235#25.235\nrolf - göran bengtsson#ninja la silla#8#17.910#25.910\nalbert zoer#okidoki#8#18.480#26.480\ngeir gulliksen#cattani#4#22.840#26.840\nkatharina offel#atlanta#12#22.420#34.420\nluciana diniz#dover#did not start#did not start#16.160\nmarie burke#chippison#did not start#did not start#30.710\n",
        "pandas_code": "all(df.loc[df['rider'].isin(['luciana diniz', 'marie burke']), 'faults'].astype(str) == '3')",
        "pandas_eval": "False"
    },
    {
        "id": 34010,
        "statement": "samantha mcintosh have the highest number of fault",
        "label": 0,
        "table_caption": "individual jumping at the 2006 fei world equestrian games",
        "table_text": "rider#horse#faults#round 1 + 2a + 2b + 3a points#total\nbeezie madden#authentic#0#4.000#4.000\njos lansink#cavalor cumano#0#5.005#5.005\nmeredith michaels - beerbaum#shutterfly#0#9.920#9.920\nedwina alexander#isovlas pialotta#0#10.235#10.235\nludger beerbaum#l'espoir#4#6.695#10.695\ngerco schröder#eurocommerce berlin#4#8.425#12.425\nmclain ward#sapphire#0#12.865#12.865\nmichael whitaker#insul tech portofino#0#13.525#13.525\nludo philippaerts#parco#0#14.045#14.045\nniklaus schurtenberger#cantus#4#10.635#14.635\njeroen dubbeldam#bmc up and down#4#12.100#16.100\nbernardo alves#canturo#4#13.355#17.355\nchristina liebherr#lb no mercy#4#14.520#18.520\nroyne zetterman#isaac#4#17.075#21.075\njean - claude van geenberghe#osta rugs tresor#4#18.375#22.375\nricardo jurado#procasa le monde#4#19.270#23.270\nsamantha mcintosh#loxley#0#24.015#24.015\nsergio alvarez moya#le rève du nabab#8#17.235#25.235\nrolf - göran bengtsson#ninja la silla#8#17.910#25.910\nalbert zoer#okidoki#8#18.480#26.480\ngeir gulliksen#cattani#4#22.840#26.840\nkatharina offel#atlanta#12#22.420#34.420\nluciana diniz#dover#did not start#did not start#16.160\nmarie burke#chippison#did not start#did not start#30.710\n",
        "pandas_code": "df[df['rider'] == 'samantha mcintosh']['faults'].max() == df['faults'].max()",
        "pandas_eval": "False"
    },
    {
        "id": 34011,
        "statement": "katarina offel score be lower than geir guliksens score",
        "label": 0,
        "table_caption": "individual jumping at the 2006 fei world equestrian games",
        "table_text": "rider#horse#faults#round 1 + 2a + 2b + 3a points#total\nbeezie madden#authentic#0#4.000#4.000\njos lansink#cavalor cumano#0#5.005#5.005\nmeredith michaels - beerbaum#shutterfly#0#9.920#9.920\nedwina alexander#isovlas pialotta#0#10.235#10.235\nludger beerbaum#l'espoir#4#6.695#10.695\ngerco schröder#eurocommerce berlin#4#8.425#12.425\nmclain ward#sapphire#0#12.865#12.865\nmichael whitaker#insul tech portofino#0#13.525#13.525\nludo philippaerts#parco#0#14.045#14.045\nniklaus schurtenberger#cantus#4#10.635#14.635\njeroen dubbeldam#bmc up and down#4#12.100#16.100\nbernardo alves#canturo#4#13.355#17.355\nchristina liebherr#lb no mercy#4#14.520#18.520\nroyne zetterman#isaac#4#17.075#21.075\njean - claude van geenberghe#osta rugs tresor#4#18.375#22.375\nricardo jurado#procasa le monde#4#19.270#23.270\nsamantha mcintosh#loxley#0#24.015#24.015\nsergio alvarez moya#le rève du nabab#8#17.235#25.235\nrolf - göran bengtsson#ninja la silla#8#17.910#25.910\nalbert zoer#okidoki#8#18.480#26.480\ngeir gulliksen#cattani#4#22.840#26.840\nkatharina offel#atlanta#12#22.420#34.420\nluciana diniz#dover#did not start#did not start#16.160\nmarie burke#chippison#did not start#did not start#30.710\n",
        "pandas_code": "df[df['rider'] == 'katharina offel']['total'].values[0] < df[df['rider'] == 'geir gulliksen']['total'].values[0]",
        "pandas_eval": "False"
    }
]