[
    {
        "id": 30292,
        "statement": "the game with the highest attendace be on september 21",
        "label": 1,
        "table_caption": "east carolina pirates football , 1990 - 99",
        "table_text": "date#opponent#site#result#attendance\nseptember 7#east tennessee state#dowdy - ficklen stadium greenville , nc#w45 - 21#25512\nseptember 14#west virginia#mountaineer field morgantown , wv#l9 - 10#50129\nseptember 21#south carolina#williams - brice stadium columbia , sc#w23 - 7#79806\nseptember 28#central florida#dowdy - ficklen stadium greenville , nc#w28 - 7#34121\noctober 10#southern mississippi#dowdy - ficklen stadium greenville , nc#l7 - 28#34480\noctober 19#12 miami (fl)#miami orange bowl miami , fl#w31 - 6#31909\nnovember 2#arkansas state#dowdy - ficklen stadium greenville , nc#w34 - 16#24890\nnovember 9#25 virginia tech#lane stadium blacksburg , va#l14 - 35#49128\nnovember 16#ohio#dowdy - ficklen stadium greenville , nc#w55 - 45#27321\nnovember 23#memphis#liberty bowl memphis , tn#w20 - 10#25059\nnovember 30#north carolina state#ericsson stadium charlotte , nc#w50 - 29#66347\nall times are in eastern#all times are in eastern#all times are in eastern#all times are in eastern#all times are in eastern\n",
        "pandas_code": "df.loc[df[df['attendance'] != 'all times are in eastern']['attendance'].astype(int).idxmax(), 'date'] == 'september 21'",
        "pandas_eval": "True"
    },
    {
        "id": 30294,
        "statement": "the pirate play 5 game at the dowdy - ficklen stadium greenville , nc",
        "label": 1,
        "table_caption": "east carolina pirates football , 1990 - 99",
        "table_text": "date#opponent#site#result#attendance\nseptember 7#east tennessee state#dowdy - ficklen stadium greenville , nc#w45 - 21#25512\nseptember 14#west virginia#mountaineer field morgantown , wv#l9 - 10#50129\nseptember 21#south carolina#williams - brice stadium columbia , sc#w23 - 7#79806\nseptember 28#central florida#dowdy - ficklen stadium greenville , nc#w28 - 7#34121\noctober 10#southern mississippi#dowdy - ficklen stadium greenville , nc#l7 - 28#34480\noctober 19#12 miami (fl)#miami orange bowl miami , fl#w31 - 6#31909\nnovember 2#arkansas state#dowdy - ficklen stadium greenville , nc#w34 - 16#24890\nnovember 9#25 virginia tech#lane stadium blacksburg , va#l14 - 35#49128\nnovember 16#ohio#dowdy - ficklen stadium greenville , nc#w55 - 45#27321\nnovember 23#memphis#liberty bowl memphis , tn#w20 - 10#25059\nnovember 30#north carolina state#ericsson stadium charlotte , nc#w50 - 29#66347\nall times are in eastern#all times are in eastern#all times are in eastern#all times are in eastern#all times are in eastern\n",
        "pandas_code": "len(df[df['site'] == 'dowdy - ficklen stadium greenville , nc']) == 5",
        "pandas_eval": "True"
    },
    {
        "id": 30295,
        "statement": "the pirate highest score game be the game they play against ohio where the score be 55 - 45",
        "label": 1,
        "table_caption": "east carolina pirates football , 1990 - 99",
        "table_text": "date#opponent#site#result#attendance\nseptember 7#east tennessee state#dowdy - ficklen stadium greenville , nc#w45 - 21#25512\nseptember 14#west virginia#mountaineer field morgantown , wv#l9 - 10#50129\nseptember 21#south carolina#williams - brice stadium columbia , sc#w23 - 7#79806\nseptember 28#central florida#dowdy - ficklen stadium greenville , nc#w28 - 7#34121\noctober 10#southern mississippi#dowdy - ficklen stadium greenville , nc#l7 - 28#34480\noctober 19#12 miami (fl)#miami orange bowl miami , fl#w31 - 6#31909\nnovember 2#arkansas state#dowdy - ficklen stadium greenville , nc#w34 - 16#24890\nnovember 9#25 virginia tech#lane stadium blacksburg , va#l14 - 35#49128\nnovember 16#ohio#dowdy - ficklen stadium greenville , nc#w55 - 45#27321\nnovember 23#memphis#liberty bowl memphis , tn#w20 - 10#25059\nnovember 30#north carolina state#ericsson stadium charlotte , nc#w50 - 29#66347\nall times are in eastern#all times are in eastern#all times are in eastern#all times are in eastern#all times are in eastern\n",
        "pandas_code": "df[df['opponent'] == 'ohio']['result'].iloc[0] == 'w55 - 45'",
        "pandas_eval": "True"
    },
    {
        "id": 30296,
        "statement": "there be 2262 less crowd attendance at the game on november 23 than at the game on november 16",
        "label": 1,
        "table_caption": "east carolina pirates football , 1990 - 99",
        "table_text": "date#opponent#site#result#attendance\nseptember 7#east tennessee state#dowdy - ficklen stadium greenville , nc#w45 - 21#25512\nseptember 14#west virginia#mountaineer field morgantown , wv#l9 - 10#50129\nseptember 21#south carolina#williams - brice stadium columbia , sc#w23 - 7#79806\nseptember 28#central florida#dowdy - ficklen stadium greenville , nc#w28 - 7#34121\noctober 10#southern mississippi#dowdy - ficklen stadium greenville , nc#l7 - 28#34480\noctober 19#12 miami (fl)#miami orange bowl miami , fl#w31 - 6#31909\nnovember 2#arkansas state#dowdy - ficklen stadium greenville , nc#w34 - 16#24890\nnovember 9#25 virginia tech#lane stadium blacksburg , va#l14 - 35#49128\nnovember 16#ohio#dowdy - ficklen stadium greenville , nc#w55 - 45#27321\nnovember 23#memphis#liberty bowl memphis , tn#w20 - 10#25059\nnovember 30#north carolina state#ericsson stadium charlotte , nc#w50 - 29#66347\nall times are in eastern#all times are in eastern#all times are in eastern#all times are in eastern#all times are in eastern\n",
        "pandas_code": "(df[df['date'] == 'november 23']['attendance'].astype(int).iloc[0] - df[df['date'] == 'november 16']['attendance'].astype(int).iloc[0]) == -2262",
        "pandas_eval": "True"
    },
    {
        "id": 30297,
        "statement": "the september 21 game be the only 1 where more than 50000 crowd attend",
        "label": 0,
        "table_caption": "east carolina pirates football , 1990 - 99",
        "table_text": "date#opponent#site#result#attendance\nseptember 7#east tennessee state#dowdy - ficklen stadium greenville , nc#w45 - 21#25512\nseptember 14#west virginia#mountaineer field morgantown , wv#l9 - 10#50129\nseptember 21#south carolina#williams - brice stadium columbia , sc#w23 - 7#79806\nseptember 28#central florida#dowdy - ficklen stadium greenville , nc#w28 - 7#34121\noctober 10#southern mississippi#dowdy - ficklen stadium greenville , nc#l7 - 28#34480\noctober 19#12 miami (fl)#miami orange bowl miami , fl#w31 - 6#31909\nnovember 2#arkansas state#dowdy - ficklen stadium greenville , nc#w34 - 16#24890\nnovember 9#25 virginia tech#lane stadium blacksburg , va#l14 - 35#49128\nnovember 16#ohio#dowdy - ficklen stadium greenville , nc#w55 - 45#27321\nnovember 23#memphis#liberty bowl memphis , tn#w20 - 10#25059\nnovember 30#north carolina state#ericsson stadium charlotte , nc#w50 - 29#66347\nall times are in eastern#all times are in eastern#all times are in eastern#all times are in eastern#all times are in eastern\n",
        "pandas_code": "(int(df[df['date'] == 'september 21']['attendance'].iloc[0]) > 50000) and (df[df['date'] != 'september 21']['attendance'].iloc[:-1].astype(int) <= 50000).all()",
        "pandas_eval": "False"
    },
    {
        "id": 30298,
        "statement": "the east carolina pirate end the season with 4 straight win",
        "label": 0,
        "table_caption": "east carolina pirates football , 1990 - 99",
        "table_text": "date#opponent#site#result#attendance\nseptember 7#east tennessee state#dowdy - ficklen stadium greenville , nc#w45 - 21#25512\nseptember 14#west virginia#mountaineer field morgantown , wv#l9 - 10#50129\nseptember 21#south carolina#williams - brice stadium columbia , sc#w23 - 7#79806\nseptember 28#central florida#dowdy - ficklen stadium greenville , nc#w28 - 7#34121\noctober 10#southern mississippi#dowdy - ficklen stadium greenville , nc#l7 - 28#34480\noctober 19#12 miami (fl)#miami orange bowl miami , fl#w31 - 6#31909\nnovember 2#arkansas state#dowdy - ficklen stadium greenville , nc#w34 - 16#24890\nnovember 9#25 virginia tech#lane stadium blacksburg , va#l14 - 35#49128\nnovember 16#ohio#dowdy - ficklen stadium greenville , nc#w55 - 45#27321\nnovember 23#memphis#liberty bowl memphis , tn#w20 - 10#25059\nnovember 30#north carolina state#ericsson stadium charlotte , nc#w50 - 29#66347\nall times are in eastern#all times are in eastern#all times are in eastern#all times are in eastern#all times are in eastern\n",
        "pandas_code": "df['result'].iloc[-4:].str.startswith('w').all()",
        "pandas_eval": "False"
    },
    {
        "id": 30299,
        "statement": "the pirate play their first 5 game at dowdy - ficklen stadium greenville , nc",
        "label": 0,
        "table_caption": "east carolina pirates football , 1990 - 99",
        "table_text": "date#opponent#site#result#attendance\nseptember 7#east tennessee state#dowdy - ficklen stadium greenville , nc#w45 - 21#25512\nseptember 14#west virginia#mountaineer field morgantown , wv#l9 - 10#50129\nseptember 21#south carolina#williams - brice stadium columbia , sc#w23 - 7#79806\nseptember 28#central florida#dowdy - ficklen stadium greenville , nc#w28 - 7#34121\noctober 10#southern mississippi#dowdy - ficklen stadium greenville , nc#l7 - 28#34480\noctober 19#12 miami (fl)#miami orange bowl miami , fl#w31 - 6#31909\nnovember 2#arkansas state#dowdy - ficklen stadium greenville , nc#w34 - 16#24890\nnovember 9#25 virginia tech#lane stadium blacksburg , va#l14 - 35#49128\nnovember 16#ohio#dowdy - ficklen stadium greenville , nc#w55 - 45#27321\nnovember 23#memphis#liberty bowl memphis , tn#w20 - 10#25059\nnovember 30#north carolina state#ericsson stadium charlotte , nc#w50 - 29#66347\nall times are in eastern#all times are in eastern#all times are in eastern#all times are in eastern#all times are in eastern\n",
        "pandas_code": "(df['site'].head(5) == 'dowdy - ficklen stadium greenville , nc').all()",
        "pandas_eval": "False"
    },
    {
        "id": 30300,
        "statement": "the pirate score their second - most point of the season against ohio in a 55 - 45 game",
        "label": 0,
        "table_caption": "east carolina pirates football , 1990 - 99",
        "table_text": "date#opponent#site#result#attendance\nseptember 7#east tennessee state#dowdy - ficklen stadium greenville , nc#w45 - 21#25512\nseptember 14#west virginia#mountaineer field morgantown , wv#l9 - 10#50129\nseptember 21#south carolina#williams - brice stadium columbia , sc#w23 - 7#79806\nseptember 28#central florida#dowdy - ficklen stadium greenville , nc#w28 - 7#34121\noctober 10#southern mississippi#dowdy - ficklen stadium greenville , nc#l7 - 28#34480\noctober 19#12 miami (fl)#miami orange bowl miami , fl#w31 - 6#31909\nnovember 2#arkansas state#dowdy - ficklen stadium greenville , nc#w34 - 16#24890\nnovember 9#25 virginia tech#lane stadium blacksburg , va#l14 - 35#49128\nnovember 16#ohio#dowdy - ficklen stadium greenville , nc#w55 - 45#27321\nnovember 23#memphis#liberty bowl memphis , tn#w20 - 10#25059\nnovember 30#north carolina state#ericsson stadium charlotte , nc#w50 - 29#66347\nall times are in eastern#all times are in eastern#all times are in eastern#all times are in eastern#all times are in eastern\n",
        "pandas_code": "(df[df['opponent'] == 'ohio']['result'].values[0] == 'w55 - 45') and (df['result'].str.extract(r'w(\\d+) - \\d+').dropna().astype(int).sort_values(0).iloc[-2].values[0] == 55)",
        "pandas_eval": "False"
    },
    {
        "id": 30301,
        "statement": "there be 2262 crowd attendance at both the november 23 and november 16 game",
        "label": 0,
        "table_caption": "east carolina pirates football , 1990 - 99",
        "table_text": "date#opponent#site#result#attendance\nseptember 7#east tennessee state#dowdy - ficklen stadium greenville , nc#w45 - 21#25512\nseptember 14#west virginia#mountaineer field morgantown , wv#l9 - 10#50129\nseptember 21#south carolina#williams - brice stadium columbia , sc#w23 - 7#79806\nseptember 28#central florida#dowdy - ficklen stadium greenville , nc#w28 - 7#34121\noctober 10#southern mississippi#dowdy - ficklen stadium greenville , nc#l7 - 28#34480\noctober 19#12 miami (fl)#miami orange bowl miami , fl#w31 - 6#31909\nnovember 2#arkansas state#dowdy - ficklen stadium greenville , nc#w34 - 16#24890\nnovember 9#25 virginia tech#lane stadium blacksburg , va#l14 - 35#49128\nnovember 16#ohio#dowdy - ficklen stadium greenville , nc#w55 - 45#27321\nnovember 23#memphis#liberty bowl memphis , tn#w20 - 10#25059\nnovember 30#north carolina state#ericsson stadium charlotte , nc#w50 - 29#66347\nall times are in eastern#all times are in eastern#all times are in eastern#all times are in eastern#all times are in eastern\n",
        "pandas_code": "(df.loc[df['date'].isin(['november 23', 'november 16']), 'attendance'].astype(int) == 2262).all()",
        "pandas_eval": "False"
    }
]