[
    {
        "id": 29210,
        "statement": "walter hagen do not win a tournament in 1996",
        "label": 1,
        "table_caption": "canterbury golf club",
        "table_text": "year#tournament#winner#country#score#to par#margin of victory#winner 's share\n1932#western open (a)#walter hagen#united states#288#even#1 stroke#u\n1937#western open#ralph guldahl#united states#287#- 1#playoff (b)#u\n1940#us open#lawson little#united states#287#- 1#playoff (c)#1000\n1946#us open#lloyd mangrum#united states#284#- 4#playoff (d)#1833\n1964#us amateur#william c campbell#united states#1 up#n / a#n / a#n / a\n1973#pga championship#jack nicklaus#united states#277#- 7#4 strokes#45000\n1979#us amateur#mark o'meara#united states#8 & 7#n / a#n / a#n / a\n1983#senior tournament players championship#miller barber#united states#278#- 10#1 stroke#40000\n1984#senior tournament players championship#arnold palmer#united states#276#- 12#3 strokes#36000\n1985#senior tournament players championship#arnold palmer#united states#274#- 14#11 strokes#36000\n1986#senior tournament players championship#chi - chi rodríguez#united states#206#- 10#2 strokes#45000\n1996#us senior open#dave stockton#united states#277#- 11#2 strokes#215500\n2009#senior pga championship#michael allen#united states#274#- 6#2 strokes#360000\n",
        "pandas_code": "not any((df['winner'] == 'walter hagen') & (df['year'] == 1996))",
        "pandas_eval": "True"
    },
    {
        "id": 29211,
        "statement": "arnold palmer and michael allen , in separate year , each win the championship with 274 point",
        "label": 1,
        "table_caption": "canterbury golf club",
        "table_text": "year#tournament#winner#country#score#to par#margin of victory#winner 's share\n1932#western open (a)#walter hagen#united states#288#even#1 stroke#u\n1937#western open#ralph guldahl#united states#287#- 1#playoff (b)#u\n1940#us open#lawson little#united states#287#- 1#playoff (c)#1000\n1946#us open#lloyd mangrum#united states#284#- 4#playoff (d)#1833\n1964#us amateur#william c campbell#united states#1 up#n / a#n / a#n / a\n1973#pga championship#jack nicklaus#united states#277#- 7#4 strokes#45000\n1979#us amateur#mark o'meara#united states#8 & 7#n / a#n / a#n / a\n1983#senior tournament players championship#miller barber#united states#278#- 10#1 stroke#40000\n1984#senior tournament players championship#arnold palmer#united states#276#- 12#3 strokes#36000\n1985#senior tournament players championship#arnold palmer#united states#274#- 14#11 strokes#36000\n1986#senior tournament players championship#chi - chi rodríguez#united states#206#- 10#2 strokes#45000\n1996#us senior open#dave stockton#united states#277#- 11#2 strokes#215500\n2009#senior pga championship#michael allen#united states#274#- 6#2 strokes#360000\n",
        "pandas_code": "((df['winner'] == 'arnold palmer') & (df['score'] == '274')).any() and ((df['winner'] == 'michael allen') & (df['score'] == '274')).any()",
        "pandas_eval": "True"
    },
    {
        "id": 29212,
        "statement": "arnold palmer have 11 stroke in his 1985 game , which be the greatest number of stroke in the margin of victory at the canterbury golf club",
        "label": 1,
        "table_caption": "canterbury golf club",
        "table_text": "year#tournament#winner#country#score#to par#margin of victory#winner 's share\n1932#western open (a)#walter hagen#united states#288#even#1 stroke#u\n1937#western open#ralph guldahl#united states#287#- 1#playoff (b)#u\n1940#us open#lawson little#united states#287#- 1#playoff (c)#1000\n1946#us open#lloyd mangrum#united states#284#- 4#playoff (d)#1833\n1964#us amateur#william c campbell#united states#1 up#n / a#n / a#n / a\n1973#pga championship#jack nicklaus#united states#277#- 7#4 strokes#45000\n1979#us amateur#mark o'meara#united states#8 & 7#n / a#n / a#n / a\n1983#senior tournament players championship#miller barber#united states#278#- 10#1 stroke#40000\n1984#senior tournament players championship#arnold palmer#united states#276#- 12#3 strokes#36000\n1985#senior tournament players championship#arnold palmer#united states#274#- 14#11 strokes#36000\n1986#senior tournament players championship#chi - chi rodríguez#united states#206#- 10#2 strokes#45000\n1996#us senior open#dave stockton#united states#277#- 11#2 strokes#215500\n2009#senior pga championship#michael allen#united states#274#- 6#2 strokes#360000\n",
        "pandas_code": "df[(df['winner'] == 'arnold palmer') & (df['year'] == 1985)]['margin of victory'].eq('11 strokes').any() and df['margin of victory'].eq('11 strokes').any()",
        "pandas_eval": "True"
    },
    {
        "id": 29214,
        "statement": "michael allen be 1 of the 12 winner at the canterbury golf club",
        "label": 1,
        "table_caption": "canterbury golf club",
        "table_text": "year#tournament#winner#country#score#to par#margin of victory#winner 's share\n1932#western open (a)#walter hagen#united states#288#even#1 stroke#u\n1937#western open#ralph guldahl#united states#287#- 1#playoff (b)#u\n1940#us open#lawson little#united states#287#- 1#playoff (c)#1000\n1946#us open#lloyd mangrum#united states#284#- 4#playoff (d)#1833\n1964#us amateur#william c campbell#united states#1 up#n / a#n / a#n / a\n1973#pga championship#jack nicklaus#united states#277#- 7#4 strokes#45000\n1979#us amateur#mark o'meara#united states#8 & 7#n / a#n / a#n / a\n1983#senior tournament players championship#miller barber#united states#278#- 10#1 stroke#40000\n1984#senior tournament players championship#arnold palmer#united states#276#- 12#3 strokes#36000\n1985#senior tournament players championship#arnold palmer#united states#274#- 14#11 strokes#36000\n1986#senior tournament players championship#chi - chi rodríguez#united states#206#- 10#2 strokes#45000\n1996#us senior open#dave stockton#united states#277#- 11#2 strokes#215500\n2009#senior pga championship#michael allen#united states#274#- 6#2 strokes#360000\n",
        "pandas_code": "len(df[df['winner'] == 'michael allen']) == 1",
        "pandas_eval": "True"
    },
    {
        "id": 29215,
        "statement": "walter hagen win the last tournament in 2009",
        "label": 0,
        "table_caption": "canterbury golf club",
        "table_text": "year#tournament#winner#country#score#to par#margin of victory#winner 's share\n1932#western open (a)#walter hagen#united states#288#even#1 stroke#u\n1937#western open#ralph guldahl#united states#287#- 1#playoff (b)#u\n1940#us open#lawson little#united states#287#- 1#playoff (c)#1000\n1946#us open#lloyd mangrum#united states#284#- 4#playoff (d)#1833\n1964#us amateur#william c campbell#united states#1 up#n / a#n / a#n / a\n1973#pga championship#jack nicklaus#united states#277#- 7#4 strokes#45000\n1979#us amateur#mark o'meara#united states#8 & 7#n / a#n / a#n / a\n1983#senior tournament players championship#miller barber#united states#278#- 10#1 stroke#40000\n1984#senior tournament players championship#arnold palmer#united states#276#- 12#3 strokes#36000\n1985#senior tournament players championship#arnold palmer#united states#274#- 14#11 strokes#36000\n1986#senior tournament players championship#chi - chi rodríguez#united states#206#- 10#2 strokes#45000\n1996#us senior open#dave stockton#united states#277#- 11#2 strokes#215500\n2009#senior pga championship#michael allen#united states#274#- 6#2 strokes#360000\n",
        "pandas_code": "not df[(df['year'] == 2009) & (df['winner'] == 'walter hagen')].empty",
        "pandas_eval": "False"
    },
    {
        "id": 29216,
        "statement": "arnold palmer and michael allen , in the same year , each win the championship with vary point",
        "label": 0,
        "table_caption": "canterbury golf club",
        "table_text": "year#tournament#winner#country#score#to par#margin of victory#winner 's share\n1932#western open (a)#walter hagen#united states#288#even#1 stroke#u\n1937#western open#ralph guldahl#united states#287#- 1#playoff (b)#u\n1940#us open#lawson little#united states#287#- 1#playoff (c)#1000\n1946#us open#lloyd mangrum#united states#284#- 4#playoff (d)#1833\n1964#us amateur#william c campbell#united states#1 up#n / a#n / a#n / a\n1973#pga championship#jack nicklaus#united states#277#- 7#4 strokes#45000\n1979#us amateur#mark o'meara#united states#8 & 7#n / a#n / a#n / a\n1983#senior tournament players championship#miller barber#united states#278#- 10#1 stroke#40000\n1984#senior tournament players championship#arnold palmer#united states#276#- 12#3 strokes#36000\n1985#senior tournament players championship#arnold palmer#united states#274#- 14#11 strokes#36000\n1986#senior tournament players championship#chi - chi rodríguez#united states#206#- 10#2 strokes#45000\n1996#us senior open#dave stockton#united states#277#- 11#2 strokes#215500\n2009#senior pga championship#michael allen#united states#274#- 6#2 strokes#360000\n",
        "pandas_code": "len(df[(df['winner'].isin(['arnold palmer', 'michael allen'])) & (df['year'].duplicated(keep=False))]) > 0",
        "pandas_eval": "False"
    },
    {
        "id": 29217,
        "statement": "arnold palmer play in the 1996 tournament of the canterbury golf club",
        "label": 0,
        "table_caption": "canterbury golf club",
        "table_text": "year#tournament#winner#country#score#to par#margin of victory#winner 's share\n1932#western open (a)#walter hagen#united states#288#even#1 stroke#u\n1937#western open#ralph guldahl#united states#287#- 1#playoff (b)#u\n1940#us open#lawson little#united states#287#- 1#playoff (c)#1000\n1946#us open#lloyd mangrum#united states#284#- 4#playoff (d)#1833\n1964#us amateur#william c campbell#united states#1 up#n / a#n / a#n / a\n1973#pga championship#jack nicklaus#united states#277#- 7#4 strokes#45000\n1979#us amateur#mark o'meara#united states#8 & 7#n / a#n / a#n / a\n1983#senior tournament players championship#miller barber#united states#278#- 10#1 stroke#40000\n1984#senior tournament players championship#arnold palmer#united states#276#- 12#3 strokes#36000\n1985#senior tournament players championship#arnold palmer#united states#274#- 14#11 strokes#36000\n1986#senior tournament players championship#chi - chi rodríguez#united states#206#- 10#2 strokes#45000\n1996#us senior open#dave stockton#united states#277#- 11#2 strokes#215500\n2009#senior pga championship#michael allen#united states#274#- 6#2 strokes#360000\n",
        "pandas_code": "df[(df['winner'] == 'arnold palmer') & (df['year'] == 1996)].any().any()",
        "pandas_eval": "False"
    },
    {
        "id": 29218,
        "statement": "the senior pga championship tournament saw no return for winner tournament",
        "label": 0,
        "table_caption": "canterbury golf club",
        "table_text": "year#tournament#winner#country#score#to par#margin of victory#winner 's share\n1932#western open (a)#walter hagen#united states#288#even#1 stroke#u\n1937#western open#ralph guldahl#united states#287#- 1#playoff (b)#u\n1940#us open#lawson little#united states#287#- 1#playoff (c)#1000\n1946#us open#lloyd mangrum#united states#284#- 4#playoff (d)#1833\n1964#us amateur#william c campbell#united states#1 up#n / a#n / a#n / a\n1973#pga championship#jack nicklaus#united states#277#- 7#4 strokes#45000\n1979#us amateur#mark o'meara#united states#8 & 7#n / a#n / a#n / a\n1983#senior tournament players championship#miller barber#united states#278#- 10#1 stroke#40000\n1984#senior tournament players championship#arnold palmer#united states#276#- 12#3 strokes#36000\n1985#senior tournament players championship#arnold palmer#united states#274#- 14#11 strokes#36000\n1986#senior tournament players championship#chi - chi rodríguez#united states#206#- 10#2 strokes#45000\n1996#us senior open#dave stockton#united states#277#- 11#2 strokes#215500\n2009#senior pga championship#michael allen#united states#274#- 6#2 strokes#360000\n",
        "pandas_code": "df.loc[df['tournament'] == 'senior pga championship', \"winner 's share\"].iloc[0] == 'n / a'",
        "pandas_eval": "False"
    },
    {
        "id": 29219,
        "statement": "michael allen be first winner at the canterbury golf club",
        "label": 0,
        "table_caption": "canterbury golf club",
        "table_text": "year#tournament#winner#country#score#to par#margin of victory#winner 's share\n1932#western open (a)#walter hagen#united states#288#even#1 stroke#u\n1937#western open#ralph guldahl#united states#287#- 1#playoff (b)#u\n1940#us open#lawson little#united states#287#- 1#playoff (c)#1000\n1946#us open#lloyd mangrum#united states#284#- 4#playoff (d)#1833\n1964#us amateur#william c campbell#united states#1 up#n / a#n / a#n / a\n1973#pga championship#jack nicklaus#united states#277#- 7#4 strokes#45000\n1979#us amateur#mark o'meara#united states#8 & 7#n / a#n / a#n / a\n1983#senior tournament players championship#miller barber#united states#278#- 10#1 stroke#40000\n1984#senior tournament players championship#arnold palmer#united states#276#- 12#3 strokes#36000\n1985#senior tournament players championship#arnold palmer#united states#274#- 14#11 strokes#36000\n1986#senior tournament players championship#chi - chi rodríguez#united states#206#- 10#2 strokes#45000\n1996#us senior open#dave stockton#united states#277#- 11#2 strokes#215500\n2009#senior pga championship#michael allen#united states#274#- 6#2 strokes#360000\n",
        "pandas_code": "df.loc[df['winner'] == 'michael allen', 'year'].iloc[0] == df['year'].min()",
        "pandas_eval": "False"
    }
]