[
    {
        "id": 28886,
        "statement": "echo park 's original air date be after hollywood 's",
        "label": 1,
        "table_caption": "list of law & order : la episodes",
        "table_text": "no#title#directed by#written by#original air date#production code#us viewers (million)\n1#hollywood#allen coulter#teleplay by : blake masters story by : dick wolf#september 29 , 2010#1001#10.64\n2#echo park#alex chapple#peter blauner#october 6 , 2010#1002#8.26\n3#harbor city#nick gomez#judith mccreary#october 13 , 2010#1004#7.26\n4#sylmar#constantine makris#richard sweren#october 20 , 2010#1005#8.12\n5#pasadena#roger young#debra j fisher#november 3 , 2010#1006#7.83\n6#hondo field#ed bianchi#michael s chernuchin#november 10 , 2010#1007#6.80\n7#ballona creek#vincent misiano#richard sweren#november 17 , 2010#1008#7.84\n8#playa vista#jean de segonzac#julie martin#december 1 , 2010#1003#9.15\n9#zuma canyon#tom dicillo#richard sweren#april 11 , 2011#1014#6.10\n10#silver lake#christopher misiano#peter blauner#april 11 , 2011#1015#6.10\n11#east pasadena#christopher misiano#richard sweren#april 18 , 2011#1019#5.12\n12#benedict canyon#alex chapple#michael s chernuchin#april 25 , 2011#1018#5.79\n13#reseda#alex chapple#david matthews#may 2 , 2011#1016#4.85\n14#runyon canyon#roger young#michael s chernuchin#may 9 , 2011#1021#5.06\n15#hayden tract#rené balcer#rené balcer#may 16 , 2011#1022#4.36\n16#big rock mesa#helen shaver#julie martin#may 23 , 2011#1016#5.91\n17#angel 's knoll#vincent misiano#peter blauner#may 25 , 2011#1020#5.47\n18#plummer park#milan cheylov#rené balcer#may 30 , 2011#1011#6.59\n19#carthay circle#rod holcomb#debra j fisher#june 6 , 2011#1010#6.35\n20#el sereno#jean de segonzac#teleplay by : peter blauner story by : rené balcer#june 20 , 2011#1012#6.05\n21#van nuys#vincent misiano#julie martin#june 27 , 2011#1013#6.45\n",
        "pandas_code": "pd.to_datetime(df.loc[df['title'] == 'echo park', 'original air date'].values[0]) > pd.to_datetime(df.loc[df['title'] == 'hollywood', 'original air date'].values[0])",
        "pandas_eval": "True"
    },
    {
        "id": 28887,
        "statement": "peter blauner have write episode in 2010 and in 2011",
        "label": 1,
        "table_caption": "list of law & order : la episodes",
        "table_text": "no#title#directed by#written by#original air date#production code#us viewers (million)\n1#hollywood#allen coulter#teleplay by : blake masters story by : dick wolf#september 29 , 2010#1001#10.64\n2#echo park#alex chapple#peter blauner#october 6 , 2010#1002#8.26\n3#harbor city#nick gomez#judith mccreary#october 13 , 2010#1004#7.26\n4#sylmar#constantine makris#richard sweren#october 20 , 2010#1005#8.12\n5#pasadena#roger young#debra j fisher#november 3 , 2010#1006#7.83\n6#hondo field#ed bianchi#michael s chernuchin#november 10 , 2010#1007#6.80\n7#ballona creek#vincent misiano#richard sweren#november 17 , 2010#1008#7.84\n8#playa vista#jean de segonzac#julie martin#december 1 , 2010#1003#9.15\n9#zuma canyon#tom dicillo#richard sweren#april 11 , 2011#1014#6.10\n10#silver lake#christopher misiano#peter blauner#april 11 , 2011#1015#6.10\n11#east pasadena#christopher misiano#richard sweren#april 18 , 2011#1019#5.12\n12#benedict canyon#alex chapple#michael s chernuchin#april 25 , 2011#1018#5.79\n13#reseda#alex chapple#david matthews#may 2 , 2011#1016#4.85\n14#runyon canyon#roger young#michael s chernuchin#may 9 , 2011#1021#5.06\n15#hayden tract#rené balcer#rené balcer#may 16 , 2011#1022#4.36\n16#big rock mesa#helen shaver#julie martin#may 23 , 2011#1016#5.91\n17#angel 's knoll#vincent misiano#peter blauner#may 25 , 2011#1020#5.47\n18#plummer park#milan cheylov#rené balcer#may 30 , 2011#1011#6.59\n19#carthay circle#rod holcomb#debra j fisher#june 6 , 2011#1010#6.35\n20#el sereno#jean de segonzac#teleplay by : peter blauner story by : rené balcer#june 20 , 2011#1012#6.05\n21#van nuys#vincent misiano#julie martin#june 27 , 2011#1013#6.45\n",
        "pandas_code": "any(df['written by'].str.contains('peter blauner') & (df['original air date'].str.contains('2010') | df['original air date'].str.contains('2011')))",
        "pandas_eval": "True"
    },
    {
        "id": 28888,
        "statement": "the episode with the highest viewer count air september 29 , 2010",
        "label": 1,
        "table_caption": "list of law & order : la episodes",
        "table_text": "no#title#directed by#written by#original air date#production code#us viewers (million)\n1#hollywood#allen coulter#teleplay by : blake masters story by : dick wolf#september 29 , 2010#1001#10.64\n2#echo park#alex chapple#peter blauner#october 6 , 2010#1002#8.26\n3#harbor city#nick gomez#judith mccreary#october 13 , 2010#1004#7.26\n4#sylmar#constantine makris#richard sweren#october 20 , 2010#1005#8.12\n5#pasadena#roger young#debra j fisher#november 3 , 2010#1006#7.83\n6#hondo field#ed bianchi#michael s chernuchin#november 10 , 2010#1007#6.80\n7#ballona creek#vincent misiano#richard sweren#november 17 , 2010#1008#7.84\n8#playa vista#jean de segonzac#julie martin#december 1 , 2010#1003#9.15\n9#zuma canyon#tom dicillo#richard sweren#april 11 , 2011#1014#6.10\n10#silver lake#christopher misiano#peter blauner#april 11 , 2011#1015#6.10\n11#east pasadena#christopher misiano#richard sweren#april 18 , 2011#1019#5.12\n12#benedict canyon#alex chapple#michael s chernuchin#april 25 , 2011#1018#5.79\n13#reseda#alex chapple#david matthews#may 2 , 2011#1016#4.85\n14#runyon canyon#roger young#michael s chernuchin#may 9 , 2011#1021#5.06\n15#hayden tract#rené balcer#rené balcer#may 16 , 2011#1022#4.36\n16#big rock mesa#helen shaver#julie martin#may 23 , 2011#1016#5.91\n17#angel 's knoll#vincent misiano#peter blauner#may 25 , 2011#1020#5.47\n18#plummer park#milan cheylov#rené balcer#may 30 , 2011#1011#6.59\n19#carthay circle#rod holcomb#debra j fisher#june 6 , 2011#1010#6.35\n20#el sereno#jean de segonzac#teleplay by : peter blauner story by : rené balcer#june 20 , 2011#1012#6.05\n21#van nuys#vincent misiano#julie martin#june 27 , 2011#1013#6.45\n",
        "pandas_code": "df[df['us viewers (million)'] == df['us viewers (million)'].max()]['original air date'].iloc[0] == 'september 29 , 2010'",
        "pandas_eval": "True"
    },
    {
        "id": 28889,
        "statement": "benedict canyon have more original viewer than east pasadena",
        "label": 1,
        "table_caption": "list of law & order : la episodes",
        "table_text": "no#title#directed by#written by#original air date#production code#us viewers (million)\n1#hollywood#allen coulter#teleplay by : blake masters story by : dick wolf#september 29 , 2010#1001#10.64\n2#echo park#alex chapple#peter blauner#october 6 , 2010#1002#8.26\n3#harbor city#nick gomez#judith mccreary#october 13 , 2010#1004#7.26\n4#sylmar#constantine makris#richard sweren#october 20 , 2010#1005#8.12\n5#pasadena#roger young#debra j fisher#november 3 , 2010#1006#7.83\n6#hondo field#ed bianchi#michael s chernuchin#november 10 , 2010#1007#6.80\n7#ballona creek#vincent misiano#richard sweren#november 17 , 2010#1008#7.84\n8#playa vista#jean de segonzac#julie martin#december 1 , 2010#1003#9.15\n9#zuma canyon#tom dicillo#richard sweren#april 11 , 2011#1014#6.10\n10#silver lake#christopher misiano#peter blauner#april 11 , 2011#1015#6.10\n11#east pasadena#christopher misiano#richard sweren#april 18 , 2011#1019#5.12\n12#benedict canyon#alex chapple#michael s chernuchin#april 25 , 2011#1018#5.79\n13#reseda#alex chapple#david matthews#may 2 , 2011#1016#4.85\n14#runyon canyon#roger young#michael s chernuchin#may 9 , 2011#1021#5.06\n15#hayden tract#rené balcer#rené balcer#may 16 , 2011#1022#4.36\n16#big rock mesa#helen shaver#julie martin#may 23 , 2011#1016#5.91\n17#angel 's knoll#vincent misiano#peter blauner#may 25 , 2011#1020#5.47\n18#plummer park#milan cheylov#rené balcer#may 30 , 2011#1011#6.59\n19#carthay circle#rod holcomb#debra j fisher#june 6 , 2011#1010#6.35\n20#el sereno#jean de segonzac#teleplay by : peter blauner story by : rené balcer#june 20 , 2011#1012#6.05\n21#van nuys#vincent misiano#julie martin#june 27 , 2011#1013#6.45\n",
        "pandas_code": "df[df['title'] == 'benedict canyon']['us viewers (million)'].values[0] > df[df['title'] == 'east pasadena']['us viewers (million)'].values[0]",
        "pandas_eval": "True"
    },
    {
        "id": 28890,
        "statement": "hollywood have a lower production code than any episode in 2011",
        "label": 1,
        "table_caption": "list of law & order : la episodes",
        "table_text": "no#title#directed by#written by#original air date#production code#us viewers (million)\n1#hollywood#allen coulter#teleplay by : blake masters story by : dick wolf#september 29 , 2010#1001#10.64\n2#echo park#alex chapple#peter blauner#october 6 , 2010#1002#8.26\n3#harbor city#nick gomez#judith mccreary#october 13 , 2010#1004#7.26\n4#sylmar#constantine makris#richard sweren#october 20 , 2010#1005#8.12\n5#pasadena#roger young#debra j fisher#november 3 , 2010#1006#7.83\n6#hondo field#ed bianchi#michael s chernuchin#november 10 , 2010#1007#6.80\n7#ballona creek#vincent misiano#richard sweren#november 17 , 2010#1008#7.84\n8#playa vista#jean de segonzac#julie martin#december 1 , 2010#1003#9.15\n9#zuma canyon#tom dicillo#richard sweren#april 11 , 2011#1014#6.10\n10#silver lake#christopher misiano#peter blauner#april 11 , 2011#1015#6.10\n11#east pasadena#christopher misiano#richard sweren#april 18 , 2011#1019#5.12\n12#benedict canyon#alex chapple#michael s chernuchin#april 25 , 2011#1018#5.79\n13#reseda#alex chapple#david matthews#may 2 , 2011#1016#4.85\n14#runyon canyon#roger young#michael s chernuchin#may 9 , 2011#1021#5.06\n15#hayden tract#rené balcer#rené balcer#may 16 , 2011#1022#4.36\n16#big rock mesa#helen shaver#julie martin#may 23 , 2011#1016#5.91\n17#angel 's knoll#vincent misiano#peter blauner#may 25 , 2011#1020#5.47\n18#plummer park#milan cheylov#rené balcer#may 30 , 2011#1011#6.59\n19#carthay circle#rod holcomb#debra j fisher#june 6 , 2011#1010#6.35\n20#el sereno#jean de segonzac#teleplay by : peter blauner story by : rené balcer#june 20 , 2011#1012#6.05\n21#van nuys#vincent misiano#julie martin#june 27 , 2011#1013#6.45\n",
        "pandas_code": "df[df['title'] == 'hollywood']['production code'].values[0] < df[df['original air date'].str.contains('2011')]['production code'].min()",
        "pandas_eval": "True"
    },
    {
        "id": 28891,
        "statement": "echo park 's original air date be before hollywood 's original air date",
        "label": 0,
        "table_caption": "list of law & order : la episodes",
        "table_text": "no#title#directed by#written by#original air date#production code#us viewers (million)\n1#hollywood#allen coulter#teleplay by : blake masters story by : dick wolf#september 29 , 2010#1001#10.64\n2#echo park#alex chapple#peter blauner#october 6 , 2010#1002#8.26\n3#harbor city#nick gomez#judith mccreary#october 13 , 2010#1004#7.26\n4#sylmar#constantine makris#richard sweren#october 20 , 2010#1005#8.12\n5#pasadena#roger young#debra j fisher#november 3 , 2010#1006#7.83\n6#hondo field#ed bianchi#michael s chernuchin#november 10 , 2010#1007#6.80\n7#ballona creek#vincent misiano#richard sweren#november 17 , 2010#1008#7.84\n8#playa vista#jean de segonzac#julie martin#december 1 , 2010#1003#9.15\n9#zuma canyon#tom dicillo#richard sweren#april 11 , 2011#1014#6.10\n10#silver lake#christopher misiano#peter blauner#april 11 , 2011#1015#6.10\n11#east pasadena#christopher misiano#richard sweren#april 18 , 2011#1019#5.12\n12#benedict canyon#alex chapple#michael s chernuchin#april 25 , 2011#1018#5.79\n13#reseda#alex chapple#david matthews#may 2 , 2011#1016#4.85\n14#runyon canyon#roger young#michael s chernuchin#may 9 , 2011#1021#5.06\n15#hayden tract#rené balcer#rené balcer#may 16 , 2011#1022#4.36\n16#big rock mesa#helen shaver#julie martin#may 23 , 2011#1016#5.91\n17#angel 's knoll#vincent misiano#peter blauner#may 25 , 2011#1020#5.47\n18#plummer park#milan cheylov#rené balcer#may 30 , 2011#1011#6.59\n19#carthay circle#rod holcomb#debra j fisher#june 6 , 2011#1010#6.35\n20#el sereno#jean de segonzac#teleplay by : peter blauner story by : rené balcer#june 20 , 2011#1012#6.05\n21#van nuys#vincent misiano#julie martin#june 27 , 2011#1013#6.45\n",
        "pandas_code": "bool(df[df['title'] == 'echo park']['original air date'].values[0] > df[df['title'] == 'hollywood']['original air date'].values[0])",
        "pandas_eval": "False"
    },
    {
        "id": 28892,
        "statement": "peter blauner have write episodes only in 2011",
        "label": 0,
        "table_caption": "list of law & order : la episodes",
        "table_text": "no#title#directed by#written by#original air date#production code#us viewers (million)\n1#hollywood#allen coulter#teleplay by : blake masters story by : dick wolf#september 29 , 2010#1001#10.64\n2#echo park#alex chapple#peter blauner#october 6 , 2010#1002#8.26\n3#harbor city#nick gomez#judith mccreary#october 13 , 2010#1004#7.26\n4#sylmar#constantine makris#richard sweren#october 20 , 2010#1005#8.12\n5#pasadena#roger young#debra j fisher#november 3 , 2010#1006#7.83\n6#hondo field#ed bianchi#michael s chernuchin#november 10 , 2010#1007#6.80\n7#ballona creek#vincent misiano#richard sweren#november 17 , 2010#1008#7.84\n8#playa vista#jean de segonzac#julie martin#december 1 , 2010#1003#9.15\n9#zuma canyon#tom dicillo#richard sweren#april 11 , 2011#1014#6.10\n10#silver lake#christopher misiano#peter blauner#april 11 , 2011#1015#6.10\n11#east pasadena#christopher misiano#richard sweren#april 18 , 2011#1019#5.12\n12#benedict canyon#alex chapple#michael s chernuchin#april 25 , 2011#1018#5.79\n13#reseda#alex chapple#david matthews#may 2 , 2011#1016#4.85\n14#runyon canyon#roger young#michael s chernuchin#may 9 , 2011#1021#5.06\n15#hayden tract#rené balcer#rené balcer#may 16 , 2011#1022#4.36\n16#big rock mesa#helen shaver#julie martin#may 23 , 2011#1016#5.91\n17#angel 's knoll#vincent misiano#peter blauner#may 25 , 2011#1020#5.47\n18#plummer park#milan cheylov#rené balcer#may 30 , 2011#1011#6.59\n19#carthay circle#rod holcomb#debra j fisher#june 6 , 2011#1010#6.35\n20#el sereno#jean de segonzac#teleplay by : peter blauner story by : rené balcer#june 20 , 2011#1012#6.05\n21#van nuys#vincent misiano#julie martin#june 27 , 2011#1013#6.45\n",
        "pandas_code": "all(df[df['written by'].str.contains('peter blauner')]['original air date'].str.contains('2011'))",
        "pandas_eval": "False"
    },
    {
        "id": 28893,
        "statement": "the episode with the highest viewer count air may 30 , 2011",
        "label": 0,
        "table_caption": "list of law & order : la episodes",
        "table_text": "no#title#directed by#written by#original air date#production code#us viewers (million)\n1#hollywood#allen coulter#teleplay by : blake masters story by : dick wolf#september 29 , 2010#1001#10.64\n2#echo park#alex chapple#peter blauner#october 6 , 2010#1002#8.26\n3#harbor city#nick gomez#judith mccreary#october 13 , 2010#1004#7.26\n4#sylmar#constantine makris#richard sweren#october 20 , 2010#1005#8.12\n5#pasadena#roger young#debra j fisher#november 3 , 2010#1006#7.83\n6#hondo field#ed bianchi#michael s chernuchin#november 10 , 2010#1007#6.80\n7#ballona creek#vincent misiano#richard sweren#november 17 , 2010#1008#7.84\n8#playa vista#jean de segonzac#julie martin#december 1 , 2010#1003#9.15\n9#zuma canyon#tom dicillo#richard sweren#april 11 , 2011#1014#6.10\n10#silver lake#christopher misiano#peter blauner#april 11 , 2011#1015#6.10\n11#east pasadena#christopher misiano#richard sweren#april 18 , 2011#1019#5.12\n12#benedict canyon#alex chapple#michael s chernuchin#april 25 , 2011#1018#5.79\n13#reseda#alex chapple#david matthews#may 2 , 2011#1016#4.85\n14#runyon canyon#roger young#michael s chernuchin#may 9 , 2011#1021#5.06\n15#hayden tract#rené balcer#rené balcer#may 16 , 2011#1022#4.36\n16#big rock mesa#helen shaver#julie martin#may 23 , 2011#1016#5.91\n17#angel 's knoll#vincent misiano#peter blauner#may 25 , 2011#1020#5.47\n18#plummer park#milan cheylov#rené balcer#may 30 , 2011#1011#6.59\n19#carthay circle#rod holcomb#debra j fisher#june 6 , 2011#1010#6.35\n20#el sereno#jean de segonzac#teleplay by : peter blauner story by : rené balcer#june 20 , 2011#1012#6.05\n21#van nuys#vincent misiano#julie martin#june 27 , 2011#1013#6.45\n",
        "pandas_code": "df.loc[df['us viewers (million)'].idxmax(), 'original air date'] == 'may 30 , 2011'",
        "pandas_eval": "False"
    },
    {
        "id": 28894,
        "statement": "east pasadena have more original viewer than benedict canyon",
        "label": 0,
        "table_caption": "list of law & order : la episodes",
        "table_text": "no#title#directed by#written by#original air date#production code#us viewers (million)\n1#hollywood#allen coulter#teleplay by : blake masters story by : dick wolf#september 29 , 2010#1001#10.64\n2#echo park#alex chapple#peter blauner#october 6 , 2010#1002#8.26\n3#harbor city#nick gomez#judith mccreary#october 13 , 2010#1004#7.26\n4#sylmar#constantine makris#richard sweren#october 20 , 2010#1005#8.12\n5#pasadena#roger young#debra j fisher#november 3 , 2010#1006#7.83\n6#hondo field#ed bianchi#michael s chernuchin#november 10 , 2010#1007#6.80\n7#ballona creek#vincent misiano#richard sweren#november 17 , 2010#1008#7.84\n8#playa vista#jean de segonzac#julie martin#december 1 , 2010#1003#9.15\n9#zuma canyon#tom dicillo#richard sweren#april 11 , 2011#1014#6.10\n10#silver lake#christopher misiano#peter blauner#april 11 , 2011#1015#6.10\n11#east pasadena#christopher misiano#richard sweren#april 18 , 2011#1019#5.12\n12#benedict canyon#alex chapple#michael s chernuchin#april 25 , 2011#1018#5.79\n13#reseda#alex chapple#david matthews#may 2 , 2011#1016#4.85\n14#runyon canyon#roger young#michael s chernuchin#may 9 , 2011#1021#5.06\n15#hayden tract#rené balcer#rené balcer#may 16 , 2011#1022#4.36\n16#big rock mesa#helen shaver#julie martin#may 23 , 2011#1016#5.91\n17#angel 's knoll#vincent misiano#peter blauner#may 25 , 2011#1020#5.47\n18#plummer park#milan cheylov#rené balcer#may 30 , 2011#1011#6.59\n19#carthay circle#rod holcomb#debra j fisher#june 6 , 2011#1010#6.35\n20#el sereno#jean de segonzac#teleplay by : peter blauner story by : rené balcer#june 20 , 2011#1012#6.05\n21#van nuys#vincent misiano#julie martin#june 27 , 2011#1013#6.45\n",
        "pandas_code": "df[df['title'] == 'east pasadena']['us viewers (million)'].values[0] > df[df['title'] == 'benedict canyon']['us viewers (million)'].values[0]",
        "pandas_eval": "False"
    },
    {
        "id": 28895,
        "statement": "the production code for hollywood be higher than that of carthay circle",
        "label": 0,
        "table_caption": "list of law & order : la episodes",
        "table_text": "no#title#directed by#written by#original air date#production code#us viewers (million)\n1#hollywood#allen coulter#teleplay by : blake masters story by : dick wolf#september 29 , 2010#1001#10.64\n2#echo park#alex chapple#peter blauner#october 6 , 2010#1002#8.26\n3#harbor city#nick gomez#judith mccreary#october 13 , 2010#1004#7.26\n4#sylmar#constantine makris#richard sweren#october 20 , 2010#1005#8.12\n5#pasadena#roger young#debra j fisher#november 3 , 2010#1006#7.83\n6#hondo field#ed bianchi#michael s chernuchin#november 10 , 2010#1007#6.80\n7#ballona creek#vincent misiano#richard sweren#november 17 , 2010#1008#7.84\n8#playa vista#jean de segonzac#julie martin#december 1 , 2010#1003#9.15\n9#zuma canyon#tom dicillo#richard sweren#april 11 , 2011#1014#6.10\n10#silver lake#christopher misiano#peter blauner#april 11 , 2011#1015#6.10\n11#east pasadena#christopher misiano#richard sweren#april 18 , 2011#1019#5.12\n12#benedict canyon#alex chapple#michael s chernuchin#april 25 , 2011#1018#5.79\n13#reseda#alex chapple#david matthews#may 2 , 2011#1016#4.85\n14#runyon canyon#roger young#michael s chernuchin#may 9 , 2011#1021#5.06\n15#hayden tract#rené balcer#rené balcer#may 16 , 2011#1022#4.36\n16#big rock mesa#helen shaver#julie martin#may 23 , 2011#1016#5.91\n17#angel 's knoll#vincent misiano#peter blauner#may 25 , 2011#1020#5.47\n18#plummer park#milan cheylov#rené balcer#may 30 , 2011#1011#6.59\n19#carthay circle#rod holcomb#debra j fisher#june 6 , 2011#1010#6.35\n20#el sereno#jean de segonzac#teleplay by : peter blauner story by : rené balcer#june 20 , 2011#1012#6.05\n21#van nuys#vincent misiano#julie martin#june 27 , 2011#1013#6.45\n",
        "pandas_code": "df.loc[df['title'] == 'hollywood', 'production code'].values[0] > df.loc[df['title'] == 'carthay circle', 'production code'].values[0]",
        "pandas_eval": "False"
    }
]