[
    {
        "id": 31604,
        "statement": "the latest game play occur on july 31",
        "label": 1,
        "table_caption": "2005 milwaukee brewers season",
        "table_text": "date#opponent#score#loss#attendance#record\njuly 1#pirates#8 - 4#redman (4 - 7)#21804#37 - 42\njuly 2#pirates#5 - 3#torres (2 - 4)#29052#38 - 42\njuly 3#pirates#10 - 11#phelps (0 - 2)#28323#38 - 43\njuly 4#marlins#3 - 2#jones (1 - 3)#24207#39 - 43\njuly 5#marlins#6 - 4#beckett (8 - 6)#16441#40 - 43\njuly 6#marlins#4 - 5 (12)#obermueller (1 - 2)#17079#40 - 44\njuly 7#marlins#3 - 11#santos (2 - 9)#33897#40 - 45\njuly 8#braves#1 - 2#santana (1 - 3)#29402#40 - 46\njuly 9#braves#9 - 6#davies (4 - 3)#40514#41 - 46\njuly 10#braves#8 - 4#colã cubicn (1 - 5)#24916#42 - 46\njuly 14#nationals#4 - 2#majewski (2 - 1)#30611#43 - 46\njuly 15#nationals#4 - 3#ayala (7 - 6)#40690#44 - 46\njuly 16#nationals#3 - 5#bottalico (2 - 2)#45079#44 - 47\njuly 17#nationals#5 - 3#drese (7 - 8)#23543#45 - 47\njuly 18#cardinals#4 - 11#santos (2 - 10)#41827#45 - 48\njuly 19#cardinals#5 - 4#tavã¡rez (1 - 2)#44270#46 - 48\njuly 20#cardinals#2 - 4#sheets (5 - 7)#40904#46 - 49\njuly 21#cardinals#12 - 7#marquis (9 - 7)#44002#47 - 49\njuly 22#reds#6 - 11#ohka (6 - 5)#21370#47 - 50\njuly 23#reds#11 - 7#claussen (4 - 8)#36320#48 - 50\njuly 24#reds#2 - 3#santana (2 - 4)#18856#48 - 51\njuly 25#diamondbacks#4 - 2#worrell (0 - 2)#20062#49 - 51\njuly 26#diamondbacks#7 - 2#webb (8 - 8)#31128#50 - 51\njuly 27#diamondbacks#0 - 3#ohka (6 - 6)#28971#50 - 52\njuly 28#giants#0 - 3#santos (3 - 11)#22252#50 - 53\njuly 29#giants#6 - 7#wise (4 - 3)#28652#50 - 54\njuly 30#giants#7 - 1#schmidt (7 - 6)#38462#51 - 54\njuly 31#giants#5 - 1#lowry (6 - 11)#36148#52 - 54\n",
        "pandas_code": "df['date'].iloc[-1] == 'july 31'",
        "pandas_eval": "True"
    },
    {
        "id": 31605,
        "statement": "the game with the largest attendance have 45079 crowd attend",
        "label": 1,
        "table_caption": "2005 milwaukee brewers season",
        "table_text": "date#opponent#score#loss#attendance#record\njuly 1#pirates#8 - 4#redman (4 - 7)#21804#37 - 42\njuly 2#pirates#5 - 3#torres (2 - 4)#29052#38 - 42\njuly 3#pirates#10 - 11#phelps (0 - 2)#28323#38 - 43\njuly 4#marlins#3 - 2#jones (1 - 3)#24207#39 - 43\njuly 5#marlins#6 - 4#beckett (8 - 6)#16441#40 - 43\njuly 6#marlins#4 - 5 (12)#obermueller (1 - 2)#17079#40 - 44\njuly 7#marlins#3 - 11#santos (2 - 9)#33897#40 - 45\njuly 8#braves#1 - 2#santana (1 - 3)#29402#40 - 46\njuly 9#braves#9 - 6#davies (4 - 3)#40514#41 - 46\njuly 10#braves#8 - 4#colã cubicn (1 - 5)#24916#42 - 46\njuly 14#nationals#4 - 2#majewski (2 - 1)#30611#43 - 46\njuly 15#nationals#4 - 3#ayala (7 - 6)#40690#44 - 46\njuly 16#nationals#3 - 5#bottalico (2 - 2)#45079#44 - 47\njuly 17#nationals#5 - 3#drese (7 - 8)#23543#45 - 47\njuly 18#cardinals#4 - 11#santos (2 - 10)#41827#45 - 48\njuly 19#cardinals#5 - 4#tavã¡rez (1 - 2)#44270#46 - 48\njuly 20#cardinals#2 - 4#sheets (5 - 7)#40904#46 - 49\njuly 21#cardinals#12 - 7#marquis (9 - 7)#44002#47 - 49\njuly 22#reds#6 - 11#ohka (6 - 5)#21370#47 - 50\njuly 23#reds#11 - 7#claussen (4 - 8)#36320#48 - 50\njuly 24#reds#2 - 3#santana (2 - 4)#18856#48 - 51\njuly 25#diamondbacks#4 - 2#worrell (0 - 2)#20062#49 - 51\njuly 26#diamondbacks#7 - 2#webb (8 - 8)#31128#50 - 51\njuly 27#diamondbacks#0 - 3#ohka (6 - 6)#28971#50 - 52\njuly 28#giants#0 - 3#santos (3 - 11)#22252#50 - 53\njuly 29#giants#6 - 7#wise (4 - 3)#28652#50 - 54\njuly 30#giants#7 - 1#schmidt (7 - 6)#38462#51 - 54\njuly 31#giants#5 - 1#lowry (6 - 11)#36148#52 - 54\n",
        "pandas_code": "df['attendance'].max() == 45079",
        "pandas_eval": "True"
    },
    {
        "id": 31606,
        "statement": "on july 3 , the most total run be score (21)",
        "label": 1,
        "table_caption": "2005 milwaukee brewers season",
        "table_text": "date#opponent#score#loss#attendance#record\njuly 1#pirates#8 - 4#redman (4 - 7)#21804#37 - 42\njuly 2#pirates#5 - 3#torres (2 - 4)#29052#38 - 42\njuly 3#pirates#10 - 11#phelps (0 - 2)#28323#38 - 43\njuly 4#marlins#3 - 2#jones (1 - 3)#24207#39 - 43\njuly 5#marlins#6 - 4#beckett (8 - 6)#16441#40 - 43\njuly 6#marlins#4 - 5 (12)#obermueller (1 - 2)#17079#40 - 44\njuly 7#marlins#3 - 11#santos (2 - 9)#33897#40 - 45\njuly 8#braves#1 - 2#santana (1 - 3)#29402#40 - 46\njuly 9#braves#9 - 6#davies (4 - 3)#40514#41 - 46\njuly 10#braves#8 - 4#colã cubicn (1 - 5)#24916#42 - 46\njuly 14#nationals#4 - 2#majewski (2 - 1)#30611#43 - 46\njuly 15#nationals#4 - 3#ayala (7 - 6)#40690#44 - 46\njuly 16#nationals#3 - 5#bottalico (2 - 2)#45079#44 - 47\njuly 17#nationals#5 - 3#drese (7 - 8)#23543#45 - 47\njuly 18#cardinals#4 - 11#santos (2 - 10)#41827#45 - 48\njuly 19#cardinals#5 - 4#tavã¡rez (1 - 2)#44270#46 - 48\njuly 20#cardinals#2 - 4#sheets (5 - 7)#40904#46 - 49\njuly 21#cardinals#12 - 7#marquis (9 - 7)#44002#47 - 49\njuly 22#reds#6 - 11#ohka (6 - 5)#21370#47 - 50\njuly 23#reds#11 - 7#claussen (4 - 8)#36320#48 - 50\njuly 24#reds#2 - 3#santana (2 - 4)#18856#48 - 51\njuly 25#diamondbacks#4 - 2#worrell (0 - 2)#20062#49 - 51\njuly 26#diamondbacks#7 - 2#webb (8 - 8)#31128#50 - 51\njuly 27#diamondbacks#0 - 3#ohka (6 - 6)#28971#50 - 52\njuly 28#giants#0 - 3#santos (3 - 11)#22252#50 - 53\njuly 29#giants#6 - 7#wise (4 - 3)#28652#50 - 54\njuly 30#giants#7 - 1#schmidt (7 - 6)#38462#51 - 54\njuly 31#giants#5 - 1#lowry (6 - 11)#36148#52 - 54\n",
        "pandas_code": "df[df['date'] == 'july 3']['score'].str.split(' - ').apply(lambda x: int(x[0]) + int(x[1])).iloc[0] == 21",
        "pandas_eval": "True"
    },
    {
        "id": 31607,
        "statement": "the lowest overall attendance occur on july 5 wit 16441",
        "label": 1,
        "table_caption": "2005 milwaukee brewers season",
        "table_text": "date#opponent#score#loss#attendance#record\njuly 1#pirates#8 - 4#redman (4 - 7)#21804#37 - 42\njuly 2#pirates#5 - 3#torres (2 - 4)#29052#38 - 42\njuly 3#pirates#10 - 11#phelps (0 - 2)#28323#38 - 43\njuly 4#marlins#3 - 2#jones (1 - 3)#24207#39 - 43\njuly 5#marlins#6 - 4#beckett (8 - 6)#16441#40 - 43\njuly 6#marlins#4 - 5 (12)#obermueller (1 - 2)#17079#40 - 44\njuly 7#marlins#3 - 11#santos (2 - 9)#33897#40 - 45\njuly 8#braves#1 - 2#santana (1 - 3)#29402#40 - 46\njuly 9#braves#9 - 6#davies (4 - 3)#40514#41 - 46\njuly 10#braves#8 - 4#colã cubicn (1 - 5)#24916#42 - 46\njuly 14#nationals#4 - 2#majewski (2 - 1)#30611#43 - 46\njuly 15#nationals#4 - 3#ayala (7 - 6)#40690#44 - 46\njuly 16#nationals#3 - 5#bottalico (2 - 2)#45079#44 - 47\njuly 17#nationals#5 - 3#drese (7 - 8)#23543#45 - 47\njuly 18#cardinals#4 - 11#santos (2 - 10)#41827#45 - 48\njuly 19#cardinals#5 - 4#tavã¡rez (1 - 2)#44270#46 - 48\njuly 20#cardinals#2 - 4#sheets (5 - 7)#40904#46 - 49\njuly 21#cardinals#12 - 7#marquis (9 - 7)#44002#47 - 49\njuly 22#reds#6 - 11#ohka (6 - 5)#21370#47 - 50\njuly 23#reds#11 - 7#claussen (4 - 8)#36320#48 - 50\njuly 24#reds#2 - 3#santana (2 - 4)#18856#48 - 51\njuly 25#diamondbacks#4 - 2#worrell (0 - 2)#20062#49 - 51\njuly 26#diamondbacks#7 - 2#webb (8 - 8)#31128#50 - 51\njuly 27#diamondbacks#0 - 3#ohka (6 - 6)#28971#50 - 52\njuly 28#giants#0 - 3#santos (3 - 11)#22252#50 - 53\njuly 29#giants#6 - 7#wise (4 - 3)#28652#50 - 54\njuly 30#giants#7 - 1#schmidt (7 - 6)#38462#51 - 54\njuly 31#giants#5 - 1#lowry (6 - 11)#36148#52 - 54\n",
        "pandas_code": "df.loc[df['attendance'].idxmin(), 'date'] == 'july 5' and df['attendance'].min() == 16441",
        "pandas_eval": "True"
    },
    {
        "id": 58648,
        "statement": "the record after the game on april 15 be 5 - 4",
        "label": 1,
        "table_caption": "2005 milwaukee brewers season",
        "table_text": "date#opponent#score#loss#record\napril 4#pirates#9 - 2#pãrez (0 - 1)#1 - 0\napril 6#pirates#10 - 2#wells (0 - 1)#2 - 0\napril 8#cubs#6 - 3 (12)#leicester (0 - 1)#3 - 0\napril 9#cubs#0 - 4#sheets (0 - 1)#3 - 1\napril 10#cubs#5 - 6 (12)#turnbow (0 - 1)#3 - 2\napril 11#pirates#6 - 2#wells (0 - 2)#4 - 2\napril 12#pirates#2 - 4#glover (0 - 1)#4 - 3\napril 13#pirates#6 - 2#white (0 - 2)#5 - 3\napril 15#cardinals#0 - 3#sheets (1 - 2)#5 - 4\napril 16#cardinals#3 - 5#davis (2 - 1)#5 - 5\napril 17#cardinals#2 - 3#adams (0 - 1)#5 - 6\napril 18#dodgers#3 - 7#capuano (0 - 1)#5 - 7\napril 19#dodgers#6 - 8 (10)#phelps (0 - 1)#5 - 8\napril 20#astros#1 - 6#sheets (1 - 3)#5 - 9\napril 21#astros#7 - 8#davis (2 - 2)#5 - 10\napril 22#giants#6 - 1#rueter (0 - 2)#6 - 10\napril 23#giants#2 - 6#capuano (0 - 2)#6 - 11\napril 24#giants#8 - 5#williams (0 - 2)#7 - 11\napril 25#cardinals#postponed (rain) rescheduled for april 28#postponed (rain) rescheduled for april 28#postponed (rain) rescheduled for april 28\napril 26#cardinals#3 - 5#davis (2 - 3)#7 - 12\napril 27#cardinals#3 - 6#santos (1 - 1)#7 - 13\napril 28#cardinals#4 - 3#marquis (3 - 1)#8 - 13\napril 29#reds#4 - 3#claussen (1 - 2)#9 - 13\napril 30#reds#6 - 5#valentine (0 - 1)#10 - 13\n",
        "pandas_code": "df[df['date'] == 'april 15']['record'].values[0] == '5 - 4'",
        "pandas_eval": "True"
    },
    {
        "id": 58649,
        "statement": "red be the opponent that lead to 10 - 13 record",
        "label": 1,
        "table_caption": "2005 milwaukee brewers season",
        "table_text": "date#opponent#score#loss#record\napril 4#pirates#9 - 2#pãrez (0 - 1)#1 - 0\napril 6#pirates#10 - 2#wells (0 - 1)#2 - 0\napril 8#cubs#6 - 3 (12)#leicester (0 - 1)#3 - 0\napril 9#cubs#0 - 4#sheets (0 - 1)#3 - 1\napril 10#cubs#5 - 6 (12)#turnbow (0 - 1)#3 - 2\napril 11#pirates#6 - 2#wells (0 - 2)#4 - 2\napril 12#pirates#2 - 4#glover (0 - 1)#4 - 3\napril 13#pirates#6 - 2#white (0 - 2)#5 - 3\napril 15#cardinals#0 - 3#sheets (1 - 2)#5 - 4\napril 16#cardinals#3 - 5#davis (2 - 1)#5 - 5\napril 17#cardinals#2 - 3#adams (0 - 1)#5 - 6\napril 18#dodgers#3 - 7#capuano (0 - 1)#5 - 7\napril 19#dodgers#6 - 8 (10)#phelps (0 - 1)#5 - 8\napril 20#astros#1 - 6#sheets (1 - 3)#5 - 9\napril 21#astros#7 - 8#davis (2 - 2)#5 - 10\napril 22#giants#6 - 1#rueter (0 - 2)#6 - 10\napril 23#giants#2 - 6#capuano (0 - 2)#6 - 11\napril 24#giants#8 - 5#williams (0 - 2)#7 - 11\napril 25#cardinals#postponed (rain) rescheduled for april 28#postponed (rain) rescheduled for april 28#postponed (rain) rescheduled for april 28\napril 26#cardinals#3 - 5#davis (2 - 3)#7 - 12\napril 27#cardinals#3 - 6#santos (1 - 1)#7 - 13\napril 28#cardinals#4 - 3#marquis (3 - 1)#8 - 13\napril 29#reds#4 - 3#claussen (1 - 2)#9 - 13\napril 30#reds#6 - 5#valentine (0 - 1)#10 - 13\n",
        "pandas_code": "df[df['record'] == '10 - 13']['opponent'].iloc[0] == 'reds'",
        "pandas_eval": "True"
    },
    {
        "id": 58650,
        "statement": "the record after the april 6 game be 2 - 0",
        "label": 1,
        "table_caption": "2005 milwaukee brewers season",
        "table_text": "date#opponent#score#loss#record\napril 4#pirates#9 - 2#pãrez (0 - 1)#1 - 0\napril 6#pirates#10 - 2#wells (0 - 1)#2 - 0\napril 8#cubs#6 - 3 (12)#leicester (0 - 1)#3 - 0\napril 9#cubs#0 - 4#sheets (0 - 1)#3 - 1\napril 10#cubs#5 - 6 (12)#turnbow (0 - 1)#3 - 2\napril 11#pirates#6 - 2#wells (0 - 2)#4 - 2\napril 12#pirates#2 - 4#glover (0 - 1)#4 - 3\napril 13#pirates#6 - 2#white (0 - 2)#5 - 3\napril 15#cardinals#0 - 3#sheets (1 - 2)#5 - 4\napril 16#cardinals#3 - 5#davis (2 - 1)#5 - 5\napril 17#cardinals#2 - 3#adams (0 - 1)#5 - 6\napril 18#dodgers#3 - 7#capuano (0 - 1)#5 - 7\napril 19#dodgers#6 - 8 (10)#phelps (0 - 1)#5 - 8\napril 20#astros#1 - 6#sheets (1 - 3)#5 - 9\napril 21#astros#7 - 8#davis (2 - 2)#5 - 10\napril 22#giants#6 - 1#rueter (0 - 2)#6 - 10\napril 23#giants#2 - 6#capuano (0 - 2)#6 - 11\napril 24#giants#8 - 5#williams (0 - 2)#7 - 11\napril 25#cardinals#postponed (rain) rescheduled for april 28#postponed (rain) rescheduled for april 28#postponed (rain) rescheduled for april 28\napril 26#cardinals#3 - 5#davis (2 - 3)#7 - 12\napril 27#cardinals#3 - 6#santos (1 - 1)#7 - 13\napril 28#cardinals#4 - 3#marquis (3 - 1)#8 - 13\napril 29#reds#4 - 3#claussen (1 - 2)#9 - 13\napril 30#reds#6 - 5#valentine (0 - 1)#10 - 13\n",
        "pandas_code": "df[df['date'] == 'april 6']['record'].values[0] == '2 - 0'",
        "pandas_eval": "True"
    },
    {
        "id": 58651,
        "statement": "the score on april 12 game be 2 - 4",
        "label": 1,
        "table_caption": "2005 milwaukee brewers season",
        "table_text": "date#opponent#score#loss#record\napril 4#pirates#9 - 2#pãrez (0 - 1)#1 - 0\napril 6#pirates#10 - 2#wells (0 - 1)#2 - 0\napril 8#cubs#6 - 3 (12)#leicester (0 - 1)#3 - 0\napril 9#cubs#0 - 4#sheets (0 - 1)#3 - 1\napril 10#cubs#5 - 6 (12)#turnbow (0 - 1)#3 - 2\napril 11#pirates#6 - 2#wells (0 - 2)#4 - 2\napril 12#pirates#2 - 4#glover (0 - 1)#4 - 3\napril 13#pirates#6 - 2#white (0 - 2)#5 - 3\napril 15#cardinals#0 - 3#sheets (1 - 2)#5 - 4\napril 16#cardinals#3 - 5#davis (2 - 1)#5 - 5\napril 17#cardinals#2 - 3#adams (0 - 1)#5 - 6\napril 18#dodgers#3 - 7#capuano (0 - 1)#5 - 7\napril 19#dodgers#6 - 8 (10)#phelps (0 - 1)#5 - 8\napril 20#astros#1 - 6#sheets (1 - 3)#5 - 9\napril 21#astros#7 - 8#davis (2 - 2)#5 - 10\napril 22#giants#6 - 1#rueter (0 - 2)#6 - 10\napril 23#giants#2 - 6#capuano (0 - 2)#6 - 11\napril 24#giants#8 - 5#williams (0 - 2)#7 - 11\napril 25#cardinals#postponed (rain) rescheduled for april 28#postponed (rain) rescheduled for april 28#postponed (rain) rescheduled for april 28\napril 26#cardinals#3 - 5#davis (2 - 3)#7 - 12\napril 27#cardinals#3 - 6#santos (1 - 1)#7 - 13\napril 28#cardinals#4 - 3#marquis (3 - 1)#8 - 13\napril 29#reds#4 - 3#claussen (1 - 2)#9 - 13\napril 30#reds#6 - 5#valentine (0 - 1)#10 - 13\n",
        "pandas_code": "df[df['date'] == 'april 12']['score'].values[0] == '2 - 4'",
        "pandas_eval": "True"
    },
    {
        "id": 58652,
        "statement": "well (0 - 1) lose the game on april 6",
        "label": 1,
        "table_caption": "2005 milwaukee brewers season",
        "table_text": "date#opponent#score#loss#record\napril 4#pirates#9 - 2#pãrez (0 - 1)#1 - 0\napril 6#pirates#10 - 2#wells (0 - 1)#2 - 0\napril 8#cubs#6 - 3 (12)#leicester (0 - 1)#3 - 0\napril 9#cubs#0 - 4#sheets (0 - 1)#3 - 1\napril 10#cubs#5 - 6 (12)#turnbow (0 - 1)#3 - 2\napril 11#pirates#6 - 2#wells (0 - 2)#4 - 2\napril 12#pirates#2 - 4#glover (0 - 1)#4 - 3\napril 13#pirates#6 - 2#white (0 - 2)#5 - 3\napril 15#cardinals#0 - 3#sheets (1 - 2)#5 - 4\napril 16#cardinals#3 - 5#davis (2 - 1)#5 - 5\napril 17#cardinals#2 - 3#adams (0 - 1)#5 - 6\napril 18#dodgers#3 - 7#capuano (0 - 1)#5 - 7\napril 19#dodgers#6 - 8 (10)#phelps (0 - 1)#5 - 8\napril 20#astros#1 - 6#sheets (1 - 3)#5 - 9\napril 21#astros#7 - 8#davis (2 - 2)#5 - 10\napril 22#giants#6 - 1#rueter (0 - 2)#6 - 10\napril 23#giants#2 - 6#capuano (0 - 2)#6 - 11\napril 24#giants#8 - 5#williams (0 - 2)#7 - 11\napril 25#cardinals#postponed (rain) rescheduled for april 28#postponed (rain) rescheduled for april 28#postponed (rain) rescheduled for april 28\napril 26#cardinals#3 - 5#davis (2 - 3)#7 - 12\napril 27#cardinals#3 - 6#santos (1 - 1)#7 - 13\napril 28#cardinals#4 - 3#marquis (3 - 1)#8 - 13\napril 29#reds#4 - 3#claussen (1 - 2)#9 - 13\napril 30#reds#6 - 5#valentine (0 - 1)#10 - 13\n",
        "pandas_code": "df.loc[df['date'] == 'april 6', 'loss'].iloc[0] == 'wells (0 - 1)'",
        "pandas_eval": "True"
    },
    {
        "id": 58654,
        "statement": "the score before the april 12 game be 2 - 4",
        "label": 0,
        "table_caption": "2005 milwaukee brewers season",
        "table_text": "date#opponent#score#loss#record\napril 4#pirates#9 - 2#pãrez (0 - 1)#1 - 0\napril 6#pirates#10 - 2#wells (0 - 1)#2 - 0\napril 8#cubs#6 - 3 (12)#leicester (0 - 1)#3 - 0\napril 9#cubs#0 - 4#sheets (0 - 1)#3 - 1\napril 10#cubs#5 - 6 (12)#turnbow (0 - 1)#3 - 2\napril 11#pirates#6 - 2#wells (0 - 2)#4 - 2\napril 12#pirates#2 - 4#glover (0 - 1)#4 - 3\napril 13#pirates#6 - 2#white (0 - 2)#5 - 3\napril 15#cardinals#0 - 3#sheets (1 - 2)#5 - 4\napril 16#cardinals#3 - 5#davis (2 - 1)#5 - 5\napril 17#cardinals#2 - 3#adams (0 - 1)#5 - 6\napril 18#dodgers#3 - 7#capuano (0 - 1)#5 - 7\napril 19#dodgers#6 - 8 (10)#phelps (0 - 1)#5 - 8\napril 20#astros#1 - 6#sheets (1 - 3)#5 - 9\napril 21#astros#7 - 8#davis (2 - 2)#5 - 10\napril 22#giants#6 - 1#rueter (0 - 2)#6 - 10\napril 23#giants#2 - 6#capuano (0 - 2)#6 - 11\napril 24#giants#8 - 5#williams (0 - 2)#7 - 11\napril 25#cardinals#postponed (rain) rescheduled for april 28#postponed (rain) rescheduled for april 28#postponed (rain) rescheduled for april 28\napril 26#cardinals#3 - 5#davis (2 - 3)#7 - 12\napril 27#cardinals#3 - 6#santos (1 - 1)#7 - 13\napril 28#cardinals#4 - 3#marquis (3 - 1)#8 - 13\napril 29#reds#4 - 3#claussen (1 - 2)#9 - 13\napril 30#reds#6 - 5#valentine (0 - 1)#10 - 13\n",
        "pandas_code": "df[df['date'] == 'april 11']['score'].iloc[0] == '2 - 4'",
        "pandas_eval": "False"
    },
    {
        "id": 58724,
        "statement": "26427 crowd attend the game on may 17",
        "label": 1,
        "table_caption": "2005 milwaukee brewers season",
        "table_text": "date#opponent#score#loss#attendance#record\nmay 1#reds#13 - 3#ortiz (0 - 1)#23036#11 - 13\nmay 3#cubs#4 - 1#zambrano (2 - 1)#27079#12 - 13\nmay 4#cubs#4 - 3#novoa (0 - 1)#28392#13 - 13\nmay 5#cubs#6 - 5#hawkins (1 - 2)#31721#14 - 13\nmay 6#mets#4 - 7#davis (3 - 4)#21067#14 - 14\nmay 7#mets#5 - 7#santana (0 - 1)#39589#14 - 15\nmay 8#mets#5 - 4#dejean (1 - 1)#17626#15 - 15\nmay 9#phillies#2 - 4#santos (1 - 2)#11103#15 - 16\nmay 10#phillies#8 - 5#adams (0 - 2)#12082#16 - 16\nmay 11#phillies#5 - 2#lidle (2 - 3)#13175#17 - 16\nmay 13#pirates#4 - 3#mesa (0 - 1)#23845#18 - 16\nmay 14#pirates#0 - 2#santos (1 - 3)#21772#18 - 17\nmay 15#pirates#2 - 4#glover (2 - 2)#15134#18 - 18\nmay 16#nationals#2 - 5#davis (4 - 5)#26606#18 - 19\nmay 17#nationals#8 - 2#vargas (0 - 1)#26427#19 - 19\nmay 18#nationals#0 - 1#capuano (3 - 3)#29216#19 - 20\nmay 19#nationals#2 - 3#santos (1 - 4)#30968#19 - 21\nmay 20#twins#1 - 7#glover (2 - 3)#30073#19 - 22\nmay 21#twins#6 - 0#radke (4 - 4)#32106#20 - 22\nmay 22#twins#5 - 6 (11)#wise (0 - 1)#28466#20 - 23\nmay 23#rockies#2 - 1#chacã cubicn (1 - 4)#11855#21 - 23\nmay 24#rockies#6 - 1#francis (4 - 2)#17759#22 - 23\nmay 25#rockies#11 - 1#wright (2 - 5)#24916#23 - 23\nmay 27#astros#3 - 0#oswalt (5 - 6)#22173#24 - 23\nmay 28#astros#6 - 9#sheets (1 - 4)#37845#24 - 24\nmay 29#astros#1 - 2#capuano (4 - 4)#34402#24 - 25\nmay 30#padres#1 - 2#de la rosa (2 - 1)#36152#24 - 26\nmay 31#padres#4 - 8#glover (3 - 4)#23124#24 - 27\n",
        "pandas_code": "df.loc[df['date'] == 'may 17', 'attendance'].values[0] == 26427",
        "pandas_eval": "True"
    }
]