[
    {
        "id": 31889,
        "statement": "the original airdate for the dinosaur train episode 2 / 205 be air on november 16 , 2011",
        "label": 1,
        "table_caption": "dinosaur train",
        "table_text": "episode#segment 1#segment 2#original airdate#lessons taught\n2 / 202#dinosaur big city pt 3#dinosaur big city pt 4#september 7 , 2011#(lessons taught : kosmoceratops / paleontologists )\n2 / 204#shiny and snakes#tiny loves flowers#november 15 , 2011#(lessons taught : sanajeh / flowers )\n2 / 205#buddy explores the tyrannosaurs#rainy day fight#november 16 , 2011#(lessons taught : raptorex / beaches )\n2 / 206#that 's not a dinosaur#tiny 's garden#november 17 , 2011#(lessons taught : s amphibian / s garden )\n2 / 207#the earthquake#nursery car#february 6 , 2012#(lessons taught : s ceratopsian / s dinosaur egg )\n2 / 208#the lost bird#the forest fire#february 7 , 2012#(lessons taught : jeholornis / redwood trees )\n2 / 209#dry times at pteranodon terrace#big misty sea fishing contest#february 8 , 2012#(lessons taught : s drought / piscivores )\n2 / 210#hurricane at pteranodon terrace#rafting the cretaceous#february 9 , 2012#(lessons taught : s hurricane / s raft )\n2 / 211#haunted roundhouse#big pond pumpkin patch#october 20 , 2011#(lessons taught : volaticotherium / the moon )\n2 / 212#don 's winter wish#festival of lights#february 20 , 2012#(lessons taught : saurornitholestes / aurora )\n2 / 216#a heck of a neck#gilbert visits the nest#august 14 , 2012#(lessons taught : diplodocus / collections )\n2 / 217#an apatosaurus adventure#nature art#august 15 , 2012#(lessons taught : apatosaurus / environmental art )\n2 / 218#arnie rides the flatcar#old reliable#august 16 , 2012#(lessons taught : argentinosaurus / s geyser )\n2 / 219#tiny and the crocodile#meet the grandparents#december 10 , 2012#(lessons taught : deinosuchus / migration )\n2 / 220#the egg stealer#to the grandparents' nest we go!#december 11 , 2012#(lessons taught : oviraptor )\n2 / 221#double - crested trouble#erma and the conductor#december 12 , 2012#(lessons taught : dilophosaurus )\n2 / 222#dome - headed dinosaur#treasure hunt#december 13 , 2012#(lessons taught : pachycephalosaurus )\n2 / 223#dinosaur train submarine : otto ophthalmosaurus#king meets crystal#february 19 , 2013#(lessons taught : ophthalmosaurus )\n2 / 224#dinosaur train submarine : shoshana shonisaurus#all kinds of families#february 20 , 2013#(lessons taught : shonisaurus / sauroposeidon )\n2 / 225#dinosaur train submarine : maisie mosasaurus#date night#february 21 , 2013#(lessons taught : mosasaurus / chirostenotes )\n",
        "pandas_code": "df[df['episode'] == '2 / 205']['original airdate'].iloc[0] == 'november 16 , 2011'",
        "pandas_eval": "True"
    },
    {
        "id": 31890,
        "statement": "the dinosaur train episodes 2 / 223 - 225 be break down into 3 segment",
        "label": 1,
        "table_caption": "dinosaur train",
        "table_text": "episode#segment 1#segment 2#original airdate#lessons taught\n2 / 202#dinosaur big city pt 3#dinosaur big city pt 4#september 7 , 2011#(lessons taught : kosmoceratops / paleontologists )\n2 / 204#shiny and snakes#tiny loves flowers#november 15 , 2011#(lessons taught : sanajeh / flowers )\n2 / 205#buddy explores the tyrannosaurs#rainy day fight#november 16 , 2011#(lessons taught : raptorex / beaches )\n2 / 206#that 's not a dinosaur#tiny 's garden#november 17 , 2011#(lessons taught : s amphibian / s garden )\n2 / 207#the earthquake#nursery car#february 6 , 2012#(lessons taught : s ceratopsian / s dinosaur egg )\n2 / 208#the lost bird#the forest fire#february 7 , 2012#(lessons taught : jeholornis / redwood trees )\n2 / 209#dry times at pteranodon terrace#big misty sea fishing contest#february 8 , 2012#(lessons taught : s drought / piscivores )\n2 / 210#hurricane at pteranodon terrace#rafting the cretaceous#february 9 , 2012#(lessons taught : s hurricane / s raft )\n2 / 211#haunted roundhouse#big pond pumpkin patch#october 20 , 2011#(lessons taught : volaticotherium / the moon )\n2 / 212#don 's winter wish#festival of lights#february 20 , 2012#(lessons taught : saurornitholestes / aurora )\n2 / 216#a heck of a neck#gilbert visits the nest#august 14 , 2012#(lessons taught : diplodocus / collections )\n2 / 217#an apatosaurus adventure#nature art#august 15 , 2012#(lessons taught : apatosaurus / environmental art )\n2 / 218#arnie rides the flatcar#old reliable#august 16 , 2012#(lessons taught : argentinosaurus / s geyser )\n2 / 219#tiny and the crocodile#meet the grandparents#december 10 , 2012#(lessons taught : deinosuchus / migration )\n2 / 220#the egg stealer#to the grandparents' nest we go!#december 11 , 2012#(lessons taught : oviraptor )\n2 / 221#double - crested trouble#erma and the conductor#december 12 , 2012#(lessons taught : dilophosaurus )\n2 / 222#dome - headed dinosaur#treasure hunt#december 13 , 2012#(lessons taught : pachycephalosaurus )\n2 / 223#dinosaur train submarine : otto ophthalmosaurus#king meets crystal#february 19 , 2013#(lessons taught : ophthalmosaurus )\n2 / 224#dinosaur train submarine : shoshana shonisaurus#all kinds of families#february 20 , 2013#(lessons taught : shonisaurus / sauroposeidon )\n2 / 225#dinosaur train submarine : maisie mosasaurus#date night#february 21 , 2013#(lessons taught : mosasaurus / chirostenotes )\n",
        "pandas_code": "len(df[df['episode'].isin(['2 / 223', '2 / 224', '2 / 225'])]) == 3",
        "pandas_eval": "True"
    },
    {
        "id": 31891,
        "statement": "there be only 1 episode of the dinosaur train , episode 2 / 211 , that be air on october 20 , 2012",
        "label": 1,
        "table_caption": "dinosaur train",
        "table_text": "episode#segment 1#segment 2#original airdate#lessons taught\n2 / 202#dinosaur big city pt 3#dinosaur big city pt 4#september 7 , 2011#(lessons taught : kosmoceratops / paleontologists )\n2 / 204#shiny and snakes#tiny loves flowers#november 15 , 2011#(lessons taught : sanajeh / flowers )\n2 / 205#buddy explores the tyrannosaurs#rainy day fight#november 16 , 2011#(lessons taught : raptorex / beaches )\n2 / 206#that 's not a dinosaur#tiny 's garden#november 17 , 2011#(lessons taught : s amphibian / s garden )\n2 / 207#the earthquake#nursery car#february 6 , 2012#(lessons taught : s ceratopsian / s dinosaur egg )\n2 / 208#the lost bird#the forest fire#february 7 , 2012#(lessons taught : jeholornis / redwood trees )\n2 / 209#dry times at pteranodon terrace#big misty sea fishing contest#february 8 , 2012#(lessons taught : s drought / piscivores )\n2 / 210#hurricane at pteranodon terrace#rafting the cretaceous#february 9 , 2012#(lessons taught : s hurricane / s raft )\n2 / 211#haunted roundhouse#big pond pumpkin patch#october 20 , 2011#(lessons taught : volaticotherium / the moon )\n2 / 212#don 's winter wish#festival of lights#february 20 , 2012#(lessons taught : saurornitholestes / aurora )\n2 / 216#a heck of a neck#gilbert visits the nest#august 14 , 2012#(lessons taught : diplodocus / collections )\n2 / 217#an apatosaurus adventure#nature art#august 15 , 2012#(lessons taught : apatosaurus / environmental art )\n2 / 218#arnie rides the flatcar#old reliable#august 16 , 2012#(lessons taught : argentinosaurus / s geyser )\n2 / 219#tiny and the crocodile#meet the grandparents#december 10 , 2012#(lessons taught : deinosuchus / migration )\n2 / 220#the egg stealer#to the grandparents' nest we go!#december 11 , 2012#(lessons taught : oviraptor )\n2 / 221#double - crested trouble#erma and the conductor#december 12 , 2012#(lessons taught : dilophosaurus )\n2 / 222#dome - headed dinosaur#treasure hunt#december 13 , 2012#(lessons taught : pachycephalosaurus )\n2 / 223#dinosaur train submarine : otto ophthalmosaurus#king meets crystal#february 19 , 2013#(lessons taught : ophthalmosaurus )\n2 / 224#dinosaur train submarine : shoshana shonisaurus#all kinds of families#february 20 , 2013#(lessons taught : shonisaurus / sauroposeidon )\n2 / 225#dinosaur train submarine : maisie mosasaurus#date night#february 21 , 2013#(lessons taught : mosasaurus / chirostenotes )\n",
        "pandas_code": "len(df[(df['episode'] == '2 / 211') & (df['original airdate'] == 'october 20 , 2011')]) == 1",
        "pandas_eval": "True"
    },
    {
        "id": 31892,
        "statement": "on february 20 , 2012 only 1 episode of the dinosaur train , festival of light , be air",
        "label": 1,
        "table_caption": "dinosaur train",
        "table_text": "episode#segment 1#segment 2#original airdate#lessons taught\n2 / 202#dinosaur big city pt 3#dinosaur big city pt 4#september 7 , 2011#(lessons taught : kosmoceratops / paleontologists )\n2 / 204#shiny and snakes#tiny loves flowers#november 15 , 2011#(lessons taught : sanajeh / flowers )\n2 / 205#buddy explores the tyrannosaurs#rainy day fight#november 16 , 2011#(lessons taught : raptorex / beaches )\n2 / 206#that 's not a dinosaur#tiny 's garden#november 17 , 2011#(lessons taught : s amphibian / s garden )\n2 / 207#the earthquake#nursery car#february 6 , 2012#(lessons taught : s ceratopsian / s dinosaur egg )\n2 / 208#the lost bird#the forest fire#february 7 , 2012#(lessons taught : jeholornis / redwood trees )\n2 / 209#dry times at pteranodon terrace#big misty sea fishing contest#february 8 , 2012#(lessons taught : s drought / piscivores )\n2 / 210#hurricane at pteranodon terrace#rafting the cretaceous#february 9 , 2012#(lessons taught : s hurricane / s raft )\n2 / 211#haunted roundhouse#big pond pumpkin patch#october 20 , 2011#(lessons taught : volaticotherium / the moon )\n2 / 212#don 's winter wish#festival of lights#february 20 , 2012#(lessons taught : saurornitholestes / aurora )\n2 / 216#a heck of a neck#gilbert visits the nest#august 14 , 2012#(lessons taught : diplodocus / collections )\n2 / 217#an apatosaurus adventure#nature art#august 15 , 2012#(lessons taught : apatosaurus / environmental art )\n2 / 218#arnie rides the flatcar#old reliable#august 16 , 2012#(lessons taught : argentinosaurus / s geyser )\n2 / 219#tiny and the crocodile#meet the grandparents#december 10 , 2012#(lessons taught : deinosuchus / migration )\n2 / 220#the egg stealer#to the grandparents' nest we go!#december 11 , 2012#(lessons taught : oviraptor )\n2 / 221#double - crested trouble#erma and the conductor#december 12 , 2012#(lessons taught : dilophosaurus )\n2 / 222#dome - headed dinosaur#treasure hunt#december 13 , 2012#(lessons taught : pachycephalosaurus )\n2 / 223#dinosaur train submarine : otto ophthalmosaurus#king meets crystal#february 19 , 2013#(lessons taught : ophthalmosaurus )\n2 / 224#dinosaur train submarine : shoshana shonisaurus#all kinds of families#february 20 , 2013#(lessons taught : shonisaurus / sauroposeidon )\n2 / 225#dinosaur train submarine : maisie mosasaurus#date night#february 21 , 2013#(lessons taught : mosasaurus / chirostenotes )\n",
        "pandas_code": "len(df[(df['original airdate'] == 'february 20 , 2012') & (df['segment 2'] == 'festival of lights')]) == 1",
        "pandas_eval": "True"
    },
    {
        "id": 31893,
        "statement": "there be 20 eposodes of the dinosaur train that be original air between september 7 , 2011 and february 21 , 2013",
        "label": 1,
        "table_caption": "dinosaur train",
        "table_text": "episode#segment 1#segment 2#original airdate#lessons taught\n2 / 202#dinosaur big city pt 3#dinosaur big city pt 4#september 7 , 2011#(lessons taught : kosmoceratops / paleontologists )\n2 / 204#shiny and snakes#tiny loves flowers#november 15 , 2011#(lessons taught : sanajeh / flowers )\n2 / 205#buddy explores the tyrannosaurs#rainy day fight#november 16 , 2011#(lessons taught : raptorex / beaches )\n2 / 206#that 's not a dinosaur#tiny 's garden#november 17 , 2011#(lessons taught : s amphibian / s garden )\n2 / 207#the earthquake#nursery car#february 6 , 2012#(lessons taught : s ceratopsian / s dinosaur egg )\n2 / 208#the lost bird#the forest fire#february 7 , 2012#(lessons taught : jeholornis / redwood trees )\n2 / 209#dry times at pteranodon terrace#big misty sea fishing contest#february 8 , 2012#(lessons taught : s drought / piscivores )\n2 / 210#hurricane at pteranodon terrace#rafting the cretaceous#february 9 , 2012#(lessons taught : s hurricane / s raft )\n2 / 211#haunted roundhouse#big pond pumpkin patch#october 20 , 2011#(lessons taught : volaticotherium / the moon )\n2 / 212#don 's winter wish#festival of lights#february 20 , 2012#(lessons taught : saurornitholestes / aurora )\n2 / 216#a heck of a neck#gilbert visits the nest#august 14 , 2012#(lessons taught : diplodocus / collections )\n2 / 217#an apatosaurus adventure#nature art#august 15 , 2012#(lessons taught : apatosaurus / environmental art )\n2 / 218#arnie rides the flatcar#old reliable#august 16 , 2012#(lessons taught : argentinosaurus / s geyser )\n2 / 219#tiny and the crocodile#meet the grandparents#december 10 , 2012#(lessons taught : deinosuchus / migration )\n2 / 220#the egg stealer#to the grandparents' nest we go!#december 11 , 2012#(lessons taught : oviraptor )\n2 / 221#double - crested trouble#erma and the conductor#december 12 , 2012#(lessons taught : dilophosaurus )\n2 / 222#dome - headed dinosaur#treasure hunt#december 13 , 2012#(lessons taught : pachycephalosaurus )\n2 / 223#dinosaur train submarine : otto ophthalmosaurus#king meets crystal#february 19 , 2013#(lessons taught : ophthalmosaurus )\n2 / 224#dinosaur train submarine : shoshana shonisaurus#all kinds of families#february 20 , 2013#(lessons taught : shonisaurus / sauroposeidon )\n2 / 225#dinosaur train submarine : maisie mosasaurus#date night#february 21 , 2013#(lessons taught : mosasaurus / chirostenotes )\n",
        "pandas_code": "len(df[(pd.to_datetime(df['original airdate']) >= pd.to_datetime('september 7, 2011')) & (pd.to_datetime(df['original airdate']) <= pd.to_datetime('february 21, 2013'))]) == 20",
        "pandas_eval": "True"
    },
    {
        "id": 31894,
        "statement": "the original airdate for the dinosaur train episode 2 / 205 be august 16 , 2012",
        "label": 0,
        "table_caption": "dinosaur train",
        "table_text": "episode#segment 1#segment 2#original airdate#lessons taught\n2 / 202#dinosaur big city pt 3#dinosaur big city pt 4#september 7 , 2011#(lessons taught : kosmoceratops / paleontologists )\n2 / 204#shiny and snakes#tiny loves flowers#november 15 , 2011#(lessons taught : sanajeh / flowers )\n2 / 205#buddy explores the tyrannosaurs#rainy day fight#november 16 , 2011#(lessons taught : raptorex / beaches )\n2 / 206#that 's not a dinosaur#tiny 's garden#november 17 , 2011#(lessons taught : s amphibian / s garden )\n2 / 207#the earthquake#nursery car#february 6 , 2012#(lessons taught : s ceratopsian / s dinosaur egg )\n2 / 208#the lost bird#the forest fire#february 7 , 2012#(lessons taught : jeholornis / redwood trees )\n2 / 209#dry times at pteranodon terrace#big misty sea fishing contest#february 8 , 2012#(lessons taught : s drought / piscivores )\n2 / 210#hurricane at pteranodon terrace#rafting the cretaceous#february 9 , 2012#(lessons taught : s hurricane / s raft )\n2 / 211#haunted roundhouse#big pond pumpkin patch#october 20 , 2011#(lessons taught : volaticotherium / the moon )\n2 / 212#don 's winter wish#festival of lights#february 20 , 2012#(lessons taught : saurornitholestes / aurora )\n2 / 216#a heck of a neck#gilbert visits the nest#august 14 , 2012#(lessons taught : diplodocus / collections )\n2 / 217#an apatosaurus adventure#nature art#august 15 , 2012#(lessons taught : apatosaurus / environmental art )\n2 / 218#arnie rides the flatcar#old reliable#august 16 , 2012#(lessons taught : argentinosaurus / s geyser )\n2 / 219#tiny and the crocodile#meet the grandparents#december 10 , 2012#(lessons taught : deinosuchus / migration )\n2 / 220#the egg stealer#to the grandparents' nest we go!#december 11 , 2012#(lessons taught : oviraptor )\n2 / 221#double - crested trouble#erma and the conductor#december 12 , 2012#(lessons taught : dilophosaurus )\n2 / 222#dome - headed dinosaur#treasure hunt#december 13 , 2012#(lessons taught : pachycephalosaurus )\n2 / 223#dinosaur train submarine : otto ophthalmosaurus#king meets crystal#february 19 , 2013#(lessons taught : ophthalmosaurus )\n2 / 224#dinosaur train submarine : shoshana shonisaurus#all kinds of families#february 20 , 2013#(lessons taught : shonisaurus / sauroposeidon )\n2 / 225#dinosaur train submarine : maisie mosasaurus#date night#february 21 , 2013#(lessons taught : mosasaurus / chirostenotes )\n",
        "pandas_code": "df.loc[df['episode'] == '2 / 205', 'original airdate'].iloc[0] == 'august 16 , 2012'",
        "pandas_eval": "False"
    },
    {
        "id": 31895,
        "statement": "the dinosaur train episodes 2 / 223 - 224 be break down into 3 segment",
        "label": 0,
        "table_caption": "dinosaur train",
        "table_text": "episode#segment 1#segment 2#original airdate#lessons taught\n2 / 202#dinosaur big city pt 3#dinosaur big city pt 4#september 7 , 2011#(lessons taught : kosmoceratops / paleontologists )\n2 / 204#shiny and snakes#tiny loves flowers#november 15 , 2011#(lessons taught : sanajeh / flowers )\n2 / 205#buddy explores the tyrannosaurs#rainy day fight#november 16 , 2011#(lessons taught : raptorex / beaches )\n2 / 206#that 's not a dinosaur#tiny 's garden#november 17 , 2011#(lessons taught : s amphibian / s garden )\n2 / 207#the earthquake#nursery car#february 6 , 2012#(lessons taught : s ceratopsian / s dinosaur egg )\n2 / 208#the lost bird#the forest fire#february 7 , 2012#(lessons taught : jeholornis / redwood trees )\n2 / 209#dry times at pteranodon terrace#big misty sea fishing contest#february 8 , 2012#(lessons taught : s drought / piscivores )\n2 / 210#hurricane at pteranodon terrace#rafting the cretaceous#february 9 , 2012#(lessons taught : s hurricane / s raft )\n2 / 211#haunted roundhouse#big pond pumpkin patch#october 20 , 2011#(lessons taught : volaticotherium / the moon )\n2 / 212#don 's winter wish#festival of lights#february 20 , 2012#(lessons taught : saurornitholestes / aurora )\n2 / 216#a heck of a neck#gilbert visits the nest#august 14 , 2012#(lessons taught : diplodocus / collections )\n2 / 217#an apatosaurus adventure#nature art#august 15 , 2012#(lessons taught : apatosaurus / environmental art )\n2 / 218#arnie rides the flatcar#old reliable#august 16 , 2012#(lessons taught : argentinosaurus / s geyser )\n2 / 219#tiny and the crocodile#meet the grandparents#december 10 , 2012#(lessons taught : deinosuchus / migration )\n2 / 220#the egg stealer#to the grandparents' nest we go!#december 11 , 2012#(lessons taught : oviraptor )\n2 / 221#double - crested trouble#erma and the conductor#december 12 , 2012#(lessons taught : dilophosaurus )\n2 / 222#dome - headed dinosaur#treasure hunt#december 13 , 2012#(lessons taught : pachycephalosaurus )\n2 / 223#dinosaur train submarine : otto ophthalmosaurus#king meets crystal#february 19 , 2013#(lessons taught : ophthalmosaurus )\n2 / 224#dinosaur train submarine : shoshana shonisaurus#all kinds of families#february 20 , 2013#(lessons taught : shonisaurus / sauroposeidon )\n2 / 225#dinosaur train submarine : maisie mosasaurus#date night#february 21 , 2013#(lessons taught : mosasaurus / chirostenotes )\n",
        "pandas_code": "len(df[(df['episode'] == '2 / 223') | (df['episode'] == '2 / 224')][['segment 1', 'segment 2']].dropna()) == 3",
        "pandas_eval": "False"
    },
    {
        "id": 31896,
        "statement": "there be 2 episode of the dinosaur train that air on october 20 , 2012",
        "label": 0,
        "table_caption": "dinosaur train",
        "table_text": "episode#segment 1#segment 2#original airdate#lessons taught\n2 / 202#dinosaur big city pt 3#dinosaur big city pt 4#september 7 , 2011#(lessons taught : kosmoceratops / paleontologists )\n2 / 204#shiny and snakes#tiny loves flowers#november 15 , 2011#(lessons taught : sanajeh / flowers )\n2 / 205#buddy explores the tyrannosaurs#rainy day fight#november 16 , 2011#(lessons taught : raptorex / beaches )\n2 / 206#that 's not a dinosaur#tiny 's garden#november 17 , 2011#(lessons taught : s amphibian / s garden )\n2 / 207#the earthquake#nursery car#february 6 , 2012#(lessons taught : s ceratopsian / s dinosaur egg )\n2 / 208#the lost bird#the forest fire#february 7 , 2012#(lessons taught : jeholornis / redwood trees )\n2 / 209#dry times at pteranodon terrace#big misty sea fishing contest#february 8 , 2012#(lessons taught : s drought / piscivores )\n2 / 210#hurricane at pteranodon terrace#rafting the cretaceous#february 9 , 2012#(lessons taught : s hurricane / s raft )\n2 / 211#haunted roundhouse#big pond pumpkin patch#october 20 , 2011#(lessons taught : volaticotherium / the moon )\n2 / 212#don 's winter wish#festival of lights#february 20 , 2012#(lessons taught : saurornitholestes / aurora )\n2 / 216#a heck of a neck#gilbert visits the nest#august 14 , 2012#(lessons taught : diplodocus / collections )\n2 / 217#an apatosaurus adventure#nature art#august 15 , 2012#(lessons taught : apatosaurus / environmental art )\n2 / 218#arnie rides the flatcar#old reliable#august 16 , 2012#(lessons taught : argentinosaurus / s geyser )\n2 / 219#tiny and the crocodile#meet the grandparents#december 10 , 2012#(lessons taught : deinosuchus / migration )\n2 / 220#the egg stealer#to the grandparents' nest we go!#december 11 , 2012#(lessons taught : oviraptor )\n2 / 221#double - crested trouble#erma and the conductor#december 12 , 2012#(lessons taught : dilophosaurus )\n2 / 222#dome - headed dinosaur#treasure hunt#december 13 , 2012#(lessons taught : pachycephalosaurus )\n2 / 223#dinosaur train submarine : otto ophthalmosaurus#king meets crystal#february 19 , 2013#(lessons taught : ophthalmosaurus )\n2 / 224#dinosaur train submarine : shoshana shonisaurus#all kinds of families#february 20 , 2013#(lessons taught : shonisaurus / sauroposeidon )\n2 / 225#dinosaur train submarine : maisie mosasaurus#date night#february 21 , 2013#(lessons taught : mosasaurus / chirostenotes )\n",
        "pandas_code": "len(df[df['original airdate'] == 'october 20 , 2012']) == 2",
        "pandas_eval": "False"
    },
    {
        "id": 31897,
        "statement": "on february 20 , 2012 only 1 episode of the dinosaur train , date night , be air",
        "label": 0,
        "table_caption": "dinosaur train",
        "table_text": "episode#segment 1#segment 2#original airdate#lessons taught\n2 / 202#dinosaur big city pt 3#dinosaur big city pt 4#september 7 , 2011#(lessons taught : kosmoceratops / paleontologists )\n2 / 204#shiny and snakes#tiny loves flowers#november 15 , 2011#(lessons taught : sanajeh / flowers )\n2 / 205#buddy explores the tyrannosaurs#rainy day fight#november 16 , 2011#(lessons taught : raptorex / beaches )\n2 / 206#that 's not a dinosaur#tiny 's garden#november 17 , 2011#(lessons taught : s amphibian / s garden )\n2 / 207#the earthquake#nursery car#february 6 , 2012#(lessons taught : s ceratopsian / s dinosaur egg )\n2 / 208#the lost bird#the forest fire#february 7 , 2012#(lessons taught : jeholornis / redwood trees )\n2 / 209#dry times at pteranodon terrace#big misty sea fishing contest#february 8 , 2012#(lessons taught : s drought / piscivores )\n2 / 210#hurricane at pteranodon terrace#rafting the cretaceous#february 9 , 2012#(lessons taught : s hurricane / s raft )\n2 / 211#haunted roundhouse#big pond pumpkin patch#october 20 , 2011#(lessons taught : volaticotherium / the moon )\n2 / 212#don 's winter wish#festival of lights#february 20 , 2012#(lessons taught : saurornitholestes / aurora )\n2 / 216#a heck of a neck#gilbert visits the nest#august 14 , 2012#(lessons taught : diplodocus / collections )\n2 / 217#an apatosaurus adventure#nature art#august 15 , 2012#(lessons taught : apatosaurus / environmental art )\n2 / 218#arnie rides the flatcar#old reliable#august 16 , 2012#(lessons taught : argentinosaurus / s geyser )\n2 / 219#tiny and the crocodile#meet the grandparents#december 10 , 2012#(lessons taught : deinosuchus / migration )\n2 / 220#the egg stealer#to the grandparents' nest we go!#december 11 , 2012#(lessons taught : oviraptor )\n2 / 221#double - crested trouble#erma and the conductor#december 12 , 2012#(lessons taught : dilophosaurus )\n2 / 222#dome - headed dinosaur#treasure hunt#december 13 , 2012#(lessons taught : pachycephalosaurus )\n2 / 223#dinosaur train submarine : otto ophthalmosaurus#king meets crystal#february 19 , 2013#(lessons taught : ophthalmosaurus )\n2 / 224#dinosaur train submarine : shoshana shonisaurus#all kinds of families#february 20 , 2013#(lessons taught : shonisaurus / sauroposeidon )\n2 / 225#dinosaur train submarine : maisie mosasaurus#date night#february 21 , 2013#(lessons taught : mosasaurus / chirostenotes )\n",
        "pandas_code": "len(df[(df['original airdate'] == 'february 20 , 2012') & (df['segment 2'] == 'date night')]) == 1",
        "pandas_eval": "False"
    },
    {
        "id": 31898,
        "statement": "there be 20 eposodes of the dinosaur train that be original air between august 15 , 2012 and february 21 , 2013",
        "label": 0,
        "table_caption": "dinosaur train",
        "table_text": "episode#segment 1#segment 2#original airdate#lessons taught\n2 / 202#dinosaur big city pt 3#dinosaur big city pt 4#september 7 , 2011#(lessons taught : kosmoceratops / paleontologists )\n2 / 204#shiny and snakes#tiny loves flowers#november 15 , 2011#(lessons taught : sanajeh / flowers )\n2 / 205#buddy explores the tyrannosaurs#rainy day fight#november 16 , 2011#(lessons taught : raptorex / beaches )\n2 / 206#that 's not a dinosaur#tiny 's garden#november 17 , 2011#(lessons taught : s amphibian / s garden )\n2 / 207#the earthquake#nursery car#february 6 , 2012#(lessons taught : s ceratopsian / s dinosaur egg )\n2 / 208#the lost bird#the forest fire#february 7 , 2012#(lessons taught : jeholornis / redwood trees )\n2 / 209#dry times at pteranodon terrace#big misty sea fishing contest#february 8 , 2012#(lessons taught : s drought / piscivores )\n2 / 210#hurricane at pteranodon terrace#rafting the cretaceous#february 9 , 2012#(lessons taught : s hurricane / s raft )\n2 / 211#haunted roundhouse#big pond pumpkin patch#october 20 , 2011#(lessons taught : volaticotherium / the moon )\n2 / 212#don 's winter wish#festival of lights#february 20 , 2012#(lessons taught : saurornitholestes / aurora )\n2 / 216#a heck of a neck#gilbert visits the nest#august 14 , 2012#(lessons taught : diplodocus / collections )\n2 / 217#an apatosaurus adventure#nature art#august 15 , 2012#(lessons taught : apatosaurus / environmental art )\n2 / 218#arnie rides the flatcar#old reliable#august 16 , 2012#(lessons taught : argentinosaurus / s geyser )\n2 / 219#tiny and the crocodile#meet the grandparents#december 10 , 2012#(lessons taught : deinosuchus / migration )\n2 / 220#the egg stealer#to the grandparents' nest we go!#december 11 , 2012#(lessons taught : oviraptor )\n2 / 221#double - crested trouble#erma and the conductor#december 12 , 2012#(lessons taught : dilophosaurus )\n2 / 222#dome - headed dinosaur#treasure hunt#december 13 , 2012#(lessons taught : pachycephalosaurus )\n2 / 223#dinosaur train submarine : otto ophthalmosaurus#king meets crystal#february 19 , 2013#(lessons taught : ophthalmosaurus )\n2 / 224#dinosaur train submarine : shoshana shonisaurus#all kinds of families#february 20 , 2013#(lessons taught : shonisaurus / sauroposeidon )\n2 / 225#dinosaur train submarine : maisie mosasaurus#date night#february 21 , 2013#(lessons taught : mosasaurus / chirostenotes )\n",
        "pandas_code": "len(df[(df['original airdate'] >= 'august 15 , 2012') & (df['original airdate'] <= 'february 21 , 2013')]) == 20",
        "pandas_eval": "False"
    }
]