[
    {
        "id": 31874,
        "statement": "danny kastner be fire 1 week after brian mcdowell be fire",
        "label": 1,
        "table_caption": "the apprentice (u.s. season 3)",
        "table_text": "candidate#background#original team#age#hometown#result\nkendra todd#real estate broker#magna#25#boynton beach , florida#hired by trump (5 - 19 - 2005)\ntana goertz#sales executive#net worth#37#des moines , iowa#fired in the season finale (5 - 19 - 2005)\ncraig williams#shoeshine business owner#net worth#37#conley , georgia#10 fired in week 15 (5 - 5 - 2005)\nalex thomason#attorney#magna#29#brewster , washington#10 fired in week 14 (4 - 28 - 2005)\nbren olswanger#prosecutor#magna#32#memphis , tennessee#10 fired in week 13 (4 - 21 - 2005)\nchris shelton#real estate investor#net worth#21#las vegas , nevada#10 fired in week 12 (4 - 14 - 2005)\nangie mcknight#gym franchise owner#net worth#41#lake balboa , california#10 fired in week 11 (4 - 7 - 2005)\nstephanie myers#supply chain consultant#magna#29#san diego , california#10 fired in week 10 (3 - 31 - 2005)\nerin elmore#attorney#magna#26#philadelphia , pennsylvania#10 fired in week 9 (3 - 24 - 2005)\njohn gafford#technology firm owner#net worth#32#tampa , florida#10 fired in week 8 (3 - 10 - 2005)\naudrey evans#real estate agent#net worth#22#salt lake city , utah#10 fired in week 7 (3 - 3 - 2005)\ntara dowdell#senior governor manager#net worth#28#new york , new york#10 fired in week 6 (2 - 24 - 2005)\nmichael tarshi#real estate developer#magna#25#boston , massachusetts#10 fired in week 5 (2 - 17 - 2005)\nkristen kirchner#real estate financier#net worth#31#los angeles , california#10 fired in week 4 (2 - 10 - 2005)\ndanny kastner#marketing technology firm owner#magna#39#boston , massachusetts#10 fired in week 3 (2 - 3 - 2005)\nverna felton#business manager#magna#31#seattle , washington#10 quit in week 3 (2 - 3 - 2005)\nbrian mcdowell#real estate broker#net worth#29#wildwood , new jersey#10 fired in week 2 (1 - 27 - 2005)\n",
        "pandas_code": "df[df['candidate'] == 'danny kastner']['result'].str.contains('week 3').any() and df[df['candidate'] == 'brian mcdowell']['result'].str.contains('week 2').any()",
        "pandas_eval": "True"
    },
    {
        "id": 31875,
        "statement": "angie mcknight be the only contestant over 40",
        "label": 1,
        "table_caption": "the apprentice (u.s. season 3)",
        "table_text": "candidate#background#original team#age#hometown#result\nkendra todd#real estate broker#magna#25#boynton beach , florida#hired by trump (5 - 19 - 2005)\ntana goertz#sales executive#net worth#37#des moines , iowa#fired in the season finale (5 - 19 - 2005)\ncraig williams#shoeshine business owner#net worth#37#conley , georgia#10 fired in week 15 (5 - 5 - 2005)\nalex thomason#attorney#magna#29#brewster , washington#10 fired in week 14 (4 - 28 - 2005)\nbren olswanger#prosecutor#magna#32#memphis , tennessee#10 fired in week 13 (4 - 21 - 2005)\nchris shelton#real estate investor#net worth#21#las vegas , nevada#10 fired in week 12 (4 - 14 - 2005)\nangie mcknight#gym franchise owner#net worth#41#lake balboa , california#10 fired in week 11 (4 - 7 - 2005)\nstephanie myers#supply chain consultant#magna#29#san diego , california#10 fired in week 10 (3 - 31 - 2005)\nerin elmore#attorney#magna#26#philadelphia , pennsylvania#10 fired in week 9 (3 - 24 - 2005)\njohn gafford#technology firm owner#net worth#32#tampa , florida#10 fired in week 8 (3 - 10 - 2005)\naudrey evans#real estate agent#net worth#22#salt lake city , utah#10 fired in week 7 (3 - 3 - 2005)\ntara dowdell#senior governor manager#net worth#28#new york , new york#10 fired in week 6 (2 - 24 - 2005)\nmichael tarshi#real estate developer#magna#25#boston , massachusetts#10 fired in week 5 (2 - 17 - 2005)\nkristen kirchner#real estate financier#net worth#31#los angeles , california#10 fired in week 4 (2 - 10 - 2005)\ndanny kastner#marketing technology firm owner#magna#39#boston , massachusetts#10 fired in week 3 (2 - 3 - 2005)\nverna felton#business manager#magna#31#seattle , washington#10 quit in week 3 (2 - 3 - 2005)\nbrian mcdowell#real estate broker#net worth#29#wildwood , new jersey#10 fired in week 2 (1 - 27 - 2005)\n",
        "pandas_code": "len(df[(df['age'] > 40) & (df['candidate'] == 'angie mcknight')]) == 1",
        "pandas_eval": "True"
    },
    {
        "id": 31877,
        "statement": "of the 17 contestant , 6 have a background in real estate",
        "label": 1,
        "table_caption": "the apprentice (u.s. season 3)",
        "table_text": "candidate#background#original team#age#hometown#result\nkendra todd#real estate broker#magna#25#boynton beach , florida#hired by trump (5 - 19 - 2005)\ntana goertz#sales executive#net worth#37#des moines , iowa#fired in the season finale (5 - 19 - 2005)\ncraig williams#shoeshine business owner#net worth#37#conley , georgia#10 fired in week 15 (5 - 5 - 2005)\nalex thomason#attorney#magna#29#brewster , washington#10 fired in week 14 (4 - 28 - 2005)\nbren olswanger#prosecutor#magna#32#memphis , tennessee#10 fired in week 13 (4 - 21 - 2005)\nchris shelton#real estate investor#net worth#21#las vegas , nevada#10 fired in week 12 (4 - 14 - 2005)\nangie mcknight#gym franchise owner#net worth#41#lake balboa , california#10 fired in week 11 (4 - 7 - 2005)\nstephanie myers#supply chain consultant#magna#29#san diego , california#10 fired in week 10 (3 - 31 - 2005)\nerin elmore#attorney#magna#26#philadelphia , pennsylvania#10 fired in week 9 (3 - 24 - 2005)\njohn gafford#technology firm owner#net worth#32#tampa , florida#10 fired in week 8 (3 - 10 - 2005)\naudrey evans#real estate agent#net worth#22#salt lake city , utah#10 fired in week 7 (3 - 3 - 2005)\ntara dowdell#senior governor manager#net worth#28#new york , new york#10 fired in week 6 (2 - 24 - 2005)\nmichael tarshi#real estate developer#magna#25#boston , massachusetts#10 fired in week 5 (2 - 17 - 2005)\nkristen kirchner#real estate financier#net worth#31#los angeles , california#10 fired in week 4 (2 - 10 - 2005)\ndanny kastner#marketing technology firm owner#magna#39#boston , massachusetts#10 fired in week 3 (2 - 3 - 2005)\nverna felton#business manager#magna#31#seattle , washington#10 quit in week 3 (2 - 3 - 2005)\nbrian mcdowell#real estate broker#net worth#29#wildwood , new jersey#10 fired in week 2 (1 - 27 - 2005)\n",
        "pandas_code": "df[df['background'].str.contains('real estate')].shape[0] == 6",
        "pandas_eval": "True"
    },
    {
        "id": 31878,
        "statement": "tana goertz and kendra todd make it to the finale",
        "label": 1,
        "table_caption": "the apprentice (u.s. season 3)",
        "table_text": "candidate#background#original team#age#hometown#result\nkendra todd#real estate broker#magna#25#boynton beach , florida#hired by trump (5 - 19 - 2005)\ntana goertz#sales executive#net worth#37#des moines , iowa#fired in the season finale (5 - 19 - 2005)\ncraig williams#shoeshine business owner#net worth#37#conley , georgia#10 fired in week 15 (5 - 5 - 2005)\nalex thomason#attorney#magna#29#brewster , washington#10 fired in week 14 (4 - 28 - 2005)\nbren olswanger#prosecutor#magna#32#memphis , tennessee#10 fired in week 13 (4 - 21 - 2005)\nchris shelton#real estate investor#net worth#21#las vegas , nevada#10 fired in week 12 (4 - 14 - 2005)\nangie mcknight#gym franchise owner#net worth#41#lake balboa , california#10 fired in week 11 (4 - 7 - 2005)\nstephanie myers#supply chain consultant#magna#29#san diego , california#10 fired in week 10 (3 - 31 - 2005)\nerin elmore#attorney#magna#26#philadelphia , pennsylvania#10 fired in week 9 (3 - 24 - 2005)\njohn gafford#technology firm owner#net worth#32#tampa , florida#10 fired in week 8 (3 - 10 - 2005)\naudrey evans#real estate agent#net worth#22#salt lake city , utah#10 fired in week 7 (3 - 3 - 2005)\ntara dowdell#senior governor manager#net worth#28#new york , new york#10 fired in week 6 (2 - 24 - 2005)\nmichael tarshi#real estate developer#magna#25#boston , massachusetts#10 fired in week 5 (2 - 17 - 2005)\nkristen kirchner#real estate financier#net worth#31#los angeles , california#10 fired in week 4 (2 - 10 - 2005)\ndanny kastner#marketing technology firm owner#magna#39#boston , massachusetts#10 fired in week 3 (2 - 3 - 2005)\nverna felton#business manager#magna#31#seattle , washington#10 quit in week 3 (2 - 3 - 2005)\nbrian mcdowell#real estate broker#net worth#29#wildwood , new jersey#10 fired in week 2 (1 - 27 - 2005)\n",
        "pandas_code": "(df[df['candidate'] == 'tana goertz']['result'].str.contains('finale').any()) and (df[df['candidate'] == 'kendra todd']['result'].str.contains('hired').any())",
        "pandas_eval": "True"
    }
]