[
    {
        "id": 29538,
        "statement": "stephen germain be not a listed owner for a ford f - 150",
        "label": 1,
        "table_caption": "2010 nascar camping world truck series",
        "table_text": "team#truck (s)#-#driver (s)#primary sponsor (s)#listed owner (s)#crew chief\nbilly ballew motorsports#toyota tundra#15#ted musgrave / johnny benson#red top auto auction#billy ballew#kevin starland\nbilly ballew motorsports#toyota tundra#51#aric almirola#graceway pharmaceuticals#billy ballew#richie wauters\nbrent raymer racing#ford f - 150#85#brent raymer#ford drive one#pete raymer#josh raymer\ncircle bar racing#ford f - 150#14#rick crawford#lilly trucking#tom mitchell#blake bainbridge\ndaisy ramirez motorsports#chevrolet silverado#1#j j yeley / dillon oliver (r)#koma chillaxation drink#daisy ramirez#dan glauz\ndgm racing#chevrolet silverado#12#mario gosselin#tiremonkeycom#michelle gosselin#george church\nfast track racing enterprises#chevrolet silverado#48#tim bainey , jr / hermie sadler#delgrosso#andy hillenburg#david mcclure\ngermain racing#toyota tundra#30#todd bodine#geico#stephen germain#mike hillman , jr\njjc racing#ford f - 150#10#jennifer jo cobb (r)#driven for men#tom mitchell 1#rudy prickler\nkevin harvick incorporated#chevrolet silverado#2#kevin harvick / elliott sadler#tide / hunt brothers pizza#delana harvick#doug george\nkevin harvick incorporated#chevrolet silverado#33#ron hornaday#longhorn / georgia boot#delana harvick#dave fuge\nkyle busch motorsports#toyota tundra#18#kyle busch / brian ickler#heluva! good#kyle busch#eric phillips\nkyle busch motorsports#toyota tundra#56#tayler malsam#talking rain / activwater#joe scott 2#dan stillman\nnorm benning racing#chevrolet silverado#57#norm benning#n / a#norm benning#billy wheeler\nrandy moss motorsports with htm#toyota tundra#5#mike skinner#international trucks / monaco rv#david dollar#gene nead\nrandy moss motorsports with htm#toyota tundra#81#david starr#zachry#randy moss#doug wolcott\nred horse racing#toyota tundra#7#justin lofton (r)#visitpitcom#tom deloach#mark rette\nred horse racing#toyota tundra#17#timothy peters#k&n engineering , inc#tom deloach#jeff hensley\nrichard childress racing#chevrolet silverado#3#austin dillon (r)#bass pro shops / tracker#andy hillenburg 3#danny stockman\nrick ware racing#chevrolet silverado#6#donnie neuenberger#ez slider#rick ware#rick ware\nrick ware racing#chevrolet silverado#47#brett butler (r)#fuel doctor#bobby dotter 4#gary cogswell\nsieg racing#chevrolet silverado#39#ryan sieg#waste pro#susan bates#mike garvey\nsieg racing#chevrolet silverado#93#shane sieg#s&w services#pam sieg#tony wilson\nss - green light racing#chevrolet silverado#7#donny lia / tony jackson , jr#asi limited#ken white#jason miller\nss - green light racing#chevrolet silverado#21#chris eggleston (r)#h20 fire protection#steve urvan#butch miller\nss - green light racing#dodge ram#23#jason white#gunbrokercom#steve urvan#doug howe\nteam gill racing#dodge ram#46#dennis setzer#planegutscom#joy gill#joey jones\nteam gill racing#ford f - 150#95#johnny benson / lance fenton#planegutscom#danny gill#danny gill\nthorsport racing#chevrolet silverado#13#johnny sauter#curb records#mike curb#joe shear , jr\nthorsport racing#chevrolet silverado#88#matt crafton#menards#rhonda thorson#bud haefele\nturner motorsports#chevrolet silverado#4#ricky carmichael#monster energy#delana harvick 5#mike fritts\n",
        "pandas_code": "not any((df['listed owner (s)'] == 'stephen germain') & (df['truck (s)'] == 'ford f - 150'))",
        "pandas_eval": "True"
    },
    {
        "id": 29539,
        "statement": "the ford f - 150 belonging to team gill racing be one of 6 truck with multiple driver",
        "label": 1,
        "table_caption": "2010 nascar camping world truck series",
        "table_text": "team#truck (s)#-#driver (s)#primary sponsor (s)#listed owner (s)#crew chief\nbilly ballew motorsports#toyota tundra#15#ted musgrave / johnny benson#red top auto auction#billy ballew#kevin starland\nbilly ballew motorsports#toyota tundra#51#aric almirola#graceway pharmaceuticals#billy ballew#richie wauters\nbrent raymer racing#ford f - 150#85#brent raymer#ford drive one#pete raymer#josh raymer\ncircle bar racing#ford f - 150#14#rick crawford#lilly trucking#tom mitchell#blake bainbridge\ndaisy ramirez motorsports#chevrolet silverado#1#j j yeley / dillon oliver (r)#koma chillaxation drink#daisy ramirez#dan glauz\ndgm racing#chevrolet silverado#12#mario gosselin#tiremonkeycom#michelle gosselin#george church\nfast track racing enterprises#chevrolet silverado#48#tim bainey , jr / hermie sadler#delgrosso#andy hillenburg#david mcclure\ngermain racing#toyota tundra#30#todd bodine#geico#stephen germain#mike hillman , jr\njjc racing#ford f - 150#10#jennifer jo cobb (r)#driven for men#tom mitchell 1#rudy prickler\nkevin harvick incorporated#chevrolet silverado#2#kevin harvick / elliott sadler#tide / hunt brothers pizza#delana harvick#doug george\nkevin harvick incorporated#chevrolet silverado#33#ron hornaday#longhorn / georgia boot#delana harvick#dave fuge\nkyle busch motorsports#toyota tundra#18#kyle busch / brian ickler#heluva! good#kyle busch#eric phillips\nkyle busch motorsports#toyota tundra#56#tayler malsam#talking rain / activwater#joe scott 2#dan stillman\nnorm benning racing#chevrolet silverado#57#norm benning#n / a#norm benning#billy wheeler\nrandy moss motorsports with htm#toyota tundra#5#mike skinner#international trucks / monaco rv#david dollar#gene nead\nrandy moss motorsports with htm#toyota tundra#81#david starr#zachry#randy moss#doug wolcott\nred horse racing#toyota tundra#7#justin lofton (r)#visitpitcom#tom deloach#mark rette\nred horse racing#toyota tundra#17#timothy peters#k&n engineering , inc#tom deloach#jeff hensley\nrichard childress racing#chevrolet silverado#3#austin dillon (r)#bass pro shops / tracker#andy hillenburg 3#danny stockman\nrick ware racing#chevrolet silverado#6#donnie neuenberger#ez slider#rick ware#rick ware\nrick ware racing#chevrolet silverado#47#brett butler (r)#fuel doctor#bobby dotter 4#gary cogswell\nsieg racing#chevrolet silverado#39#ryan sieg#waste pro#susan bates#mike garvey\nsieg racing#chevrolet silverado#93#shane sieg#s&w services#pam sieg#tony wilson\nss - green light racing#chevrolet silverado#7#donny lia / tony jackson , jr#asi limited#ken white#jason miller\nss - green light racing#chevrolet silverado#21#chris eggleston (r)#h20 fire protection#steve urvan#butch miller\nss - green light racing#dodge ram#23#jason white#gunbrokercom#steve urvan#doug howe\nteam gill racing#dodge ram#46#dennis setzer#planegutscom#joy gill#joey jones\nteam gill racing#ford f - 150#95#johnny benson / lance fenton#planegutscom#danny gill#danny gill\nthorsport racing#chevrolet silverado#13#johnny sauter#curb records#mike curb#joe shear , jr\nthorsport racing#chevrolet silverado#88#matt crafton#menards#rhonda thorson#bud haefele\nturner motorsports#chevrolet silverado#4#ricky carmichael#monster energy#delana harvick 5#mike fritts\n",
        "pandas_code": "df[(df['truck (s)'] == 'ford f - 150') & (df['team'] == 'team gill racing') & (df['driver (s)'].str.contains('/'))].shape[0] == 1",
        "pandas_eval": "True"
    },
    {
        "id": 29540,
        "statement": "a total of 16 truck in use be chevrolet silverados",
        "label": 1,
        "table_caption": "2010 nascar camping world truck series",
        "table_text": "team#truck (s)#-#driver (s)#primary sponsor (s)#listed owner (s)#crew chief\nbilly ballew motorsports#toyota tundra#15#ted musgrave / johnny benson#red top auto auction#billy ballew#kevin starland\nbilly ballew motorsports#toyota tundra#51#aric almirola#graceway pharmaceuticals#billy ballew#richie wauters\nbrent raymer racing#ford f - 150#85#brent raymer#ford drive one#pete raymer#josh raymer\ncircle bar racing#ford f - 150#14#rick crawford#lilly trucking#tom mitchell#blake bainbridge\ndaisy ramirez motorsports#chevrolet silverado#1#j j yeley / dillon oliver (r)#koma chillaxation drink#daisy ramirez#dan glauz\ndgm racing#chevrolet silverado#12#mario gosselin#tiremonkeycom#michelle gosselin#george church\nfast track racing enterprises#chevrolet silverado#48#tim bainey , jr / hermie sadler#delgrosso#andy hillenburg#david mcclure\ngermain racing#toyota tundra#30#todd bodine#geico#stephen germain#mike hillman , jr\njjc racing#ford f - 150#10#jennifer jo cobb (r)#driven for men#tom mitchell 1#rudy prickler\nkevin harvick incorporated#chevrolet silverado#2#kevin harvick / elliott sadler#tide / hunt brothers pizza#delana harvick#doug george\nkevin harvick incorporated#chevrolet silverado#33#ron hornaday#longhorn / georgia boot#delana harvick#dave fuge\nkyle busch motorsports#toyota tundra#18#kyle busch / brian ickler#heluva! good#kyle busch#eric phillips\nkyle busch motorsports#toyota tundra#56#tayler malsam#talking rain / activwater#joe scott 2#dan stillman\nnorm benning racing#chevrolet silverado#57#norm benning#n / a#norm benning#billy wheeler\nrandy moss motorsports with htm#toyota tundra#5#mike skinner#international trucks / monaco rv#david dollar#gene nead\nrandy moss motorsports with htm#toyota tundra#81#david starr#zachry#randy moss#doug wolcott\nred horse racing#toyota tundra#7#justin lofton (r)#visitpitcom#tom deloach#mark rette\nred horse racing#toyota tundra#17#timothy peters#k&n engineering , inc#tom deloach#jeff hensley\nrichard childress racing#chevrolet silverado#3#austin dillon (r)#bass pro shops / tracker#andy hillenburg 3#danny stockman\nrick ware racing#chevrolet silverado#6#donnie neuenberger#ez slider#rick ware#rick ware\nrick ware racing#chevrolet silverado#47#brett butler (r)#fuel doctor#bobby dotter 4#gary cogswell\nsieg racing#chevrolet silverado#39#ryan sieg#waste pro#susan bates#mike garvey\nsieg racing#chevrolet silverado#93#shane sieg#s&w services#pam sieg#tony wilson\nss - green light racing#chevrolet silverado#7#donny lia / tony jackson , jr#asi limited#ken white#jason miller\nss - green light racing#chevrolet silverado#21#chris eggleston (r)#h20 fire protection#steve urvan#butch miller\nss - green light racing#dodge ram#23#jason white#gunbrokercom#steve urvan#doug howe\nteam gill racing#dodge ram#46#dennis setzer#planegutscom#joy gill#joey jones\nteam gill racing#ford f - 150#95#johnny benson / lance fenton#planegutscom#danny gill#danny gill\nthorsport racing#chevrolet silverado#13#johnny sauter#curb records#mike curb#joe shear , jr\nthorsport racing#chevrolet silverado#88#matt crafton#menards#rhonda thorson#bud haefele\nturner motorsports#chevrolet silverado#4#ricky carmichael#monster energy#delana harvick 5#mike fritts\n",
        "pandas_code": "df['truck (s)'].value_counts()['chevrolet silverado'] == 16",
        "pandas_eval": "True"
    },
    {
        "id": 29541,
        "statement": "j j yeley dillon oliver have a no lower than any of the other driver",
        "label": 1,
        "table_caption": "2010 nascar camping world truck series",
        "table_text": "team#truck (s)#-#driver (s)#primary sponsor (s)#listed owner (s)#crew chief\nbilly ballew motorsports#toyota tundra#15#ted musgrave / johnny benson#red top auto auction#billy ballew#kevin starland\nbilly ballew motorsports#toyota tundra#51#aric almirola#graceway pharmaceuticals#billy ballew#richie wauters\nbrent raymer racing#ford f - 150#85#brent raymer#ford drive one#pete raymer#josh raymer\ncircle bar racing#ford f - 150#14#rick crawford#lilly trucking#tom mitchell#blake bainbridge\ndaisy ramirez motorsports#chevrolet silverado#1#j j yeley / dillon oliver (r)#koma chillaxation drink#daisy ramirez#dan glauz\ndgm racing#chevrolet silverado#12#mario gosselin#tiremonkeycom#michelle gosselin#george church\nfast track racing enterprises#chevrolet silverado#48#tim bainey , jr / hermie sadler#delgrosso#andy hillenburg#david mcclure\ngermain racing#toyota tundra#30#todd bodine#geico#stephen germain#mike hillman , jr\njjc racing#ford f - 150#10#jennifer jo cobb (r)#driven for men#tom mitchell 1#rudy prickler\nkevin harvick incorporated#chevrolet silverado#2#kevin harvick / elliott sadler#tide / hunt brothers pizza#delana harvick#doug george\nkevin harvick incorporated#chevrolet silverado#33#ron hornaday#longhorn / georgia boot#delana harvick#dave fuge\nkyle busch motorsports#toyota tundra#18#kyle busch / brian ickler#heluva! good#kyle busch#eric phillips\nkyle busch motorsports#toyota tundra#56#tayler malsam#talking rain / activwater#joe scott 2#dan stillman\nnorm benning racing#chevrolet silverado#57#norm benning#n / a#norm benning#billy wheeler\nrandy moss motorsports with htm#toyota tundra#5#mike skinner#international trucks / monaco rv#david dollar#gene nead\nrandy moss motorsports with htm#toyota tundra#81#david starr#zachry#randy moss#doug wolcott\nred horse racing#toyota tundra#7#justin lofton (r)#visitpitcom#tom deloach#mark rette\nred horse racing#toyota tundra#17#timothy peters#k&n engineering , inc#tom deloach#jeff hensley\nrichard childress racing#chevrolet silverado#3#austin dillon (r)#bass pro shops / tracker#andy hillenburg 3#danny stockman\nrick ware racing#chevrolet silverado#6#donnie neuenberger#ez slider#rick ware#rick ware\nrick ware racing#chevrolet silverado#47#brett butler (r)#fuel doctor#bobby dotter 4#gary cogswell\nsieg racing#chevrolet silverado#39#ryan sieg#waste pro#susan bates#mike garvey\nsieg racing#chevrolet silverado#93#shane sieg#s&w services#pam sieg#tony wilson\nss - green light racing#chevrolet silverado#7#donny lia / tony jackson , jr#asi limited#ken white#jason miller\nss - green light racing#chevrolet silverado#21#chris eggleston (r)#h20 fire protection#steve urvan#butch miller\nss - green light racing#dodge ram#23#jason white#gunbrokercom#steve urvan#doug howe\nteam gill racing#dodge ram#46#dennis setzer#planegutscom#joy gill#joey jones\nteam gill racing#ford f - 150#95#johnny benson / lance fenton#planegutscom#danny gill#danny gill\nthorsport racing#chevrolet silverado#13#johnny sauter#curb records#mike curb#joe shear , jr\nthorsport racing#chevrolet silverado#88#matt crafton#menards#rhonda thorson#bud haefele\nturner motorsports#chevrolet silverado#4#ricky carmichael#monster energy#delana harvick 5#mike fritts\n",
        "pandas_code": "df[df['driver (s)'].str.contains('j j yeley / dillon oliver')]['-'].min() <= df['-'].min()",
        "pandas_eval": "True"
    },
    {
        "id": 29542,
        "statement": "the dodge ram belonging to team gill racing have dennis setzer as its driver , while the dodge ram belonging to ss - green light racing have jason white as its driver",
        "label": 1,
        "table_caption": "2010 nascar camping world truck series",
        "table_text": "team#truck (s)#-#driver (s)#primary sponsor (s)#listed owner (s)#crew chief\nbilly ballew motorsports#toyota tundra#15#ted musgrave / johnny benson#red top auto auction#billy ballew#kevin starland\nbilly ballew motorsports#toyota tundra#51#aric almirola#graceway pharmaceuticals#billy ballew#richie wauters\nbrent raymer racing#ford f - 150#85#brent raymer#ford drive one#pete raymer#josh raymer\ncircle bar racing#ford f - 150#14#rick crawford#lilly trucking#tom mitchell#blake bainbridge\ndaisy ramirez motorsports#chevrolet silverado#1#j j yeley / dillon oliver (r)#koma chillaxation drink#daisy ramirez#dan glauz\ndgm racing#chevrolet silverado#12#mario gosselin#tiremonkeycom#michelle gosselin#george church\nfast track racing enterprises#chevrolet silverado#48#tim bainey , jr / hermie sadler#delgrosso#andy hillenburg#david mcclure\ngermain racing#toyota tundra#30#todd bodine#geico#stephen germain#mike hillman , jr\njjc racing#ford f - 150#10#jennifer jo cobb (r)#driven for men#tom mitchell 1#rudy prickler\nkevin harvick incorporated#chevrolet silverado#2#kevin harvick / elliott sadler#tide / hunt brothers pizza#delana harvick#doug george\nkevin harvick incorporated#chevrolet silverado#33#ron hornaday#longhorn / georgia boot#delana harvick#dave fuge\nkyle busch motorsports#toyota tundra#18#kyle busch / brian ickler#heluva! good#kyle busch#eric phillips\nkyle busch motorsports#toyota tundra#56#tayler malsam#talking rain / activwater#joe scott 2#dan stillman\nnorm benning racing#chevrolet silverado#57#norm benning#n / a#norm benning#billy wheeler\nrandy moss motorsports with htm#toyota tundra#5#mike skinner#international trucks / monaco rv#david dollar#gene nead\nrandy moss motorsports with htm#toyota tundra#81#david starr#zachry#randy moss#doug wolcott\nred horse racing#toyota tundra#7#justin lofton (r)#visitpitcom#tom deloach#mark rette\nred horse racing#toyota tundra#17#timothy peters#k&n engineering , inc#tom deloach#jeff hensley\nrichard childress racing#chevrolet silverado#3#austin dillon (r)#bass pro shops / tracker#andy hillenburg 3#danny stockman\nrick ware racing#chevrolet silverado#6#donnie neuenberger#ez slider#rick ware#rick ware\nrick ware racing#chevrolet silverado#47#brett butler (r)#fuel doctor#bobby dotter 4#gary cogswell\nsieg racing#chevrolet silverado#39#ryan sieg#waste pro#susan bates#mike garvey\nsieg racing#chevrolet silverado#93#shane sieg#s&w services#pam sieg#tony wilson\nss - green light racing#chevrolet silverado#7#donny lia / tony jackson , jr#asi limited#ken white#jason miller\nss - green light racing#chevrolet silverado#21#chris eggleston (r)#h20 fire protection#steve urvan#butch miller\nss - green light racing#dodge ram#23#jason white#gunbrokercom#steve urvan#doug howe\nteam gill racing#dodge ram#46#dennis setzer#planegutscom#joy gill#joey jones\nteam gill racing#ford f - 150#95#johnny benson / lance fenton#planegutscom#danny gill#danny gill\nthorsport racing#chevrolet silverado#13#johnny sauter#curb records#mike curb#joe shear , jr\nthorsport racing#chevrolet silverado#88#matt crafton#menards#rhonda thorson#bud haefele\nturner motorsports#chevrolet silverado#4#ricky carmichael#monster energy#delana harvick 5#mike fritts\n",
        "pandas_code": "((df['team'] == 'team gill racing') & (df['truck (s)'] == 'dodge ram') & (df['driver (s)'] == 'dennis setzer')).any() and ((df['team'] == 'ss - green light racing') & (df['truck (s)'] == 'dodge ram') & (df['driver (s)'] == 'jason white')).any()",
        "pandas_eval": "True"
    },
    {
        "id": 29544,
        "statement": "the ford f - 150 belonging to team gill racing the only truck with multiple driver",
        "label": 0,
        "table_caption": "2010 nascar camping world truck series",
        "table_text": "team#truck (s)#-#driver (s)#primary sponsor (s)#listed owner (s)#crew chief\nbilly ballew motorsports#toyota tundra#15#ted musgrave / johnny benson#red top auto auction#billy ballew#kevin starland\nbilly ballew motorsports#toyota tundra#51#aric almirola#graceway pharmaceuticals#billy ballew#richie wauters\nbrent raymer racing#ford f - 150#85#brent raymer#ford drive one#pete raymer#josh raymer\ncircle bar racing#ford f - 150#14#rick crawford#lilly trucking#tom mitchell#blake bainbridge\ndaisy ramirez motorsports#chevrolet silverado#1#j j yeley / dillon oliver (r)#koma chillaxation drink#daisy ramirez#dan glauz\ndgm racing#chevrolet silverado#12#mario gosselin#tiremonkeycom#michelle gosselin#george church\nfast track racing enterprises#chevrolet silverado#48#tim bainey , jr / hermie sadler#delgrosso#andy hillenburg#david mcclure\ngermain racing#toyota tundra#30#todd bodine#geico#stephen germain#mike hillman , jr\njjc racing#ford f - 150#10#jennifer jo cobb (r)#driven for men#tom mitchell 1#rudy prickler\nkevin harvick incorporated#chevrolet silverado#2#kevin harvick / elliott sadler#tide / hunt brothers pizza#delana harvick#doug george\nkevin harvick incorporated#chevrolet silverado#33#ron hornaday#longhorn / georgia boot#delana harvick#dave fuge\nkyle busch motorsports#toyota tundra#18#kyle busch / brian ickler#heluva! good#kyle busch#eric phillips\nkyle busch motorsports#toyota tundra#56#tayler malsam#talking rain / activwater#joe scott 2#dan stillman\nnorm benning racing#chevrolet silverado#57#norm benning#n / a#norm benning#billy wheeler\nrandy moss motorsports with htm#toyota tundra#5#mike skinner#international trucks / monaco rv#david dollar#gene nead\nrandy moss motorsports with htm#toyota tundra#81#david starr#zachry#randy moss#doug wolcott\nred horse racing#toyota tundra#7#justin lofton (r)#visitpitcom#tom deloach#mark rette\nred horse racing#toyota tundra#17#timothy peters#k&n engineering , inc#tom deloach#jeff hensley\nrichard childress racing#chevrolet silverado#3#austin dillon (r)#bass pro shops / tracker#andy hillenburg 3#danny stockman\nrick ware racing#chevrolet silverado#6#donnie neuenberger#ez slider#rick ware#rick ware\nrick ware racing#chevrolet silverado#47#brett butler (r)#fuel doctor#bobby dotter 4#gary cogswell\nsieg racing#chevrolet silverado#39#ryan sieg#waste pro#susan bates#mike garvey\nsieg racing#chevrolet silverado#93#shane sieg#s&w services#pam sieg#tony wilson\nss - green light racing#chevrolet silverado#7#donny lia / tony jackson , jr#asi limited#ken white#jason miller\nss - green light racing#chevrolet silverado#21#chris eggleston (r)#h20 fire protection#steve urvan#butch miller\nss - green light racing#dodge ram#23#jason white#gunbrokercom#steve urvan#doug howe\nteam gill racing#dodge ram#46#dennis setzer#planegutscom#joy gill#joey jones\nteam gill racing#ford f - 150#95#johnny benson / lance fenton#planegutscom#danny gill#danny gill\nthorsport racing#chevrolet silverado#13#johnny sauter#curb records#mike curb#joe shear , jr\nthorsport racing#chevrolet silverado#88#matt crafton#menards#rhonda thorson#bud haefele\nturner motorsports#chevrolet silverado#4#ricky carmichael#monster energy#delana harvick 5#mike fritts\n",
        "pandas_code": "df[(df['truck (s)'] == 'ford f - 150') & (df['team'] == 'team gill racing') & (df['driver (s)'].str.contains('/'))].shape[0] == 0",
        "pandas_eval": "False"
    },
    {
        "id": 29545,
        "statement": "a total of 6 truck in use be chevrolet silverados",
        "label": 0,
        "table_caption": "2010 nascar camping world truck series",
        "table_text": "team#truck (s)#-#driver (s)#primary sponsor (s)#listed owner (s)#crew chief\nbilly ballew motorsports#toyota tundra#15#ted musgrave / johnny benson#red top auto auction#billy ballew#kevin starland\nbilly ballew motorsports#toyota tundra#51#aric almirola#graceway pharmaceuticals#billy ballew#richie wauters\nbrent raymer racing#ford f - 150#85#brent raymer#ford drive one#pete raymer#josh raymer\ncircle bar racing#ford f - 150#14#rick crawford#lilly trucking#tom mitchell#blake bainbridge\ndaisy ramirez motorsports#chevrolet silverado#1#j j yeley / dillon oliver (r)#koma chillaxation drink#daisy ramirez#dan glauz\ndgm racing#chevrolet silverado#12#mario gosselin#tiremonkeycom#michelle gosselin#george church\nfast track racing enterprises#chevrolet silverado#48#tim bainey , jr / hermie sadler#delgrosso#andy hillenburg#david mcclure\ngermain racing#toyota tundra#30#todd bodine#geico#stephen germain#mike hillman , jr\njjc racing#ford f - 150#10#jennifer jo cobb (r)#driven for men#tom mitchell 1#rudy prickler\nkevin harvick incorporated#chevrolet silverado#2#kevin harvick / elliott sadler#tide / hunt brothers pizza#delana harvick#doug george\nkevin harvick incorporated#chevrolet silverado#33#ron hornaday#longhorn / georgia boot#delana harvick#dave fuge\nkyle busch motorsports#toyota tundra#18#kyle busch / brian ickler#heluva! good#kyle busch#eric phillips\nkyle busch motorsports#toyota tundra#56#tayler malsam#talking rain / activwater#joe scott 2#dan stillman\nnorm benning racing#chevrolet silverado#57#norm benning#n / a#norm benning#billy wheeler\nrandy moss motorsports with htm#toyota tundra#5#mike skinner#international trucks / monaco rv#david dollar#gene nead\nrandy moss motorsports with htm#toyota tundra#81#david starr#zachry#randy moss#doug wolcott\nred horse racing#toyota tundra#7#justin lofton (r)#visitpitcom#tom deloach#mark rette\nred horse racing#toyota tundra#17#timothy peters#k&n engineering , inc#tom deloach#jeff hensley\nrichard childress racing#chevrolet silverado#3#austin dillon (r)#bass pro shops / tracker#andy hillenburg 3#danny stockman\nrick ware racing#chevrolet silverado#6#donnie neuenberger#ez slider#rick ware#rick ware\nrick ware racing#chevrolet silverado#47#brett butler (r)#fuel doctor#bobby dotter 4#gary cogswell\nsieg racing#chevrolet silverado#39#ryan sieg#waste pro#susan bates#mike garvey\nsieg racing#chevrolet silverado#93#shane sieg#s&w services#pam sieg#tony wilson\nss - green light racing#chevrolet silverado#7#donny lia / tony jackson , jr#asi limited#ken white#jason miller\nss - green light racing#chevrolet silverado#21#chris eggleston (r)#h20 fire protection#steve urvan#butch miller\nss - green light racing#dodge ram#23#jason white#gunbrokercom#steve urvan#doug howe\nteam gill racing#dodge ram#46#dennis setzer#planegutscom#joy gill#joey jones\nteam gill racing#ford f - 150#95#johnny benson / lance fenton#planegutscom#danny gill#danny gill\nthorsport racing#chevrolet silverado#13#johnny sauter#curb records#mike curb#joe shear , jr\nthorsport racing#chevrolet silverado#88#matt crafton#menards#rhonda thorson#bud haefele\nturner motorsports#chevrolet silverado#4#ricky carmichael#monster energy#delana harvick 5#mike fritts\n",
        "pandas_code": "df['truck (s)'].value_counts()['chevrolet silverado'] == 6",
        "pandas_eval": "False"
    },
    {
        "id": 29546,
        "statement": "j j yeley dillon oliver have a no higher than any of the other driver",
        "label": 0,
        "table_caption": "2010 nascar camping world truck series",
        "table_text": "team#truck (s)#-#driver (s)#primary sponsor (s)#listed owner (s)#crew chief\nbilly ballew motorsports#toyota tundra#15#ted musgrave / johnny benson#red top auto auction#billy ballew#kevin starland\nbilly ballew motorsports#toyota tundra#51#aric almirola#graceway pharmaceuticals#billy ballew#richie wauters\nbrent raymer racing#ford f - 150#85#brent raymer#ford drive one#pete raymer#josh raymer\ncircle bar racing#ford f - 150#14#rick crawford#lilly trucking#tom mitchell#blake bainbridge\ndaisy ramirez motorsports#chevrolet silverado#1#j j yeley / dillon oliver (r)#koma chillaxation drink#daisy ramirez#dan glauz\ndgm racing#chevrolet silverado#12#mario gosselin#tiremonkeycom#michelle gosselin#george church\nfast track racing enterprises#chevrolet silverado#48#tim bainey , jr / hermie sadler#delgrosso#andy hillenburg#david mcclure\ngermain racing#toyota tundra#30#todd bodine#geico#stephen germain#mike hillman , jr\njjc racing#ford f - 150#10#jennifer jo cobb (r)#driven for men#tom mitchell 1#rudy prickler\nkevin harvick incorporated#chevrolet silverado#2#kevin harvick / elliott sadler#tide / hunt brothers pizza#delana harvick#doug george\nkevin harvick incorporated#chevrolet silverado#33#ron hornaday#longhorn / georgia boot#delana harvick#dave fuge\nkyle busch motorsports#toyota tundra#18#kyle busch / brian ickler#heluva! good#kyle busch#eric phillips\nkyle busch motorsports#toyota tundra#56#tayler malsam#talking rain / activwater#joe scott 2#dan stillman\nnorm benning racing#chevrolet silverado#57#norm benning#n / a#norm benning#billy wheeler\nrandy moss motorsports with htm#toyota tundra#5#mike skinner#international trucks / monaco rv#david dollar#gene nead\nrandy moss motorsports with htm#toyota tundra#81#david starr#zachry#randy moss#doug wolcott\nred horse racing#toyota tundra#7#justin lofton (r)#visitpitcom#tom deloach#mark rette\nred horse racing#toyota tundra#17#timothy peters#k&n engineering , inc#tom deloach#jeff hensley\nrichard childress racing#chevrolet silverado#3#austin dillon (r)#bass pro shops / tracker#andy hillenburg 3#danny stockman\nrick ware racing#chevrolet silverado#6#donnie neuenberger#ez slider#rick ware#rick ware\nrick ware racing#chevrolet silverado#47#brett butler (r)#fuel doctor#bobby dotter 4#gary cogswell\nsieg racing#chevrolet silverado#39#ryan sieg#waste pro#susan bates#mike garvey\nsieg racing#chevrolet silverado#93#shane sieg#s&w services#pam sieg#tony wilson\nss - green light racing#chevrolet silverado#7#donny lia / tony jackson , jr#asi limited#ken white#jason miller\nss - green light racing#chevrolet silverado#21#chris eggleston (r)#h20 fire protection#steve urvan#butch miller\nss - green light racing#dodge ram#23#jason white#gunbrokercom#steve urvan#doug howe\nteam gill racing#dodge ram#46#dennis setzer#planegutscom#joy gill#joey jones\nteam gill racing#ford f - 150#95#johnny benson / lance fenton#planegutscom#danny gill#danny gill\nthorsport racing#chevrolet silverado#13#johnny sauter#curb records#mike curb#joe shear , jr\nthorsport racing#chevrolet silverado#88#matt crafton#menards#rhonda thorson#bud haefele\nturner motorsports#chevrolet silverado#4#ricky carmichael#monster energy#delana harvick 5#mike fritts\n",
        "pandas_code": "df[df['driver (s)'].str.contains('j j yeley / dillon oliver')]['-'].max() > df['-'].min()",
        "pandas_eval": "False"
    },
    {
        "id": 29547,
        "statement": "the dodge ram belonging to team gill racing have ricky carmichael as its driver , while the dodge ram belonging to ss - green light racing have matt crafton as its driver",
        "label": 0,
        "table_caption": "2010 nascar camping world truck series",
        "table_text": "team#truck (s)#-#driver (s)#primary sponsor (s)#listed owner (s)#crew chief\nbilly ballew motorsports#toyota tundra#15#ted musgrave / johnny benson#red top auto auction#billy ballew#kevin starland\nbilly ballew motorsports#toyota tundra#51#aric almirola#graceway pharmaceuticals#billy ballew#richie wauters\nbrent raymer racing#ford f - 150#85#brent raymer#ford drive one#pete raymer#josh raymer\ncircle bar racing#ford f - 150#14#rick crawford#lilly trucking#tom mitchell#blake bainbridge\ndaisy ramirez motorsports#chevrolet silverado#1#j j yeley / dillon oliver (r)#koma chillaxation drink#daisy ramirez#dan glauz\ndgm racing#chevrolet silverado#12#mario gosselin#tiremonkeycom#michelle gosselin#george church\nfast track racing enterprises#chevrolet silverado#48#tim bainey , jr / hermie sadler#delgrosso#andy hillenburg#david mcclure\ngermain racing#toyota tundra#30#todd bodine#geico#stephen germain#mike hillman , jr\njjc racing#ford f - 150#10#jennifer jo cobb (r)#driven for men#tom mitchell 1#rudy prickler\nkevin harvick incorporated#chevrolet silverado#2#kevin harvick / elliott sadler#tide / hunt brothers pizza#delana harvick#doug george\nkevin harvick incorporated#chevrolet silverado#33#ron hornaday#longhorn / georgia boot#delana harvick#dave fuge\nkyle busch motorsports#toyota tundra#18#kyle busch / brian ickler#heluva! good#kyle busch#eric phillips\nkyle busch motorsports#toyota tundra#56#tayler malsam#talking rain / activwater#joe scott 2#dan stillman\nnorm benning racing#chevrolet silverado#57#norm benning#n / a#norm benning#billy wheeler\nrandy moss motorsports with htm#toyota tundra#5#mike skinner#international trucks / monaco rv#david dollar#gene nead\nrandy moss motorsports with htm#toyota tundra#81#david starr#zachry#randy moss#doug wolcott\nred horse racing#toyota tundra#7#justin lofton (r)#visitpitcom#tom deloach#mark rette\nred horse racing#toyota tundra#17#timothy peters#k&n engineering , inc#tom deloach#jeff hensley\nrichard childress racing#chevrolet silverado#3#austin dillon (r)#bass pro shops / tracker#andy hillenburg 3#danny stockman\nrick ware racing#chevrolet silverado#6#donnie neuenberger#ez slider#rick ware#rick ware\nrick ware racing#chevrolet silverado#47#brett butler (r)#fuel doctor#bobby dotter 4#gary cogswell\nsieg racing#chevrolet silverado#39#ryan sieg#waste pro#susan bates#mike garvey\nsieg racing#chevrolet silverado#93#shane sieg#s&w services#pam sieg#tony wilson\nss - green light racing#chevrolet silverado#7#donny lia / tony jackson , jr#asi limited#ken white#jason miller\nss - green light racing#chevrolet silverado#21#chris eggleston (r)#h20 fire protection#steve urvan#butch miller\nss - green light racing#dodge ram#23#jason white#gunbrokercom#steve urvan#doug howe\nteam gill racing#dodge ram#46#dennis setzer#planegutscom#joy gill#joey jones\nteam gill racing#ford f - 150#95#johnny benson / lance fenton#planegutscom#danny gill#danny gill\nthorsport racing#chevrolet silverado#13#johnny sauter#curb records#mike curb#joe shear , jr\nthorsport racing#chevrolet silverado#88#matt crafton#menards#rhonda thorson#bud haefele\nturner motorsports#chevrolet silverado#4#ricky carmichael#monster energy#delana harvick 5#mike fritts\n",
        "pandas_code": "(df[(df['team'] == 'team gill racing') & (df['truck (s)'] == 'dodge ram')]['driver (s)'].iloc[0] == 'ricky carmichael') & (df[(df['team'] == 'ss - green light racing') & (df['truck (s)'] == 'dodge ram')]['driver (s)'].iloc[0] == 'matt crafton')",
        "pandas_eval": "False"
    }
]