[
    {
        "id": 33311,
        "statement": "during the 1966 los angeles ram season the team win a total of 8 game",
        "label": 1,
        "table_caption": "1966 los angeles rams season",
        "table_text": "week#date#opponent#result#attendance\n1#september 11 , 1966#atlanta falcons#w 19 - 14#54418\n2#september 16 , 1966#chicago bears#w 31 - 17#58916\n3#september 25 , 1966#green bay packers#l 24 - 13#50861\n4#september 30 , 1966#san francisco 49ers#w 34 - 3#45642\n5#october 9 , 1966#detroit lions#w 14 - 7#52793\n6#october 16 , 1966#minnesota vikings#l 35 - 7#47426\n7#october 23 , 1966#chicago bears#l 17 - 10#47475\n8#october 30 , 1966#baltimore colts#l 17 - 3#57898\n9#november 6 , 1966#san francisco 49ers#l 21 - 13#35372\n10#november 13 , 1966#new york giants#w 55 - 14#34746\n11#november 20 , 1966#minnesota vikings#w 21 - 6#38775\n12#november 27 , 1966#baltimore colts#w 23 - 7#60238\n13#december 4 , 1966#detroit lions#w 23 - 3#40039\n15#december 18 , 1966#green bay packers#l 27 - 23#72416\n",
        "pandas_code": "df['result'].str.startswith('w').sum() == 8",
        "pandas_eval": "True"
    },
    {
        "id": 33312,
        "statement": "during the 1966 los angeles ram season the team lose a total of 6 game",
        "label": 1,
        "table_caption": "1966 los angeles rams season",
        "table_text": "week#date#opponent#result#attendance\n1#september 11 , 1966#atlanta falcons#w 19 - 14#54418\n2#september 16 , 1966#chicago bears#w 31 - 17#58916\n3#september 25 , 1966#green bay packers#l 24 - 13#50861\n4#september 30 , 1966#san francisco 49ers#w 34 - 3#45642\n5#october 9 , 1966#detroit lions#w 14 - 7#52793\n6#october 16 , 1966#minnesota vikings#l 35 - 7#47426\n7#october 23 , 1966#chicago bears#l 17 - 10#47475\n8#october 30 , 1966#baltimore colts#l 17 - 3#57898\n9#november 6 , 1966#san francisco 49ers#l 21 - 13#35372\n10#november 13 , 1966#new york giants#w 55 - 14#34746\n11#november 20 , 1966#minnesota vikings#w 21 - 6#38775\n12#november 27 , 1966#baltimore colts#w 23 - 7#60238\n13#december 4 , 1966#detroit lions#w 23 - 3#40039\n15#december 18 , 1966#green bay packers#l 27 - 23#72416\n",
        "pandas_code": "(df['result'].str.startswith('l').sum() == 6)",
        "pandas_eval": "True"
    },
    {
        "id": 33313,
        "statement": "the game on november 13 , 1966 have the lowest attendance of any game with 34746 attendee",
        "label": 1,
        "table_caption": "1966 los angeles rams season",
        "table_text": "week#date#opponent#result#attendance\n1#september 11 , 1966#atlanta falcons#w 19 - 14#54418\n2#september 16 , 1966#chicago bears#w 31 - 17#58916\n3#september 25 , 1966#green bay packers#l 24 - 13#50861\n4#september 30 , 1966#san francisco 49ers#w 34 - 3#45642\n5#october 9 , 1966#detroit lions#w 14 - 7#52793\n6#october 16 , 1966#minnesota vikings#l 35 - 7#47426\n7#october 23 , 1966#chicago bears#l 17 - 10#47475\n8#october 30 , 1966#baltimore colts#l 17 - 3#57898\n9#november 6 , 1966#san francisco 49ers#l 21 - 13#35372\n10#november 13 , 1966#new york giants#w 55 - 14#34746\n11#november 20 , 1966#minnesota vikings#w 21 - 6#38775\n12#november 27 , 1966#baltimore colts#w 23 - 7#60238\n13#december 4 , 1966#detroit lions#w 23 - 3#40039\n15#december 18 , 1966#green bay packers#l 27 - 23#72416\n",
        "pandas_code": "df[df['date'] == 'november 13 , 1966']['attendance'].iloc[0] == df['attendance'].min()",
        "pandas_eval": "True"
    },
    {
        "id": 33314,
        "statement": "the game on december 18 , 1966 have the highest attendance of any game with 72416 attendee",
        "label": 1,
        "table_caption": "1966 los angeles rams season",
        "table_text": "week#date#opponent#result#attendance\n1#september 11 , 1966#atlanta falcons#w 19 - 14#54418\n2#september 16 , 1966#chicago bears#w 31 - 17#58916\n3#september 25 , 1966#green bay packers#l 24 - 13#50861\n4#september 30 , 1966#san francisco 49ers#w 34 - 3#45642\n5#october 9 , 1966#detroit lions#w 14 - 7#52793\n6#october 16 , 1966#minnesota vikings#l 35 - 7#47426\n7#october 23 , 1966#chicago bears#l 17 - 10#47475\n8#october 30 , 1966#baltimore colts#l 17 - 3#57898\n9#november 6 , 1966#san francisco 49ers#l 21 - 13#35372\n10#november 13 , 1966#new york giants#w 55 - 14#34746\n11#november 20 , 1966#minnesota vikings#w 21 - 6#38775\n12#november 27 , 1966#baltimore colts#w 23 - 7#60238\n13#december 4 , 1966#detroit lions#w 23 - 3#40039\n15#december 18 , 1966#green bay packers#l 27 - 23#72416\n",
        "pandas_code": "df[df['date'] == 'december 18 , 1966']['attendance'].max() == df['attendance'].max()",
        "pandas_eval": "True"
    },
    {
        "id": 33316,
        "statement": "during the 1966 los angeles ram season the team lose a total of 8 game",
        "label": 0,
        "table_caption": "1966 los angeles rams season",
        "table_text": "week#date#opponent#result#attendance\n1#september 11 , 1966#atlanta falcons#w 19 - 14#54418\n2#september 16 , 1966#chicago bears#w 31 - 17#58916\n3#september 25 , 1966#green bay packers#l 24 - 13#50861\n4#september 30 , 1966#san francisco 49ers#w 34 - 3#45642\n5#october 9 , 1966#detroit lions#w 14 - 7#52793\n6#october 16 , 1966#minnesota vikings#l 35 - 7#47426\n7#october 23 , 1966#chicago bears#l 17 - 10#47475\n8#october 30 , 1966#baltimore colts#l 17 - 3#57898\n9#november 6 , 1966#san francisco 49ers#l 21 - 13#35372\n10#november 13 , 1966#new york giants#w 55 - 14#34746\n11#november 20 , 1966#minnesota vikings#w 21 - 6#38775\n12#november 27 , 1966#baltimore colts#w 23 - 7#60238\n13#december 4 , 1966#detroit lions#w 23 - 3#40039\n15#december 18 , 1966#green bay packers#l 27 - 23#72416\n",
        "pandas_code": "(df['result'].str.startswith('l').sum() == 8)",
        "pandas_eval": "False"
    },
    {
        "id": 33317,
        "statement": "during the 1966 los angeles ram season the team lose more than 6 game",
        "label": 0,
        "table_caption": "1966 los angeles rams season",
        "table_text": "week#date#opponent#result#attendance\n1#september 11 , 1966#atlanta falcons#w 19 - 14#54418\n2#september 16 , 1966#chicago bears#w 31 - 17#58916\n3#september 25 , 1966#green bay packers#l 24 - 13#50861\n4#september 30 , 1966#san francisco 49ers#w 34 - 3#45642\n5#october 9 , 1966#detroit lions#w 14 - 7#52793\n6#october 16 , 1966#minnesota vikings#l 35 - 7#47426\n7#october 23 , 1966#chicago bears#l 17 - 10#47475\n8#october 30 , 1966#baltimore colts#l 17 - 3#57898\n9#november 6 , 1966#san francisco 49ers#l 21 - 13#35372\n10#november 13 , 1966#new york giants#w 55 - 14#34746\n11#november 20 , 1966#minnesota vikings#w 21 - 6#38775\n12#november 27 , 1966#baltimore colts#w 23 - 7#60238\n13#december 4 , 1966#detroit lions#w 23 - 3#40039\n15#december 18 , 1966#green bay packers#l 27 - 23#72416\n",
        "pandas_code": "(df['result'].str.startswith('l').sum() > 6)",
        "pandas_eval": "False"
    },
    {
        "id": 33318,
        "statement": "the game on december 18 , 1966 have the lowest attendance of any game with 72416 attendee",
        "label": 0,
        "table_caption": "1966 los angeles rams season",
        "table_text": "week#date#opponent#result#attendance\n1#september 11 , 1966#atlanta falcons#w 19 - 14#54418\n2#september 16 , 1966#chicago bears#w 31 - 17#58916\n3#september 25 , 1966#green bay packers#l 24 - 13#50861\n4#september 30 , 1966#san francisco 49ers#w 34 - 3#45642\n5#october 9 , 1966#detroit lions#w 14 - 7#52793\n6#october 16 , 1966#minnesota vikings#l 35 - 7#47426\n7#october 23 , 1966#chicago bears#l 17 - 10#47475\n8#october 30 , 1966#baltimore colts#l 17 - 3#57898\n9#november 6 , 1966#san francisco 49ers#l 21 - 13#35372\n10#november 13 , 1966#new york giants#w 55 - 14#34746\n11#november 20 , 1966#minnesota vikings#w 21 - 6#38775\n12#november 27 , 1966#baltimore colts#w 23 - 7#60238\n13#december 4 , 1966#detroit lions#w 23 - 3#40039\n15#december 18 , 1966#green bay packers#l 27 - 23#72416\n",
        "pandas_code": "df[df['date'] == 'december 18 , 1966']['attendance'].iloc[0] == df['attendance'].min()",
        "pandas_eval": "False"
    },
    {
        "id": 33319,
        "statement": "the game on december 4 , 1966 have the highest attendance of any game with 40039 attendee",
        "label": 0,
        "table_caption": "1966 los angeles rams season",
        "table_text": "week#date#opponent#result#attendance\n1#september 11 , 1966#atlanta falcons#w 19 - 14#54418\n2#september 16 , 1966#chicago bears#w 31 - 17#58916\n3#september 25 , 1966#green bay packers#l 24 - 13#50861\n4#september 30 , 1966#san francisco 49ers#w 34 - 3#45642\n5#october 9 , 1966#detroit lions#w 14 - 7#52793\n6#october 16 , 1966#minnesota vikings#l 35 - 7#47426\n7#october 23 , 1966#chicago bears#l 17 - 10#47475\n8#october 30 , 1966#baltimore colts#l 17 - 3#57898\n9#november 6 , 1966#san francisco 49ers#l 21 - 13#35372\n10#november 13 , 1966#new york giants#w 55 - 14#34746\n11#november 20 , 1966#minnesota vikings#w 21 - 6#38775\n12#november 27 , 1966#baltimore colts#w 23 - 7#60238\n13#december 4 , 1966#detroit lions#w 23 - 3#40039\n15#december 18 , 1966#green bay packers#l 27 - 23#72416\n",
        "pandas_code": "df[df['date'] == 'december 4 , 1966']['attendance'].max() == df['attendance'].max()",
        "pandas_eval": "False"
    },
    {
        "id": 33320,
        "statement": "the lowest score any team score within the year be 24 point",
        "label": 0,
        "table_caption": "1966 los angeles rams season",
        "table_text": "week#date#opponent#result#attendance\n1#september 11 , 1966#atlanta falcons#w 19 - 14#54418\n2#september 16 , 1966#chicago bears#w 31 - 17#58916\n3#september 25 , 1966#green bay packers#l 24 - 13#50861\n4#september 30 , 1966#san francisco 49ers#w 34 - 3#45642\n5#october 9 , 1966#detroit lions#w 14 - 7#52793\n6#october 16 , 1966#minnesota vikings#l 35 - 7#47426\n7#october 23 , 1966#chicago bears#l 17 - 10#47475\n8#october 30 , 1966#baltimore colts#l 17 - 3#57898\n9#november 6 , 1966#san francisco 49ers#l 21 - 13#35372\n10#november 13 , 1966#new york giants#w 55 - 14#34746\n11#november 20 , 1966#minnesota vikings#w 21 - 6#38775\n12#november 27 , 1966#baltimore colts#w 23 - 7#60238\n13#december 4 , 1966#detroit lions#w 23 - 3#40039\n15#december 18 , 1966#green bay packers#l 27 - 23#72416\n",
        "pandas_code": "df['result'].str.extract(r'(\\d+) - \\d+')[0].astype(int).min() == 24",
        "pandas_eval": "False"
    }
]