[
    {
        "id": 31232,
        "statement": "the lowest total be 1 by australia , sweden , argentina , china , ukraine , and israel and the highest total be 12 by germany",
        "label": 1,
        "table_caption": "2002 icf canoe sprint world championships",
        "table_text": "rank#nation#gold#silver#bronze#total\n1#germany#3#5#4#12\n2#hungary#6#1#4#11\n3#poland#3#4#3#10\n4#spain#2#2#3#7\n5#russia#3#2#1#6\n6#canada#0#3#2#5\n7#romania#1#1#2#4\n8#slovakia#3#0#0#3\n9#cuba#2#1#0#3\n10#bulgaria#0#1#2#3\n11#norway#1#1#0#2\n12#lithuania#1#0#1#2\n13#czech republic#0#2#0#2\n14#belarus#0#1#1#2\n15#uzbekistan#0#1#1#2\n16#italy#0#0#2#2\n17#australia#1#0#0#1\n18#sweden#1#0#0#1\n19#argentina#0#1#0#1\n20#china#0#1#0#1\n21#ukraine#0#1#0#1\n22#israel#0#0#1#1\ntotal#total#27#27#27#81\n",
        "pandas_code": "(df[df['nation'].isin(['australia', 'sweden', 'argentina', 'china', 'ukraine', 'israel'])]['total'].min() == 1) & (df[df['nation'] == 'germany']['total'].max() == 12)",
        "pandas_eval": "True"
    },
    {
        "id": 31233,
        "statement": "when the total be 11 the nation be hungary",
        "label": 1,
        "table_caption": "2002 icf canoe sprint world championships",
        "table_text": "rank#nation#gold#silver#bronze#total\n1#germany#3#5#4#12\n2#hungary#6#1#4#11\n3#poland#3#4#3#10\n4#spain#2#2#3#7\n5#russia#3#2#1#6\n6#canada#0#3#2#5\n7#romania#1#1#2#4\n8#slovakia#3#0#0#3\n9#cuba#2#1#0#3\n10#bulgaria#0#1#2#3\n11#norway#1#1#0#2\n12#lithuania#1#0#1#2\n13#czech republic#0#2#0#2\n14#belarus#0#1#1#2\n15#uzbekistan#0#1#1#2\n16#italy#0#0#2#2\n17#australia#1#0#0#1\n18#sweden#1#0#0#1\n19#argentina#0#1#0#1\n20#china#0#1#0#1\n21#ukraine#0#1#0#1\n22#israel#0#0#1#1\ntotal#total#27#27#27#81\n",
        "pandas_code": "(df.loc[df['total'] == 11, 'nation'].values[0] == 'hungary')",
        "pandas_eval": "True"
    },
    {
        "id": 31235,
        "statement": "the nation in 7th have 1 gold and the nation in 8th have 3 gold",
        "label": 1,
        "table_caption": "2002 icf canoe sprint world championships",
        "table_text": "rank#nation#gold#silver#bronze#total\n1#germany#3#5#4#12\n2#hungary#6#1#4#11\n3#poland#3#4#3#10\n4#spain#2#2#3#7\n5#russia#3#2#1#6\n6#canada#0#3#2#5\n7#romania#1#1#2#4\n8#slovakia#3#0#0#3\n9#cuba#2#1#0#3\n10#bulgaria#0#1#2#3\n11#norway#1#1#0#2\n12#lithuania#1#0#1#2\n13#czech republic#0#2#0#2\n14#belarus#0#1#1#2\n15#uzbekistan#0#1#1#2\n16#italy#0#0#2#2\n17#australia#1#0#0#1\n18#sweden#1#0#0#1\n19#argentina#0#1#0#1\n20#china#0#1#0#1\n21#ukraine#0#1#0#1\n22#israel#0#0#1#1\ntotal#total#27#27#27#81\n",
        "pandas_code": "(df.loc[df['rank'] == '7', 'gold'].values[0] == 1) & (df.loc[df['rank'] == '8', 'gold'].values[0] == 3)",
        "pandas_eval": "True"
    },
    {
        "id": 31236,
        "statement": "poland have 3 gold , 4 silver , and 3 bronze and be rank 3rd",
        "label": 1,
        "table_caption": "2002 icf canoe sprint world championships",
        "table_text": "rank#nation#gold#silver#bronze#total\n1#germany#3#5#4#12\n2#hungary#6#1#4#11\n3#poland#3#4#3#10\n4#spain#2#2#3#7\n5#russia#3#2#1#6\n6#canada#0#3#2#5\n7#romania#1#1#2#4\n8#slovakia#3#0#0#3\n9#cuba#2#1#0#3\n10#bulgaria#0#1#2#3\n11#norway#1#1#0#2\n12#lithuania#1#0#1#2\n13#czech republic#0#2#0#2\n14#belarus#0#1#1#2\n15#uzbekistan#0#1#1#2\n16#italy#0#0#2#2\n17#australia#1#0#0#1\n18#sweden#1#0#0#1\n19#argentina#0#1#0#1\n20#china#0#1#0#1\n21#ukraine#0#1#0#1\n22#israel#0#0#1#1\ntotal#total#27#27#27#81\n",
        "pandas_code": "df[(df['nation'] == 'poland') & (df['gold'] == 3) & (df['silver'] == 4) & (df['bronze'] == 3) & (df['rank'] == '3')].shape[0] == 1",
        "pandas_eval": "True"
    },
    {
        "id": 31237,
        "statement": "australia , sweden , argentina , china , ukraine and israel all have a total of 12 medal , while germany only get 1",
        "label": 0,
        "table_caption": "2002 icf canoe sprint world championships",
        "table_text": "rank#nation#gold#silver#bronze#total\n1#germany#3#5#4#12\n2#hungary#6#1#4#11\n3#poland#3#4#3#10\n4#spain#2#2#3#7\n5#russia#3#2#1#6\n6#canada#0#3#2#5\n7#romania#1#1#2#4\n8#slovakia#3#0#0#3\n9#cuba#2#1#0#3\n10#bulgaria#0#1#2#3\n11#norway#1#1#0#2\n12#lithuania#1#0#1#2\n13#czech republic#0#2#0#2\n14#belarus#0#1#1#2\n15#uzbekistan#0#1#1#2\n16#italy#0#0#2#2\n17#australia#1#0#0#1\n18#sweden#1#0#0#1\n19#argentina#0#1#0#1\n20#china#0#1#0#1\n21#ukraine#0#1#0#1\n22#israel#0#0#1#1\ntotal#total#27#27#27#81\n",
        "pandas_code": "(df[df['nation'].isin(['australia', 'sweden', 'argentina', 'china', 'ukraine', 'israel'])]['total'].sum() == 12) & (df[df['nation'] == 'germany']['total'].sum() == 1)",
        "pandas_eval": "False"
    },
    {
        "id": 31238,
        "statement": "the nation of hungary win 11 more medal than spain",
        "label": 0,
        "table_caption": "2002 icf canoe sprint world championships",
        "table_text": "rank#nation#gold#silver#bronze#total\n1#germany#3#5#4#12\n2#hungary#6#1#4#11\n3#poland#3#4#3#10\n4#spain#2#2#3#7\n5#russia#3#2#1#6\n6#canada#0#3#2#5\n7#romania#1#1#2#4\n8#slovakia#3#0#0#3\n9#cuba#2#1#0#3\n10#bulgaria#0#1#2#3\n11#norway#1#1#0#2\n12#lithuania#1#0#1#2\n13#czech republic#0#2#0#2\n14#belarus#0#1#1#2\n15#uzbekistan#0#1#1#2\n16#italy#0#0#2#2\n17#australia#1#0#0#1\n18#sweden#1#0#0#1\n19#argentina#0#1#0#1\n20#china#0#1#0#1\n21#ukraine#0#1#0#1\n22#israel#0#0#1#1\ntotal#total#27#27#27#81\n",
        "pandas_code": "(df[df['nation'] == 'hungary']['total'].values[0] - df[df['nation'] == 'spain']['total'].values[0]) == 11",
        "pandas_eval": "False"
    },
    {
        "id": 31239,
        "statement": "germany be able to win 6 gold medal , while hungary take home 5 silver medal",
        "label": 0,
        "table_caption": "2002 icf canoe sprint world championships",
        "table_text": "rank#nation#gold#silver#bronze#total\n1#germany#3#5#4#12\n2#hungary#6#1#4#11\n3#poland#3#4#3#10\n4#spain#2#2#3#7\n5#russia#3#2#1#6\n6#canada#0#3#2#5\n7#romania#1#1#2#4\n8#slovakia#3#0#0#3\n9#cuba#2#1#0#3\n10#bulgaria#0#1#2#3\n11#norway#1#1#0#2\n12#lithuania#1#0#1#2\n13#czech republic#0#2#0#2\n14#belarus#0#1#1#2\n15#uzbekistan#0#1#1#2\n16#italy#0#0#2#2\n17#australia#1#0#0#1\n18#sweden#1#0#0#1\n19#argentina#0#1#0#1\n20#china#0#1#0#1\n21#ukraine#0#1#0#1\n22#israel#0#0#1#1\ntotal#total#27#27#27#81\n",
        "pandas_code": "(df[df['nation'] == 'germany']['gold'].values[0] == 6) & (df[df['nation'] == 'hungary']['silver'].values[0] == 5)",
        "pandas_eval": "False"
    },
    {
        "id": 31240,
        "statement": "the nation of romania win 4 gold medal and the nation of slovakia take home a total of 6 gold medal",
        "label": 0,
        "table_caption": "2002 icf canoe sprint world championships",
        "table_text": "rank#nation#gold#silver#bronze#total\n1#germany#3#5#4#12\n2#hungary#6#1#4#11\n3#poland#3#4#3#10\n4#spain#2#2#3#7\n5#russia#3#2#1#6\n6#canada#0#3#2#5\n7#romania#1#1#2#4\n8#slovakia#3#0#0#3\n9#cuba#2#1#0#3\n10#bulgaria#0#1#2#3\n11#norway#1#1#0#2\n12#lithuania#1#0#1#2\n13#czech republic#0#2#0#2\n14#belarus#0#1#1#2\n15#uzbekistan#0#1#1#2\n16#italy#0#0#2#2\n17#australia#1#0#0#1\n18#sweden#1#0#0#1\n19#argentina#0#1#0#1\n20#china#0#1#0#1\n21#ukraine#0#1#0#1\n22#israel#0#0#1#1\ntotal#total#27#27#27#81\n",
        "pandas_code": "(df[df['nation'] == 'romania']['gold'].values[0] == 4) & (df[df['nation'] == 'slovakia']['gold'].values[0] == 6)",
        "pandas_eval": "False"
    },
    {
        "id": 31241,
        "statement": "4th rank poland win 4 bronze medal , 3 silver medal and 1 gold medal",
        "label": 0,
        "table_caption": "2002 icf canoe sprint world championships",
        "table_text": "rank#nation#gold#silver#bronze#total\n1#germany#3#5#4#12\n2#hungary#6#1#4#11\n3#poland#3#4#3#10\n4#spain#2#2#3#7\n5#russia#3#2#1#6\n6#canada#0#3#2#5\n7#romania#1#1#2#4\n8#slovakia#3#0#0#3\n9#cuba#2#1#0#3\n10#bulgaria#0#1#2#3\n11#norway#1#1#0#2\n12#lithuania#1#0#1#2\n13#czech republic#0#2#0#2\n14#belarus#0#1#1#2\n15#uzbekistan#0#1#1#2\n16#italy#0#0#2#2\n17#australia#1#0#0#1\n18#sweden#1#0#0#1\n19#argentina#0#1#0#1\n20#china#0#1#0#1\n21#ukraine#0#1#0#1\n22#israel#0#0#1#1\ntotal#total#27#27#27#81\n",
        "pandas_code": "(df.loc[df['rank'] == '4', ['nation', 'gold', 'silver', 'bronze']].values == ['poland', 1, 3, 4]).all()",
        "pandas_eval": "False"
    }
]