[
    {
        "id": 30127,
        "statement": "team classification , astana have the same amount of racer as every other team classification combine",
        "label": 1,
        "table_caption": "2008 tour de suisse",
        "table_text": "stage#winner#general classification#mountains classification#points classification#sprints classification#team classification\n1#óscar freire#óscar freire#no award#óscar freire#no award#caisse d'epargne\n2#igor antón#igor antón#david loosli#kim kirchen#david loosli#team csc\n3#robbie mcewen#igor antón#david loosli#óscar freire#rené weissinger#team csc\n4#robbie mcewen#igor antón#david loosli#óscar freire#rené weissinger#team csc\n5#markus fothen#igor antón#david loosli#óscar freire#rené weissinger#gerolsteiner\n6#kim kirchen#kim kirchen#david loosli#óscar freire#rené weissinger#astana\n7#fabian cancellara#kim kirchen#maxim iglinsky#óscar freire#rené weissinger#astana\n8#roman kreuziger#roman kreuziger#maxim iglinsky#óscar freire#rené weissinger#astana\n9#fabian cancellara#roman kreuziger#maxim iglinsky#fabian cancellara#rené weissinger#astana\nfinal#final#roman kreuziger#maxim iglinsky#fabian cancellara#rené weissinger#astana\n",
        "pandas_code": "(df['team classification'].value_counts()['astana'] == df[df['team classification'] != 'astana']['team classification'].value_counts().sum())",
        "pandas_eval": "True"
    },
    {
        "id": 30128,
        "statement": "david loosli have more mountain classification than any other",
        "label": 1,
        "table_caption": "2008 tour de suisse",
        "table_text": "stage#winner#general classification#mountains classification#points classification#sprints classification#team classification\n1#óscar freire#óscar freire#no award#óscar freire#no award#caisse d'epargne\n2#igor antón#igor antón#david loosli#kim kirchen#david loosli#team csc\n3#robbie mcewen#igor antón#david loosli#óscar freire#rené weissinger#team csc\n4#robbie mcewen#igor antón#david loosli#óscar freire#rené weissinger#team csc\n5#markus fothen#igor antón#david loosli#óscar freire#rené weissinger#gerolsteiner\n6#kim kirchen#kim kirchen#david loosli#óscar freire#rené weissinger#astana\n7#fabian cancellara#kim kirchen#maxim iglinsky#óscar freire#rené weissinger#astana\n8#roman kreuziger#roman kreuziger#maxim iglinsky#óscar freire#rené weissinger#astana\n9#fabian cancellara#roman kreuziger#maxim iglinsky#fabian cancellara#rené weissinger#astana\nfinal#final#roman kreuziger#maxim iglinsky#fabian cancellara#rené weissinger#astana\n",
        "pandas_code": "(df['mountains classification'].value_counts()['david loosli'] > df['mountains classification'].value_counts().drop('david loosli').max())",
        "pandas_eval": "True"
    },
    {
        "id": 30129,
        "statement": "óscar freire , be the only winner to have no award in the mountain classification and the sprint classification",
        "label": 1,
        "table_caption": "2008 tour de suisse",
        "table_text": "stage#winner#general classification#mountains classification#points classification#sprints classification#team classification\n1#óscar freire#óscar freire#no award#óscar freire#no award#caisse d'epargne\n2#igor antón#igor antón#david loosli#kim kirchen#david loosli#team csc\n3#robbie mcewen#igor antón#david loosli#óscar freire#rené weissinger#team csc\n4#robbie mcewen#igor antón#david loosli#óscar freire#rené weissinger#team csc\n5#markus fothen#igor antón#david loosli#óscar freire#rené weissinger#gerolsteiner\n6#kim kirchen#kim kirchen#david loosli#óscar freire#rené weissinger#astana\n7#fabian cancellara#kim kirchen#maxim iglinsky#óscar freire#rené weissinger#astana\n8#roman kreuziger#roman kreuziger#maxim iglinsky#óscar freire#rené weissinger#astana\n9#fabian cancellara#roman kreuziger#maxim iglinsky#fabian cancellara#rené weissinger#astana\nfinal#final#roman kreuziger#maxim iglinsky#fabian cancellara#rené weissinger#astana\n",
        "pandas_code": "df[(df['winner'] == 'óscar freire') & (df['mountains classification'] == 'no award') & (df['sprints classification'] == 'no award')].shape[0] == df[df['winner'] == 'óscar freire'].shape[0]",
        "pandas_eval": "True"
    },
    {
        "id": 30130,
        "statement": "rené weissinger have the nighest number of sprint classification than any other , by a margin of 7",
        "label": 1,
        "table_caption": "2008 tour de suisse",
        "table_text": "stage#winner#general classification#mountains classification#points classification#sprints classification#team classification\n1#óscar freire#óscar freire#no award#óscar freire#no award#caisse d'epargne\n2#igor antón#igor antón#david loosli#kim kirchen#david loosli#team csc\n3#robbie mcewen#igor antón#david loosli#óscar freire#rené weissinger#team csc\n4#robbie mcewen#igor antón#david loosli#óscar freire#rené weissinger#team csc\n5#markus fothen#igor antón#david loosli#óscar freire#rené weissinger#gerolsteiner\n6#kim kirchen#kim kirchen#david loosli#óscar freire#rené weissinger#astana\n7#fabian cancellara#kim kirchen#maxim iglinsky#óscar freire#rené weissinger#astana\n8#roman kreuziger#roman kreuziger#maxim iglinsky#óscar freire#rené weissinger#astana\n9#fabian cancellara#roman kreuziger#maxim iglinsky#fabian cancellara#rené weissinger#astana\nfinal#final#roman kreuziger#maxim iglinsky#fabian cancellara#rené weissinger#astana\n",
        "pandas_code": "(df['sprints classification'].value_counts().idxmax() == 'rené weissinger') and (df['sprints classification'].value_counts().max() - df['sprints classification'].value_counts().nlargest(2).iloc[1] >= 7)",
        "pandas_eval": "True"
    },
    {
        "id": 76927,
        "statement": "robbie mcewen win stage 3 and 4",
        "label": 1,
        "table_caption": "2008 tour de suisse",
        "table_text": "stage#winner#general classification#mountains classification#points classification#sprints classification#team classification\n1#óscar freire#óscar freire#no award#óscar freire#no award#caisse d'epargne\n2#igor antón#igor antón#david loosli#kim kirchen#david loosli#team csc\n3#robbie mcewen#igor antón#david loosli#óscar freire#rené weissinger#team csc\n4#robbie mcewen#igor antón#david loosli#óscar freire#rené weissinger#team csc\n5#markus fothen#igor antón#david loosli#óscar freire#rené weissinger#gerolsteiner\n6#kim kirchen#kim kirchen#david loosli#óscar freire#rené weissinger#astana\n7#fabian cancellara#kim kirchen#maxim iglinsky#óscar freire#rené weissinger#astana\n8#roman kreuziger#roman kreuziger#maxim iglinsky#óscar freire#rené weissinger#astana\n9#fabian cancellara#roman kreuziger#maxim iglinsky#fabian cancellara#rené weissinger#astana\n",
        "pandas_code": "all(df.loc[df['stage'].isin([3, 4]), 'winner'] == 'robbie mcewen')",
        "pandas_eval": "True"
    }
]