[
    {
        "id": 33217,
        "statement": "in the medium gallup , march 2008 the sr party (serbian radical party) have a 91 percent rate over the z with 88 percent",
        "label": 1,
        "table_caption": "serbian parliamentary election , 2008",
        "table_text": "party#medium gallup , march 2008#strategic marketing , march 2008#cesid , may 2008#medium gallup , may 2008\nsrs#91#90#86#90\nzes#88#83#81#85\ndss - ns#30#30#35#30\nsps#16#17#19#19\nldp#15#20#19#16\nminorities#10#10#10#10\ntotal#250#250#250#250\n",
        "pandas_code": "df.loc[df['party'] == 'srs', 'medium gallup , march 2008'].values[0] > df.loc[df['party'] == 'zes', 'medium gallup , march 2008'].values[0]",
        "pandas_eval": "True"
    },
    {
        "id": 33218,
        "statement": "in the medium gallup , march 2008 , the z have 88 percent and the ds - ns coalition have 58 percent less",
        "label": 1,
        "table_caption": "serbian parliamentary election , 2008",
        "table_text": "party#medium gallup , march 2008#strategic marketing , march 2008#cesid , may 2008#medium gallup , may 2008\nsrs#91#90#86#90\nzes#88#83#81#85\ndss - ns#30#30#35#30\nsps#16#17#19#19\nldp#15#20#19#16\nminorities#10#10#10#10\ntotal#250#250#250#250\n",
        "pandas_code": "(df.loc[df['party'] == 'zes', 'medium gallup , march 2008'].values[0] == 88) & (df.loc[df['party'] == 'dss - ns', 'medium gallup , march 2008'].values[0] == 30)",
        "pandas_eval": "True"
    },
    {
        "id": 33219,
        "statement": "in the medium gallup , may 2008 , the sr party (serbian radical party) lose 1 percentage point go from 91 to 90 from march 2008 , but have 5 percent less than the sr",
        "label": 1,
        "table_caption": "serbian parliamentary election , 2008",
        "table_text": "party#medium gallup , march 2008#strategic marketing , march 2008#cesid , may 2008#medium gallup , may 2008\nsrs#91#90#86#90\nzes#88#83#81#85\ndss - ns#30#30#35#30\nsps#16#17#19#19\nldp#15#20#19#16\nminorities#10#10#10#10\ntotal#250#250#250#250\n",
        "pandas_code": "(df[df['party'] == 'srs']['medium gallup , march 2008'].values[0] - df[df['party'] == 'srs']['medium gallup , may 2008'].values[0] == 1) and (df[df['party'] == 'srs']['medium gallup , may 2008'].values[0] == 90)",
        "pandas_eval": "True"
    },
    {
        "id": 33220,
        "statement": "the z or for a european serbia , go from 88 percent for the medium gallup , march 2008 to 85 in may 2008 , but still ahead of the ds - n by 55 percent",
        "label": 1,
        "table_caption": "serbian parliamentary election , 2008",
        "table_text": "party#medium gallup , march 2008#strategic marketing , march 2008#cesid , may 2008#medium gallup , may 2008\nsrs#91#90#86#90\nzes#88#83#81#85\ndss - ns#30#30#35#30\nsps#16#17#19#19\nldp#15#20#19#16\nminorities#10#10#10#10\ntotal#250#250#250#250\n",
        "pandas_code": "(df.loc[df['party'] == 'zes', 'medium gallup , march 2008'].values[0] == 88) & (df.loc[df['party'] == 'zes', 'medium gallup , may 2008'].values[0] == 85) & (df.loc[df['party'] == 'zes', 'medium gallup , may 2008'].values[0] - df.loc[df['party'] == 'dss - ns', 'medium gallup , may 2008'].values[0] == 55)",
        "pandas_eval": "True"
    },
    {
        "id": 33221,
        "statement": "the zes go from 88 percent to 85 percent from the medium gallup , march 2008 to may 2008 , but the dss - n do not change at all , stay at 30 percent",
        "label": 1,
        "table_caption": "serbian parliamentary election , 2008",
        "table_text": "party#medium gallup , march 2008#strategic marketing , march 2008#cesid , may 2008#medium gallup , may 2008\nsrs#91#90#86#90\nzes#88#83#81#85\ndss - ns#30#30#35#30\nsps#16#17#19#19\nldp#15#20#19#16\nminorities#10#10#10#10\ntotal#250#250#250#250\n",
        "pandas_code": "(df.loc[df['party'] == 'zes', 'medium gallup , march 2008'].values[0] == 88) & (df.loc[df['party'] == 'zes', 'medium gallup , may 2008'].values[0] == 85) & (df.loc[df['party'] == 'dss - ns', 'medium gallup , march 2008'].values[0] == 30) & (df.loc[df['party'] == 'dss - ns', 'medium gallup , may 2008'].values[0] == 30)",
        "pandas_eval": "True"
    },
    {
        "id": 33222,
        "statement": "z beat sps by 30% in the medium gallup poll",
        "label": 0,
        "table_caption": "serbian parliamentary election , 2008",
        "table_text": "party#medium gallup , march 2008#strategic marketing , march 2008#cesid , may 2008#medium gallup , may 2008\nsrs#91#90#86#90\nzes#88#83#81#85\ndss - ns#30#30#35#30\nsps#16#17#19#19\nldp#15#20#19#16\nminorities#10#10#10#10\ntotal#250#250#250#250\n",
        "pandas_code": "(df[df['party'] == 'zes']['medium gallup , march 2008'].values[0] - df[df['party'] == 'sps']['medium gallup , march 2008'].values[0]) == 30",
        "pandas_eval": "False"
    },
    {
        "id": 33223,
        "statement": "n the medium gallup , march 2008 ns coalition have 48 percent less than ldp",
        "label": 0,
        "table_caption": "serbian parliamentary election , 2008",
        "table_text": "party#medium gallup , march 2008#strategic marketing , march 2008#cesid , may 2008#medium gallup , may 2008\nsrs#91#90#86#90\nzes#88#83#81#85\ndss - ns#30#30#35#30\nsps#16#17#19#19\nldp#15#20#19#16\nminorities#10#10#10#10\ntotal#250#250#250#250\n",
        "pandas_code": "(df[df['party'] == 'dss - ns']['medium gallup , march 2008'].values[0] / df[df['party'] == 'ldp']['medium gallup , march 2008'].values[0] - 1) * 100 == -48",
        "pandas_eval": "False"
    },
    {
        "id": 33224,
        "statement": "e sr party (serbian radical party) gain 3 percentage point go from 91 to 94",
        "label": 0,
        "table_caption": "serbian parliamentary election , 2008",
        "table_text": "party#medium gallup , march 2008#strategic marketing , march 2008#cesid , may 2008#medium gallup , may 2008\nsrs#91#90#86#90\nzes#88#83#81#85\ndss - ns#30#30#35#30\nsps#16#17#19#19\nldp#15#20#19#16\nminorities#10#10#10#10\ntotal#250#250#250#250\n",
        "pandas_code": "(df[df['party'] == 'srs']['medium gallup , march 2008'].values[0] + 3 != 94)",
        "pandas_eval": "False"
    },
    {
        "id": 33226,
        "statement": "the zes go from 88 percent to 84 just 1 per cent behind the ds",
        "label": 0,
        "table_caption": "serbian parliamentary election , 2008",
        "table_text": "party#medium gallup , march 2008#strategic marketing , march 2008#cesid , may 2008#medium gallup , may 2008\nsrs#91#90#86#90\nzes#88#83#81#85\ndss - ns#30#30#35#30\nsps#16#17#19#19\nldp#15#20#19#16\nminorities#10#10#10#10\ntotal#250#250#250#250\n",
        "pandas_code": "(df[df['party'] == 'zes']['medium gallup , march 2008'].values[0] == 88) & (df[df['party'] == 'zes']['cesid , may 2008'].values[0] == 84) & (abs(df[df['party'] == 'zes']['medium gallup , march 2008'].values[0] - df[df['party'] == 'zes']['cesid , may 2008'].values[0]) == 4) & (abs(df[df['party'] == 'zes']['cesid , may 2008'].values[0] - df[df['party'] == 'dss - ns']['cesid , may 2008'].values[0]) == 1)",
        "pandas_eval": "False"
    }
]