[
    {
        "id": 31854,
        "statement": "edvaid boasson hagen win the most in 2009 tour de pologne",
        "label": 1,
        "table_caption": "2009 tour de pologne",
        "table_text": "stage#winner#general classification żółta koszulka#mountains classification klasyfikacja górska#intermediate sprints classification klasyfikacja najaktywniejszych#points classification klasyfikacja punktowa\n1#borut božič#borut božič#błażej janiaczyk#david loosli#borut božič\n2#angelo furlan#borut božič#błażej janiaczyk#david loosli#jurgen roelandts\n3#jacopo guarnieri#andré greipel#błażej janiaczyk#david loosli#andré greipel\n4#edvald boasson hagen#jurgen roelandts#błażej janiaczyk#david loosli#jurgen roelandts\n5#alessandro ballan#alessandro ballan#pavel brutt#david loosli#jurgen roelandts\n6#edvald boasson hagen#alessandro ballan#marek rutkiewicz#david loosli#jurgen roelandts\n7#andré greipel#alessandro ballan#marek rutkiewicz#david loosli#jurgen roelandts\n",
        "pandas_code": "df['winner'].value_counts().idxmax() == 'edvald boasson hagen'",
        "pandas_eval": "True"
    },
    {
        "id": 31855,
        "statement": "the most mountain classification be błażej janiacyk",
        "label": 1,
        "table_caption": "2009 tour de pologne",
        "table_text": "stage#winner#general classification żółta koszulka#mountains classification klasyfikacja górska#intermediate sprints classification klasyfikacja najaktywniejszych#points classification klasyfikacja punktowa\n1#borut božič#borut božič#błażej janiaczyk#david loosli#borut božič\n2#angelo furlan#borut božič#błażej janiaczyk#david loosli#jurgen roelandts\n3#jacopo guarnieri#andré greipel#błażej janiaczyk#david loosli#andré greipel\n4#edvald boasson hagen#jurgen roelandts#błażej janiaczyk#david loosli#jurgen roelandts\n5#alessandro ballan#alessandro ballan#pavel brutt#david loosli#jurgen roelandts\n6#edvald boasson hagen#alessandro ballan#marek rutkiewicz#david loosli#jurgen roelandts\n7#andré greipel#alessandro ballan#marek rutkiewicz#david loosli#jurgen roelandts\n",
        "pandas_code": "df['mountains classification klasyfikacja górska'].value_counts().idxmax() == 'błażej janiaczyk'",
        "pandas_eval": "True"
    },
    {
        "id": 31856,
        "statement": "the most in general classification be alessandro ballan",
        "label": 1,
        "table_caption": "2009 tour de pologne",
        "table_text": "stage#winner#general classification żółta koszulka#mountains classification klasyfikacja górska#intermediate sprints classification klasyfikacja najaktywniejszych#points classification klasyfikacja punktowa\n1#borut božič#borut božič#błażej janiaczyk#david loosli#borut božič\n2#angelo furlan#borut božič#błażej janiaczyk#david loosli#jurgen roelandts\n3#jacopo guarnieri#andré greipel#błażej janiaczyk#david loosli#andré greipel\n4#edvald boasson hagen#jurgen roelandts#błażej janiaczyk#david loosli#jurgen roelandts\n5#alessandro ballan#alessandro ballan#pavel brutt#david loosli#jurgen roelandts\n6#edvald boasson hagen#alessandro ballan#marek rutkiewicz#david loosli#jurgen roelandts\n7#andré greipel#alessandro ballan#marek rutkiewicz#david loosli#jurgen roelandts\n",
        "pandas_code": "df['general classification żółta koszulka'].value_counts().idxmax() == 'alessandro ballan'",
        "pandas_eval": "True"
    },
    {
        "id": 31857,
        "statement": "david loosli in all classification regard intermediate sprint",
        "label": 1,
        "table_caption": "2009 tour de pologne",
        "table_text": "stage#winner#general classification żółta koszulka#mountains classification klasyfikacja górska#intermediate sprints classification klasyfikacja najaktywniejszych#points classification klasyfikacja punktowa\n1#borut božič#borut božič#błażej janiaczyk#david loosli#borut božič\n2#angelo furlan#borut božič#błażej janiaczyk#david loosli#jurgen roelandts\n3#jacopo guarnieri#andré greipel#błażej janiaczyk#david loosli#andré greipel\n4#edvald boasson hagen#jurgen roelandts#błażej janiaczyk#david loosli#jurgen roelandts\n5#alessandro ballan#alessandro ballan#pavel brutt#david loosli#jurgen roelandts\n6#edvald boasson hagen#alessandro ballan#marek rutkiewicz#david loosli#jurgen roelandts\n7#andré greipel#alessandro ballan#marek rutkiewicz#david loosli#jurgen roelandts\n",
        "pandas_code": "all(df['intermediate sprints classification klasyfikacja najaktywniejszych'] == 'david loosli')",
        "pandas_eval": "True"
    },
    {
        "id": 31858,
        "statement": "jurgen roelandts be in most of the point classification",
        "label": 1,
        "table_caption": "2009 tour de pologne",
        "table_text": "stage#winner#general classification żółta koszulka#mountains classification klasyfikacja górska#intermediate sprints classification klasyfikacja najaktywniejszych#points classification klasyfikacja punktowa\n1#borut božič#borut božič#błażej janiaczyk#david loosli#borut božič\n2#angelo furlan#borut božič#błażej janiaczyk#david loosli#jurgen roelandts\n3#jacopo guarnieri#andré greipel#błażej janiaczyk#david loosli#andré greipel\n4#edvald boasson hagen#jurgen roelandts#błażej janiaczyk#david loosli#jurgen roelandts\n5#alessandro ballan#alessandro ballan#pavel brutt#david loosli#jurgen roelandts\n6#edvald boasson hagen#alessandro ballan#marek rutkiewicz#david loosli#jurgen roelandts\n7#andré greipel#alessandro ballan#marek rutkiewicz#david loosli#jurgen roelandts\n",
        "pandas_code": "df['points classification klasyfikacja punktowa'].value_counts().idxmax() == 'jurgen roelandts'",
        "pandas_eval": "True"
    }
]