[
    {
        "id": 34227,
        "statement": "the majority of the siedlce governorate be comprise of polish speaker",
        "label": 1,
        "table_caption": "siedlce governorate",
        "table_text": "language#number#percentage (%)#males#females\npolish#510 621#66.13#253 571#257 050\nyiddish#120 152#15.56#57 821#62 331\nukrainian#107 785#13.95#54 219#53 566\nrussian#19 613#2.54#14 856#4 757\ngerman#11 645#1.5#5 911#5 734\nother#2 286#0.29#2 067#219\npersons that didn't name their native language#44#>0.01#21#23\ntotal#772 146#100#388 466#383 680\n",
        "pandas_code": "float(df[df['language'] == 'polish']['percentage (%)'].iloc[0].replace('%', '')) > 50",
        "pandas_eval": "True"
    },
    {
        "id": 34228,
        "statement": "of the siedlce governorate , there be more female speaker of both polish and yiddish than male speaker",
        "label": 1,
        "table_caption": "siedlce governorate",
        "table_text": "language#number#percentage (%)#males#females\npolish#510 621#66.13#253 571#257 050\nyiddish#120 152#15.56#57 821#62 331\nukrainian#107 785#13.95#54 219#53 566\nrussian#19 613#2.54#14 856#4 757\ngerman#11 645#1.5#5 911#5 734\nother#2 286#0.29#2 067#219\npersons that didn't name their native language#44#>0.01#21#23\ntotal#772 146#100#388 466#383 680\n",
        "pandas_code": "(df.loc[df['language'].isin(['polish', 'yiddish']), 'females'].astype(str).str.replace(' ', '').astype(int).sum() > df.loc[df['language'].isin(['polish', 'yiddish']), 'males'].astype(str).str.replace(' ', '').astype(int).sum())",
        "pandas_eval": "True"
    },
    {
        "id": 34229,
        "statement": "there be over 10000 more yiddish speaker than there be ukranian speaker",
        "label": 1,
        "table_caption": "siedlce governorate",
        "table_text": "language#number#percentage (%)#males#females\npolish#510 621#66.13#253 571#257 050\nyiddish#120 152#15.56#57 821#62 331\nukrainian#107 785#13.95#54 219#53 566\nrussian#19 613#2.54#14 856#4 757\ngerman#11 645#1.5#5 911#5 734\nother#2 286#0.29#2 067#219\npersons that didn't name their native language#44#>0.01#21#23\ntotal#772 146#100#388 466#383 680\n",
        "pandas_code": "(int(df[df['language'] == 'yiddish']['number'].str.replace(' ', '').iloc[0]) - int(df[df['language'] == 'ukrainian']['number'].str.replace(' ', '').iloc[0])) > 10000",
        "pandas_eval": "True"
    },
    {
        "id": 34230,
        "statement": "there be more german male speaker than there be russian female speaker",
        "label": 1,
        "table_caption": "siedlce governorate",
        "table_text": "language#number#percentage (%)#males#females\npolish#510 621#66.13#253 571#257 050\nyiddish#120 152#15.56#57 821#62 331\nukrainian#107 785#13.95#54 219#53 566\nrussian#19 613#2.54#14 856#4 757\ngerman#11 645#1.5#5 911#5 734\nother#2 286#0.29#2 067#219\npersons that didn't name their native language#44#>0.01#21#23\ntotal#772 146#100#388 466#383 680\n",
        "pandas_code": "int(df.loc[df['language'] == 'german', 'males'].str.replace(' ', '').astype(int).values[0]) > int(df.loc[df['language'] == 'russian', 'females'].str.replace(' ', '').astype(int).values[0])",
        "pandas_eval": "True"
    },
    {
        "id": 34231,
        "statement": "there be over 10000 more russian male speaker than female speaker",
        "label": 1,
        "table_caption": "siedlce governorate",
        "table_text": "language#number#percentage (%)#males#females\npolish#510 621#66.13#253 571#257 050\nyiddish#120 152#15.56#57 821#62 331\nukrainian#107 785#13.95#54 219#53 566\nrussian#19 613#2.54#14 856#4 757\ngerman#11 645#1.5#5 911#5 734\nother#2 286#0.29#2 067#219\npersons that didn't name their native language#44#>0.01#21#23\ntotal#772 146#100#388 466#383 680\n",
        "pandas_code": "(df[df['language'] == 'russian']['males'].str.replace(' ', '').astype(int) - df[df['language'] == 'russian']['females'].str.replace(' ', '').astype(int)).iloc[0] > 10000",
        "pandas_eval": "True"
    },
    {
        "id": 34232,
        "statement": "a minority of the siedlce governorate be comprise of polish speaker",
        "label": 0,
        "table_caption": "siedlce governorate",
        "table_text": "language#number#percentage (%)#males#females\npolish#510 621#66.13#253 571#257 050\nyiddish#120 152#15.56#57 821#62 331\nukrainian#107 785#13.95#54 219#53 566\nrussian#19 613#2.54#14 856#4 757\ngerman#11 645#1.5#5 911#5 734\nother#2 286#0.29#2 067#219\npersons that didn't name their native language#44#>0.01#21#23\ntotal#772 146#100#388 466#383 680\n",
        "pandas_code": "float(df[df['language'] == 'polish']['percentage (%)'].iloc[0].replace('%', '')) < 50",
        "pandas_eval": "False"
    },
    {
        "id": 34233,
        "statement": "of the siedlce governorate , there be fewer female speaker of both polish and yiddish than male speaker",
        "label": 0,
        "table_caption": "siedlce governorate",
        "table_text": "language#number#percentage (%)#males#females\npolish#510 621#66.13#253 571#257 050\nyiddish#120 152#15.56#57 821#62 331\nukrainian#107 785#13.95#54 219#53 566\nrussian#19 613#2.54#14 856#4 757\ngerman#11 645#1.5#5 911#5 734\nother#2 286#0.29#2 067#219\npersons that didn't name their native language#44#>0.01#21#23\ntotal#772 146#100#388 466#383 680\n",
        "pandas_code": "(df.loc[df['language'].isin(['polish', 'yiddish']), 'females'].astype(str).str.replace(' ', '').astype(int).sum() < df.loc[df['language'].isin(['polish', 'yiddish']), 'males'].astype(str).str.replace(' ', '').astype(int).sum())",
        "pandas_eval": "False"
    },
    {
        "id": 34234,
        "statement": "there be less than 10000 more yiddish speaker than there be ukranian speaker",
        "label": 0,
        "table_caption": "siedlce governorate",
        "table_text": "language#number#percentage (%)#males#females\npolish#510 621#66.13#253 571#257 050\nyiddish#120 152#15.56#57 821#62 331\nukrainian#107 785#13.95#54 219#53 566\nrussian#19 613#2.54#14 856#4 757\ngerman#11 645#1.5#5 911#5 734\nother#2 286#0.29#2 067#219\npersons that didn't name their native language#44#>0.01#21#23\ntotal#772 146#100#388 466#383 680\n",
        "pandas_code": "(int(df[df['language'] == 'yiddish']['number'].str.replace(' ', '').values[0]) - int(df[df['language'] == 'ukrainian']['number'].str.replace(' ', '').values[0])) < 10000",
        "pandas_eval": "False"
    },
    {
        "id": 34235,
        "statement": "there be more german male speaker than there be russian male speaker",
        "label": 0,
        "table_caption": "siedlce governorate",
        "table_text": "language#number#percentage (%)#males#females\npolish#510 621#66.13#253 571#257 050\nyiddish#120 152#15.56#57 821#62 331\nukrainian#107 785#13.95#54 219#53 566\nrussian#19 613#2.54#14 856#4 757\ngerman#11 645#1.5#5 911#5 734\nother#2 286#0.29#2 067#219\npersons that didn't name their native language#44#>0.01#21#23\ntotal#772 146#100#388 466#383 680\n",
        "pandas_code": "(df[df['language'] == 'german']['males'].str.replace(' ', '').astype(int).iloc[0] > df[df['language'] == 'russian']['males'].str.replace(' ', '').astype(int).iloc[0])",
        "pandas_eval": "False"
    },
    {
        "id": 34236,
        "statement": "there be less than 10000 more russian male speaker than female speaker",
        "label": 0,
        "table_caption": "siedlce governorate",
        "table_text": "language#number#percentage (%)#males#females\npolish#510 621#66.13#253 571#257 050\nyiddish#120 152#15.56#57 821#62 331\nukrainian#107 785#13.95#54 219#53 566\nrussian#19 613#2.54#14 856#4 757\ngerman#11 645#1.5#5 911#5 734\nother#2 286#0.29#2 067#219\npersons that didn't name their native language#44#>0.01#21#23\ntotal#772 146#100#388 466#383 680\n",
        "pandas_code": "(df[df['language'] == 'russian']['males'].str.replace(' ', '').astype(int).iloc[0] - df[df['language'] == 'russian']['females'].str.replace(' ', '').astype(int).iloc[0]) < 10000",
        "pandas_eval": "False"
    }
]