[
    {
        "id": 33460,
        "statement": "deportivo la coruña have more loss than club cd orense and rc celta de vigo",
        "label": 1,
        "table_caption": "1960 - 61 segunda división",
        "table_text": "position#club#played#points#wins#draws#losses#goals for#goals against#goal difference\n1#ca osasuna#30#46#21#4#5#83#25#+ 58\n2#rc celta de vigo#30#40#17#6#7#56#30#+ 26\n3#deportivo la coruña#30#36#15#6#9#68#47#+ 21\n4#cd orense#30#36#14#8#8#45#36#+ 9\n5#pontevedra cf#30#31#11#9#10#39#40#- 1\n6#cd sabadell cf#30#31#11#9#10#30#40#- 10\n7#cultural leonesa#30#30#11#8#11#39#42#- 3\n8#cd basconia#30#29#14#1#15#41#57#- 16\n9#san sebastián cf#30#29#11#7#12#51#50#+ 1\n10#ud salamanca#30#29#11#7#12#42#36#+ 6\n11#sd indauchu#30#27#12#3#15#46#59#- 13\n12#cd condal 1#30#26#8#10#12#44#49#- 5\n13#real gijón#30#25#10#5#15#41#53#- 12\n14#club sestao#30#24#8#8#14#35#51#- 16\n15#baracaldo ah#30#22#7#8#15#33#51#- 18\n16#cd tarrasa#30#19#5#9#16#33#60#- 27\n",
        "pandas_code": "(df[df['club'] == 'deportivo la coruña']['losses'].values[0] > df[df['club'] == 'cd orense']['losses'].values[0]) & (df[df['club'] == 'deportivo la coruña']['losses'].values[0] > df[df['club'] == 'rc celta de vigo']['losses'].values[0])",
        "pandas_eval": "True"
    },
    {
        "id": 33461,
        "statement": "pontevedra cf and cd sabadell cf of position 5 and 6 both have 31 point",
        "label": 1,
        "table_caption": "1960 - 61 segunda división",
        "table_text": "position#club#played#points#wins#draws#losses#goals for#goals against#goal difference\n1#ca osasuna#30#46#21#4#5#83#25#+ 58\n2#rc celta de vigo#30#40#17#6#7#56#30#+ 26\n3#deportivo la coruña#30#36#15#6#9#68#47#+ 21\n4#cd orense#30#36#14#8#8#45#36#+ 9\n5#pontevedra cf#30#31#11#9#10#39#40#- 1\n6#cd sabadell cf#30#31#11#9#10#30#40#- 10\n7#cultural leonesa#30#30#11#8#11#39#42#- 3\n8#cd basconia#30#29#14#1#15#41#57#- 16\n9#san sebastián cf#30#29#11#7#12#51#50#+ 1\n10#ud salamanca#30#29#11#7#12#42#36#+ 6\n11#sd indauchu#30#27#12#3#15#46#59#- 13\n12#cd condal 1#30#26#8#10#12#44#49#- 5\n13#real gijón#30#25#10#5#15#41#53#- 12\n14#club sestao#30#24#8#8#14#35#51#- 16\n15#baracaldo ah#30#22#7#8#15#33#51#- 18\n16#cd tarrasa#30#19#5#9#16#33#60#- 27\n",
        "pandas_code": "(df.loc[df['club'].isin(['pontevedra cf', 'cd sabadell cf']), 'points'] == 31).all()",
        "pandas_eval": "True"
    },
    {
        "id": 33462,
        "statement": "cd tarrasa have 9 more goal against than club sestao and baracaldo ah",
        "label": 1,
        "table_caption": "1960 - 61 segunda división",
        "table_text": "position#club#played#points#wins#draws#losses#goals for#goals against#goal difference\n1#ca osasuna#30#46#21#4#5#83#25#+ 58\n2#rc celta de vigo#30#40#17#6#7#56#30#+ 26\n3#deportivo la coruña#30#36#15#6#9#68#47#+ 21\n4#cd orense#30#36#14#8#8#45#36#+ 9\n5#pontevedra cf#30#31#11#9#10#39#40#- 1\n6#cd sabadell cf#30#31#11#9#10#30#40#- 10\n7#cultural leonesa#30#30#11#8#11#39#42#- 3\n8#cd basconia#30#29#14#1#15#41#57#- 16\n9#san sebastián cf#30#29#11#7#12#51#50#+ 1\n10#ud salamanca#30#29#11#7#12#42#36#+ 6\n11#sd indauchu#30#27#12#3#15#46#59#- 13\n12#cd condal 1#30#26#8#10#12#44#49#- 5\n13#real gijón#30#25#10#5#15#41#53#- 12\n14#club sestao#30#24#8#8#14#35#51#- 16\n15#baracaldo ah#30#22#7#8#15#33#51#- 18\n16#cd tarrasa#30#19#5#9#16#33#60#- 27\n",
        "pandas_code": "(df.loc[df['club'] == 'cd tarrasa', 'goals against'].values[0] - df.loc[df['club'] == 'club sestao', 'goals against'].values[0] == 9) and (df.loc[df['club'] == 'cd tarrasa', 'goals against'].values[0] - df.loc[df['club'] == 'baracaldo ah', 'goals against'].values[0] == 9)",
        "pandas_eval": "True"
    },
    {
        "id": 33463,
        "statement": "ca osasuna have the highest point of 46 , follow by rc celta de vigo",
        "label": 1,
        "table_caption": "1960 - 61 segunda división",
        "table_text": "position#club#played#points#wins#draws#losses#goals for#goals against#goal difference\n1#ca osasuna#30#46#21#4#5#83#25#+ 58\n2#rc celta de vigo#30#40#17#6#7#56#30#+ 26\n3#deportivo la coruña#30#36#15#6#9#68#47#+ 21\n4#cd orense#30#36#14#8#8#45#36#+ 9\n5#pontevedra cf#30#31#11#9#10#39#40#- 1\n6#cd sabadell cf#30#31#11#9#10#30#40#- 10\n7#cultural leonesa#30#30#11#8#11#39#42#- 3\n8#cd basconia#30#29#14#1#15#41#57#- 16\n9#san sebastián cf#30#29#11#7#12#51#50#+ 1\n10#ud salamanca#30#29#11#7#12#42#36#+ 6\n11#sd indauchu#30#27#12#3#15#46#59#- 13\n12#cd condal 1#30#26#8#10#12#44#49#- 5\n13#real gijón#30#25#10#5#15#41#53#- 12\n14#club sestao#30#24#8#8#14#35#51#- 16\n15#baracaldo ah#30#22#7#8#15#33#51#- 18\n16#cd tarrasa#30#19#5#9#16#33#60#- 27\n",
        "pandas_code": "(df.loc[df['club'] == 'ca osasuna', 'points'].values[0] == 46) and (df.loc[df['club'] == 'rc celta de vigo', 'points'].values[0] == 40)",
        "pandas_eval": "True"
    },
    {
        "id": 33464,
        "statement": "player in all 16 position in the 1960 - 61 segunda división play 30 each",
        "label": 1,
        "table_caption": "1960 - 61 segunda división",
        "table_text": "position#club#played#points#wins#draws#losses#goals for#goals against#goal difference\n1#ca osasuna#30#46#21#4#5#83#25#+ 58\n2#rc celta de vigo#30#40#17#6#7#56#30#+ 26\n3#deportivo la coruña#30#36#15#6#9#68#47#+ 21\n4#cd orense#30#36#14#8#8#45#36#+ 9\n5#pontevedra cf#30#31#11#9#10#39#40#- 1\n6#cd sabadell cf#30#31#11#9#10#30#40#- 10\n7#cultural leonesa#30#30#11#8#11#39#42#- 3\n8#cd basconia#30#29#14#1#15#41#57#- 16\n9#san sebastián cf#30#29#11#7#12#51#50#+ 1\n10#ud salamanca#30#29#11#7#12#42#36#+ 6\n11#sd indauchu#30#27#12#3#15#46#59#- 13\n12#cd condal 1#30#26#8#10#12#44#49#- 5\n13#real gijón#30#25#10#5#15#41#53#- 12\n14#club sestao#30#24#8#8#14#35#51#- 16\n15#baracaldo ah#30#22#7#8#15#33#51#- 18\n16#cd tarrasa#30#19#5#9#16#33#60#- 27\n",
        "pandas_code": "all(df['played'] == 30)",
        "pandas_eval": "True"
    },
    {
        "id": 33465,
        "statement": "deportivo la coruña have the same number of loss as clubs cd orense and rc celta de vigo",
        "label": 0,
        "table_caption": "1960 - 61 segunda división",
        "table_text": "position#club#played#points#wins#draws#losses#goals for#goals against#goal difference\n1#ca osasuna#30#46#21#4#5#83#25#+ 58\n2#rc celta de vigo#30#40#17#6#7#56#30#+ 26\n3#deportivo la coruña#30#36#15#6#9#68#47#+ 21\n4#cd orense#30#36#14#8#8#45#36#+ 9\n5#pontevedra cf#30#31#11#9#10#39#40#- 1\n6#cd sabadell cf#30#31#11#9#10#30#40#- 10\n7#cultural leonesa#30#30#11#8#11#39#42#- 3\n8#cd basconia#30#29#14#1#15#41#57#- 16\n9#san sebastián cf#30#29#11#7#12#51#50#+ 1\n10#ud salamanca#30#29#11#7#12#42#36#+ 6\n11#sd indauchu#30#27#12#3#15#46#59#- 13\n12#cd condal 1#30#26#8#10#12#44#49#- 5\n13#real gijón#30#25#10#5#15#41#53#- 12\n14#club sestao#30#24#8#8#14#35#51#- 16\n15#baracaldo ah#30#22#7#8#15#33#51#- 18\n16#cd tarrasa#30#19#5#9#16#33#60#- 27\n",
        "pandas_code": "df.loc[df['club'] == 'deportivo la coruña', 'losses'].values[0] == df.loc[df['club'].isin(['cd orense', 'rc celta de vigo']), 'losses'].nunique() == 1",
        "pandas_eval": "False"
    },
    {
        "id": 33466,
        "statement": "pontevedra cf and cd sabadell cf of position 5 and 6 both have 29 point",
        "label": 0,
        "table_caption": "1960 - 61 segunda división",
        "table_text": "position#club#played#points#wins#draws#losses#goals for#goals against#goal difference\n1#ca osasuna#30#46#21#4#5#83#25#+ 58\n2#rc celta de vigo#30#40#17#6#7#56#30#+ 26\n3#deportivo la coruña#30#36#15#6#9#68#47#+ 21\n4#cd orense#30#36#14#8#8#45#36#+ 9\n5#pontevedra cf#30#31#11#9#10#39#40#- 1\n6#cd sabadell cf#30#31#11#9#10#30#40#- 10\n7#cultural leonesa#30#30#11#8#11#39#42#- 3\n8#cd basconia#30#29#14#1#15#41#57#- 16\n9#san sebastián cf#30#29#11#7#12#51#50#+ 1\n10#ud salamanca#30#29#11#7#12#42#36#+ 6\n11#sd indauchu#30#27#12#3#15#46#59#- 13\n12#cd condal 1#30#26#8#10#12#44#49#- 5\n13#real gijón#30#25#10#5#15#41#53#- 12\n14#club sestao#30#24#8#8#14#35#51#- 16\n15#baracaldo ah#30#22#7#8#15#33#51#- 18\n16#cd tarrasa#30#19#5#9#16#33#60#- 27\n",
        "pandas_code": "(df.loc[df['club'].isin(['pontevedra cf', 'cd sabadell cf']), 'points'] == 29).all()",
        "pandas_eval": "False"
    },
    {
        "id": 33467,
        "statement": "cd tarrasa have fewer goal against than club sestao and baracaldo ah",
        "label": 0,
        "table_caption": "1960 - 61 segunda división",
        "table_text": "position#club#played#points#wins#draws#losses#goals for#goals against#goal difference\n1#ca osasuna#30#46#21#4#5#83#25#+ 58\n2#rc celta de vigo#30#40#17#6#7#56#30#+ 26\n3#deportivo la coruña#30#36#15#6#9#68#47#+ 21\n4#cd orense#30#36#14#8#8#45#36#+ 9\n5#pontevedra cf#30#31#11#9#10#39#40#- 1\n6#cd sabadell cf#30#31#11#9#10#30#40#- 10\n7#cultural leonesa#30#30#11#8#11#39#42#- 3\n8#cd basconia#30#29#14#1#15#41#57#- 16\n9#san sebastián cf#30#29#11#7#12#51#50#+ 1\n10#ud salamanca#30#29#11#7#12#42#36#+ 6\n11#sd indauchu#30#27#12#3#15#46#59#- 13\n12#cd condal 1#30#26#8#10#12#44#49#- 5\n13#real gijón#30#25#10#5#15#41#53#- 12\n14#club sestao#30#24#8#8#14#35#51#- 16\n15#baracaldo ah#30#22#7#8#15#33#51#- 18\n16#cd tarrasa#30#19#5#9#16#33#60#- 27\n",
        "pandas_code": "df.loc[df['club'] == 'cd tarrasa', 'goals against'].values[0] < df.loc[df['club'].isin(['club sestao', 'baracaldo ah']), 'goals against'].min()",
        "pandas_eval": "False"
    },
    {
        "id": 33468,
        "statement": "ca osasuna and rc celta de vigohad tie for point",
        "label": 0,
        "table_caption": "1960 - 61 segunda división",
        "table_text": "position#club#played#points#wins#draws#losses#goals for#goals against#goal difference\n1#ca osasuna#30#46#21#4#5#83#25#+ 58\n2#rc celta de vigo#30#40#17#6#7#56#30#+ 26\n3#deportivo la coruña#30#36#15#6#9#68#47#+ 21\n4#cd orense#30#36#14#8#8#45#36#+ 9\n5#pontevedra cf#30#31#11#9#10#39#40#- 1\n6#cd sabadell cf#30#31#11#9#10#30#40#- 10\n7#cultural leonesa#30#30#11#8#11#39#42#- 3\n8#cd basconia#30#29#14#1#15#41#57#- 16\n9#san sebastián cf#30#29#11#7#12#51#50#+ 1\n10#ud salamanca#30#29#11#7#12#42#36#+ 6\n11#sd indauchu#30#27#12#3#15#46#59#- 13\n12#cd condal 1#30#26#8#10#12#44#49#- 5\n13#real gijón#30#25#10#5#15#41#53#- 12\n14#club sestao#30#24#8#8#14#35#51#- 16\n15#baracaldo ah#30#22#7#8#15#33#51#- 18\n16#cd tarrasa#30#19#5#9#16#33#60#- 27\n",
        "pandas_code": "df[df['club'].isin(['ca osasuna', 'rc celta de vigo'])]['points'].nunique() == 1",
        "pandas_eval": "False"
    },
    {
        "id": 33469,
        "statement": "none of the player in all 16 position in the 1960 - 61 segunda división play all 30 game",
        "label": 0,
        "table_caption": "1960 - 61 segunda división",
        "table_text": "position#club#played#points#wins#draws#losses#goals for#goals against#goal difference\n1#ca osasuna#30#46#21#4#5#83#25#+ 58\n2#rc celta de vigo#30#40#17#6#7#56#30#+ 26\n3#deportivo la coruña#30#36#15#6#9#68#47#+ 21\n4#cd orense#30#36#14#8#8#45#36#+ 9\n5#pontevedra cf#30#31#11#9#10#39#40#- 1\n6#cd sabadell cf#30#31#11#9#10#30#40#- 10\n7#cultural leonesa#30#30#11#8#11#39#42#- 3\n8#cd basconia#30#29#14#1#15#41#57#- 16\n9#san sebastián cf#30#29#11#7#12#51#50#+ 1\n10#ud salamanca#30#29#11#7#12#42#36#+ 6\n11#sd indauchu#30#27#12#3#15#46#59#- 13\n12#cd condal 1#30#26#8#10#12#44#49#- 5\n13#real gijón#30#25#10#5#15#41#53#- 12\n14#club sestao#30#24#8#8#14#35#51#- 16\n15#baracaldo ah#30#22#7#8#15#33#51#- 18\n16#cd tarrasa#30#19#5#9#16#33#60#- 27\n",
        "pandas_code": "all(df['played'] != 30)",
        "pandas_eval": "False"
    },
    {
        "id": 89232,
        "statement": "there be 0 goal against , have win larger than 12 , and a club of ud la palmas , and a position less than 5",
        "label": 0,
        "table_caption": "1960 - 61 segunda división",
        "table_text": "position#club#played#points#wins#draws#losses#goals for#goals against#goal difference\n1#cd tenerife#30#40#17#6#7#45#23#+ 22\n2#atlético ceuta#30#38#17#4#9#51#35#+ 16\n3#hércules cf#30#36#16#4#10#53#40#+ 13\n4#cádiz cf#30#35#16#3#11#55#54#+ 1\n5#ud las palmas#30#32#13#6#11#33#32#+ 1\n6#levante ud#30#32#13#6#11#58#40#+ 18\n7#ad plus ultra#30#31#15#1#14#58#41#+ 17\n8#real murcia#30#31#13#5#12#45#39#+ 6\n9#córdoba cf#30#30#14#2#14#40#34#+ 6\n10#cd mestalla#30#30#12#6#12#55#48#+ 7\n11#cd san fernando#30#27#9#9#12#33#37#- 4\n12#cd málaga#30#26#10#6#14#42#52#- 10\n13#cd castellón#30#24#8#8#14#36#50#- 14\n14#real jaén#30#24#10#4#16#31#61#- 30\n15#cf extremadura#30#23#9#5#16#31#63#- 32\n16#rayo vallecano#30#21#8#5#17#38#55#- 17\n",
        "pandas_code": "((df['goals against'] == 0) & (df['wins'] > 12) & (df['club'] == 'ud las palmas') & (df['position'] < 5)).any()",
        "pandas_eval": "False"
    }
]