[
    {
        "id": 30382,
        "statement": "andriy yarmolenko have the most dominant win in serravalle , san marino",
        "label": 1,
        "table_caption": "andriy yarmolenko",
        "table_text": "date#venue#score#result#competition\n5 september 2009#kyiv , ukraine#5 - 0#won#wc 2010 qual group 6\n14 october 2009#andorra la vella , andora#0 - 6#won#wc 2010 qual group 6\n17 november 2010#geneva , switzerland#2 - 2#draw#friendly\n2 september 2011#kharkiv , ukraine#2 - 3#lost#friendly\n7 october 2011#kyiv , ukraine#3 - 0#won#friendly\n11 november 2011#kyiv , ukraine#3 - 3#draw#friendly\n29 february 2012#petah tikva , israel#2 - 3#won#friendly\n28 may 2012#kufstein , austria#4 - 0#won#friendly\n6 february 2013#seville , spain#2 - 0#won#friendly\n22 march 2013#warsaw , poland#1 - 3#won#wc 2014 qual\n26 march 2013#odessa , ukraine#2 - 1#won#wc 2014 qual\n11 october 2013#kharkiv , ukraine#1 - 0#won#wc 2014 qual\n15 october 2013#serravalle , san marino#0 - 8#won#wc 2014 qual\n",
        "pandas_code": "df[(df['venue'] == 'serravalle , san marino') & (df['score'].apply(lambda x: int(x.split(' - ')[0]) - int(x.split(' - ')[1])) == df[df['venue'] == 'serravalle , san marino']['score'].apply(lambda x: int(x.split(' - ')[0]) - int(x.split(' - ')[1])).max())].shape[0] > 0",
        "pandas_eval": "True"
    },
    {
        "id": 30383,
        "statement": "22 march 2013 and 26 march 2013 andriy yarmolenko team score average of 3 goal",
        "label": 1,
        "table_caption": "andriy yarmolenko",
        "table_text": "date#venue#score#result#competition\n5 september 2009#kyiv , ukraine#5 - 0#won#wc 2010 qual group 6\n14 october 2009#andorra la vella , andora#0 - 6#won#wc 2010 qual group 6\n17 november 2010#geneva , switzerland#2 - 2#draw#friendly\n2 september 2011#kharkiv , ukraine#2 - 3#lost#friendly\n7 october 2011#kyiv , ukraine#3 - 0#won#friendly\n11 november 2011#kyiv , ukraine#3 - 3#draw#friendly\n29 february 2012#petah tikva , israel#2 - 3#won#friendly\n28 may 2012#kufstein , austria#4 - 0#won#friendly\n6 february 2013#seville , spain#2 - 0#won#friendly\n22 march 2013#warsaw , poland#1 - 3#won#wc 2014 qual\n26 march 2013#odessa , ukraine#2 - 1#won#wc 2014 qual\n11 october 2013#kharkiv , ukraine#1 - 0#won#wc 2014 qual\n15 october 2013#serravalle , san marino#0 - 8#won#wc 2014 qual\n",
        "pandas_code": "((df[df['date'].isin(['22 march 2013', '26 march 2013'])]['score'].str.split(' - ').apply(lambda x: int(x[0])).sum()) == 3)",
        "pandas_eval": "True"
    },
    {
        "id": 30384,
        "statement": "andriy yarmolenko win a friendly match in petah tikva , israel while they have a draw in geneva , switzerland",
        "label": 1,
        "table_caption": "andriy yarmolenko",
        "table_text": "date#venue#score#result#competition\n5 september 2009#kyiv , ukraine#5 - 0#won#wc 2010 qual group 6\n14 october 2009#andorra la vella , andora#0 - 6#won#wc 2010 qual group 6\n17 november 2010#geneva , switzerland#2 - 2#draw#friendly\n2 september 2011#kharkiv , ukraine#2 - 3#lost#friendly\n7 october 2011#kyiv , ukraine#3 - 0#won#friendly\n11 november 2011#kyiv , ukraine#3 - 3#draw#friendly\n29 february 2012#petah tikva , israel#2 - 3#won#friendly\n28 may 2012#kufstein , austria#4 - 0#won#friendly\n6 february 2013#seville , spain#2 - 0#won#friendly\n22 march 2013#warsaw , poland#1 - 3#won#wc 2014 qual\n26 march 2013#odessa , ukraine#2 - 1#won#wc 2014 qual\n11 october 2013#kharkiv , ukraine#1 - 0#won#wc 2014 qual\n15 october 2013#serravalle , san marino#0 - 8#won#wc 2014 qual\n",
        "pandas_code": "(df[(df['venue'] == 'petah tikva , israel') & (df['result'] == 'won') & (df['competition'] == 'friendly')].shape[0] > 0) & (df[(df['venue'] == 'geneva , switzerland') & (df['result'] == 'draw') & (df['competition'] == 'friendly')].shape[0] > 0)",
        "pandas_eval": "True"
    },
    {
        "id": 30385,
        "statement": "he only have 1 lost from 5 september 2009 to 15 october 2013",
        "label": 1,
        "table_caption": "andriy yarmolenko",
        "table_text": "date#venue#score#result#competition\n5 september 2009#kyiv , ukraine#5 - 0#won#wc 2010 qual group 6\n14 october 2009#andorra la vella , andora#0 - 6#won#wc 2010 qual group 6\n17 november 2010#geneva , switzerland#2 - 2#draw#friendly\n2 september 2011#kharkiv , ukraine#2 - 3#lost#friendly\n7 october 2011#kyiv , ukraine#3 - 0#won#friendly\n11 november 2011#kyiv , ukraine#3 - 3#draw#friendly\n29 february 2012#petah tikva , israel#2 - 3#won#friendly\n28 may 2012#kufstein , austria#4 - 0#won#friendly\n6 february 2013#seville , spain#2 - 0#won#friendly\n22 march 2013#warsaw , poland#1 - 3#won#wc 2014 qual\n26 march 2013#odessa , ukraine#2 - 1#won#wc 2014 qual\n11 october 2013#kharkiv , ukraine#1 - 0#won#wc 2014 qual\n15 october 2013#serravalle , san marino#0 - 8#won#wc 2014 qual\n",
        "pandas_code": "(df[(pd.to_datetime(df['date'], format='%d %B %Y') >= pd.to_datetime('5 september 2009', format='%d %B %Y')) & (pd.to_datetime(df['date'], format='%d %B %Y') <= pd.to_datetime('15 october 2013', format='%d %B %Y'))]['result'] == 'lost').sum() == 1",
        "pandas_eval": "True"
    },
    {
        "id": 30386,
        "statement": "he play in warsaw , poland after the match he play in andorra la vella , andora",
        "label": 1,
        "table_caption": "andriy yarmolenko",
        "table_text": "date#venue#score#result#competition\n5 september 2009#kyiv , ukraine#5 - 0#won#wc 2010 qual group 6\n14 october 2009#andorra la vella , andora#0 - 6#won#wc 2010 qual group 6\n17 november 2010#geneva , switzerland#2 - 2#draw#friendly\n2 september 2011#kharkiv , ukraine#2 - 3#lost#friendly\n7 october 2011#kyiv , ukraine#3 - 0#won#friendly\n11 november 2011#kyiv , ukraine#3 - 3#draw#friendly\n29 february 2012#petah tikva , israel#2 - 3#won#friendly\n28 may 2012#kufstein , austria#4 - 0#won#friendly\n6 february 2013#seville , spain#2 - 0#won#friendly\n22 march 2013#warsaw , poland#1 - 3#won#wc 2014 qual\n26 march 2013#odessa , ukraine#2 - 1#won#wc 2014 qual\n11 october 2013#kharkiv , ukraine#1 - 0#won#wc 2014 qual\n15 october 2013#serravalle , san marino#0 - 8#won#wc 2014 qual\n",
        "pandas_code": "df[(df['venue'] == 'warsaw , poland') | (df['venue'] == 'andorra la vella , andora')].sort_values('date').index[-1] > df[(df['venue'] == 'andorra la vella , andora')].index[0]",
        "pandas_eval": "True"
    },
    {
        "id": 30387,
        "statement": "andriy yarmolenko have the most dominant win in warsaw , poland",
        "label": 0,
        "table_caption": "andriy yarmolenko",
        "table_text": "date#venue#score#result#competition\n5 september 2009#kyiv , ukraine#5 - 0#won#wc 2010 qual group 6\n14 october 2009#andorra la vella , andora#0 - 6#won#wc 2010 qual group 6\n17 november 2010#geneva , switzerland#2 - 2#draw#friendly\n2 september 2011#kharkiv , ukraine#2 - 3#lost#friendly\n7 october 2011#kyiv , ukraine#3 - 0#won#friendly\n11 november 2011#kyiv , ukraine#3 - 3#draw#friendly\n29 february 2012#petah tikva , israel#2 - 3#won#friendly\n28 may 2012#kufstein , austria#4 - 0#won#friendly\n6 february 2013#seville , spain#2 - 0#won#friendly\n22 march 2013#warsaw , poland#1 - 3#won#wc 2014 qual\n26 march 2013#odessa , ukraine#2 - 1#won#wc 2014 qual\n11 october 2013#kharkiv , ukraine#1 - 0#won#wc 2014 qual\n15 october 2013#serravalle , san marino#0 - 8#won#wc 2014 qual\n",
        "pandas_code": "df[(df['venue'] == 'warsaw , poland') & (df['score'].apply(lambda x: int(x.split(' - ')[0]) - int(x.split(' - ')[1])) == df[df['venue'] == 'warsaw , poland']['score'].apply(lambda x: int(x.split(' - ')[0]) - int(x.split(' - ')[1])).max())].empty",
        "pandas_eval": "False"
    },
    {
        "id": 30388,
        "statement": "andriy yarmolenko have win every friendly match",
        "label": 0,
        "table_caption": "andriy yarmolenko",
        "table_text": "date#venue#score#result#competition\n5 september 2009#kyiv , ukraine#5 - 0#won#wc 2010 qual group 6\n14 october 2009#andorra la vella , andora#0 - 6#won#wc 2010 qual group 6\n17 november 2010#geneva , switzerland#2 - 2#draw#friendly\n2 september 2011#kharkiv , ukraine#2 - 3#lost#friendly\n7 october 2011#kyiv , ukraine#3 - 0#won#friendly\n11 november 2011#kyiv , ukraine#3 - 3#draw#friendly\n29 february 2012#petah tikva , israel#2 - 3#won#friendly\n28 may 2012#kufstein , austria#4 - 0#won#friendly\n6 february 2013#seville , spain#2 - 0#won#friendly\n22 march 2013#warsaw , poland#1 - 3#won#wc 2014 qual\n26 march 2013#odessa , ukraine#2 - 1#won#wc 2014 qual\n11 october 2013#kharkiv , ukraine#1 - 0#won#wc 2014 qual\n15 october 2013#serravalle , san marino#0 - 8#won#wc 2014 qual\n",
        "pandas_code": "all(df[df['competition'] == 'friendly']['result'] == 'won')",
        "pandas_eval": "False"
    },
    {
        "id": 30389,
        "statement": "andriy yarmolenko have lost 3 time from 5 september 2009 to 15 october 2013",
        "label": 0,
        "table_caption": "andriy yarmolenko",
        "table_text": "date#venue#score#result#competition\n5 september 2009#kyiv , ukraine#5 - 0#won#wc 2010 qual group 6\n14 october 2009#andorra la vella , andora#0 - 6#won#wc 2010 qual group 6\n17 november 2010#geneva , switzerland#2 - 2#draw#friendly\n2 september 2011#kharkiv , ukraine#2 - 3#lost#friendly\n7 october 2011#kyiv , ukraine#3 - 0#won#friendly\n11 november 2011#kyiv , ukraine#3 - 3#draw#friendly\n29 february 2012#petah tikva , israel#2 - 3#won#friendly\n28 may 2012#kufstein , austria#4 - 0#won#friendly\n6 february 2013#seville , spain#2 - 0#won#friendly\n22 march 2013#warsaw , poland#1 - 3#won#wc 2014 qual\n26 march 2013#odessa , ukraine#2 - 1#won#wc 2014 qual\n11 october 2013#kharkiv , ukraine#1 - 0#won#wc 2014 qual\n15 october 2013#serravalle , san marino#0 - 8#won#wc 2014 qual\n",
        "pandas_code": "(df[(df['date'] >= '5 september 2009') & (df['date'] <= '15 october 2013')]['result'] == 'lost').sum() == 3",
        "pandas_eval": "False"
    },
    {
        "id": 30390,
        "statement": "he play in warsaw , poland the same year he play in andorra la vella , andora",
        "label": 0,
        "table_caption": "andriy yarmolenko",
        "table_text": "date#venue#score#result#competition\n5 september 2009#kyiv , ukraine#5 - 0#won#wc 2010 qual group 6\n14 october 2009#andorra la vella , andora#0 - 6#won#wc 2010 qual group 6\n17 november 2010#geneva , switzerland#2 - 2#draw#friendly\n2 september 2011#kharkiv , ukraine#2 - 3#lost#friendly\n7 october 2011#kyiv , ukraine#3 - 0#won#friendly\n11 november 2011#kyiv , ukraine#3 - 3#draw#friendly\n29 february 2012#petah tikva , israel#2 - 3#won#friendly\n28 may 2012#kufstein , austria#4 - 0#won#friendly\n6 february 2013#seville , spain#2 - 0#won#friendly\n22 march 2013#warsaw , poland#1 - 3#won#wc 2014 qual\n26 march 2013#odessa , ukraine#2 - 1#won#wc 2014 qual\n11 october 2013#kharkiv , ukraine#1 - 0#won#wc 2014 qual\n15 october 2013#serravalle , san marino#0 - 8#won#wc 2014 qual\n",
        "pandas_code": "len(df[(df['venue'] == 'warsaw , poland') | (df['venue'] == 'andorra la vella , andora')].groupby(df['date'].str[-4:]).filter(lambda x: len(x) > 1)) > 0",
        "pandas_eval": "False"
    }
]