[
    {
        "id": 31824,
        "statement": "lacey lewis be a female office assitant who be run in the labrador rid",
        "label": 1,
        "table_caption": "conservative party of canada candidates , 2008 canadian federal election",
        "table_text": "riding#candidate 's name#gender#residence#occupation#votes#rank\navalon#fabian manning#m#st bride 's#parliamentarian#11542#2nd\nbonavista-gander-grand falls-windsor#andrew house#m#gander#lawyer#4354#2nd\nhumber-st barbe-baie verte#lorne robinson#m#pasadena#financial planner#2799#3rd\nlabrador#lacey lewis#f#ottawa#office assistant#615#3rd\nrandom-burin-st george 's#herb davis#m#gatineau#policy advisor#4791#3rd\nst john 's east#craig westcott#m#conception bay south#journalist#3836#3rd\nst john 's south-mount pearl#merv wiseman#m#north harbour#maritime search & rescue coordinator#4324#3rd\n",
        "pandas_code": "df[(df[\"candidate 's name\"] == 'lacey lewis') & (df['gender'] == 'f') & (df['occupation'] == 'office assistant') & (df['riding'] == 'labrador')].shape[0] == 1",
        "pandas_eval": "True"
    },
    {
        "id": 31825,
        "statement": "fabian manning and andrew house both rank 2nd",
        "label": 1,
        "table_caption": "conservative party of canada candidates , 2008 canadian federal election",
        "table_text": "riding#candidate 's name#gender#residence#occupation#votes#rank\navalon#fabian manning#m#st bride 's#parliamentarian#11542#2nd\nbonavista-gander-grand falls-windsor#andrew house#m#gander#lawyer#4354#2nd\nhumber-st barbe-baie verte#lorne robinson#m#pasadena#financial planner#2799#3rd\nlabrador#lacey lewis#f#ottawa#office assistant#615#3rd\nrandom-burin-st george 's#herb davis#m#gatineau#policy advisor#4791#3rd\nst john 's east#craig westcott#m#conception bay south#journalist#3836#3rd\nst john 's south-mount pearl#merv wiseman#m#north harbour#maritime search & rescue coordinator#4324#3rd\n",
        "pandas_code": "(df[df[\"candidate 's name\"].isin(['fabian manning', 'andrew house'])]['rank'] == '2nd').all()",
        "pandas_eval": "True"
    },
    {
        "id": 31826,
        "statement": "lacey lewis get under 1000 vote",
        "label": 1,
        "table_caption": "conservative party of canada candidates , 2008 canadian federal election",
        "table_text": "riding#candidate 's name#gender#residence#occupation#votes#rank\navalon#fabian manning#m#st bride 's#parliamentarian#11542#2nd\nbonavista-gander-grand falls-windsor#andrew house#m#gander#lawyer#4354#2nd\nhumber-st barbe-baie verte#lorne robinson#m#pasadena#financial planner#2799#3rd\nlabrador#lacey lewis#f#ottawa#office assistant#615#3rd\nrandom-burin-st george 's#herb davis#m#gatineau#policy advisor#4791#3rd\nst john 's east#craig westcott#m#conception bay south#journalist#3836#3rd\nst john 's south-mount pearl#merv wiseman#m#north harbour#maritime search & rescue coordinator#4324#3rd\n",
        "pandas_code": "df[df[\"candidate 's name\"] == 'lacey lewis']['votes'].iloc[0] < 1000",
        "pandas_eval": "True"
    },
    {
        "id": 31827,
        "statement": "andrew house and merv wiseman both get approximately 4300 vote",
        "label": 1,
        "table_caption": "conservative party of canada candidates , 2008 canadian federal election",
        "table_text": "riding#candidate 's name#gender#residence#occupation#votes#rank\navalon#fabian manning#m#st bride 's#parliamentarian#11542#2nd\nbonavista-gander-grand falls-windsor#andrew house#m#gander#lawyer#4354#2nd\nhumber-st barbe-baie verte#lorne robinson#m#pasadena#financial planner#2799#3rd\nlabrador#lacey lewis#f#ottawa#office assistant#615#3rd\nrandom-burin-st george 's#herb davis#m#gatineau#policy advisor#4791#3rd\nst john 's east#craig westcott#m#conception bay south#journalist#3836#3rd\nst john 's south-mount pearl#merv wiseman#m#north harbour#maritime search & rescue coordinator#4324#3rd\n",
        "pandas_code": "abs(df[df[\"candidate 's name\"].isin(['andrew house', 'merv wiseman'])]['votes'].mean() - 4300) < 100",
        "pandas_eval": "True"
    },
    {
        "id": 31828,
        "statement": "herb davis do not get over 5000 vote",
        "label": 1,
        "table_caption": "conservative party of canada candidates , 2008 canadian federal election",
        "table_text": "riding#candidate 's name#gender#residence#occupation#votes#rank\navalon#fabian manning#m#st bride 's#parliamentarian#11542#2nd\nbonavista-gander-grand falls-windsor#andrew house#m#gander#lawyer#4354#2nd\nhumber-st barbe-baie verte#lorne robinson#m#pasadena#financial planner#2799#3rd\nlabrador#lacey lewis#f#ottawa#office assistant#615#3rd\nrandom-burin-st george 's#herb davis#m#gatineau#policy advisor#4791#3rd\nst john 's east#craig westcott#m#conception bay south#journalist#3836#3rd\nst john 's south-mount pearl#merv wiseman#m#north harbour#maritime search & rescue coordinator#4324#3rd\n",
        "pandas_code": "df[df[\"candidate 's name\"] == 'herb davis']['votes'].iloc[0] <= 5000",
        "pandas_eval": "True"
    },
    {
        "id": 31830,
        "statement": "fabian manning and andrew house both rank 3rd",
        "label": 0,
        "table_caption": "conservative party of canada candidates , 2008 canadian federal election",
        "table_text": "riding#candidate 's name#gender#residence#occupation#votes#rank\navalon#fabian manning#m#st bride 's#parliamentarian#11542#2nd\nbonavista-gander-grand falls-windsor#andrew house#m#gander#lawyer#4354#2nd\nhumber-st barbe-baie verte#lorne robinson#m#pasadena#financial planner#2799#3rd\nlabrador#lacey lewis#f#ottawa#office assistant#615#3rd\nrandom-burin-st george 's#herb davis#m#gatineau#policy advisor#4791#3rd\nst john 's east#craig westcott#m#conception bay south#journalist#3836#3rd\nst john 's south-mount pearl#merv wiseman#m#north harbour#maritime search & rescue coordinator#4324#3rd\n",
        "pandas_code": "all(df[df[\"candidate 's name\"].isin(['fabian manning', 'andrew house'])]['rank'] == '3rd')",
        "pandas_eval": "False"
    },
    {
        "id": 31831,
        "statement": "lacey lewis get under 500 vote",
        "label": 0,
        "table_caption": "conservative party of canada candidates , 2008 canadian federal election",
        "table_text": "riding#candidate 's name#gender#residence#occupation#votes#rank\navalon#fabian manning#m#st bride 's#parliamentarian#11542#2nd\nbonavista-gander-grand falls-windsor#andrew house#m#gander#lawyer#4354#2nd\nhumber-st barbe-baie verte#lorne robinson#m#pasadena#financial planner#2799#3rd\nlabrador#lacey lewis#f#ottawa#office assistant#615#3rd\nrandom-burin-st george 's#herb davis#m#gatineau#policy advisor#4791#3rd\nst john 's east#craig westcott#m#conception bay south#journalist#3836#3rd\nst john 's south-mount pearl#merv wiseman#m#north harbour#maritime search & rescue coordinator#4324#3rd\n",
        "pandas_code": "df[df[\"candidate 's name\"] == 'lacey lewis']['votes'].iloc[0] < 500",
        "pandas_eval": "False"
    },
    {
        "id": 31832,
        "statement": "andrew house and merv wiseman both get approximately 2000 vote",
        "label": 0,
        "table_caption": "conservative party of canada candidates , 2008 canadian federal election",
        "table_text": "riding#candidate 's name#gender#residence#occupation#votes#rank\navalon#fabian manning#m#st bride 's#parliamentarian#11542#2nd\nbonavista-gander-grand falls-windsor#andrew house#m#gander#lawyer#4354#2nd\nhumber-st barbe-baie verte#lorne robinson#m#pasadena#financial planner#2799#3rd\nlabrador#lacey lewis#f#ottawa#office assistant#615#3rd\nrandom-burin-st george 's#herb davis#m#gatineau#policy advisor#4791#3rd\nst john 's east#craig westcott#m#conception bay south#journalist#3836#3rd\nst john 's south-mount pearl#merv wiseman#m#north harbour#maritime search & rescue coordinator#4324#3rd\n",
        "pandas_code": "(df[df[\"candidate 's name\"].isin(['andrew house', 'merv wiseman'])]['votes'] - 2000).abs().lt(500).all()",
        "pandas_eval": "False"
    },
    {
        "id": 31833,
        "statement": "herb davis do not get over 4000 vote",
        "label": 0,
        "table_caption": "conservative party of canada candidates , 2008 canadian federal election",
        "table_text": "riding#candidate 's name#gender#residence#occupation#votes#rank\navalon#fabian manning#m#st bride 's#parliamentarian#11542#2nd\nbonavista-gander-grand falls-windsor#andrew house#m#gander#lawyer#4354#2nd\nhumber-st barbe-baie verte#lorne robinson#m#pasadena#financial planner#2799#3rd\nlabrador#lacey lewis#f#ottawa#office assistant#615#3rd\nrandom-burin-st george 's#herb davis#m#gatineau#policy advisor#4791#3rd\nst john 's east#craig westcott#m#conception bay south#journalist#3836#3rd\nst john 's south-mount pearl#merv wiseman#m#north harbour#maritime search & rescue coordinator#4324#3rd\n",
        "pandas_code": "df[df[\"candidate 's name\"] == 'herb davis']['votes'].iloc[0] <= 4000",
        "pandas_eval": "False"
    }
]