[
    {
        "id": 29900,
        "statement": "during the 2004 colorado rockies season on august 19 the final score be 10 - 3",
        "label": 1,
        "table_caption": "2004 colorado rockies season",
        "table_text": "date#opponent#score#loss#attendance#record\naugust 1#diamondbacks#10 - 2#gonzález (0 - 4)#24193#47 - 58\naugust 3#cubs#5 - 3#fassero (2 - 7)#40716#47 - 59\naugust 4#cubs#11 - 8#chacón (1 - 7)#45305#47 - 60\naugust 5#cubs#5 - 1#jennings (10 - 9)#38195#47 - 61\naugust 6#reds#8 - 5#claussen (1 - 2)#26187#48 - 61\naugust 7#reds#9 - 5#wilson (9 - 3)#33649#49 - 61\naugust 8#reds#14 - 7#fassero (2 - 8)#28721#49 - 62\naugust 9#phillies#4 - 2#jones (8 - 3)#42031#50 - 62\naugust 10#phillies#5 - 4#worrell (3 - 5)#36636#51 - 62\naugust 11#phillies#15 - 4#jennings (10 - 10)#40634#51 - 63\naugust 12#phillies#3 - 1#lidle (7 - 11)#37464#52 - 63\naugust 13#pirates#9 - 3#wells (5 - 7)#27522#53 - 63\naugust 14#pirates#6 - 1#wright (1 - 1)#37312#53 - 64\naugust 15#pirates#3 - 0#kennedy (5 - 5)#24862#53 - 65\naugust 17#mets#6 - 4#wheeler (3 - 1)#34387#54 - 65\naugust 19#mets#10 - 3#estes (13 - 5)#30827#54 - 66\naugust 19#mets#4 - 2#reed (3 - 3)#29918#54 - 67\naugust 20#expos#4 - 3#fuentes (1 - 3)#32707#54 - 68\naugust 21#expos#5 - 2#hernández (9 - 11)#33225#55 - 68\naugust 22#expos#8 - 2#jennings (11 - 11)#26833#55 - 69\naugust 24#braves#6 - 5#harikkala (5 - 3)#27914#55 - 70\naugust 25#braves#8 - 1#francis (0 - 1)#25534#55 - 71\naugust 26#braves#6 - 4#wright (1 - 2)#28360#55 - 72\naugust 27#marlins#3 - 0#kennedy (6 - 6)#26735#55 - 73\naugust 28#marlins#4 - 3#reed (3 - 4)#35243#55 - 74\naugust 29#marlins#8 - 4#estes (13 - 6)#39104#55 - 75\naugust 31#giants#9 - 5#francis (0 - 2)#38305#55 - 76\n",
        "pandas_code": "df[(df['date'] == 'august 19') & (df['score'] == '10 - 3')].any().any()",
        "pandas_eval": "True"
    },
    {
        "id": 29901,
        "statement": "during the 2004 colorado rockies season , the game with the lowest attendance be when they play the diamondback",
        "label": 1,
        "table_caption": "2004 colorado rockies season",
        "table_text": "date#opponent#score#loss#attendance#record\naugust 1#diamondbacks#10 - 2#gonzález (0 - 4)#24193#47 - 58\naugust 3#cubs#5 - 3#fassero (2 - 7)#40716#47 - 59\naugust 4#cubs#11 - 8#chacón (1 - 7)#45305#47 - 60\naugust 5#cubs#5 - 1#jennings (10 - 9)#38195#47 - 61\naugust 6#reds#8 - 5#claussen (1 - 2)#26187#48 - 61\naugust 7#reds#9 - 5#wilson (9 - 3)#33649#49 - 61\naugust 8#reds#14 - 7#fassero (2 - 8)#28721#49 - 62\naugust 9#phillies#4 - 2#jones (8 - 3)#42031#50 - 62\naugust 10#phillies#5 - 4#worrell (3 - 5)#36636#51 - 62\naugust 11#phillies#15 - 4#jennings (10 - 10)#40634#51 - 63\naugust 12#phillies#3 - 1#lidle (7 - 11)#37464#52 - 63\naugust 13#pirates#9 - 3#wells (5 - 7)#27522#53 - 63\naugust 14#pirates#6 - 1#wright (1 - 1)#37312#53 - 64\naugust 15#pirates#3 - 0#kennedy (5 - 5)#24862#53 - 65\naugust 17#mets#6 - 4#wheeler (3 - 1)#34387#54 - 65\naugust 19#mets#10 - 3#estes (13 - 5)#30827#54 - 66\naugust 19#mets#4 - 2#reed (3 - 3)#29918#54 - 67\naugust 20#expos#4 - 3#fuentes (1 - 3)#32707#54 - 68\naugust 21#expos#5 - 2#hernández (9 - 11)#33225#55 - 68\naugust 22#expos#8 - 2#jennings (11 - 11)#26833#55 - 69\naugust 24#braves#6 - 5#harikkala (5 - 3)#27914#55 - 70\naugust 25#braves#8 - 1#francis (0 - 1)#25534#55 - 71\naugust 26#braves#6 - 4#wright (1 - 2)#28360#55 - 72\naugust 27#marlins#3 - 0#kennedy (6 - 6)#26735#55 - 73\naugust 28#marlins#4 - 3#reed (3 - 4)#35243#55 - 74\naugust 29#marlins#8 - 4#estes (13 - 6)#39104#55 - 75\naugust 31#giants#9 - 5#francis (0 - 2)#38305#55 - 76\n",
        "pandas_code": "df.loc[df['attendance'].idxmin(), 'opponent'] == 'diamondbacks'",
        "pandas_eval": "True"
    },
    {
        "id": 29902,
        "statement": "the 2004 colorado rockies season last from august 1 through august 31",
        "label": 1,
        "table_caption": "2004 colorado rockies season",
        "table_text": "date#opponent#score#loss#attendance#record\naugust 1#diamondbacks#10 - 2#gonzález (0 - 4)#24193#47 - 58\naugust 3#cubs#5 - 3#fassero (2 - 7)#40716#47 - 59\naugust 4#cubs#11 - 8#chacón (1 - 7)#45305#47 - 60\naugust 5#cubs#5 - 1#jennings (10 - 9)#38195#47 - 61\naugust 6#reds#8 - 5#claussen (1 - 2)#26187#48 - 61\naugust 7#reds#9 - 5#wilson (9 - 3)#33649#49 - 61\naugust 8#reds#14 - 7#fassero (2 - 8)#28721#49 - 62\naugust 9#phillies#4 - 2#jones (8 - 3)#42031#50 - 62\naugust 10#phillies#5 - 4#worrell (3 - 5)#36636#51 - 62\naugust 11#phillies#15 - 4#jennings (10 - 10)#40634#51 - 63\naugust 12#phillies#3 - 1#lidle (7 - 11)#37464#52 - 63\naugust 13#pirates#9 - 3#wells (5 - 7)#27522#53 - 63\naugust 14#pirates#6 - 1#wright (1 - 1)#37312#53 - 64\naugust 15#pirates#3 - 0#kennedy (5 - 5)#24862#53 - 65\naugust 17#mets#6 - 4#wheeler (3 - 1)#34387#54 - 65\naugust 19#mets#10 - 3#estes (13 - 5)#30827#54 - 66\naugust 19#mets#4 - 2#reed (3 - 3)#29918#54 - 67\naugust 20#expos#4 - 3#fuentes (1 - 3)#32707#54 - 68\naugust 21#expos#5 - 2#hernández (9 - 11)#33225#55 - 68\naugust 22#expos#8 - 2#jennings (11 - 11)#26833#55 - 69\naugust 24#braves#6 - 5#harikkala (5 - 3)#27914#55 - 70\naugust 25#braves#8 - 1#francis (0 - 1)#25534#55 - 71\naugust 26#braves#6 - 4#wright (1 - 2)#28360#55 - 72\naugust 27#marlins#3 - 0#kennedy (6 - 6)#26735#55 - 73\naugust 28#marlins#4 - 3#reed (3 - 4)#35243#55 - 74\naugust 29#marlins#8 - 4#estes (13 - 6)#39104#55 - 75\naugust 31#giants#9 - 5#francis (0 - 2)#38305#55 - 76\n",
        "pandas_code": "pd.to_datetime(df['date'], format='%B %d').min() == pd.to_datetime('august 1', format='%B %d') and pd.to_datetime(df['date'], format='%B %d').max() == pd.to_datetime('august 31', format='%B %d')",
        "pandas_eval": "True"
    },
    {
        "id": 29903,
        "statement": "during the 2004 colorado rockies season they play against the phillies 4 time",
        "label": 1,
        "table_caption": "2004 colorado rockies season",
        "table_text": "date#opponent#score#loss#attendance#record\naugust 1#diamondbacks#10 - 2#gonzález (0 - 4)#24193#47 - 58\naugust 3#cubs#5 - 3#fassero (2 - 7)#40716#47 - 59\naugust 4#cubs#11 - 8#chacón (1 - 7)#45305#47 - 60\naugust 5#cubs#5 - 1#jennings (10 - 9)#38195#47 - 61\naugust 6#reds#8 - 5#claussen (1 - 2)#26187#48 - 61\naugust 7#reds#9 - 5#wilson (9 - 3)#33649#49 - 61\naugust 8#reds#14 - 7#fassero (2 - 8)#28721#49 - 62\naugust 9#phillies#4 - 2#jones (8 - 3)#42031#50 - 62\naugust 10#phillies#5 - 4#worrell (3 - 5)#36636#51 - 62\naugust 11#phillies#15 - 4#jennings (10 - 10)#40634#51 - 63\naugust 12#phillies#3 - 1#lidle (7 - 11)#37464#52 - 63\naugust 13#pirates#9 - 3#wells (5 - 7)#27522#53 - 63\naugust 14#pirates#6 - 1#wright (1 - 1)#37312#53 - 64\naugust 15#pirates#3 - 0#kennedy (5 - 5)#24862#53 - 65\naugust 17#mets#6 - 4#wheeler (3 - 1)#34387#54 - 65\naugust 19#mets#10 - 3#estes (13 - 5)#30827#54 - 66\naugust 19#mets#4 - 2#reed (3 - 3)#29918#54 - 67\naugust 20#expos#4 - 3#fuentes (1 - 3)#32707#54 - 68\naugust 21#expos#5 - 2#hernández (9 - 11)#33225#55 - 68\naugust 22#expos#8 - 2#jennings (11 - 11)#26833#55 - 69\naugust 24#braves#6 - 5#harikkala (5 - 3)#27914#55 - 70\naugust 25#braves#8 - 1#francis (0 - 1)#25534#55 - 71\naugust 26#braves#6 - 4#wright (1 - 2)#28360#55 - 72\naugust 27#marlins#3 - 0#kennedy (6 - 6)#26735#55 - 73\naugust 28#marlins#4 - 3#reed (3 - 4)#35243#55 - 74\naugust 29#marlins#8 - 4#estes (13 - 6)#39104#55 - 75\naugust 31#giants#9 - 5#francis (0 - 2)#38305#55 - 76\n",
        "pandas_code": "df[df['opponent'] == 'phillies'].shape[0] == 4",
        "pandas_eval": "True"
    },
    {
        "id": 29904,
        "statement": "during the 2004 colorado rockies season , the game with the highest attendance be when they be play the cub",
        "label": 1,
        "table_caption": "2004 colorado rockies season",
        "table_text": "date#opponent#score#loss#attendance#record\naugust 1#diamondbacks#10 - 2#gonzález (0 - 4)#24193#47 - 58\naugust 3#cubs#5 - 3#fassero (2 - 7)#40716#47 - 59\naugust 4#cubs#11 - 8#chacón (1 - 7)#45305#47 - 60\naugust 5#cubs#5 - 1#jennings (10 - 9)#38195#47 - 61\naugust 6#reds#8 - 5#claussen (1 - 2)#26187#48 - 61\naugust 7#reds#9 - 5#wilson (9 - 3)#33649#49 - 61\naugust 8#reds#14 - 7#fassero (2 - 8)#28721#49 - 62\naugust 9#phillies#4 - 2#jones (8 - 3)#42031#50 - 62\naugust 10#phillies#5 - 4#worrell (3 - 5)#36636#51 - 62\naugust 11#phillies#15 - 4#jennings (10 - 10)#40634#51 - 63\naugust 12#phillies#3 - 1#lidle (7 - 11)#37464#52 - 63\naugust 13#pirates#9 - 3#wells (5 - 7)#27522#53 - 63\naugust 14#pirates#6 - 1#wright (1 - 1)#37312#53 - 64\naugust 15#pirates#3 - 0#kennedy (5 - 5)#24862#53 - 65\naugust 17#mets#6 - 4#wheeler (3 - 1)#34387#54 - 65\naugust 19#mets#10 - 3#estes (13 - 5)#30827#54 - 66\naugust 19#mets#4 - 2#reed (3 - 3)#29918#54 - 67\naugust 20#expos#4 - 3#fuentes (1 - 3)#32707#54 - 68\naugust 21#expos#5 - 2#hernández (9 - 11)#33225#55 - 68\naugust 22#expos#8 - 2#jennings (11 - 11)#26833#55 - 69\naugust 24#braves#6 - 5#harikkala (5 - 3)#27914#55 - 70\naugust 25#braves#8 - 1#francis (0 - 1)#25534#55 - 71\naugust 26#braves#6 - 4#wright (1 - 2)#28360#55 - 72\naugust 27#marlins#3 - 0#kennedy (6 - 6)#26735#55 - 73\naugust 28#marlins#4 - 3#reed (3 - 4)#35243#55 - 74\naugust 29#marlins#8 - 4#estes (13 - 6)#39104#55 - 75\naugust 31#giants#9 - 5#francis (0 - 2)#38305#55 - 76\n",
        "pandas_code": "df.loc[df['attendance'].idxmax(), 'opponent'] == 'cubs'",
        "pandas_eval": "True"
    },
    {
        "id": 29905,
        "statement": "during the 2004 colorado rockies season on august 17 the final score be 10 - 3",
        "label": 0,
        "table_caption": "2004 colorado rockies season",
        "table_text": "date#opponent#score#loss#attendance#record\naugust 1#diamondbacks#10 - 2#gonzález (0 - 4)#24193#47 - 58\naugust 3#cubs#5 - 3#fassero (2 - 7)#40716#47 - 59\naugust 4#cubs#11 - 8#chacón (1 - 7)#45305#47 - 60\naugust 5#cubs#5 - 1#jennings (10 - 9)#38195#47 - 61\naugust 6#reds#8 - 5#claussen (1 - 2)#26187#48 - 61\naugust 7#reds#9 - 5#wilson (9 - 3)#33649#49 - 61\naugust 8#reds#14 - 7#fassero (2 - 8)#28721#49 - 62\naugust 9#phillies#4 - 2#jones (8 - 3)#42031#50 - 62\naugust 10#phillies#5 - 4#worrell (3 - 5)#36636#51 - 62\naugust 11#phillies#15 - 4#jennings (10 - 10)#40634#51 - 63\naugust 12#phillies#3 - 1#lidle (7 - 11)#37464#52 - 63\naugust 13#pirates#9 - 3#wells (5 - 7)#27522#53 - 63\naugust 14#pirates#6 - 1#wright (1 - 1)#37312#53 - 64\naugust 15#pirates#3 - 0#kennedy (5 - 5)#24862#53 - 65\naugust 17#mets#6 - 4#wheeler (3 - 1)#34387#54 - 65\naugust 19#mets#10 - 3#estes (13 - 5)#30827#54 - 66\naugust 19#mets#4 - 2#reed (3 - 3)#29918#54 - 67\naugust 20#expos#4 - 3#fuentes (1 - 3)#32707#54 - 68\naugust 21#expos#5 - 2#hernández (9 - 11)#33225#55 - 68\naugust 22#expos#8 - 2#jennings (11 - 11)#26833#55 - 69\naugust 24#braves#6 - 5#harikkala (5 - 3)#27914#55 - 70\naugust 25#braves#8 - 1#francis (0 - 1)#25534#55 - 71\naugust 26#braves#6 - 4#wright (1 - 2)#28360#55 - 72\naugust 27#marlins#3 - 0#kennedy (6 - 6)#26735#55 - 73\naugust 28#marlins#4 - 3#reed (3 - 4)#35243#55 - 74\naugust 29#marlins#8 - 4#estes (13 - 6)#39104#55 - 75\naugust 31#giants#9 - 5#francis (0 - 2)#38305#55 - 76\n",
        "pandas_code": "df[df['date'] == 'august 17']['score'].eq('10 - 3').any()",
        "pandas_eval": "False"
    },
    {
        "id": 29906,
        "statement": "during the 2004 colorado rockies season , the game with the highest attendance be when they play the diamondback",
        "label": 0,
        "table_caption": "2004 colorado rockies season",
        "table_text": "date#opponent#score#loss#attendance#record\naugust 1#diamondbacks#10 - 2#gonzález (0 - 4)#24193#47 - 58\naugust 3#cubs#5 - 3#fassero (2 - 7)#40716#47 - 59\naugust 4#cubs#11 - 8#chacón (1 - 7)#45305#47 - 60\naugust 5#cubs#5 - 1#jennings (10 - 9)#38195#47 - 61\naugust 6#reds#8 - 5#claussen (1 - 2)#26187#48 - 61\naugust 7#reds#9 - 5#wilson (9 - 3)#33649#49 - 61\naugust 8#reds#14 - 7#fassero (2 - 8)#28721#49 - 62\naugust 9#phillies#4 - 2#jones (8 - 3)#42031#50 - 62\naugust 10#phillies#5 - 4#worrell (3 - 5)#36636#51 - 62\naugust 11#phillies#15 - 4#jennings (10 - 10)#40634#51 - 63\naugust 12#phillies#3 - 1#lidle (7 - 11)#37464#52 - 63\naugust 13#pirates#9 - 3#wells (5 - 7)#27522#53 - 63\naugust 14#pirates#6 - 1#wright (1 - 1)#37312#53 - 64\naugust 15#pirates#3 - 0#kennedy (5 - 5)#24862#53 - 65\naugust 17#mets#6 - 4#wheeler (3 - 1)#34387#54 - 65\naugust 19#mets#10 - 3#estes (13 - 5)#30827#54 - 66\naugust 19#mets#4 - 2#reed (3 - 3)#29918#54 - 67\naugust 20#expos#4 - 3#fuentes (1 - 3)#32707#54 - 68\naugust 21#expos#5 - 2#hernández (9 - 11)#33225#55 - 68\naugust 22#expos#8 - 2#jennings (11 - 11)#26833#55 - 69\naugust 24#braves#6 - 5#harikkala (5 - 3)#27914#55 - 70\naugust 25#braves#8 - 1#francis (0 - 1)#25534#55 - 71\naugust 26#braves#6 - 4#wright (1 - 2)#28360#55 - 72\naugust 27#marlins#3 - 0#kennedy (6 - 6)#26735#55 - 73\naugust 28#marlins#4 - 3#reed (3 - 4)#35243#55 - 74\naugust 29#marlins#8 - 4#estes (13 - 6)#39104#55 - 75\naugust 31#giants#9 - 5#francis (0 - 2)#38305#55 - 76\n",
        "pandas_code": "df.loc[df['attendance'].idxmax(), 'opponent'] == 'diamondbacks'",
        "pandas_eval": "False"
    },
    {
        "id": 29907,
        "statement": "the 2004 colorado rockies season last from august 1 through august 21",
        "label": 0,
        "table_caption": "2004 colorado rockies season",
        "table_text": "date#opponent#score#loss#attendance#record\naugust 1#diamondbacks#10 - 2#gonzález (0 - 4)#24193#47 - 58\naugust 3#cubs#5 - 3#fassero (2 - 7)#40716#47 - 59\naugust 4#cubs#11 - 8#chacón (1 - 7)#45305#47 - 60\naugust 5#cubs#5 - 1#jennings (10 - 9)#38195#47 - 61\naugust 6#reds#8 - 5#claussen (1 - 2)#26187#48 - 61\naugust 7#reds#9 - 5#wilson (9 - 3)#33649#49 - 61\naugust 8#reds#14 - 7#fassero (2 - 8)#28721#49 - 62\naugust 9#phillies#4 - 2#jones (8 - 3)#42031#50 - 62\naugust 10#phillies#5 - 4#worrell (3 - 5)#36636#51 - 62\naugust 11#phillies#15 - 4#jennings (10 - 10)#40634#51 - 63\naugust 12#phillies#3 - 1#lidle (7 - 11)#37464#52 - 63\naugust 13#pirates#9 - 3#wells (5 - 7)#27522#53 - 63\naugust 14#pirates#6 - 1#wright (1 - 1)#37312#53 - 64\naugust 15#pirates#3 - 0#kennedy (5 - 5)#24862#53 - 65\naugust 17#mets#6 - 4#wheeler (3 - 1)#34387#54 - 65\naugust 19#mets#10 - 3#estes (13 - 5)#30827#54 - 66\naugust 19#mets#4 - 2#reed (3 - 3)#29918#54 - 67\naugust 20#expos#4 - 3#fuentes (1 - 3)#32707#54 - 68\naugust 21#expos#5 - 2#hernández (9 - 11)#33225#55 - 68\naugust 22#expos#8 - 2#jennings (11 - 11)#26833#55 - 69\naugust 24#braves#6 - 5#harikkala (5 - 3)#27914#55 - 70\naugust 25#braves#8 - 1#francis (0 - 1)#25534#55 - 71\naugust 26#braves#6 - 4#wright (1 - 2)#28360#55 - 72\naugust 27#marlins#3 - 0#kennedy (6 - 6)#26735#55 - 73\naugust 28#marlins#4 - 3#reed (3 - 4)#35243#55 - 74\naugust 29#marlins#8 - 4#estes (13 - 6)#39104#55 - 75\naugust 31#giants#9 - 5#francis (0 - 2)#38305#55 - 76\n",
        "pandas_code": "df['date'].isin(['august 1', 'august 21']).all()",
        "pandas_eval": "False"
    },
    {
        "id": 29908,
        "statement": "during the 2004 colorado rockies season they play against the phillies 10 time",
        "label": 0,
        "table_caption": "2004 colorado rockies season",
        "table_text": "date#opponent#score#loss#attendance#record\naugust 1#diamondbacks#10 - 2#gonzález (0 - 4)#24193#47 - 58\naugust 3#cubs#5 - 3#fassero (2 - 7)#40716#47 - 59\naugust 4#cubs#11 - 8#chacón (1 - 7)#45305#47 - 60\naugust 5#cubs#5 - 1#jennings (10 - 9)#38195#47 - 61\naugust 6#reds#8 - 5#claussen (1 - 2)#26187#48 - 61\naugust 7#reds#9 - 5#wilson (9 - 3)#33649#49 - 61\naugust 8#reds#14 - 7#fassero (2 - 8)#28721#49 - 62\naugust 9#phillies#4 - 2#jones (8 - 3)#42031#50 - 62\naugust 10#phillies#5 - 4#worrell (3 - 5)#36636#51 - 62\naugust 11#phillies#15 - 4#jennings (10 - 10)#40634#51 - 63\naugust 12#phillies#3 - 1#lidle (7 - 11)#37464#52 - 63\naugust 13#pirates#9 - 3#wells (5 - 7)#27522#53 - 63\naugust 14#pirates#6 - 1#wright (1 - 1)#37312#53 - 64\naugust 15#pirates#3 - 0#kennedy (5 - 5)#24862#53 - 65\naugust 17#mets#6 - 4#wheeler (3 - 1)#34387#54 - 65\naugust 19#mets#10 - 3#estes (13 - 5)#30827#54 - 66\naugust 19#mets#4 - 2#reed (3 - 3)#29918#54 - 67\naugust 20#expos#4 - 3#fuentes (1 - 3)#32707#54 - 68\naugust 21#expos#5 - 2#hernández (9 - 11)#33225#55 - 68\naugust 22#expos#8 - 2#jennings (11 - 11)#26833#55 - 69\naugust 24#braves#6 - 5#harikkala (5 - 3)#27914#55 - 70\naugust 25#braves#8 - 1#francis (0 - 1)#25534#55 - 71\naugust 26#braves#6 - 4#wright (1 - 2)#28360#55 - 72\naugust 27#marlins#3 - 0#kennedy (6 - 6)#26735#55 - 73\naugust 28#marlins#4 - 3#reed (3 - 4)#35243#55 - 74\naugust 29#marlins#8 - 4#estes (13 - 6)#39104#55 - 75\naugust 31#giants#9 - 5#francis (0 - 2)#38305#55 - 76\n",
        "pandas_code": "len(df[df['opponent'] == 'phillies']) == 10",
        "pandas_eval": "False"
    },
    {
        "id": 29909,
        "statement": "during the 2004 colorado rockies season , the game with the lowest attendance be when they be play the cub",
        "label": 0,
        "table_caption": "2004 colorado rockies season",
        "table_text": "date#opponent#score#loss#attendance#record\naugust 1#diamondbacks#10 - 2#gonzález (0 - 4)#24193#47 - 58\naugust 3#cubs#5 - 3#fassero (2 - 7)#40716#47 - 59\naugust 4#cubs#11 - 8#chacón (1 - 7)#45305#47 - 60\naugust 5#cubs#5 - 1#jennings (10 - 9)#38195#47 - 61\naugust 6#reds#8 - 5#claussen (1 - 2)#26187#48 - 61\naugust 7#reds#9 - 5#wilson (9 - 3)#33649#49 - 61\naugust 8#reds#14 - 7#fassero (2 - 8)#28721#49 - 62\naugust 9#phillies#4 - 2#jones (8 - 3)#42031#50 - 62\naugust 10#phillies#5 - 4#worrell (3 - 5)#36636#51 - 62\naugust 11#phillies#15 - 4#jennings (10 - 10)#40634#51 - 63\naugust 12#phillies#3 - 1#lidle (7 - 11)#37464#52 - 63\naugust 13#pirates#9 - 3#wells (5 - 7)#27522#53 - 63\naugust 14#pirates#6 - 1#wright (1 - 1)#37312#53 - 64\naugust 15#pirates#3 - 0#kennedy (5 - 5)#24862#53 - 65\naugust 17#mets#6 - 4#wheeler (3 - 1)#34387#54 - 65\naugust 19#mets#10 - 3#estes (13 - 5)#30827#54 - 66\naugust 19#mets#4 - 2#reed (3 - 3)#29918#54 - 67\naugust 20#expos#4 - 3#fuentes (1 - 3)#32707#54 - 68\naugust 21#expos#5 - 2#hernández (9 - 11)#33225#55 - 68\naugust 22#expos#8 - 2#jennings (11 - 11)#26833#55 - 69\naugust 24#braves#6 - 5#harikkala (5 - 3)#27914#55 - 70\naugust 25#braves#8 - 1#francis (0 - 1)#25534#55 - 71\naugust 26#braves#6 - 4#wright (1 - 2)#28360#55 - 72\naugust 27#marlins#3 - 0#kennedy (6 - 6)#26735#55 - 73\naugust 28#marlins#4 - 3#reed (3 - 4)#35243#55 - 74\naugust 29#marlins#8 - 4#estes (13 - 6)#39104#55 - 75\naugust 31#giants#9 - 5#francis (0 - 2)#38305#55 - 76\n",
        "pandas_code": "df['attendance'].min() == df[df['opponent'] == 'cubs']['attendance'].min()",
        "pandas_eval": "False"
    },
    {
        "id": 31804,
        "statement": "more crowd watch on june 26 than on june 22",
        "label": 1,
        "table_caption": "2004 colorado rockies season",
        "table_text": "date#opponent#score#loss#attendance#record\njune 1#padres#7 - 1#germano (1 - 1)#28313#20 - 31\njune 2#padres#2 - 1 (10)#fuentes (1 - 2)#38521#20 - 32\njune 4#giants#13 - 7#fassero (0 - 5)#32093#20 - 33\njune 5#giants#11 - 2#rueter (2 - 5)#30149#21 - 33\njune 6#giants#16 - 4#cook (1 - 1)#37147#21 - 34\njune 7#giants#10 - 5#reed (0 - 1)#20887#21 - 35\njune 8#yankees#2 - 1#fassero (0 - 6)#51852#21 - 36\njune 9#yankees#7 - 5#kennedy (4 - 4)#38013#21 - 37\njune 10#yankees#10 - 4#jennings (5 - 6)#41586#21 - 38\njune 11#devil rays#8 - 7 (10)#chacón (0 - 3)#9280#21 - 39\njune 12#devil rays#10 - 7#harikkala (1 - 1)#11299#21 - 40\njune 13#devil rays#3 - 2#chacón (0 - 4)#11227#21 - 41\njune 15#red sox#6 - 3#arroyo (2 - 5)#40489#22 - 41\njune 16#red sox#7 - 6#schilling (8 - 4)#39319#23 - 41\njune 17#red sox#11 - 0#cook (1 - 2)#40088#23 - 42\njune 18#orioles#5 - 3#ponson (3 - 9)#30148#24 - 42\njune 19#orioles#11 - 6#dubose (4 - 6)#33326#25 - 42\njune 20#orioles#4 - 2#chacón (0 - 5)#40532#25 - 43\njune 22#brewers#6 - 2#lópez (0 - 2)#13264#25 - 44\njune 23#brewers#3 - 2#capuano (2 - 3)#19964#26 - 44\njune 24#brewers#3 - 0#sheets (6 - 5)#21224#27 - 44\njune 25#indians#10 - 8 (10)#jiménez (1 - 6)#22642#28 - 44\njune 26#indians#4 - 3 (12)#reed (1 - 2)#29124#28 - 45\njune 27#indians#5 - 3#jennings (6 - 7)#27252#28 - 46\njune 29#brewers#6 - 3#estes (8 - 4)#28085#28 - 47\njune 30#brewers#5 - 4#cook (2 - 3)#24126#28 - 48\n",
        "pandas_code": "df[df['date'] == 'june 26']['attendance'].values[0] > df[df['date'] == 'june 22']['attendance'].values[0]",
        "pandas_eval": "True"
    },
    {
        "id": 31805,
        "statement": "the colorado rockies fight against the brewer 5 time",
        "label": 1,
        "table_caption": "2004 colorado rockies season",
        "table_text": "date#opponent#score#loss#attendance#record\njune 1#padres#7 - 1#germano (1 - 1)#28313#20 - 31\njune 2#padres#2 - 1 (10)#fuentes (1 - 2)#38521#20 - 32\njune 4#giants#13 - 7#fassero (0 - 5)#32093#20 - 33\njune 5#giants#11 - 2#rueter (2 - 5)#30149#21 - 33\njune 6#giants#16 - 4#cook (1 - 1)#37147#21 - 34\njune 7#giants#10 - 5#reed (0 - 1)#20887#21 - 35\njune 8#yankees#2 - 1#fassero (0 - 6)#51852#21 - 36\njune 9#yankees#7 - 5#kennedy (4 - 4)#38013#21 - 37\njune 10#yankees#10 - 4#jennings (5 - 6)#41586#21 - 38\njune 11#devil rays#8 - 7 (10)#chacón (0 - 3)#9280#21 - 39\njune 12#devil rays#10 - 7#harikkala (1 - 1)#11299#21 - 40\njune 13#devil rays#3 - 2#chacón (0 - 4)#11227#21 - 41\njune 15#red sox#6 - 3#arroyo (2 - 5)#40489#22 - 41\njune 16#red sox#7 - 6#schilling (8 - 4)#39319#23 - 41\njune 17#red sox#11 - 0#cook (1 - 2)#40088#23 - 42\njune 18#orioles#5 - 3#ponson (3 - 9)#30148#24 - 42\njune 19#orioles#11 - 6#dubose (4 - 6)#33326#25 - 42\njune 20#orioles#4 - 2#chacón (0 - 5)#40532#25 - 43\njune 22#brewers#6 - 2#lópez (0 - 2)#13264#25 - 44\njune 23#brewers#3 - 2#capuano (2 - 3)#19964#26 - 44\njune 24#brewers#3 - 0#sheets (6 - 5)#21224#27 - 44\njune 25#indians#10 - 8 (10)#jiménez (1 - 6)#22642#28 - 44\njune 26#indians#4 - 3 (12)#reed (1 - 2)#29124#28 - 45\njune 27#indians#5 - 3#jennings (6 - 7)#27252#28 - 46\njune 29#brewers#6 - 3#estes (8 - 4)#28085#28 - 47\njune 30#brewers#5 - 4#cook (2 - 3)#24126#28 - 48\n",
        "pandas_code": "len(df[df['opponent'] == 'brewers']) == 5",
        "pandas_eval": "True"
    },
    {
        "id": 31806,
        "statement": "the padre be the opponent on the first 2 day of june",
        "label": 1,
        "table_caption": "2004 colorado rockies season",
        "table_text": "date#opponent#score#loss#attendance#record\njune 1#padres#7 - 1#germano (1 - 1)#28313#20 - 31\njune 2#padres#2 - 1 (10)#fuentes (1 - 2)#38521#20 - 32\njune 4#giants#13 - 7#fassero (0 - 5)#32093#20 - 33\njune 5#giants#11 - 2#rueter (2 - 5)#30149#21 - 33\njune 6#giants#16 - 4#cook (1 - 1)#37147#21 - 34\njune 7#giants#10 - 5#reed (0 - 1)#20887#21 - 35\njune 8#yankees#2 - 1#fassero (0 - 6)#51852#21 - 36\njune 9#yankees#7 - 5#kennedy (4 - 4)#38013#21 - 37\njune 10#yankees#10 - 4#jennings (5 - 6)#41586#21 - 38\njune 11#devil rays#8 - 7 (10)#chacón (0 - 3)#9280#21 - 39\njune 12#devil rays#10 - 7#harikkala (1 - 1)#11299#21 - 40\njune 13#devil rays#3 - 2#chacón (0 - 4)#11227#21 - 41\njune 15#red sox#6 - 3#arroyo (2 - 5)#40489#22 - 41\njune 16#red sox#7 - 6#schilling (8 - 4)#39319#23 - 41\njune 17#red sox#11 - 0#cook (1 - 2)#40088#23 - 42\njune 18#orioles#5 - 3#ponson (3 - 9)#30148#24 - 42\njune 19#orioles#11 - 6#dubose (4 - 6)#33326#25 - 42\njune 20#orioles#4 - 2#chacón (0 - 5)#40532#25 - 43\njune 22#brewers#6 - 2#lópez (0 - 2)#13264#25 - 44\njune 23#brewers#3 - 2#capuano (2 - 3)#19964#26 - 44\njune 24#brewers#3 - 0#sheets (6 - 5)#21224#27 - 44\njune 25#indians#10 - 8 (10)#jiménez (1 - 6)#22642#28 - 44\njune 26#indians#4 - 3 (12)#reed (1 - 2)#29124#28 - 45\njune 27#indians#5 - 3#jennings (6 - 7)#27252#28 - 46\njune 29#brewers#6 - 3#estes (8 - 4)#28085#28 - 47\njune 30#brewers#5 - 4#cook (2 - 3)#24126#28 - 48\n",
        "pandas_code": "all(df['opponent'].iloc[:2] == 'padres')",
        "pandas_eval": "True"
    },
    {
        "id": 31808,
        "statement": "the highest record be on june 30",
        "label": 1,
        "table_caption": "2004 colorado rockies season",
        "table_text": "date#opponent#score#loss#attendance#record\njune 1#padres#7 - 1#germano (1 - 1)#28313#20 - 31\njune 2#padres#2 - 1 (10)#fuentes (1 - 2)#38521#20 - 32\njune 4#giants#13 - 7#fassero (0 - 5)#32093#20 - 33\njune 5#giants#11 - 2#rueter (2 - 5)#30149#21 - 33\njune 6#giants#16 - 4#cook (1 - 1)#37147#21 - 34\njune 7#giants#10 - 5#reed (0 - 1)#20887#21 - 35\njune 8#yankees#2 - 1#fassero (0 - 6)#51852#21 - 36\njune 9#yankees#7 - 5#kennedy (4 - 4)#38013#21 - 37\njune 10#yankees#10 - 4#jennings (5 - 6)#41586#21 - 38\njune 11#devil rays#8 - 7 (10)#chacón (0 - 3)#9280#21 - 39\njune 12#devil rays#10 - 7#harikkala (1 - 1)#11299#21 - 40\njune 13#devil rays#3 - 2#chacón (0 - 4)#11227#21 - 41\njune 15#red sox#6 - 3#arroyo (2 - 5)#40489#22 - 41\njune 16#red sox#7 - 6#schilling (8 - 4)#39319#23 - 41\njune 17#red sox#11 - 0#cook (1 - 2)#40088#23 - 42\njune 18#orioles#5 - 3#ponson (3 - 9)#30148#24 - 42\njune 19#orioles#11 - 6#dubose (4 - 6)#33326#25 - 42\njune 20#orioles#4 - 2#chacón (0 - 5)#40532#25 - 43\njune 22#brewers#6 - 2#lópez (0 - 2)#13264#25 - 44\njune 23#brewers#3 - 2#capuano (2 - 3)#19964#26 - 44\njune 24#brewers#3 - 0#sheets (6 - 5)#21224#27 - 44\njune 25#indians#10 - 8 (10)#jiménez (1 - 6)#22642#28 - 44\njune 26#indians#4 - 3 (12)#reed (1 - 2)#29124#28 - 45\njune 27#indians#5 - 3#jennings (6 - 7)#27252#28 - 46\njune 29#brewers#6 - 3#estes (8 - 4)#28085#28 - 47\njune 30#brewers#5 - 4#cook (2 - 3)#24126#28 - 48\n",
        "pandas_code": "df.loc[df['date'] == 'june 30', 'record'].values[0] == df['record'].max()",
        "pandas_eval": "True"
    },
    {
        "id": 31809,
        "statement": "fewer crowd watch on june 26 than on june 22",
        "label": 0,
        "table_caption": "2004 colorado rockies season",
        "table_text": "date#opponent#score#loss#attendance#record\njune 1#padres#7 - 1#germano (1 - 1)#28313#20 - 31\njune 2#padres#2 - 1 (10)#fuentes (1 - 2)#38521#20 - 32\njune 4#giants#13 - 7#fassero (0 - 5)#32093#20 - 33\njune 5#giants#11 - 2#rueter (2 - 5)#30149#21 - 33\njune 6#giants#16 - 4#cook (1 - 1)#37147#21 - 34\njune 7#giants#10 - 5#reed (0 - 1)#20887#21 - 35\njune 8#yankees#2 - 1#fassero (0 - 6)#51852#21 - 36\njune 9#yankees#7 - 5#kennedy (4 - 4)#38013#21 - 37\njune 10#yankees#10 - 4#jennings (5 - 6)#41586#21 - 38\njune 11#devil rays#8 - 7 (10)#chacón (0 - 3)#9280#21 - 39\njune 12#devil rays#10 - 7#harikkala (1 - 1)#11299#21 - 40\njune 13#devil rays#3 - 2#chacón (0 - 4)#11227#21 - 41\njune 15#red sox#6 - 3#arroyo (2 - 5)#40489#22 - 41\njune 16#red sox#7 - 6#schilling (8 - 4)#39319#23 - 41\njune 17#red sox#11 - 0#cook (1 - 2)#40088#23 - 42\njune 18#orioles#5 - 3#ponson (3 - 9)#30148#24 - 42\njune 19#orioles#11 - 6#dubose (4 - 6)#33326#25 - 42\njune 20#orioles#4 - 2#chacón (0 - 5)#40532#25 - 43\njune 22#brewers#6 - 2#lópez (0 - 2)#13264#25 - 44\njune 23#brewers#3 - 2#capuano (2 - 3)#19964#26 - 44\njune 24#brewers#3 - 0#sheets (6 - 5)#21224#27 - 44\njune 25#indians#10 - 8 (10)#jiménez (1 - 6)#22642#28 - 44\njune 26#indians#4 - 3 (12)#reed (1 - 2)#29124#28 - 45\njune 27#indians#5 - 3#jennings (6 - 7)#27252#28 - 46\njune 29#brewers#6 - 3#estes (8 - 4)#28085#28 - 47\njune 30#brewers#5 - 4#cook (2 - 3)#24126#28 - 48\n",
        "pandas_code": "df[df['date'] == 'june 26']['attendance'].values[0] < df[df['date'] == 'june 22']['attendance'].values[0]",
        "pandas_eval": "False"
    },
    {
        "id": 31810,
        "statement": "the colorado rockies fight against the brewer 7 time",
        "label": 0,
        "table_caption": "2004 colorado rockies season",
        "table_text": "date#opponent#score#loss#attendance#record\njune 1#padres#7 - 1#germano (1 - 1)#28313#20 - 31\njune 2#padres#2 - 1 (10)#fuentes (1 - 2)#38521#20 - 32\njune 4#giants#13 - 7#fassero (0 - 5)#32093#20 - 33\njune 5#giants#11 - 2#rueter (2 - 5)#30149#21 - 33\njune 6#giants#16 - 4#cook (1 - 1)#37147#21 - 34\njune 7#giants#10 - 5#reed (0 - 1)#20887#21 - 35\njune 8#yankees#2 - 1#fassero (0 - 6)#51852#21 - 36\njune 9#yankees#7 - 5#kennedy (4 - 4)#38013#21 - 37\njune 10#yankees#10 - 4#jennings (5 - 6)#41586#21 - 38\njune 11#devil rays#8 - 7 (10)#chacón (0 - 3)#9280#21 - 39\njune 12#devil rays#10 - 7#harikkala (1 - 1)#11299#21 - 40\njune 13#devil rays#3 - 2#chacón (0 - 4)#11227#21 - 41\njune 15#red sox#6 - 3#arroyo (2 - 5)#40489#22 - 41\njune 16#red sox#7 - 6#schilling (8 - 4)#39319#23 - 41\njune 17#red sox#11 - 0#cook (1 - 2)#40088#23 - 42\njune 18#orioles#5 - 3#ponson (3 - 9)#30148#24 - 42\njune 19#orioles#11 - 6#dubose (4 - 6)#33326#25 - 42\njune 20#orioles#4 - 2#chacón (0 - 5)#40532#25 - 43\njune 22#brewers#6 - 2#lópez (0 - 2)#13264#25 - 44\njune 23#brewers#3 - 2#capuano (2 - 3)#19964#26 - 44\njune 24#brewers#3 - 0#sheets (6 - 5)#21224#27 - 44\njune 25#indians#10 - 8 (10)#jiménez (1 - 6)#22642#28 - 44\njune 26#indians#4 - 3 (12)#reed (1 - 2)#29124#28 - 45\njune 27#indians#5 - 3#jennings (6 - 7)#27252#28 - 46\njune 29#brewers#6 - 3#estes (8 - 4)#28085#28 - 47\njune 30#brewers#5 - 4#cook (2 - 3)#24126#28 - 48\n",
        "pandas_code": "len(df[df['opponent'] == 'brewers']) == 7",
        "pandas_eval": "False"
    },
    {
        "id": 31811,
        "statement": "the padre be the opponent on the last 2 day of june",
        "label": 0,
        "table_caption": "2004 colorado rockies season",
        "table_text": "date#opponent#score#loss#attendance#record\njune 1#padres#7 - 1#germano (1 - 1)#28313#20 - 31\njune 2#padres#2 - 1 (10)#fuentes (1 - 2)#38521#20 - 32\njune 4#giants#13 - 7#fassero (0 - 5)#32093#20 - 33\njune 5#giants#11 - 2#rueter (2 - 5)#30149#21 - 33\njune 6#giants#16 - 4#cook (1 - 1)#37147#21 - 34\njune 7#giants#10 - 5#reed (0 - 1)#20887#21 - 35\njune 8#yankees#2 - 1#fassero (0 - 6)#51852#21 - 36\njune 9#yankees#7 - 5#kennedy (4 - 4)#38013#21 - 37\njune 10#yankees#10 - 4#jennings (5 - 6)#41586#21 - 38\njune 11#devil rays#8 - 7 (10)#chacón (0 - 3)#9280#21 - 39\njune 12#devil rays#10 - 7#harikkala (1 - 1)#11299#21 - 40\njune 13#devil rays#3 - 2#chacón (0 - 4)#11227#21 - 41\njune 15#red sox#6 - 3#arroyo (2 - 5)#40489#22 - 41\njune 16#red sox#7 - 6#schilling (8 - 4)#39319#23 - 41\njune 17#red sox#11 - 0#cook (1 - 2)#40088#23 - 42\njune 18#orioles#5 - 3#ponson (3 - 9)#30148#24 - 42\njune 19#orioles#11 - 6#dubose (4 - 6)#33326#25 - 42\njune 20#orioles#4 - 2#chacón (0 - 5)#40532#25 - 43\njune 22#brewers#6 - 2#lópez (0 - 2)#13264#25 - 44\njune 23#brewers#3 - 2#capuano (2 - 3)#19964#26 - 44\njune 24#brewers#3 - 0#sheets (6 - 5)#21224#27 - 44\njune 25#indians#10 - 8 (10)#jiménez (1 - 6)#22642#28 - 44\njune 26#indians#4 - 3 (12)#reed (1 - 2)#29124#28 - 45\njune 27#indians#5 - 3#jennings (6 - 7)#27252#28 - 46\njune 29#brewers#6 - 3#estes (8 - 4)#28085#28 - 47\njune 30#brewers#5 - 4#cook (2 - 3)#24126#28 - 48\n",
        "pandas_code": "df[df['date'].isin(['june 29', 'june 30'])]['opponent'].eq('padres').all()",
        "pandas_eval": "False"
    },
    {
        "id": 31812,
        "statement": "30532 be the highest attended game of the season",
        "label": 0,
        "table_caption": "2004 colorado rockies season",
        "table_text": "date#opponent#score#loss#attendance#record\njune 1#padres#7 - 1#germano (1 - 1)#28313#20 - 31\njune 2#padres#2 - 1 (10)#fuentes (1 - 2)#38521#20 - 32\njune 4#giants#13 - 7#fassero (0 - 5)#32093#20 - 33\njune 5#giants#11 - 2#rueter (2 - 5)#30149#21 - 33\njune 6#giants#16 - 4#cook (1 - 1)#37147#21 - 34\njune 7#giants#10 - 5#reed (0 - 1)#20887#21 - 35\njune 8#yankees#2 - 1#fassero (0 - 6)#51852#21 - 36\njune 9#yankees#7 - 5#kennedy (4 - 4)#38013#21 - 37\njune 10#yankees#10 - 4#jennings (5 - 6)#41586#21 - 38\njune 11#devil rays#8 - 7 (10)#chacón (0 - 3)#9280#21 - 39\njune 12#devil rays#10 - 7#harikkala (1 - 1)#11299#21 - 40\njune 13#devil rays#3 - 2#chacón (0 - 4)#11227#21 - 41\njune 15#red sox#6 - 3#arroyo (2 - 5)#40489#22 - 41\njune 16#red sox#7 - 6#schilling (8 - 4)#39319#23 - 41\njune 17#red sox#11 - 0#cook (1 - 2)#40088#23 - 42\njune 18#orioles#5 - 3#ponson (3 - 9)#30148#24 - 42\njune 19#orioles#11 - 6#dubose (4 - 6)#33326#25 - 42\njune 20#orioles#4 - 2#chacón (0 - 5)#40532#25 - 43\njune 22#brewers#6 - 2#lópez (0 - 2)#13264#25 - 44\njune 23#brewers#3 - 2#capuano (2 - 3)#19964#26 - 44\njune 24#brewers#3 - 0#sheets (6 - 5)#21224#27 - 44\njune 25#indians#10 - 8 (10)#jiménez (1 - 6)#22642#28 - 44\njune 26#indians#4 - 3 (12)#reed (1 - 2)#29124#28 - 45\njune 27#indians#5 - 3#jennings (6 - 7)#27252#28 - 46\njune 29#brewers#6 - 3#estes (8 - 4)#28085#28 - 47\njune 30#brewers#5 - 4#cook (2 - 3)#24126#28 - 48\n",
        "pandas_code": "df['attendance'].max() == 30532",
        "pandas_eval": "False"
    },
    {
        "id": 31813,
        "statement": "the highest record be on june 27",
        "label": 0,
        "table_caption": "2004 colorado rockies season",
        "table_text": "date#opponent#score#loss#attendance#record\njune 1#padres#7 - 1#germano (1 - 1)#28313#20 - 31\njune 2#padres#2 - 1 (10)#fuentes (1 - 2)#38521#20 - 32\njune 4#giants#13 - 7#fassero (0 - 5)#32093#20 - 33\njune 5#giants#11 - 2#rueter (2 - 5)#30149#21 - 33\njune 6#giants#16 - 4#cook (1 - 1)#37147#21 - 34\njune 7#giants#10 - 5#reed (0 - 1)#20887#21 - 35\njune 8#yankees#2 - 1#fassero (0 - 6)#51852#21 - 36\njune 9#yankees#7 - 5#kennedy (4 - 4)#38013#21 - 37\njune 10#yankees#10 - 4#jennings (5 - 6)#41586#21 - 38\njune 11#devil rays#8 - 7 (10)#chacón (0 - 3)#9280#21 - 39\njune 12#devil rays#10 - 7#harikkala (1 - 1)#11299#21 - 40\njune 13#devil rays#3 - 2#chacón (0 - 4)#11227#21 - 41\njune 15#red sox#6 - 3#arroyo (2 - 5)#40489#22 - 41\njune 16#red sox#7 - 6#schilling (8 - 4)#39319#23 - 41\njune 17#red sox#11 - 0#cook (1 - 2)#40088#23 - 42\njune 18#orioles#5 - 3#ponson (3 - 9)#30148#24 - 42\njune 19#orioles#11 - 6#dubose (4 - 6)#33326#25 - 42\njune 20#orioles#4 - 2#chacón (0 - 5)#40532#25 - 43\njune 22#brewers#6 - 2#lópez (0 - 2)#13264#25 - 44\njune 23#brewers#3 - 2#capuano (2 - 3)#19964#26 - 44\njune 24#brewers#3 - 0#sheets (6 - 5)#21224#27 - 44\njune 25#indians#10 - 8 (10)#jiménez (1 - 6)#22642#28 - 44\njune 26#indians#4 - 3 (12)#reed (1 - 2)#29124#28 - 45\njune 27#indians#5 - 3#jennings (6 - 7)#27252#28 - 46\njune 29#brewers#6 - 3#estes (8 - 4)#28085#28 - 47\njune 30#brewers#5 - 4#cook (2 - 3)#24126#28 - 48\n",
        "pandas_code": "df.loc[df['date'] == 'june 27', 'record'].values[0] == df['record'].max()",
        "pandas_eval": "False"
    },
    {
        "id": 79097,
        "statement": "on september 1 , the record be 56 - 76",
        "label": 1,
        "table_caption": "2004 colorado rockies season",
        "table_text": "date#opponent#score#loss#record\nseptember 1#giants#4 - 1#rueter (7 - 11)#56 - 76\nseptember 2#giants#6 - 5#schmidt (15 - 6)#57 - 76\nseptember 3#padres#7 - 6#dohmann (0 - 2)#57 - 77\nseptember 4#padres#8 - 2#tankersley (0 - 5)#58 - 77\nseptember 5#padres#5 - 2#lawrence (13 - 12)#59 - 77\nseptember 7#giants#8 - 7#christiansen (4 - 3)#60 - 77\nseptember 8#giants#5 - 3#reed (3 - 5)#60 - 78\nseptember 9#padres#9 - 7#linebrink (7 - 2)#61 - 78\nseptember 10#padres#10 - 4#harikkala (6 - 4)#61 - 79\nseptember 11#padres#13 - 2#eaton (9 - 13)#62 - 79\nseptember 12#padres#15 - 2#reed (3 - 6)#62 - 80\nseptember 13#diamondbacks#9 - 2#fossum (4 - 13)#63 - 80\nseptember 14#diamondbacks#4 - 3 (13)#reed (3 - 7)#63 - 81\nseptember 15#diamondbacks#3 - 2#estes (14 - 7)#63 - 82\nseptember 16#diamondbacks#8 - 5#dohmann (0 - 3)#63 - 83\nseptember 17#dodgers#8 - 6 (10)#chacón (1 - 8)#63 - 84\nseptember 18#dodgers#8 - 1#pérez (6 - 6)#64 - 84\nseptember 19#dodgers#7 - 6#chacón (1 - 9)#64 - 85\nseptember 22#diamondbacks#4 - 2#johnson (14 - 14)#65 - 85\nseptember 23#diamondbacks#7 - 1#webb (6 - 16)#66 - 85\nseptember 23#diamondbacks#2 - 1 (10)#choate (2 - 4)#67 - 85\nseptember 24#cardinals#5 - 4#jennings (11 - 12)#67 - 86\nseptember 25#cardinals#10 - 6#harikkala (6 - 5)#67 - 87\nseptember 26#cardinals#9 - 3#gissell (0 - 1)#67 - 88\nseptember 27#dodgers#8 - 7#reed (3 - 8)#67 - 89\nseptember 28#dodgers#5 - 4#harikkala (6 - 6)#67 - 90\nseptember 29#dodgers#4 - 1#brazobán (4 - 2)#68 - 90\nseptember 30#dodgers#4 - 2 (11)#fuentes (2 - 4)#68 - 91\n",
        "pandas_code": "df[df['date'] == 'september 1']['record'].values[0] == '56 - 76'",
        "pandas_eval": "True"
    },
    {
        "id": 79098,
        "statement": "the lose pitcher on september 1 be reuter (7 - 11)",
        "label": 1,
        "table_caption": "2004 colorado rockies season",
        "table_text": "date#opponent#score#loss#record\nseptember 1#giants#4 - 1#rueter (7 - 11)#56 - 76\nseptember 2#giants#6 - 5#schmidt (15 - 6)#57 - 76\nseptember 3#padres#7 - 6#dohmann (0 - 2)#57 - 77\nseptember 4#padres#8 - 2#tankersley (0 - 5)#58 - 77\nseptember 5#padres#5 - 2#lawrence (13 - 12)#59 - 77\nseptember 7#giants#8 - 7#christiansen (4 - 3)#60 - 77\nseptember 8#giants#5 - 3#reed (3 - 5)#60 - 78\nseptember 9#padres#9 - 7#linebrink (7 - 2)#61 - 78\nseptember 10#padres#10 - 4#harikkala (6 - 4)#61 - 79\nseptember 11#padres#13 - 2#eaton (9 - 13)#62 - 79\nseptember 12#padres#15 - 2#reed (3 - 6)#62 - 80\nseptember 13#diamondbacks#9 - 2#fossum (4 - 13)#63 - 80\nseptember 14#diamondbacks#4 - 3 (13)#reed (3 - 7)#63 - 81\nseptember 15#diamondbacks#3 - 2#estes (14 - 7)#63 - 82\nseptember 16#diamondbacks#8 - 5#dohmann (0 - 3)#63 - 83\nseptember 17#dodgers#8 - 6 (10)#chacón (1 - 8)#63 - 84\nseptember 18#dodgers#8 - 1#pérez (6 - 6)#64 - 84\nseptember 19#dodgers#7 - 6#chacón (1 - 9)#64 - 85\nseptember 22#diamondbacks#4 - 2#johnson (14 - 14)#65 - 85\nseptember 23#diamondbacks#7 - 1#webb (6 - 16)#66 - 85\nseptember 23#diamondbacks#2 - 1 (10)#choate (2 - 4)#67 - 85\nseptember 24#cardinals#5 - 4#jennings (11 - 12)#67 - 86\nseptember 25#cardinals#10 - 6#harikkala (6 - 5)#67 - 87\nseptember 26#cardinals#9 - 3#gissell (0 - 1)#67 - 88\nseptember 27#dodgers#8 - 7#reed (3 - 8)#67 - 89\nseptember 28#dodgers#5 - 4#harikkala (6 - 6)#67 - 90\nseptember 29#dodgers#4 - 1#brazobán (4 - 2)#68 - 90\nseptember 30#dodgers#4 - 2 (11)#fuentes (2 - 4)#68 - 91\n",
        "pandas_code": "df[df['date'] == 'september 1']['loss'].iloc[0] == 'rueter (7 - 11)'",
        "pandas_eval": "True"
    },
    {
        "id": 79099,
        "statement": "after september 1 , the record be less than 56 - 76",
        "label": 0,
        "table_caption": "2004 colorado rockies season",
        "table_text": "date#opponent#score#loss#record\nseptember 1#giants#4 - 1#rueter (7 - 11)#56 - 76\nseptember 2#giants#6 - 5#schmidt (15 - 6)#57 - 76\nseptember 3#padres#7 - 6#dohmann (0 - 2)#57 - 77\nseptember 4#padres#8 - 2#tankersley (0 - 5)#58 - 77\nseptember 5#padres#5 - 2#lawrence (13 - 12)#59 - 77\nseptember 7#giants#8 - 7#christiansen (4 - 3)#60 - 77\nseptember 8#giants#5 - 3#reed (3 - 5)#60 - 78\nseptember 9#padres#9 - 7#linebrink (7 - 2)#61 - 78\nseptember 10#padres#10 - 4#harikkala (6 - 4)#61 - 79\nseptember 11#padres#13 - 2#eaton (9 - 13)#62 - 79\nseptember 12#padres#15 - 2#reed (3 - 6)#62 - 80\nseptember 13#diamondbacks#9 - 2#fossum (4 - 13)#63 - 80\nseptember 14#diamondbacks#4 - 3 (13)#reed (3 - 7)#63 - 81\nseptember 15#diamondbacks#3 - 2#estes (14 - 7)#63 - 82\nseptember 16#diamondbacks#8 - 5#dohmann (0 - 3)#63 - 83\nseptember 17#dodgers#8 - 6 (10)#chacón (1 - 8)#63 - 84\nseptember 18#dodgers#8 - 1#pérez (6 - 6)#64 - 84\nseptember 19#dodgers#7 - 6#chacón (1 - 9)#64 - 85\nseptember 22#diamondbacks#4 - 2#johnson (14 - 14)#65 - 85\nseptember 23#diamondbacks#7 - 1#webb (6 - 16)#66 - 85\nseptember 23#diamondbacks#2 - 1 (10)#choate (2 - 4)#67 - 85\nseptember 24#cardinals#5 - 4#jennings (11 - 12)#67 - 86\nseptember 25#cardinals#10 - 6#harikkala (6 - 5)#67 - 87\nseptember 26#cardinals#9 - 3#gissell (0 - 1)#67 - 88\nseptember 27#dodgers#8 - 7#reed (3 - 8)#67 - 89\nseptember 28#dodgers#5 - 4#harikkala (6 - 6)#67 - 90\nseptember 29#dodgers#4 - 1#brazobán (4 - 2)#68 - 90\nseptember 30#dodgers#4 - 2 (11)#fuentes (2 - 4)#68 - 91\n",
        "pandas_code": "all(df[df['date'] > 'september 1']['record'].apply(lambda x: tuple(map(int, x.split(' - '))) < (56, 76)))",
        "pandas_eval": "False"
    },
    {
        "id": 79100,
        "statement": "the lose score on september 1 be harikkala (6 - 6)",
        "label": 0,
        "table_caption": "2004 colorado rockies season",
        "table_text": "date#opponent#score#loss#record\nseptember 1#giants#4 - 1#rueter (7 - 11)#56 - 76\nseptember 2#giants#6 - 5#schmidt (15 - 6)#57 - 76\nseptember 3#padres#7 - 6#dohmann (0 - 2)#57 - 77\nseptember 4#padres#8 - 2#tankersley (0 - 5)#58 - 77\nseptember 5#padres#5 - 2#lawrence (13 - 12)#59 - 77\nseptember 7#giants#8 - 7#christiansen (4 - 3)#60 - 77\nseptember 8#giants#5 - 3#reed (3 - 5)#60 - 78\nseptember 9#padres#9 - 7#linebrink (7 - 2)#61 - 78\nseptember 10#padres#10 - 4#harikkala (6 - 4)#61 - 79\nseptember 11#padres#13 - 2#eaton (9 - 13)#62 - 79\nseptember 12#padres#15 - 2#reed (3 - 6)#62 - 80\nseptember 13#diamondbacks#9 - 2#fossum (4 - 13)#63 - 80\nseptember 14#diamondbacks#4 - 3 (13)#reed (3 - 7)#63 - 81\nseptember 15#diamondbacks#3 - 2#estes (14 - 7)#63 - 82\nseptember 16#diamondbacks#8 - 5#dohmann (0 - 3)#63 - 83\nseptember 17#dodgers#8 - 6 (10)#chacón (1 - 8)#63 - 84\nseptember 18#dodgers#8 - 1#pérez (6 - 6)#64 - 84\nseptember 19#dodgers#7 - 6#chacón (1 - 9)#64 - 85\nseptember 22#diamondbacks#4 - 2#johnson (14 - 14)#65 - 85\nseptember 23#diamondbacks#7 - 1#webb (6 - 16)#66 - 85\nseptember 23#diamondbacks#2 - 1 (10)#choate (2 - 4)#67 - 85\nseptember 24#cardinals#5 - 4#jennings (11 - 12)#67 - 86\nseptember 25#cardinals#10 - 6#harikkala (6 - 5)#67 - 87\nseptember 26#cardinals#9 - 3#gissell (0 - 1)#67 - 88\nseptember 27#dodgers#8 - 7#reed (3 - 8)#67 - 89\nseptember 28#dodgers#5 - 4#harikkala (6 - 6)#67 - 90\nseptember 29#dodgers#4 - 1#brazobán (4 - 2)#68 - 90\nseptember 30#dodgers#4 - 2 (11)#fuentes (2 - 4)#68 - 91\n",
        "pandas_code": "df[df['date'] == 'september 1']['loss'].eq('harikkala (6 - 6)').any()",
        "pandas_eval": "False"
    },
    {
        "id": 80981,
        "statement": "the winner on july 9 when attendance be less than 31409 be mota (8 - 4)",
        "label": 0,
        "table_caption": "2004 colorado rockies season",
        "table_text": "date#opponent#score#loss#attendance#record\njuly 1#brewers#10 - 9#stark (0 - 3)#24360#28 - 49\njuly 2#tigers#9 - 8 (10)#walker (1 - 3)#47585#29 - 49\njuly 3#tigers#11 - 6#maroth (5 - 6)#48131#30 - 49\njuly 4#tigers#10 - 8#knotts (4 - 3)#26944#31 - 49\njuly 5#giants#7 - 4#tomko (3 - 5)#39977#32 - 49\njuly 6#giants#8 - 6#christiansen (1 - 2)#35460#33 - 49\njuly 7#giants#8 - 4#bernero (1 - 1)#35673#33 - 50\njuly 8#padres#5 - 1#eaton (4 - 8)#32403#34 - 50\njuly 9#padres#6 - 5#hoffman (2 - 1)#41168#35 - 50\njuly 10#padres#6 - 2#lawrence (10 - 6)#37644#36 - 50\njuly 11#padres#4 - 2#stark (0 - 4)#41188#36 - 51\njuly 15#giants#7 - 5#chacón (1 - 6)#30159#36 - 52\njuly 16#giants#7 - 1#rueter (5 - 7)#31583#37 - 52\njuly 17#giants#4 - 0#cook (4 - 4)#41450#37 - 53\njuly 18#giants#10 - 9#herges (4 - 4)#35032#38 - 53\njuly 19#padres#13 - 6#stark (0 - 5)#25530#38 - 54\njuly 20#padres#9 - 7#jennings (8 - 8)#26770#38 - 55\njuly 21#dodgers#6 - 5#ishii (11 - 5)#34343#39 - 55\njuly 22#dodgers#4 - 2#harikkala (4 - 2)#34276#39 - 56\njuly 23#diamondbacks#8 - 2#fossum (2 - 9)#26350#40 - 56\njuly 24#diamondbacks#8 - 2#cormier (0 - 2)#31409#41 - 56\njuly 25#diamondbacks#3 - 2#choate (1 - 2)#29298#42 - 56\njuly 26#dodgers#9 - 7#simpson (0 - 1)#24725#42 - 57\njuly 27#dodgers#7 - 2#pérez (4 - 4)#27934#43 - 57\njuly 28#dodgers#5 - 4#mota (8 - 4)#25492#44 - 57\njuly 29#dodgers#3 - 2#dohmann (0 - 1)#28472#44 - 58\njuly 30#diamondbacks#4 - 1#johnson (10 - 9)#29436#45 - 58\njuly 31#diamondbacks#8 - 4#webb (4 - 12)#32392#46 - 58\n",
        "pandas_code": "df[(df['date'] == 'july 9') & (df['attendance'] < 31409)]['loss'].eq('mota (8 - 4)').any()",
        "pandas_eval": "False"
    }
]