[
    {
        "id": 33958,
        "statement": "3 discipline 's have be in olympics for 5 time : baseball , polo , and tug of war",
        "label": 1,
        "table_caption": "lists of olympic medalists",
        "table_text": "discipline#contested#number of olympiads#gold#silver#bronze#total\nbaseball#1992 - 2008#5#5#5#5#15\nbasque pelota#1900#1#1#1#0#2\ncricket#1900#1#1#1#0#2\ncroquet#1900#1#3#2#2#7\njeu de paume#1908#1#1#1#1#3\nlacrosse#1904 - 1908#2#2#2#1#5\npolo#1900 , 1908 , 1920 , 1924 , 1936#5#5#6#5#16\nrackets#1908#1#2#2#3#7\nroque#1904#1#1#1#1#3\nsoftball#1996 - 2008#4#4#4#4#12\ntug of war#1900 - 1920#5#5#5#3#13\n",
        "pandas_code": "len(df[df['number of olympiads'] == 5]) == 3 and set(df[df['number of olympiads'] == 5]['discipline']) == {'baseball', 'polo', 'tug of war'}",
        "pandas_eval": "True"
    },
    {
        "id": 33959,
        "statement": "3 discipline 's have 5 gold medal each : baseball , polo , and tug of war",
        "label": 1,
        "table_caption": "lists of olympic medalists",
        "table_text": "discipline#contested#number of olympiads#gold#silver#bronze#total\nbaseball#1992 - 2008#5#5#5#5#15\nbasque pelota#1900#1#1#1#0#2\ncricket#1900#1#1#1#0#2\ncroquet#1900#1#3#2#2#7\njeu de paume#1908#1#1#1#1#3\nlacrosse#1904 - 1908#2#2#2#1#5\npolo#1900 , 1908 , 1920 , 1924 , 1936#5#5#6#5#16\nrackets#1908#1#2#2#3#7\nroque#1904#1#1#1#1#3\nsoftball#1996 - 2008#4#4#4#4#12\ntug of war#1900 - 1920#5#5#5#3#13\n",
        "pandas_code": "df[(df['discipline'].isin(['baseball', 'polo', 'tug of war'])) & (df['gold'] == 5)].shape[0] == 3",
        "pandas_eval": "True"
    },
    {
        "id": 33960,
        "statement": "5 discipline be contest in the year 1900: basque pelota , cricket , croquet , polo , and tug of war",
        "label": 1,
        "table_caption": "lists of olympic medalists",
        "table_text": "discipline#contested#number of olympiads#gold#silver#bronze#total\nbaseball#1992 - 2008#5#5#5#5#15\nbasque pelota#1900#1#1#1#0#2\ncricket#1900#1#1#1#0#2\ncroquet#1900#1#3#2#2#7\njeu de paume#1908#1#1#1#1#3\nlacrosse#1904 - 1908#2#2#2#1#5\npolo#1900 , 1908 , 1920 , 1924 , 1936#5#5#6#5#16\nrackets#1908#1#2#2#3#7\nroque#1904#1#1#1#1#3\nsoftball#1996 - 2008#4#4#4#4#12\ntug of war#1900 - 1920#5#5#5#3#13\n",
        "pandas_code": "all(df[df['contested'].str.contains('1900')]['discipline'].isin(['basque pelota', 'cricket', 'croquet', 'polo', 'tug of war']))",
        "pandas_eval": "True"
    },
    {
        "id": 33961,
        "statement": "2 discipline be contest in the year 2008: softball and baseball",
        "label": 1,
        "table_caption": "lists of olympic medalists",
        "table_text": "discipline#contested#number of olympiads#gold#silver#bronze#total\nbaseball#1992 - 2008#5#5#5#5#15\nbasque pelota#1900#1#1#1#0#2\ncricket#1900#1#1#1#0#2\ncroquet#1900#1#3#2#2#7\njeu de paume#1908#1#1#1#1#3\nlacrosse#1904 - 1908#2#2#2#1#5\npolo#1900 , 1908 , 1920 , 1924 , 1936#5#5#6#5#16\nrackets#1908#1#2#2#3#7\nroque#1904#1#1#1#1#3\nsoftball#1996 - 2008#4#4#4#4#12\ntug of war#1900 - 1920#5#5#5#3#13\n",
        "pandas_code": "df[df['contested'].str.contains('2008')]['discipline'].isin(['softball', 'baseball']).all()",
        "pandas_eval": "True"
    },
    {
        "id": 33962,
        "statement": "5 discipline be play in 1908: jeu de paume , lacrosse , polo , racket and tug of war",
        "label": 1,
        "table_caption": "lists of olympic medalists",
        "table_text": "discipline#contested#number of olympiads#gold#silver#bronze#total\nbaseball#1992 - 2008#5#5#5#5#15\nbasque pelota#1900#1#1#1#0#2\ncricket#1900#1#1#1#0#2\ncroquet#1900#1#3#2#2#7\njeu de paume#1908#1#1#1#1#3\nlacrosse#1904 - 1908#2#2#2#1#5\npolo#1900 , 1908 , 1920 , 1924 , 1936#5#5#6#5#16\nrackets#1908#1#2#2#3#7\nroque#1904#1#1#1#1#3\nsoftball#1996 - 2008#4#4#4#4#12\ntug of war#1900 - 1920#5#5#5#3#13\n",
        "pandas_code": "all(df[df['contested'].str.contains('1908')]['discipline'].isin(['jeu de paume', 'lacrosse', 'polo', 'rackets', 'tug of war']))",
        "pandas_eval": "True"
    }
]