[
    {
        "id": 32963,
        "statement": "4 of the record be make in czechoslovakia and 2 record be make in greece",
        "label": 1,
        "table_caption": "list of 10 metre air pistol records",
        "table_text": "score#shooter#date#comp#place\n385#h mertel ( frg )#1969#ech#pilsen , czechoslovakia\n385#rasskazov ( urs )#1969#ech#pilsen , czechoslovakia\n387#v stolypin ( urs )#1971#ech#meziboří , czechoslovakia\n392#grigori kosych ( urs )#1973#ech#linz , austria\n393#harald vollmar ( gdr )#1976#ech#paris , france\n394#uwe potteck ( gdr )#1979#ech#graz , austria\n60 shots from 1981#60 shots from 1981#60 shots from 1981#60 shots from 1981#60 shots from 1981\n582#vladas turla ( urs )#1981#ech#athens , greece\n582#i mandov ( bul )#1981#ech#athens , greece\n587#vladas turla ( urs )#1982#ech#the hague , netherlands\n590#vladas turla ( urs )#1982#wch#caracas , venezuela\n590#igor basinski ( urs )#1987#ech#bratislava , czechoslovakia\n590#igor basinski ( urs )#1988#ech#stavanger , norway\n590#erich buljung ( usa )#1988#og#seoul , south korea\nnew targets from 1989#new targets from 1989#new targets from 1989#new targets from 1989#new targets from 1989\n583#sorin babii ( rou )#1989#ech#copenhagen , denmark\n590#sergei pyzhianov ( urs )#1989#wch#sarajevo , yugoslavia\n593#sergei pyzhianov ( urs )#13 oct 1989#wcf#munich , west germany\n594#jin jong - oh ( kor )#12 apr 2009#wc#changwon , south korea\n",
        "pandas_code": "(df['place'].str.contains('czechoslovakia').sum() == 4) & (df['place'].str.contains('greece').sum() == 2)",
        "pandas_eval": "True"
    },
    {
        "id": 32964,
        "statement": "the only person from the united state be erich buljung (usa) who compete in 1988 in seoul , south korea",
        "label": 1,
        "table_caption": "list of 10 metre air pistol records",
        "table_text": "score#shooter#date#comp#place\n385#h mertel ( frg )#1969#ech#pilsen , czechoslovakia\n385#rasskazov ( urs )#1969#ech#pilsen , czechoslovakia\n387#v stolypin ( urs )#1971#ech#meziboří , czechoslovakia\n392#grigori kosych ( urs )#1973#ech#linz , austria\n393#harald vollmar ( gdr )#1976#ech#paris , france\n394#uwe potteck ( gdr )#1979#ech#graz , austria\n60 shots from 1981#60 shots from 1981#60 shots from 1981#60 shots from 1981#60 shots from 1981\n582#vladas turla ( urs )#1981#ech#athens , greece\n582#i mandov ( bul )#1981#ech#athens , greece\n587#vladas turla ( urs )#1982#ech#the hague , netherlands\n590#vladas turla ( urs )#1982#wch#caracas , venezuela\n590#igor basinski ( urs )#1987#ech#bratislava , czechoslovakia\n590#igor basinski ( urs )#1988#ech#stavanger , norway\n590#erich buljung ( usa )#1988#og#seoul , south korea\nnew targets from 1989#new targets from 1989#new targets from 1989#new targets from 1989#new targets from 1989\n583#sorin babii ( rou )#1989#ech#copenhagen , denmark\n590#sergei pyzhianov ( urs )#1989#wch#sarajevo , yugoslavia\n593#sergei pyzhianov ( urs )#13 oct 1989#wcf#munich , west germany\n594#jin jong - oh ( kor )#12 apr 2009#wc#changwon , south korea\n",
        "pandas_code": "df[(df['shooter'].str.contains('erich buljung')) & (df['date'] == '1988') & (df['place'].str.contains('seoul , south korea'))].shape[0] == 1",
        "pandas_eval": "True"
    },
    {
        "id": 32966,
        "statement": "1 record be make in linz , austria and 1 record be make in graz , austria",
        "label": 1,
        "table_caption": "list of 10 metre air pistol records",
        "table_text": "score#shooter#date#comp#place\n385#h mertel ( frg )#1969#ech#pilsen , czechoslovakia\n385#rasskazov ( urs )#1969#ech#pilsen , czechoslovakia\n387#v stolypin ( urs )#1971#ech#meziboří , czechoslovakia\n392#grigori kosych ( urs )#1973#ech#linz , austria\n393#harald vollmar ( gdr )#1976#ech#paris , france\n394#uwe potteck ( gdr )#1979#ech#graz , austria\n60 shots from 1981#60 shots from 1981#60 shots from 1981#60 shots from 1981#60 shots from 1981\n582#vladas turla ( urs )#1981#ech#athens , greece\n582#i mandov ( bul )#1981#ech#athens , greece\n587#vladas turla ( urs )#1982#ech#the hague , netherlands\n590#vladas turla ( urs )#1982#wch#caracas , venezuela\n590#igor basinski ( urs )#1987#ech#bratislava , czechoslovakia\n590#igor basinski ( urs )#1988#ech#stavanger , norway\n590#erich buljung ( usa )#1988#og#seoul , south korea\nnew targets from 1989#new targets from 1989#new targets from 1989#new targets from 1989#new targets from 1989\n583#sorin babii ( rou )#1989#ech#copenhagen , denmark\n590#sergei pyzhianov ( urs )#1989#wch#sarajevo , yugoslavia\n593#sergei pyzhianov ( urs )#13 oct 1989#wcf#munich , west germany\n594#jin jong - oh ( kor )#12 apr 2009#wc#changwon , south korea\n",
        "pandas_code": "(df[df['place'] == 'linz , austria'].shape[0] == 1) & (df[df['place'] == 'graz , austria'].shape[0] == 1)",
        "pandas_eval": "True"
    },
    {
        "id": 32967,
        "statement": "the only record that be make in copenhagen , denmark be by sorin babii (rou) who compete in 1989",
        "label": 1,
        "table_caption": "list of 10 metre air pistol records",
        "table_text": "score#shooter#date#comp#place\n385#h mertel ( frg )#1969#ech#pilsen , czechoslovakia\n385#rasskazov ( urs )#1969#ech#pilsen , czechoslovakia\n387#v stolypin ( urs )#1971#ech#meziboří , czechoslovakia\n392#grigori kosych ( urs )#1973#ech#linz , austria\n393#harald vollmar ( gdr )#1976#ech#paris , france\n394#uwe potteck ( gdr )#1979#ech#graz , austria\n60 shots from 1981#60 shots from 1981#60 shots from 1981#60 shots from 1981#60 shots from 1981\n582#vladas turla ( urs )#1981#ech#athens , greece\n582#i mandov ( bul )#1981#ech#athens , greece\n587#vladas turla ( urs )#1982#ech#the hague , netherlands\n590#vladas turla ( urs )#1982#wch#caracas , venezuela\n590#igor basinski ( urs )#1987#ech#bratislava , czechoslovakia\n590#igor basinski ( urs )#1988#ech#stavanger , norway\n590#erich buljung ( usa )#1988#og#seoul , south korea\nnew targets from 1989#new targets from 1989#new targets from 1989#new targets from 1989#new targets from 1989\n583#sorin babii ( rou )#1989#ech#copenhagen , denmark\n590#sergei pyzhianov ( urs )#1989#wch#sarajevo , yugoslavia\n593#sergei pyzhianov ( urs )#13 oct 1989#wcf#munich , west germany\n594#jin jong - oh ( kor )#12 apr 2009#wc#changwon , south korea\n",
        "pandas_code": "df[(df['place'] == 'copenhagen , denmark') & (df['shooter'] == 'sorin babii ( rou )') & (df['date'] == '1989')].shape[0] == 1",
        "pandas_eval": "True"
    },
    {
        "id": 32968,
        "statement": "4 of the record be make in greece and 2 record be make in france",
        "label": 0,
        "table_caption": "list of 10 metre air pistol records",
        "table_text": "score#shooter#date#comp#place\n385#h mertel ( frg )#1969#ech#pilsen , czechoslovakia\n385#rasskazov ( urs )#1969#ech#pilsen , czechoslovakia\n387#v stolypin ( urs )#1971#ech#meziboří , czechoslovakia\n392#grigori kosych ( urs )#1973#ech#linz , austria\n393#harald vollmar ( gdr )#1976#ech#paris , france\n394#uwe potteck ( gdr )#1979#ech#graz , austria\n60 shots from 1981#60 shots from 1981#60 shots from 1981#60 shots from 1981#60 shots from 1981\n582#vladas turla ( urs )#1981#ech#athens , greece\n582#i mandov ( bul )#1981#ech#athens , greece\n587#vladas turla ( urs )#1982#ech#the hague , netherlands\n590#vladas turla ( urs )#1982#wch#caracas , venezuela\n590#igor basinski ( urs )#1987#ech#bratislava , czechoslovakia\n590#igor basinski ( urs )#1988#ech#stavanger , norway\n590#erich buljung ( usa )#1988#og#seoul , south korea\nnew targets from 1989#new targets from 1989#new targets from 1989#new targets from 1989#new targets from 1989\n583#sorin babii ( rou )#1989#ech#copenhagen , denmark\n590#sergei pyzhianov ( urs )#1989#wch#sarajevo , yugoslavia\n593#sergei pyzhianov ( urs )#13 oct 1989#wcf#munich , west germany\n594#jin jong - oh ( kor )#12 apr 2009#wc#changwon , south korea\n",
        "pandas_code": "(df['place'].str.contains('greece').sum() == 4) & (df['place'].str.contains('france').sum() == 2)",
        "pandas_eval": "False"
    },
    {
        "id": 32969,
        "statement": "the only person from the united state be sorin babii (usa) who compete in 1988 in seoul , south korea",
        "label": 0,
        "table_caption": "list of 10 metre air pistol records",
        "table_text": "score#shooter#date#comp#place\n385#h mertel ( frg )#1969#ech#pilsen , czechoslovakia\n385#rasskazov ( urs )#1969#ech#pilsen , czechoslovakia\n387#v stolypin ( urs )#1971#ech#meziboří , czechoslovakia\n392#grigori kosych ( urs )#1973#ech#linz , austria\n393#harald vollmar ( gdr )#1976#ech#paris , france\n394#uwe potteck ( gdr )#1979#ech#graz , austria\n60 shots from 1981#60 shots from 1981#60 shots from 1981#60 shots from 1981#60 shots from 1981\n582#vladas turla ( urs )#1981#ech#athens , greece\n582#i mandov ( bul )#1981#ech#athens , greece\n587#vladas turla ( urs )#1982#ech#the hague , netherlands\n590#vladas turla ( urs )#1982#wch#caracas , venezuela\n590#igor basinski ( urs )#1987#ech#bratislava , czechoslovakia\n590#igor basinski ( urs )#1988#ech#stavanger , norway\n590#erich buljung ( usa )#1988#og#seoul , south korea\nnew targets from 1989#new targets from 1989#new targets from 1989#new targets from 1989#new targets from 1989\n583#sorin babii ( rou )#1989#ech#copenhagen , denmark\n590#sergei pyzhianov ( urs )#1989#wch#sarajevo , yugoslavia\n593#sergei pyzhianov ( urs )#13 oct 1989#wcf#munich , west germany\n594#jin jong - oh ( kor )#12 apr 2009#wc#changwon , south korea\n",
        "pandas_code": "((df['shooter'] == 'sorin babii (usa)') & (df['date'] == '1988') & (df['place'] == 'seoul , south korea')).any()",
        "pandas_eval": "False"
    },
    {
        "id": 32970,
        "statement": "the only person from south korea be jin jong - oh (kor) who complete on 13 oct 1989",
        "label": 0,
        "table_caption": "list of 10 metre air pistol records",
        "table_text": "score#shooter#date#comp#place\n385#h mertel ( frg )#1969#ech#pilsen , czechoslovakia\n385#rasskazov ( urs )#1969#ech#pilsen , czechoslovakia\n387#v stolypin ( urs )#1971#ech#meziboří , czechoslovakia\n392#grigori kosych ( urs )#1973#ech#linz , austria\n393#harald vollmar ( gdr )#1976#ech#paris , france\n394#uwe potteck ( gdr )#1979#ech#graz , austria\n60 shots from 1981#60 shots from 1981#60 shots from 1981#60 shots from 1981#60 shots from 1981\n582#vladas turla ( urs )#1981#ech#athens , greece\n582#i mandov ( bul )#1981#ech#athens , greece\n587#vladas turla ( urs )#1982#ech#the hague , netherlands\n590#vladas turla ( urs )#1982#wch#caracas , venezuela\n590#igor basinski ( urs )#1987#ech#bratislava , czechoslovakia\n590#igor basinski ( urs )#1988#ech#stavanger , norway\n590#erich buljung ( usa )#1988#og#seoul , south korea\nnew targets from 1989#new targets from 1989#new targets from 1989#new targets from 1989#new targets from 1989\n583#sorin babii ( rou )#1989#ech#copenhagen , denmark\n590#sergei pyzhianov ( urs )#1989#wch#sarajevo , yugoslavia\n593#sergei pyzhianov ( urs )#13 oct 1989#wcf#munich , west germany\n594#jin jong - oh ( kor )#12 apr 2009#wc#changwon , south korea\n",
        "pandas_code": "df[(df['shooter'] == 'jin jong - oh ( kor )') & (df['date'] == '13 oct 1989')].shape[0] == 1",
        "pandas_eval": "False"
    },
    {
        "id": 32971,
        "statement": "1 record be make in linz , austria and 1 record be make in munich , austria",
        "label": 0,
        "table_caption": "list of 10 metre air pistol records",
        "table_text": "score#shooter#date#comp#place\n385#h mertel ( frg )#1969#ech#pilsen , czechoslovakia\n385#rasskazov ( urs )#1969#ech#pilsen , czechoslovakia\n387#v stolypin ( urs )#1971#ech#meziboří , czechoslovakia\n392#grigori kosych ( urs )#1973#ech#linz , austria\n393#harald vollmar ( gdr )#1976#ech#paris , france\n394#uwe potteck ( gdr )#1979#ech#graz , austria\n60 shots from 1981#60 shots from 1981#60 shots from 1981#60 shots from 1981#60 shots from 1981\n582#vladas turla ( urs )#1981#ech#athens , greece\n582#i mandov ( bul )#1981#ech#athens , greece\n587#vladas turla ( urs )#1982#ech#the hague , netherlands\n590#vladas turla ( urs )#1982#wch#caracas , venezuela\n590#igor basinski ( urs )#1987#ech#bratislava , czechoslovakia\n590#igor basinski ( urs )#1988#ech#stavanger , norway\n590#erich buljung ( usa )#1988#og#seoul , south korea\nnew targets from 1989#new targets from 1989#new targets from 1989#new targets from 1989#new targets from 1989\n583#sorin babii ( rou )#1989#ech#copenhagen , denmark\n590#sergei pyzhianov ( urs )#1989#wch#sarajevo , yugoslavia\n593#sergei pyzhianov ( urs )#13 oct 1989#wcf#munich , west germany\n594#jin jong - oh ( kor )#12 apr 2009#wc#changwon , south korea\n",
        "pandas_code": "(df[df['place'] == 'linz , austria'].shape[0] == 1) & (df[df['place'] == 'munich , austria'].shape[0] == 1)",
        "pandas_eval": "False"
    },
    {
        "id": 32972,
        "statement": "the only record that be make in copenhagen , denmark be by igor basinski ( urs ) who compete in 1989",
        "label": 0,
        "table_caption": "list of 10 metre air pistol records",
        "table_text": "score#shooter#date#comp#place\n385#h mertel ( frg )#1969#ech#pilsen , czechoslovakia\n385#rasskazov ( urs )#1969#ech#pilsen , czechoslovakia\n387#v stolypin ( urs )#1971#ech#meziboří , czechoslovakia\n392#grigori kosych ( urs )#1973#ech#linz , austria\n393#harald vollmar ( gdr )#1976#ech#paris , france\n394#uwe potteck ( gdr )#1979#ech#graz , austria\n60 shots from 1981#60 shots from 1981#60 shots from 1981#60 shots from 1981#60 shots from 1981\n582#vladas turla ( urs )#1981#ech#athens , greece\n582#i mandov ( bul )#1981#ech#athens , greece\n587#vladas turla ( urs )#1982#ech#the hague , netherlands\n590#vladas turla ( urs )#1982#wch#caracas , venezuela\n590#igor basinski ( urs )#1987#ech#bratislava , czechoslovakia\n590#igor basinski ( urs )#1988#ech#stavanger , norway\n590#erich buljung ( usa )#1988#og#seoul , south korea\nnew targets from 1989#new targets from 1989#new targets from 1989#new targets from 1989#new targets from 1989\n583#sorin babii ( rou )#1989#ech#copenhagen , denmark\n590#sergei pyzhianov ( urs )#1989#wch#sarajevo , yugoslavia\n593#sergei pyzhianov ( urs )#13 oct 1989#wcf#munich , west germany\n594#jin jong - oh ( kor )#12 apr 2009#wc#changwon , south korea\n",
        "pandas_code": "df[(df['place'] == 'copenhagen , denmark') & (df['shooter'] == 'igor basinski ( urs )') & (df['date'] == '1989')].empty == False",
        "pandas_eval": "False"
    },
    {
        "id": 52909,
        "statement": "in 1989 , shooter sorin babii ( rou ) have a score of 686.4",
        "label": 1,
        "table_caption": "list of 10 metre air pistol records",
        "table_text": "score#shooter#date#comp#place\n688.6#igor basinski ( urs )#1986#wch#suhl , east germany\n689.7#aleksandr melentiev ( urs )#1987#wc#seoul , south korea\n692.3#igor basinski ( urs )#1988#ech#stavanger , norway\nnew targets from 1989#new targets from 1989#new targets from 1989#new targets from 1989#new targets from 1989\n686.4#sorin babii ( rou )#1989#ech#copenhagen , denmark\n690.3#sergei pyzhianov ( urs )#1989#wch#sarajevo , yugoslavia\n695.1#sergei pyzhianov ( urs )#13 oct 1989#wcf#munich , west germany\n",
        "pandas_code": "df[(df['date'] == '1989') & (df['shooter'] == 'sorin babii ( rou )') & (df['score'] == '686.4')].any().any()",
        "pandas_eval": "True"
    },
    {
        "id": 52910,
        "statement": "each year , the ech competition be hold in copenhagen , denmark",
        "label": 0,
        "table_caption": "list of 10 metre air pistol records",
        "table_text": "score#shooter#date#comp#place\n688.6#igor basinski ( urs )#1986#wch#suhl , east germany\n689.7#aleksandr melentiev ( urs )#1987#wc#seoul , south korea\n692.3#igor basinski ( urs )#1988#ech#stavanger , norway\nnew targets from 1989#new targets from 1989#new targets from 1989#new targets from 1989#new targets from 1989\n686.4#sorin babii ( rou )#1989#ech#copenhagen , denmark\n690.3#sergei pyzhianov ( urs )#1989#wch#sarajevo , yugoslavia\n695.1#sergei pyzhianov ( urs )#13 oct 1989#wcf#munich , west germany\n",
        "pandas_code": "all(df[(df['comp'] == 'ech') & (df['date'].str.isnumeric())]['place'] == 'copenhagen , denmark')",
        "pandas_eval": "False"
    },
    {
        "id": 52911,
        "statement": "shooter sorin babii (rou) have a score of 695.1 in sarajevo , yugoslavia",
        "label": 0,
        "table_caption": "list of 10 metre air pistol records",
        "table_text": "score#shooter#date#comp#place\n688.6#igor basinski ( urs )#1986#wch#suhl , east germany\n689.7#aleksandr melentiev ( urs )#1987#wc#seoul , south korea\n692.3#igor basinski ( urs )#1988#ech#stavanger , norway\nnew targets from 1989#new targets from 1989#new targets from 1989#new targets from 1989#new targets from 1989\n686.4#sorin babii ( rou )#1989#ech#copenhagen , denmark\n690.3#sergei pyzhianov ( urs )#1989#wch#sarajevo , yugoslavia\n695.1#sergei pyzhianov ( urs )#13 oct 1989#wcf#munich , west germany\n",
        "pandas_code": "((df['shooter'] == 'sorin babii ( rou )') & (df['score'] == '695.1') & (df['place'] == 'sarajevo , yugoslavia')).any()",
        "pandas_eval": "False"
    }
]