[
    {
        "id": 32545,
        "statement": "61% of kira nagy 's tournament 's have take place on clay surface",
        "label": 1,
        "table_caption": "kira nagy",
        "table_text": "date#tournament#surface#opponent in the final#score\noct 2 , 1994#mali lošinj#clay#radka surova#6 - 4 , 6 - 2\nnov 26 , 1995#majorca#clay (i)#andrea noszály#6 - 4 , 6 - 3\nsep 14 , 1997#madrid#clay#nuria montero#6 - 1 , 6 - 0\napr 5 , 1998#athens#clay#christína papadáki#7 - 5 , 2 - 6 , 6 - 3\napr 12 , 1998#dubai#hard#wynne prakusya#6 - 4 , 6 - 1\nnov 14 , 1999#monterrey#hard#ansley cargill#6 - 4 , 6 - 2\nnov 21 , 1999#campos#clay#miriam dagostini#5 - 7 6 - 3 6 - 2\nmay 28 , 2000#guimarães#hard#bahia mouhtassine#6 - 0 , 5 - 7 , 7 - 6\njun 18 , 2000#lenzerheide#clay#julia vakulenko#6 - 2 , 3 - 6 , 7 - 6\noct 21 , 2001#joué - lès - tours#hard (i)#anne - laure heitz#1 - 6 , 6 - 4 , 6 - 0\nsep 28 , 2003#jounieh#clay#ana timotić#6 - 1 , 7 - 5\nnov 16 , 2003#mexico city#hard#melinda czink#6 - 2 , 6 - 3\napr 2 , 2006#poza rica#hard#zsófia gubacsi#6 - 4 , 6 - 2\njun 19 , 2006#zagreb#clay#tathiana garbin#7 - 6 , 3 - 6 , 7 - 6\njul 23 , 2006#rome#clay#alizé cornet#6 - 2 , 6 - 7 , 6 - 4\njun 10 , 2007#zagreb#clay#ivana lisjak#2 - 6 , 7 - 6 , 6 - 2\njun 17 , 2007#campobasso#clay#christina wheeler#6 - 2 , 6 - 0\njul 1 , 2007#istanbul#hard#maria fernanda alves#6 - 7 , 7 - 5 , 6 - 1\n",
        "pandas_code": "((df['surface'].str.contains('clay')).sum() / len(df) >= 0.61)",
        "pandas_eval": "True"
    },
    {
        "id": 32547,
        "statement": "the only location kira nagy have return to for a second tournament be zagreb",
        "label": 1,
        "table_caption": "kira nagy",
        "table_text": "date#tournament#surface#opponent in the final#score\noct 2 , 1994#mali lošinj#clay#radka surova#6 - 4 , 6 - 2\nnov 26 , 1995#majorca#clay (i)#andrea noszály#6 - 4 , 6 - 3\nsep 14 , 1997#madrid#clay#nuria montero#6 - 1 , 6 - 0\napr 5 , 1998#athens#clay#christína papadáki#7 - 5 , 2 - 6 , 6 - 3\napr 12 , 1998#dubai#hard#wynne prakusya#6 - 4 , 6 - 1\nnov 14 , 1999#monterrey#hard#ansley cargill#6 - 4 , 6 - 2\nnov 21 , 1999#campos#clay#miriam dagostini#5 - 7 6 - 3 6 - 2\nmay 28 , 2000#guimarães#hard#bahia mouhtassine#6 - 0 , 5 - 7 , 7 - 6\njun 18 , 2000#lenzerheide#clay#julia vakulenko#6 - 2 , 3 - 6 , 7 - 6\noct 21 , 2001#joué - lès - tours#hard (i)#anne - laure heitz#1 - 6 , 6 - 4 , 6 - 0\nsep 28 , 2003#jounieh#clay#ana timotić#6 - 1 , 7 - 5\nnov 16 , 2003#mexico city#hard#melinda czink#6 - 2 , 6 - 3\napr 2 , 2006#poza rica#hard#zsófia gubacsi#6 - 4 , 6 - 2\njun 19 , 2006#zagreb#clay#tathiana garbin#7 - 6 , 3 - 6 , 7 - 6\njul 23 , 2006#rome#clay#alizé cornet#6 - 2 , 6 - 7 , 6 - 4\njun 10 , 2007#zagreb#clay#ivana lisjak#2 - 6 , 7 - 6 , 6 - 2\njun 17 , 2007#campobasso#clay#christina wheeler#6 - 2 , 6 - 0\njul 1 , 2007#istanbul#hard#maria fernanda alves#6 - 7 , 7 - 5 , 6 - 1\n",
        "pandas_code": "len(df[df['tournament'] == 'zagreb']) == 2",
        "pandas_eval": "True"
    },
    {
        "id": 32548,
        "statement": "kira nagy 's tournament career last 13 year",
        "label": 1,
        "table_caption": "kira nagy",
        "table_text": "date#tournament#surface#opponent in the final#score\noct 2 , 1994#mali lošinj#clay#radka surova#6 - 4 , 6 - 2\nnov 26 , 1995#majorca#clay (i)#andrea noszály#6 - 4 , 6 - 3\nsep 14 , 1997#madrid#clay#nuria montero#6 - 1 , 6 - 0\napr 5 , 1998#athens#clay#christína papadáki#7 - 5 , 2 - 6 , 6 - 3\napr 12 , 1998#dubai#hard#wynne prakusya#6 - 4 , 6 - 1\nnov 14 , 1999#monterrey#hard#ansley cargill#6 - 4 , 6 - 2\nnov 21 , 1999#campos#clay#miriam dagostini#5 - 7 6 - 3 6 - 2\nmay 28 , 2000#guimarães#hard#bahia mouhtassine#6 - 0 , 5 - 7 , 7 - 6\njun 18 , 2000#lenzerheide#clay#julia vakulenko#6 - 2 , 3 - 6 , 7 - 6\noct 21 , 2001#joué - lès - tours#hard (i)#anne - laure heitz#1 - 6 , 6 - 4 , 6 - 0\nsep 28 , 2003#jounieh#clay#ana timotić#6 - 1 , 7 - 5\nnov 16 , 2003#mexico city#hard#melinda czink#6 - 2 , 6 - 3\napr 2 , 2006#poza rica#hard#zsófia gubacsi#6 - 4 , 6 - 2\njun 19 , 2006#zagreb#clay#tathiana garbin#7 - 6 , 3 - 6 , 7 - 6\njul 23 , 2006#rome#clay#alizé cornet#6 - 2 , 6 - 7 , 6 - 4\njun 10 , 2007#zagreb#clay#ivana lisjak#2 - 6 , 7 - 6 , 6 - 2\njun 17 , 2007#campobasso#clay#christina wheeler#6 - 2 , 6 - 0\njul 1 , 2007#istanbul#hard#maria fernanda alves#6 - 7 , 7 - 5 , 6 - 1\n",
        "pandas_code": "(pd.to_datetime(df['date']).max() - pd.to_datetime(df['date']).min()).days / 365 <= 13",
        "pandas_eval": "True"
    },
    {
        "id": 32549,
        "statement": "kira nagy have never face the same final opponent 2 time",
        "label": 1,
        "table_caption": "kira nagy",
        "table_text": "date#tournament#surface#opponent in the final#score\noct 2 , 1994#mali lošinj#clay#radka surova#6 - 4 , 6 - 2\nnov 26 , 1995#majorca#clay (i)#andrea noszály#6 - 4 , 6 - 3\nsep 14 , 1997#madrid#clay#nuria montero#6 - 1 , 6 - 0\napr 5 , 1998#athens#clay#christína papadáki#7 - 5 , 2 - 6 , 6 - 3\napr 12 , 1998#dubai#hard#wynne prakusya#6 - 4 , 6 - 1\nnov 14 , 1999#monterrey#hard#ansley cargill#6 - 4 , 6 - 2\nnov 21 , 1999#campos#clay#miriam dagostini#5 - 7 6 - 3 6 - 2\nmay 28 , 2000#guimarães#hard#bahia mouhtassine#6 - 0 , 5 - 7 , 7 - 6\njun 18 , 2000#lenzerheide#clay#julia vakulenko#6 - 2 , 3 - 6 , 7 - 6\noct 21 , 2001#joué - lès - tours#hard (i)#anne - laure heitz#1 - 6 , 6 - 4 , 6 - 0\nsep 28 , 2003#jounieh#clay#ana timotić#6 - 1 , 7 - 5\nnov 16 , 2003#mexico city#hard#melinda czink#6 - 2 , 6 - 3\napr 2 , 2006#poza rica#hard#zsófia gubacsi#6 - 4 , 6 - 2\njun 19 , 2006#zagreb#clay#tathiana garbin#7 - 6 , 3 - 6 , 7 - 6\njul 23 , 2006#rome#clay#alizé cornet#6 - 2 , 6 - 7 , 6 - 4\njun 10 , 2007#zagreb#clay#ivana lisjak#2 - 6 , 7 - 6 , 6 - 2\njun 17 , 2007#campobasso#clay#christina wheeler#6 - 2 , 6 - 0\njul 1 , 2007#istanbul#hard#maria fernanda alves#6 - 7 , 7 - 5 , 6 - 1\n",
        "pandas_code": "df['opponent in the final'].nunique() == len(df)",
        "pandas_eval": "True"
    },
    {
        "id": 32550,
        "statement": "80% of kira nagy 's tournament 's have take place on clay surface",
        "label": 0,
        "table_caption": "kira nagy",
        "table_text": "date#tournament#surface#opponent in the final#score\noct 2 , 1994#mali lošinj#clay#radka surova#6 - 4 , 6 - 2\nnov 26 , 1995#majorca#clay (i)#andrea noszály#6 - 4 , 6 - 3\nsep 14 , 1997#madrid#clay#nuria montero#6 - 1 , 6 - 0\napr 5 , 1998#athens#clay#christína papadáki#7 - 5 , 2 - 6 , 6 - 3\napr 12 , 1998#dubai#hard#wynne prakusya#6 - 4 , 6 - 1\nnov 14 , 1999#monterrey#hard#ansley cargill#6 - 4 , 6 - 2\nnov 21 , 1999#campos#clay#miriam dagostini#5 - 7 6 - 3 6 - 2\nmay 28 , 2000#guimarães#hard#bahia mouhtassine#6 - 0 , 5 - 7 , 7 - 6\njun 18 , 2000#lenzerheide#clay#julia vakulenko#6 - 2 , 3 - 6 , 7 - 6\noct 21 , 2001#joué - lès - tours#hard (i)#anne - laure heitz#1 - 6 , 6 - 4 , 6 - 0\nsep 28 , 2003#jounieh#clay#ana timotić#6 - 1 , 7 - 5\nnov 16 , 2003#mexico city#hard#melinda czink#6 - 2 , 6 - 3\napr 2 , 2006#poza rica#hard#zsófia gubacsi#6 - 4 , 6 - 2\njun 19 , 2006#zagreb#clay#tathiana garbin#7 - 6 , 3 - 6 , 7 - 6\njul 23 , 2006#rome#clay#alizé cornet#6 - 2 , 6 - 7 , 6 - 4\njun 10 , 2007#zagreb#clay#ivana lisjak#2 - 6 , 7 - 6 , 6 - 2\njun 17 , 2007#campobasso#clay#christina wheeler#6 - 2 , 6 - 0\njul 1 , 2007#istanbul#hard#maria fernanda alves#6 - 7 , 7 - 5 , 6 - 1\n",
        "pandas_code": "(df['surface'].value_counts(normalize=True)['clay'] >= 0.8)",
        "pandas_eval": "False"
    },
    {
        "id": 32551,
        "statement": "the longest kira nagy have go between tournament have be the 7 day gap between the 1998 tournament in athens and dubai",
        "label": 0,
        "table_caption": "kira nagy",
        "table_text": "date#tournament#surface#opponent in the final#score\noct 2 , 1994#mali lošinj#clay#radka surova#6 - 4 , 6 - 2\nnov 26 , 1995#majorca#clay (i)#andrea noszály#6 - 4 , 6 - 3\nsep 14 , 1997#madrid#clay#nuria montero#6 - 1 , 6 - 0\napr 5 , 1998#athens#clay#christína papadáki#7 - 5 , 2 - 6 , 6 - 3\napr 12 , 1998#dubai#hard#wynne prakusya#6 - 4 , 6 - 1\nnov 14 , 1999#monterrey#hard#ansley cargill#6 - 4 , 6 - 2\nnov 21 , 1999#campos#clay#miriam dagostini#5 - 7 6 - 3 6 - 2\nmay 28 , 2000#guimarães#hard#bahia mouhtassine#6 - 0 , 5 - 7 , 7 - 6\njun 18 , 2000#lenzerheide#clay#julia vakulenko#6 - 2 , 3 - 6 , 7 - 6\noct 21 , 2001#joué - lès - tours#hard (i)#anne - laure heitz#1 - 6 , 6 - 4 , 6 - 0\nsep 28 , 2003#jounieh#clay#ana timotić#6 - 1 , 7 - 5\nnov 16 , 2003#mexico city#hard#melinda czink#6 - 2 , 6 - 3\napr 2 , 2006#poza rica#hard#zsófia gubacsi#6 - 4 , 6 - 2\njun 19 , 2006#zagreb#clay#tathiana garbin#7 - 6 , 3 - 6 , 7 - 6\njul 23 , 2006#rome#clay#alizé cornet#6 - 2 , 6 - 7 , 6 - 4\njun 10 , 2007#zagreb#clay#ivana lisjak#2 - 6 , 7 - 6 , 6 - 2\njun 17 , 2007#campobasso#clay#christina wheeler#6 - 2 , 6 - 0\njul 1 , 2007#istanbul#hard#maria fernanda alves#6 - 7 , 7 - 5 , 6 - 1\n",
        "pandas_code": "(pd.to_datetime(df['date'], format='%b %d , %Y').diff().abs().max() == pd.Timedelta('7 days'))",
        "pandas_eval": "False"
    },
    {
        "id": 32552,
        "statement": "kira nagy have return for a second tournament everywhere except for zagreb",
        "label": 0,
        "table_caption": "kira nagy",
        "table_text": "date#tournament#surface#opponent in the final#score\noct 2 , 1994#mali lošinj#clay#radka surova#6 - 4 , 6 - 2\nnov 26 , 1995#majorca#clay (i)#andrea noszály#6 - 4 , 6 - 3\nsep 14 , 1997#madrid#clay#nuria montero#6 - 1 , 6 - 0\napr 5 , 1998#athens#clay#christína papadáki#7 - 5 , 2 - 6 , 6 - 3\napr 12 , 1998#dubai#hard#wynne prakusya#6 - 4 , 6 - 1\nnov 14 , 1999#monterrey#hard#ansley cargill#6 - 4 , 6 - 2\nnov 21 , 1999#campos#clay#miriam dagostini#5 - 7 6 - 3 6 - 2\nmay 28 , 2000#guimarães#hard#bahia mouhtassine#6 - 0 , 5 - 7 , 7 - 6\njun 18 , 2000#lenzerheide#clay#julia vakulenko#6 - 2 , 3 - 6 , 7 - 6\noct 21 , 2001#joué - lès - tours#hard (i)#anne - laure heitz#1 - 6 , 6 - 4 , 6 - 0\nsep 28 , 2003#jounieh#clay#ana timotić#6 - 1 , 7 - 5\nnov 16 , 2003#mexico city#hard#melinda czink#6 - 2 , 6 - 3\napr 2 , 2006#poza rica#hard#zsófia gubacsi#6 - 4 , 6 - 2\njun 19 , 2006#zagreb#clay#tathiana garbin#7 - 6 , 3 - 6 , 7 - 6\njul 23 , 2006#rome#clay#alizé cornet#6 - 2 , 6 - 7 , 6 - 4\njun 10 , 2007#zagreb#clay#ivana lisjak#2 - 6 , 7 - 6 , 6 - 2\njun 17 , 2007#campobasso#clay#christina wheeler#6 - 2 , 6 - 0\njul 1 , 2007#istanbul#hard#maria fernanda alves#6 - 7 , 7 - 5 , 6 - 1\n",
        "pandas_code": "df[df['tournament'].duplicated(keep=False)].groupby('tournament').filter(lambda x: len(x) > 1)['tournament'].nunique() == df['tournament'].nunique() - 1",
        "pandas_eval": "False"
    },
    {
        "id": 32553,
        "statement": "kira nagy 's tournament career only last for 4 year",
        "label": 0,
        "table_caption": "kira nagy",
        "table_text": "date#tournament#surface#opponent in the final#score\noct 2 , 1994#mali lošinj#clay#radka surova#6 - 4 , 6 - 2\nnov 26 , 1995#majorca#clay (i)#andrea noszály#6 - 4 , 6 - 3\nsep 14 , 1997#madrid#clay#nuria montero#6 - 1 , 6 - 0\napr 5 , 1998#athens#clay#christína papadáki#7 - 5 , 2 - 6 , 6 - 3\napr 12 , 1998#dubai#hard#wynne prakusya#6 - 4 , 6 - 1\nnov 14 , 1999#monterrey#hard#ansley cargill#6 - 4 , 6 - 2\nnov 21 , 1999#campos#clay#miriam dagostini#5 - 7 6 - 3 6 - 2\nmay 28 , 2000#guimarães#hard#bahia mouhtassine#6 - 0 , 5 - 7 , 7 - 6\njun 18 , 2000#lenzerheide#clay#julia vakulenko#6 - 2 , 3 - 6 , 7 - 6\noct 21 , 2001#joué - lès - tours#hard (i)#anne - laure heitz#1 - 6 , 6 - 4 , 6 - 0\nsep 28 , 2003#jounieh#clay#ana timotić#6 - 1 , 7 - 5\nnov 16 , 2003#mexico city#hard#melinda czink#6 - 2 , 6 - 3\napr 2 , 2006#poza rica#hard#zsófia gubacsi#6 - 4 , 6 - 2\njun 19 , 2006#zagreb#clay#tathiana garbin#7 - 6 , 3 - 6 , 7 - 6\njul 23 , 2006#rome#clay#alizé cornet#6 - 2 , 6 - 7 , 6 - 4\njun 10 , 2007#zagreb#clay#ivana lisjak#2 - 6 , 7 - 6 , 6 - 2\njun 17 , 2007#campobasso#clay#christina wheeler#6 - 2 , 6 - 0\njul 1 , 2007#istanbul#hard#maria fernanda alves#6 - 7 , 7 - 5 , 6 - 1\n",
        "pandas_code": "(pd.to_datetime(df['date']).dt.year.max() - pd.to_datetime(df['date']).dt.year.min()) == 4",
        "pandas_eval": "False"
    },
    {
        "id": 32554,
        "statement": "kira nagy have face ever final opponent at least 2 time",
        "label": 0,
        "table_caption": "kira nagy",
        "table_text": "date#tournament#surface#opponent in the final#score\noct 2 , 1994#mali lošinj#clay#radka surova#6 - 4 , 6 - 2\nnov 26 , 1995#majorca#clay (i)#andrea noszály#6 - 4 , 6 - 3\nsep 14 , 1997#madrid#clay#nuria montero#6 - 1 , 6 - 0\napr 5 , 1998#athens#clay#christína papadáki#7 - 5 , 2 - 6 , 6 - 3\napr 12 , 1998#dubai#hard#wynne prakusya#6 - 4 , 6 - 1\nnov 14 , 1999#monterrey#hard#ansley cargill#6 - 4 , 6 - 2\nnov 21 , 1999#campos#clay#miriam dagostini#5 - 7 6 - 3 6 - 2\nmay 28 , 2000#guimarães#hard#bahia mouhtassine#6 - 0 , 5 - 7 , 7 - 6\njun 18 , 2000#lenzerheide#clay#julia vakulenko#6 - 2 , 3 - 6 , 7 - 6\noct 21 , 2001#joué - lès - tours#hard (i)#anne - laure heitz#1 - 6 , 6 - 4 , 6 - 0\nsep 28 , 2003#jounieh#clay#ana timotić#6 - 1 , 7 - 5\nnov 16 , 2003#mexico city#hard#melinda czink#6 - 2 , 6 - 3\napr 2 , 2006#poza rica#hard#zsófia gubacsi#6 - 4 , 6 - 2\njun 19 , 2006#zagreb#clay#tathiana garbin#7 - 6 , 3 - 6 , 7 - 6\njul 23 , 2006#rome#clay#alizé cornet#6 - 2 , 6 - 7 , 6 - 4\njun 10 , 2007#zagreb#clay#ivana lisjak#2 - 6 , 7 - 6 , 6 - 2\njun 17 , 2007#campobasso#clay#christina wheeler#6 - 2 , 6 - 0\njul 1 , 2007#istanbul#hard#maria fernanda alves#6 - 7 , 7 - 5 , 6 - 1\n",
        "pandas_code": "df['opponent in the final'].value_counts().max() >= 2",
        "pandas_eval": "False"
    }
]