[
    {
        "id": 32243,
        "statement": "shōkōjo seira ep9 result in the higestes season rating",
        "label": 1,
        "table_caption": "shōkōjo seira",
        "table_text": "#episode title#romanized title#translation of title#broadcast date#ratings\nep 2#学院一自慢の生徒は使用人#gakuin ichi jiman no seito wa shiyōnin#the school boasts of one student - servant#october 24 , 2009#8.0%\nep 3#お姫様の友達はネズミだけ#ohimesama no tomodachi wa nezumi dakee#rats are the only friends of the princess#october 31 , 2009#7.8%\nep 4#主演女優は私よ!#shuen joyū wa watashi yo!#i am the main starring actress!#november 7 , 2009#7.6%\nep 6#小悪魔系天使あらわる!#shōakuma kei tenshi ara waru!#the little devil turns into a little angel!#november 21 , 2009#8.4%\nep 7#誰も盗めない宝物#dare mo nusumenai takaramono#who stole my treasure#november 28 , 2009#8.4%\nep 8#魔法のようなプレゼント#mahō no yōna purezento#a magical gift#december 5 , 2009#7.0%\nep 9#彼女を救うのはだれだ#kanojo o sukuu no wa dareda#'who is able to rescue that girl#december 12 , 2009#9.8%\n",
        "pandas_code": "float(df.loc[df['Unnamed: 0'] == 'ep 9', 'ratings'].iloc[0].replace('%', '')) == max(df['ratings'].str.replace('%', '').astype(float))",
        "pandas_eval": "True"
    },
    {
        "id": 32244,
        "statement": "more episode for the shōkōjo seira season sire in november",
        "label": 1,
        "table_caption": "shōkōjo seira",
        "table_text": "#episode title#romanized title#translation of title#broadcast date#ratings\nep 2#学院一自慢の生徒は使用人#gakuin ichi jiman no seito wa shiyōnin#the school boasts of one student - servant#october 24 , 2009#8.0%\nep 3#お姫様の友達はネズミだけ#ohimesama no tomodachi wa nezumi dakee#rats are the only friends of the princess#october 31 , 2009#7.8%\nep 4#主演女優は私よ!#shuen joyū wa watashi yo!#i am the main starring actress!#november 7 , 2009#7.6%\nep 6#小悪魔系天使あらわる!#shōakuma kei tenshi ara waru!#the little devil turns into a little angel!#november 21 , 2009#8.4%\nep 7#誰も盗めない宝物#dare mo nusumenai takaramono#who stole my treasure#november 28 , 2009#8.4%\nep 8#魔法のようなプレゼント#mahō no yōna purezento#a magical gift#december 5 , 2009#7.0%\nep 9#彼女を救うのはだれだ#kanojo o sukuu no wa dareda#'who is able to rescue that girl#december 12 , 2009#9.8%\n",
        "pandas_code": "len(df[df['broadcast date'].str.contains('november')]) > len(df[df['broadcast date'].str.contains('october')])",
        "pandas_eval": "True"
    },
    {
        "id": 32245,
        "statement": "shōkōjo seira episode a magical gift be do not air on december 5 , 2009",
        "label": 1,
        "table_caption": "shōkōjo seira",
        "table_text": "#episode title#romanized title#translation of title#broadcast date#ratings\nep 2#学院一自慢の生徒は使用人#gakuin ichi jiman no seito wa shiyōnin#the school boasts of one student - servant#october 24 , 2009#8.0%\nep 3#お姫様の友達はネズミだけ#ohimesama no tomodachi wa nezumi dakee#rats are the only friends of the princess#october 31 , 2009#7.8%\nep 4#主演女優は私よ!#shuen joyū wa watashi yo!#i am the main starring actress!#november 7 , 2009#7.6%\nep 6#小悪魔系天使あらわる!#shōakuma kei tenshi ara waru!#the little devil turns into a little angel!#november 21 , 2009#8.4%\nep 7#誰も盗めない宝物#dare mo nusumenai takaramono#who stole my treasure#november 28 , 2009#8.4%\nep 8#魔法のようなプレゼント#mahō no yōna purezento#a magical gift#december 5 , 2009#7.0%\nep 9#彼女を救うのはだれだ#kanojo o sukuu no wa dareda#'who is able to rescue that girl#december 12 , 2009#9.8%\n",
        "pandas_code": "df[df['translation of title'] == 'a magical gift']['broadcast date'].eq('december 5 , 2009').any()",
        "pandas_eval": "True"
    },
    {
        "id": 32246,
        "statement": "2 episode have the same 8.4% ranking",
        "label": 1,
        "table_caption": "shōkōjo seira",
        "table_text": "#episode title#romanized title#translation of title#broadcast date#ratings\nep 2#学院一自慢の生徒は使用人#gakuin ichi jiman no seito wa shiyōnin#the school boasts of one student - servant#october 24 , 2009#8.0%\nep 3#お姫様の友達はネズミだけ#ohimesama no tomodachi wa nezumi dakee#rats are the only friends of the princess#october 31 , 2009#7.8%\nep 4#主演女優は私よ!#shuen joyū wa watashi yo!#i am the main starring actress!#november 7 , 2009#7.6%\nep 6#小悪魔系天使あらわる!#shōakuma kei tenshi ara waru!#the little devil turns into a little angel!#november 21 , 2009#8.4%\nep 7#誰も盗めない宝物#dare mo nusumenai takaramono#who stole my treasure#november 28 , 2009#8.4%\nep 8#魔法のようなプレゼント#mahō no yōna purezento#a magical gift#december 5 , 2009#7.0%\nep 9#彼女を救うのはだれだ#kanojo o sukuu no wa dareda#'who is able to rescue that girl#december 12 , 2009#9.8%\n",
        "pandas_code": "df['ratings'].value_counts().get('8.4%', 0) == 2",
        "pandas_eval": "True"
    },
    {
        "id": 32247,
        "statement": "the last episode do not air on december 12 , 2009",
        "label": 1,
        "table_caption": "shōkōjo seira",
        "table_text": "#episode title#romanized title#translation of title#broadcast date#ratings\nep 2#学院一自慢の生徒は使用人#gakuin ichi jiman no seito wa shiyōnin#the school boasts of one student - servant#october 24 , 2009#8.0%\nep 3#お姫様の友達はネズミだけ#ohimesama no tomodachi wa nezumi dakee#rats are the only friends of the princess#october 31 , 2009#7.8%\nep 4#主演女優は私よ!#shuen joyū wa watashi yo!#i am the main starring actress!#november 7 , 2009#7.6%\nep 6#小悪魔系天使あらわる!#shōakuma kei tenshi ara waru!#the little devil turns into a little angel!#november 21 , 2009#8.4%\nep 7#誰も盗めない宝物#dare mo nusumenai takaramono#who stole my treasure#november 28 , 2009#8.4%\nep 8#魔法のようなプレゼント#mahō no yōna purezento#a magical gift#december 5 , 2009#7.0%\nep 9#彼女を救うのはだれだ#kanojo o sukuu no wa dareda#'who is able to rescue that girl#december 12 , 2009#9.8%\n",
        "pandas_code": "df['broadcast date'].iloc[-1] == 'december 12 , 2009'",
        "pandas_eval": "True"
    },
    {
        "id": 32248,
        "statement": "shōkōjo seira ep7 result in the higestest season rating",
        "label": 0,
        "table_caption": "shōkōjo seira",
        "table_text": "#episode title#romanized title#translation of title#broadcast date#ratings\nep 2#学院一自慢の生徒は使用人#gakuin ichi jiman no seito wa shiyōnin#the school boasts of one student - servant#october 24 , 2009#8.0%\nep 3#お姫様の友達はネズミだけ#ohimesama no tomodachi wa nezumi dakee#rats are the only friends of the princess#october 31 , 2009#7.8%\nep 4#主演女優は私よ!#shuen joyū wa watashi yo!#i am the main starring actress!#november 7 , 2009#7.6%\nep 6#小悪魔系天使あらわる!#shōakuma kei tenshi ara waru!#the little devil turns into a little angel!#november 21 , 2009#8.4%\nep 7#誰も盗めない宝物#dare mo nusumenai takaramono#who stole my treasure#november 28 , 2009#8.4%\nep 8#魔法のようなプレゼント#mahō no yōna purezento#a magical gift#december 5 , 2009#7.0%\nep 9#彼女を救うのはだれだ#kanojo o sukuu no wa dareda#'who is able to rescue that girl#december 12 , 2009#9.8%\n",
        "pandas_code": "df.loc[df['Unnamed: 0'] == 'ep 7', 'ratings'].iloc[0] == df['ratings'].max()",
        "pandas_eval": "False"
    },
    {
        "id": 32249,
        "statement": "november be the month with the least amount of episode air",
        "label": 0,
        "table_caption": "shōkōjo seira",
        "table_text": "#episode title#romanized title#translation of title#broadcast date#ratings\nep 2#学院一自慢の生徒は使用人#gakuin ichi jiman no seito wa shiyōnin#the school boasts of one student - servant#october 24 , 2009#8.0%\nep 3#お姫様の友達はネズミだけ#ohimesama no tomodachi wa nezumi dakee#rats are the only friends of the princess#october 31 , 2009#7.8%\nep 4#主演女優は私よ!#shuen joyū wa watashi yo!#i am the main starring actress!#november 7 , 2009#7.6%\nep 6#小悪魔系天使あらわる!#shōakuma kei tenshi ara waru!#the little devil turns into a little angel!#november 21 , 2009#8.4%\nep 7#誰も盗めない宝物#dare mo nusumenai takaramono#who stole my treasure#november 28 , 2009#8.4%\nep 8#魔法のようなプレゼント#mahō no yōna purezento#a magical gift#december 5 , 2009#7.0%\nep 9#彼女を救うのはだれだ#kanojo o sukuu no wa dareda#'who is able to rescue that girl#december 12 , 2009#9.8%\n",
        "pandas_code": "df['broadcast date'].str.contains('november').sum() < df['broadcast date'].str.contains('october').sum() and df['broadcast date'].str.contains('november').sum() < df['broadcast date'].str.contains('december').sum()",
        "pandas_eval": "False"
    },
    {
        "id": 32250,
        "statement": "no 2 episode hat the same rating",
        "label": 0,
        "table_caption": "shōkōjo seira",
        "table_text": "#episode title#romanized title#translation of title#broadcast date#ratings\nep 2#学院一自慢の生徒は使用人#gakuin ichi jiman no seito wa shiyōnin#the school boasts of one student - servant#october 24 , 2009#8.0%\nep 3#お姫様の友達はネズミだけ#ohimesama no tomodachi wa nezumi dakee#rats are the only friends of the princess#october 31 , 2009#7.8%\nep 4#主演女優は私よ!#shuen joyū wa watashi yo!#i am the main starring actress!#november 7 , 2009#7.6%\nep 6#小悪魔系天使あらわる!#shōakuma kei tenshi ara waru!#the little devil turns into a little angel!#november 21 , 2009#8.4%\nep 7#誰も盗めない宝物#dare mo nusumenai takaramono#who stole my treasure#november 28 , 2009#8.4%\nep 8#魔法のようなプレゼント#mahō no yōna purezento#a magical gift#december 5 , 2009#7.0%\nep 9#彼女を救うのはだれだ#kanojo o sukuu no wa dareda#'who is able to rescue that girl#december 12 , 2009#9.8%\n",
        "pandas_code": "df['ratings'].duplicated().any() == False",
        "pandas_eval": "False"
    }
]