[
    {
        "id": 31367,
        "statement": "for 4 game during the 1972 san francisco 49ers season there be an attendance of 65124",
        "label": 1,
        "table_caption": "1972 san francisco 49ers season",
        "table_text": "week#date#opponent#result#attendance\n1#september 17 , 1972#san diego chargers#w 34 - 3#59438\n2#september 24 , 1972#buffalo bills#l 27 - 20#45845\n3#october 1 , 1972#new orleans saints#w 37 - 2#69840\n4#october 8 , 1972#los angeles rams#l 31 - 7#77382\n5#october 15 , 1972#new york giants#l 23 - 17#58606\n6#october 22 , 1972#new orleans saints#t 20 - 20#59167\n7#october 29 , 1972#atlanta falcons#w 49 - 14#58850\n8#november 5 , 1972#green bay packers#l 34 - 24#47897\n9#november 12 , 1972#baltimore colts#w 24 - 21#61214\n10#november 19 , 1972#chicago bears#w 34 - 21#55701\n11#november 23 , 1972#dallas cowboys#w 31 - 10#65124\n12#december 4 , 1972#los angeles rams#l 26 - 16#61214\n13#december 10 , 1972#atlanta falcons#w 20 - 0#61214\n14#december 16 , 1972#minnesota vikings#w 20 - 17#61214\n",
        "pandas_code": "len(df[df['attendance'] == 61214]) == 4",
        "pandas_eval": "True"
    },
    {
        "id": 31368,
        "statement": "the san francisco 49ers win by 14 more point on september 17 , 1972 than they win by on december 10 1972",
        "label": 1,
        "table_caption": "1972 san francisco 49ers season",
        "table_text": "week#date#opponent#result#attendance\n1#september 17 , 1972#san diego chargers#w 34 - 3#59438\n2#september 24 , 1972#buffalo bills#l 27 - 20#45845\n3#october 1 , 1972#new orleans saints#w 37 - 2#69840\n4#october 8 , 1972#los angeles rams#l 31 - 7#77382\n5#october 15 , 1972#new york giants#l 23 - 17#58606\n6#october 22 , 1972#new orleans saints#t 20 - 20#59167\n7#october 29 , 1972#atlanta falcons#w 49 - 14#58850\n8#november 5 , 1972#green bay packers#l 34 - 24#47897\n9#november 12 , 1972#baltimore colts#w 24 - 21#61214\n10#november 19 , 1972#chicago bears#w 34 - 21#55701\n11#november 23 , 1972#dallas cowboys#w 31 - 10#65124\n12#december 4 , 1972#los angeles rams#l 26 - 16#61214\n13#december 10 , 1972#atlanta falcons#w 20 - 0#61214\n14#december 16 , 1972#minnesota vikings#w 20 - 17#61214\n",
        "pandas_code": "(df[df['date'] == 'september 17 , 1972']['result'].str.extract(r'w (\\d+) - \\d+').astype(int).iloc[0, 0] - df[df['date'] == 'december 10 , 1972']['result'].str.extract(r'w (\\d+) - \\d+').astype(int).iloc[0, 0]) == 14",
        "pandas_eval": "True"
    },
    {
        "id": 31369,
        "statement": "the san francisco 49ers win with 20 point on december 10 1972 and december 16 , 1972",
        "label": 1,
        "table_caption": "1972 san francisco 49ers season",
        "table_text": "week#date#opponent#result#attendance\n1#september 17 , 1972#san diego chargers#w 34 - 3#59438\n2#september 24 , 1972#buffalo bills#l 27 - 20#45845\n3#october 1 , 1972#new orleans saints#w 37 - 2#69840\n4#october 8 , 1972#los angeles rams#l 31 - 7#77382\n5#october 15 , 1972#new york giants#l 23 - 17#58606\n6#october 22 , 1972#new orleans saints#t 20 - 20#59167\n7#october 29 , 1972#atlanta falcons#w 49 - 14#58850\n8#november 5 , 1972#green bay packers#l 34 - 24#47897\n9#november 12 , 1972#baltimore colts#w 24 - 21#61214\n10#november 19 , 1972#chicago bears#w 34 - 21#55701\n11#november 23 , 1972#dallas cowboys#w 31 - 10#65124\n12#december 4 , 1972#los angeles rams#l 26 - 16#61214\n13#december 10 , 1972#atlanta falcons#w 20 - 0#61214\n14#december 16 , 1972#minnesota vikings#w 20 - 17#61214\n",
        "pandas_code": "all(df[(df['date'].isin(['december 10 , 1972', 'december 16 , 1972'])) & (df['result'].str.startswith('w'))]['result'].str.extract(r'(\\\\d+) - (\\\\d+)').dropna().astype(int).apply(lambda x: x[0] - x[1], axis=1) == 20)",
        "pandas_eval": "True"
    },
    {
        "id": 31370,
        "statement": "during the 1972 san francisco 49ers season 49ers have 8 win and 1 tie",
        "label": 1,
        "table_caption": "1972 san francisco 49ers season",
        "table_text": "week#date#opponent#result#attendance\n1#september 17 , 1972#san diego chargers#w 34 - 3#59438\n2#september 24 , 1972#buffalo bills#l 27 - 20#45845\n3#october 1 , 1972#new orleans saints#w 37 - 2#69840\n4#october 8 , 1972#los angeles rams#l 31 - 7#77382\n5#october 15 , 1972#new york giants#l 23 - 17#58606\n6#october 22 , 1972#new orleans saints#t 20 - 20#59167\n7#october 29 , 1972#atlanta falcons#w 49 - 14#58850\n8#november 5 , 1972#green bay packers#l 34 - 24#47897\n9#november 12 , 1972#baltimore colts#w 24 - 21#61214\n10#november 19 , 1972#chicago bears#w 34 - 21#55701\n11#november 23 , 1972#dallas cowboys#w 31 - 10#65124\n12#december 4 , 1972#los angeles rams#l 26 - 16#61214\n13#december 10 , 1972#atlanta falcons#w 20 - 0#61214\n14#december 16 , 1972#minnesota vikings#w 20 - 17#61214\n",
        "pandas_code": "(df['result'].str.startswith('w').sum() == 8) & (df['result'].str.startswith('t').sum() == 1)",
        "pandas_eval": "True"
    },
    {
        "id": 31371,
        "statement": "during the 1972 san francisco 49ers season 49ers have 3 more win than loses and 1 tie",
        "label": 1,
        "table_caption": "1972 san francisco 49ers season",
        "table_text": "week#date#opponent#result#attendance\n1#september 17 , 1972#san diego chargers#w 34 - 3#59438\n2#september 24 , 1972#buffalo bills#l 27 - 20#45845\n3#october 1 , 1972#new orleans saints#w 37 - 2#69840\n4#october 8 , 1972#los angeles rams#l 31 - 7#77382\n5#october 15 , 1972#new york giants#l 23 - 17#58606\n6#october 22 , 1972#new orleans saints#t 20 - 20#59167\n7#october 29 , 1972#atlanta falcons#w 49 - 14#58850\n8#november 5 , 1972#green bay packers#l 34 - 24#47897\n9#november 12 , 1972#baltimore colts#w 24 - 21#61214\n10#november 19 , 1972#chicago bears#w 34 - 21#55701\n11#november 23 , 1972#dallas cowboys#w 31 - 10#65124\n12#december 4 , 1972#los angeles rams#l 26 - 16#61214\n13#december 10 , 1972#atlanta falcons#w 20 - 0#61214\n14#december 16 , 1972#minnesota vikings#w 20 - 17#61214\n",
        "pandas_code": "(df['result'].str.startswith('w').sum() - df['result'].str.startswith('l').sum() == 3) & (df['result'].str.startswith('t').sum() == 1)",
        "pandas_eval": "True"
    },
    {
        "id": 31372,
        "statement": "the san francisco 49ers win with 20 point on december 10 , 1972 and 17 point on december 16 , 1972",
        "label": 0,
        "table_caption": "1972 san francisco 49ers season",
        "table_text": "week#date#opponent#result#attendance\n1#september 17 , 1972#san diego chargers#w 34 - 3#59438\n2#september 24 , 1972#buffalo bills#l 27 - 20#45845\n3#october 1 , 1972#new orleans saints#w 37 - 2#69840\n4#october 8 , 1972#los angeles rams#l 31 - 7#77382\n5#october 15 , 1972#new york giants#l 23 - 17#58606\n6#october 22 , 1972#new orleans saints#t 20 - 20#59167\n7#october 29 , 1972#atlanta falcons#w 49 - 14#58850\n8#november 5 , 1972#green bay packers#l 34 - 24#47897\n9#november 12 , 1972#baltimore colts#w 24 - 21#61214\n10#november 19 , 1972#chicago bears#w 34 - 21#55701\n11#november 23 , 1972#dallas cowboys#w 31 - 10#65124\n12#december 4 , 1972#los angeles rams#l 26 - 16#61214\n13#december 10 , 1972#atlanta falcons#w 20 - 0#61214\n14#december 16 , 1972#minnesota vikings#w 20 - 17#61214\n",
        "pandas_code": "((df['date'] == 'december 10 , 1972') & (df['result'] == 'w 20 - 0')).any() and ((df['date'] == 'december 16 , 1972') & (df['result'] == 'w 17 - 20')).any()",
        "pandas_eval": "False"
    },
    {
        "id": 31373,
        "statement": "during the 1972 san francisco 49ers season , the 49ers have 7 win and 2 tie",
        "label": 0,
        "table_caption": "1972 san francisco 49ers season",
        "table_text": "week#date#opponent#result#attendance\n1#september 17 , 1972#san diego chargers#w 34 - 3#59438\n2#september 24 , 1972#buffalo bills#l 27 - 20#45845\n3#october 1 , 1972#new orleans saints#w 37 - 2#69840\n4#october 8 , 1972#los angeles rams#l 31 - 7#77382\n5#october 15 , 1972#new york giants#l 23 - 17#58606\n6#october 22 , 1972#new orleans saints#t 20 - 20#59167\n7#october 29 , 1972#atlanta falcons#w 49 - 14#58850\n8#november 5 , 1972#green bay packers#l 34 - 24#47897\n9#november 12 , 1972#baltimore colts#w 24 - 21#61214\n10#november 19 , 1972#chicago bears#w 34 - 21#55701\n11#november 23 , 1972#dallas cowboys#w 31 - 10#65124\n12#december 4 , 1972#los angeles rams#l 26 - 16#61214\n13#december 10 , 1972#atlanta falcons#w 20 - 0#61214\n14#december 16 , 1972#minnesota vikings#w 20 - 17#61214\n",
        "pandas_code": "(df['result'].str.startswith('w').sum() == 7) & (df['result'].str.startswith('t').sum() == 2)",
        "pandas_eval": "False"
    },
    {
        "id": 31374,
        "statement": "during the 1972 san francisco 49ers season , the 49ers have 3 less win than loss and 1 tie",
        "label": 0,
        "table_caption": "1972 san francisco 49ers season",
        "table_text": "week#date#opponent#result#attendance\n1#september 17 , 1972#san diego chargers#w 34 - 3#59438\n2#september 24 , 1972#buffalo bills#l 27 - 20#45845\n3#october 1 , 1972#new orleans saints#w 37 - 2#69840\n4#october 8 , 1972#los angeles rams#l 31 - 7#77382\n5#october 15 , 1972#new york giants#l 23 - 17#58606\n6#october 22 , 1972#new orleans saints#t 20 - 20#59167\n7#october 29 , 1972#atlanta falcons#w 49 - 14#58850\n8#november 5 , 1972#green bay packers#l 34 - 24#47897\n9#november 12 , 1972#baltimore colts#w 24 - 21#61214\n10#november 19 , 1972#chicago bears#w 34 - 21#55701\n11#november 23 , 1972#dallas cowboys#w 31 - 10#65124\n12#december 4 , 1972#los angeles rams#l 26 - 16#61214\n13#december 10 , 1972#atlanta falcons#w 20 - 0#61214\n14#december 16 , 1972#minnesota vikings#w 20 - 17#61214\n",
        "pandas_code": "(df['result'].str.startswith('w').sum() == df['result'].str.startswith('l').sum() - 3) & (df['result'].str.startswith('t').sum() == 1)",
        "pandas_eval": "False"
    }
]