[
    {
        "id": 30447,
        "statement": "the greatest electronegativity difference be 3.2 of potassium fluoride",
        "label": 1,
        "table_caption": "alkali metal halide",
        "table_text": "lithium#sodium#potassium#rubidium#caesium\nlithium#sodium#potassium#rubidium#caesium\nh a l o g e n s#fluorine#lif (3.0)#naf (3.1)#kf (3.2)\nh a l o g e n s#chlorine#licl (2.0)#nacl (2.1)#kcl (2.2)\nh a l o g e n s#bromine#libr (1.8)#nabr (1.9)#kbr (2.0)\nh a l o g e n s#iodine#lii (1.5)#nai (1.6)#ki (1.7)\n",
        "pandas_code": "df.loc[df['caesium'] == 'kf (3.2)'].any().any()",
        "pandas_eval": "True"
    },
    {
        "id": 30448,
        "statement": "the 4 halogen be fluorine , chlorine , bromine , and iodine",
        "label": 1,
        "table_caption": "alkali metal halide",
        "table_text": "lithium#sodium#potassium#rubidium#caesium\nlithium#sodium#potassium#rubidium#caesium\nh a l o g e n s#fluorine#lif (3.0)#naf (3.1)#kf (3.2)\nh a l o g e n s#chlorine#licl (2.0)#nacl (2.1)#kcl (2.2)\nh a l o g e n s#bromine#libr (1.8)#nabr (1.9)#kbr (2.0)\nh a l o g e n s#iodine#lii (1.5)#nai (1.6)#ki (1.7)\n",
        "pandas_code": "df['sodium'][1:].tolist() == ['fluorine', 'chlorine', 'bromine', 'iodine']",
        "pandas_eval": "True"
    },
    {
        "id": 30449,
        "statement": "when combine with an alkali metal , fluorine lead to the greatest electronegativity difference as compare to bromine",
        "label": 1,
        "table_caption": "alkali metal halide",
        "table_text": "lithium#sodium#potassium#rubidium#caesium\nlithium#sodium#potassium#rubidium#caesium\nh a l o g e n s#fluorine#lif (3.0)#naf (3.1)#kf (3.2)\nh a l o g e n s#chlorine#licl (2.0)#nacl (2.1)#kcl (2.2)\nh a l o g e n s#bromine#libr (1.8)#nabr (1.9)#kbr (2.0)\nh a l o g e n s#iodine#lii (1.5)#nai (1.6)#ki (1.7)\n",
        "pandas_code": "(df['sodium'].iloc[1] == 'fluorine') & (df['sodium'].iloc[3] == 'bromine')",
        "pandas_eval": "True"
    },
    {
        "id": 30450,
        "statement": "chlorine be not a halogen",
        "label": 0,
        "table_caption": "alkali metal halide",
        "table_text": "lithium#sodium#potassium#rubidium#caesium\nlithium#sodium#potassium#rubidium#caesium\nh a l o g e n s#fluorine#lif (3.0)#naf (3.1)#kf (3.2)\nh a l o g e n s#chlorine#licl (2.0)#nacl (2.1)#kcl (2.2)\nh a l o g e n s#bromine#libr (1.8)#nabr (1.9)#kbr (2.0)\nh a l o g e n s#iodine#lii (1.5)#nai (1.6)#ki (1.7)\n",
        "pandas_code": "not any(df['sodium'].str.contains('chlorine'))",
        "pandas_eval": "False"
    }
]