[
    {
        "id": 32505,
        "statement": "only 2 player list have win multiple championship",
        "label": 1,
        "table_caption": "1989 u.s. open (golf)",
        "table_text": "player#country#year (s) won#total#to par#finish\ncurtis strange#united states#1988#278#2#1\nscott simpson#united states#1987#281#+ 1#t6\nhubert green#united states#1977#283#+ 3#t9\nlarry nelson#united states#1983#284#+ 4#t13\nraymond floyd#united states#1986#287#+ 7#t26\njack nicklaus#united states#1962 , 1967 , 1972 , 1980#290#+ 10#t43\ntom watson#united states#1982#291#+ 11#t46\nhale irwin#united states#1974 , 1979#291#+ 13#t54\ndavid graham#australia#1981#295#+ 15#t61\n",
        "pandas_code": "len(df[df['year (s) won'].str.contains(',')]) == 2",
        "pandas_eval": "True"
    },
    {
        "id": 32506,
        "statement": "5 player score less than 290",
        "label": 1,
        "table_caption": "1989 u.s. open (golf)",
        "table_text": "player#country#year (s) won#total#to par#finish\ncurtis strange#united states#1988#278#2#1\nscott simpson#united states#1987#281#+ 1#t6\nhubert green#united states#1977#283#+ 3#t9\nlarry nelson#united states#1983#284#+ 4#t13\nraymond floyd#united states#1986#287#+ 7#t26\njack nicklaus#united states#1962 , 1967 , 1972 , 1980#290#+ 10#t43\ntom watson#united states#1982#291#+ 11#t46\nhale irwin#united states#1974 , 1979#291#+ 13#t54\ndavid graham#australia#1981#295#+ 15#t61\n",
        "pandas_code": "len(df[df['total'] < 290]) == 5",
        "pandas_eval": "True"
    },
    {
        "id": 32507,
        "statement": "8 player be from the united state and 1 from australia",
        "label": 1,
        "table_caption": "1989 u.s. open (golf)",
        "table_text": "player#country#year (s) won#total#to par#finish\ncurtis strange#united states#1988#278#2#1\nscott simpson#united states#1987#281#+ 1#t6\nhubert green#united states#1977#283#+ 3#t9\nlarry nelson#united states#1983#284#+ 4#t13\nraymond floyd#united states#1986#287#+ 7#t26\njack nicklaus#united states#1962 , 1967 , 1972 , 1980#290#+ 10#t43\ntom watson#united states#1982#291#+ 11#t46\nhale irwin#united states#1974 , 1979#291#+ 13#t54\ndavid graham#australia#1981#295#+ 15#t61\n",
        "pandas_code": "(df['country'].value_counts().to_dict() == {'united states': 8, 'australia': 1})",
        "pandas_eval": "True"
    },
    {
        "id": 32508,
        "statement": "jack nicklaus win the earliest championship in 1967",
        "label": 1,
        "table_caption": "1989 u.s. open (golf)",
        "table_text": "player#country#year (s) won#total#to par#finish\ncurtis strange#united states#1988#278#2#1\nscott simpson#united states#1987#281#+ 1#t6\nhubert green#united states#1977#283#+ 3#t9\nlarry nelson#united states#1983#284#+ 4#t13\nraymond floyd#united states#1986#287#+ 7#t26\njack nicklaus#united states#1962 , 1967 , 1972 , 1980#290#+ 10#t43\ntom watson#united states#1982#291#+ 11#t46\nhale irwin#united states#1974 , 1979#291#+ 13#t54\ndavid graham#australia#1981#295#+ 15#t61\n",
        "pandas_code": "df[df['player'] == 'jack nicklaus']['year (s) won'].str.contains('1967').any()",
        "pandas_eval": "True"
    },
    {
        "id": 32509,
        "statement": "scott simpson have a lower score than tom watson",
        "label": 1,
        "table_caption": "1989 u.s. open (golf)",
        "table_text": "player#country#year (s) won#total#to par#finish\ncurtis strange#united states#1988#278#2#1\nscott simpson#united states#1987#281#+ 1#t6\nhubert green#united states#1977#283#+ 3#t9\nlarry nelson#united states#1983#284#+ 4#t13\nraymond floyd#united states#1986#287#+ 7#t26\njack nicklaus#united states#1962 , 1967 , 1972 , 1980#290#+ 10#t43\ntom watson#united states#1982#291#+ 11#t46\nhale irwin#united states#1974 , 1979#291#+ 13#t54\ndavid graham#australia#1981#295#+ 15#t61\n",
        "pandas_code": "df[df['player'] == 'scott simpson']['total'].values[0] < df[df['player'] == 'tom watson']['total'].values[0]",
        "pandas_eval": "True"
    },
    {
        "id": 32510,
        "statement": "none of the player list have win multiple championship",
        "label": 0,
        "table_caption": "1989 u.s. open (golf)",
        "table_text": "player#country#year (s) won#total#to par#finish\ncurtis strange#united states#1988#278#2#1\nscott simpson#united states#1987#281#+ 1#t6\nhubert green#united states#1977#283#+ 3#t9\nlarry nelson#united states#1983#284#+ 4#t13\nraymond floyd#united states#1986#287#+ 7#t26\njack nicklaus#united states#1962 , 1967 , 1972 , 1980#290#+ 10#t43\ntom watson#united states#1982#291#+ 11#t46\nhale irwin#united states#1974 , 1979#291#+ 13#t54\ndavid graham#australia#1981#295#+ 15#t61\n",
        "pandas_code": "all(df['year (s) won'].apply(lambda x: len(x.split(' , ')) == 1))",
        "pandas_eval": "False"
    },
    {
        "id": 32511,
        "statement": "6 player score less than 290",
        "label": 0,
        "table_caption": "1989 u.s. open (golf)",
        "table_text": "player#country#year (s) won#total#to par#finish\ncurtis strange#united states#1988#278#2#1\nscott simpson#united states#1987#281#+ 1#t6\nhubert green#united states#1977#283#+ 3#t9\nlarry nelson#united states#1983#284#+ 4#t13\nraymond floyd#united states#1986#287#+ 7#t26\njack nicklaus#united states#1962 , 1967 , 1972 , 1980#290#+ 10#t43\ntom watson#united states#1982#291#+ 11#t46\nhale irwin#united states#1974 , 1979#291#+ 13#t54\ndavid graham#australia#1981#295#+ 15#t61\n",
        "pandas_code": "len(df[df['total'] < 290]) == 6",
        "pandas_eval": "False"
    },
    {
        "id": 32512,
        "statement": "all of the player be from north america",
        "label": 0,
        "table_caption": "1989 u.s. open (golf)",
        "table_text": "player#country#year (s) won#total#to par#finish\ncurtis strange#united states#1988#278#2#1\nscott simpson#united states#1987#281#+ 1#t6\nhubert green#united states#1977#283#+ 3#t9\nlarry nelson#united states#1983#284#+ 4#t13\nraymond floyd#united states#1986#287#+ 7#t26\njack nicklaus#united states#1962 , 1967 , 1972 , 1980#290#+ 10#t43\ntom watson#united states#1982#291#+ 11#t46\nhale irwin#united states#1974 , 1979#291#+ 13#t54\ndavid graham#australia#1981#295#+ 15#t61\n",
        "pandas_code": "all(df['country'].isin(['united states', 'canada', 'mexico']))",
        "pandas_eval": "False"
    },
    {
        "id": 32513,
        "statement": "of all player list , hale irwin win the earliest championship",
        "label": 0,
        "table_caption": "1989 u.s. open (golf)",
        "table_text": "player#country#year (s) won#total#to par#finish\ncurtis strange#united states#1988#278#2#1\nscott simpson#united states#1987#281#+ 1#t6\nhubert green#united states#1977#283#+ 3#t9\nlarry nelson#united states#1983#284#+ 4#t13\nraymond floyd#united states#1986#287#+ 7#t26\njack nicklaus#united states#1962 , 1967 , 1972 , 1980#290#+ 10#t43\ntom watson#united states#1982#291#+ 11#t46\nhale irwin#united states#1974 , 1979#291#+ 13#t54\ndavid graham#australia#1981#295#+ 15#t61\n",
        "pandas_code": "df.loc[df['player'] == 'hale irwin', 'year (s) won'].str.split(', ').explode().astype(int).min() == min(df['year (s) won'].str.split(', ').explode().astype(int))",
        "pandas_eval": "False"
    },
    {
        "id": 32514,
        "statement": "scott simpson have the highest score of all the player",
        "label": 0,
        "table_caption": "1989 u.s. open (golf)",
        "table_text": "player#country#year (s) won#total#to par#finish\ncurtis strange#united states#1988#278#2#1\nscott simpson#united states#1987#281#+ 1#t6\nhubert green#united states#1977#283#+ 3#t9\nlarry nelson#united states#1983#284#+ 4#t13\nraymond floyd#united states#1986#287#+ 7#t26\njack nicklaus#united states#1962 , 1967 , 1972 , 1980#290#+ 10#t43\ntom watson#united states#1982#291#+ 11#t46\nhale irwin#united states#1974 , 1979#291#+ 13#t54\ndavid graham#australia#1981#295#+ 15#t61\n",
        "pandas_code": "df.loc[df['player'] == 'scott simpson', 'total'].values[0] == df['total'].max()",
        "pandas_eval": "False"
    },
    {
        "id": 40061,
        "statement": "there be 3 golfer at the 1989 us open that finish with a score of 66",
        "label": 1,
        "table_caption": "1989 u.s. open (golf)",
        "table_text": "place#player#country#score#to par\nt1#jay don blake#united states#66#- 4\nt1#bernhard langer#west germany#66#- 4\nt1#payne stewart#united states#66#- 4\nt4#tom kite#united states#67#- 3\nt4#jack nicklaus#united states#67#- 3\nt4#tom pernice , jr#united states#67#- 3\nt4#scott simpson#united states#67#- 3\nt4#joey sindelar#united states#67#- 3\nt7#kurt beck#united states#68#- 2\nt7#nick faldo#united states#68#- 2\nt7#raymond floyd#united states#68#- 2\nt7#larry nelson#united states#68#- 2\nt7#dillard pruitt#united states#68#- 2\n",
        "pandas_code": "len(df[df['score'] == 66]) == 3",
        "pandas_eval": "True"
    },
    {
        "id": 40062,
        "statement": "payne steward score 2 point lower than larry nelson at the 1989 us open",
        "label": 1,
        "table_caption": "1989 u.s. open (golf)",
        "table_text": "place#player#country#score#to par\nt1#jay don blake#united states#66#- 4\nt1#bernhard langer#west germany#66#- 4\nt1#payne stewart#united states#66#- 4\nt4#tom kite#united states#67#- 3\nt4#jack nicklaus#united states#67#- 3\nt4#tom pernice , jr#united states#67#- 3\nt4#scott simpson#united states#67#- 3\nt4#joey sindelar#united states#67#- 3\nt7#kurt beck#united states#68#- 2\nt7#nick faldo#united states#68#- 2\nt7#raymond floyd#united states#68#- 2\nt7#larry nelson#united states#68#- 2\nt7#dillard pruitt#united states#68#- 2\n",
        "pandas_code": "df[df['player'] == 'payne stewart']['score'].values[0] == df[df['player'] == 'larry nelson']['score'].values[0] - 2",
        "pandas_eval": "True"
    },
    {
        "id": 40063,
        "statement": "bernhard langer be the only golfer that be not from the united state to finish in the top 13 at the 1989 us open",
        "label": 1,
        "table_caption": "1989 u.s. open (golf)",
        "table_text": "place#player#country#score#to par\nt1#jay don blake#united states#66#- 4\nt1#bernhard langer#west germany#66#- 4\nt1#payne stewart#united states#66#- 4\nt4#tom kite#united states#67#- 3\nt4#jack nicklaus#united states#67#- 3\nt4#tom pernice , jr#united states#67#- 3\nt4#scott simpson#united states#67#- 3\nt4#joey sindelar#united states#67#- 3\nt7#kurt beck#united states#68#- 2\nt7#nick faldo#united states#68#- 2\nt7#raymond floyd#united states#68#- 2\nt7#larry nelson#united states#68#- 2\nt7#dillard pruitt#united states#68#- 2\n",
        "pandas_code": "df[(df['player'] == 'bernhard langer') & (df['country'] != 'united states')].shape[0] == 1",
        "pandas_eval": "True"
    },
    {
        "id": 40064,
        "statement": "kurt beck and nick faldo both have a par - 2 at the conclusion of the 1989 us open",
        "label": 1,
        "table_caption": "1989 u.s. open (golf)",
        "table_text": "place#player#country#score#to par\nt1#jay don blake#united states#66#- 4\nt1#bernhard langer#west germany#66#- 4\nt1#payne stewart#united states#66#- 4\nt4#tom kite#united states#67#- 3\nt4#jack nicklaus#united states#67#- 3\nt4#tom pernice , jr#united states#67#- 3\nt4#scott simpson#united states#67#- 3\nt4#joey sindelar#united states#67#- 3\nt7#kurt beck#united states#68#- 2\nt7#nick faldo#united states#68#- 2\nt7#raymond floyd#united states#68#- 2\nt7#larry nelson#united states#68#- 2\nt7#dillard pruitt#united states#68#- 2\n",
        "pandas_code": "all(df[(df['player'].isin(['kurt beck', 'nick faldo']))]['to par'] == '- 2')",
        "pandas_eval": "True"
    },
    {
        "id": 40065,
        "statement": "there be 5 golfer that be tie for fourth place at the 1989 us open",
        "label": 1,
        "table_caption": "1989 u.s. open (golf)",
        "table_text": "place#player#country#score#to par\nt1#jay don blake#united states#66#- 4\nt1#bernhard langer#west germany#66#- 4\nt1#payne stewart#united states#66#- 4\nt4#tom kite#united states#67#- 3\nt4#jack nicklaus#united states#67#- 3\nt4#tom pernice , jr#united states#67#- 3\nt4#scott simpson#united states#67#- 3\nt4#joey sindelar#united states#67#- 3\nt7#kurt beck#united states#68#- 2\nt7#nick faldo#united states#68#- 2\nt7#raymond floyd#united states#68#- 2\nt7#larry nelson#united states#68#- 2\nt7#dillard pruitt#united states#68#- 2\n",
        "pandas_code": "len(df[df['place'] == 't4']) == 5",
        "pandas_eval": "True"
    },
    {
        "id": 40066,
        "statement": "there be more than 3 golfer at the 1989 us open that finish with a score of 66",
        "label": 0,
        "table_caption": "1989 u.s. open (golf)",
        "table_text": "place#player#country#score#to par\nt1#jay don blake#united states#66#- 4\nt1#bernhard langer#west germany#66#- 4\nt1#payne stewart#united states#66#- 4\nt4#tom kite#united states#67#- 3\nt4#jack nicklaus#united states#67#- 3\nt4#tom pernice , jr#united states#67#- 3\nt4#scott simpson#united states#67#- 3\nt4#joey sindelar#united states#67#- 3\nt7#kurt beck#united states#68#- 2\nt7#nick faldo#united states#68#- 2\nt7#raymond floyd#united states#68#- 2\nt7#larry nelson#united states#68#- 2\nt7#dillard pruitt#united states#68#- 2\n",
        "pandas_code": "(df['score'] == 66).sum() > 3",
        "pandas_eval": "False"
    },
    {
        "id": 40067,
        "statement": "payne steward score 2 point higher than larry nelson at the 1989 us open",
        "label": 0,
        "table_caption": "1989 u.s. open (golf)",
        "table_text": "place#player#country#score#to par\nt1#jay don blake#united states#66#- 4\nt1#bernhard langer#west germany#66#- 4\nt1#payne stewart#united states#66#- 4\nt4#tom kite#united states#67#- 3\nt4#jack nicklaus#united states#67#- 3\nt4#tom pernice , jr#united states#67#- 3\nt4#scott simpson#united states#67#- 3\nt4#joey sindelar#united states#67#- 3\nt7#kurt beck#united states#68#- 2\nt7#nick faldo#united states#68#- 2\nt7#raymond floyd#united states#68#- 2\nt7#larry nelson#united states#68#- 2\nt7#dillard pruitt#united states#68#- 2\n",
        "pandas_code": "(df[df['player'] == 'payne stewart']['score'].values[0] - df[df['player'] == 'larry nelson']['score'].values[0]) == 2",
        "pandas_eval": "False"
    },
    {
        "id": 40068,
        "statement": "bernhard langer be the only united state golfer to finish in the top 13 at the 1989 us open",
        "label": 0,
        "table_caption": "1989 u.s. open (golf)",
        "table_text": "place#player#country#score#to par\nt1#jay don blake#united states#66#- 4\nt1#bernhard langer#west germany#66#- 4\nt1#payne stewart#united states#66#- 4\nt4#tom kite#united states#67#- 3\nt4#jack nicklaus#united states#67#- 3\nt4#tom pernice , jr#united states#67#- 3\nt4#scott simpson#united states#67#- 3\nt4#joey sindelar#united states#67#- 3\nt7#kurt beck#united states#68#- 2\nt7#nick faldo#united states#68#- 2\nt7#raymond floyd#united states#68#- 2\nt7#larry nelson#united states#68#- 2\nt7#dillard pruitt#united states#68#- 2\n",
        "pandas_code": "df[df['country'] == 'united states']['player'].nunique() == 1 and df[df['player'] == 'bernhard langer']['country'].iloc[0] == 'united states'",
        "pandas_eval": "False"
    },
    {
        "id": 40069,
        "statement": "kurt beck and nick faldo both have better than a par - 2 at the conclusion of the 1989 us open",
        "label": 0,
        "table_caption": "1989 u.s. open (golf)",
        "table_text": "place#player#country#score#to par\nt1#jay don blake#united states#66#- 4\nt1#bernhard langer#west germany#66#- 4\nt1#payne stewart#united states#66#- 4\nt4#tom kite#united states#67#- 3\nt4#jack nicklaus#united states#67#- 3\nt4#tom pernice , jr#united states#67#- 3\nt4#scott simpson#united states#67#- 3\nt4#joey sindelar#united states#67#- 3\nt7#kurt beck#united states#68#- 2\nt7#nick faldo#united states#68#- 2\nt7#raymond floyd#united states#68#- 2\nt7#larry nelson#united states#68#- 2\nt7#dillard pruitt#united states#68#- 2\n",
        "pandas_code": "all(df[(df['player'].isin(['kurt beck', 'nick faldo']))]['to par'].apply(lambda x: int(x.split()[1]) < -2))",
        "pandas_eval": "False"
    },
    {
        "id": 40070,
        "statement": "there be more than 5 golfer that be tie for fourth place at the 1989 us open",
        "label": 0,
        "table_caption": "1989 u.s. open (golf)",
        "table_text": "place#player#country#score#to par\nt1#jay don blake#united states#66#- 4\nt1#bernhard langer#west germany#66#- 4\nt1#payne stewart#united states#66#- 4\nt4#tom kite#united states#67#- 3\nt4#jack nicklaus#united states#67#- 3\nt4#tom pernice , jr#united states#67#- 3\nt4#scott simpson#united states#67#- 3\nt4#joey sindelar#united states#67#- 3\nt7#kurt beck#united states#68#- 2\nt7#nick faldo#united states#68#- 2\nt7#raymond floyd#united states#68#- 2\nt7#larry nelson#united states#68#- 2\nt7#dillard pruitt#united states#68#- 2\n",
        "pandas_code": "(df[df['place'] == 't4'].shape[0] > 5)",
        "pandas_eval": "False"
    }
]