[
    {
        "id": 29548,
        "statement": "there be 1 only game in the 2008 - 2009 toronto maple leaf season which have more than 20000 attend",
        "label": 1,
        "table_caption": "2008 - 09 toronto maple leafs season",
        "table_text": "game#date#opponent#score#location#attendance#record#points\n51#february 3 , 2009#florida panthers#3 - 4 (ot)#air canada centre#19095#19 - 23 - 9#47\n52#february 4 , 2009#buffalo sabres#0 - 5#hsbc arena#17355#19 - 24 - 9#47\n53#february 7 , 2009#montreal canadiens#5 - 2#bell centre#21273#20 - 24 - 9#49\n54#february 10 , 2009#florida panthers#4 - 5 (ot)#bankatlantic center#13764#20 - 24 - 10#50\n55#february 12 , 2009#tampa bay#4 - 6#st pete times forum#16526#20 - 25 - 10#50\n56#february 14 , 2009#pittsburgh penguins#6 - 2#air canada centre#19365#21 - 25 - 10#52\n57#february 17 , 2009#buffalo sabres#1 - 4#air canada centre#19287#21 - 26 - 10#52\n58#february 19 , 2009#columbus blue jackets#3 - 4 (so)#air canada centre#19179#21 - 26 - 11#53\n59#february 21 , 2009#vancouver canucks#2 - 3 (so)#air canada centre#19504#21 - 26 - 12#54\n60#february 22 , 2009#new york rangers#3 - 2 (ot)#madison square garden#18200#22 - 26 - 12#56\n61#february 25 , 2009#new york rangers#2 - 1 (so)#air canada centre#19383#23 - 26 - 12#58\n62#february 26 , 2009#new york islanders#5 - 4 (so)#nassau veterans memorial coliseum#12201#24 - 26 - 12#60\n",
        "pandas_code": "len(df[df['attendance'] > 20000]) == 1",
        "pandas_eval": "True"
    },
    {
        "id": 29549,
        "statement": "there be 1 only game in the 2008 - 2009 toronto maple leaf season in which a team score 6 point",
        "label": 1,
        "table_caption": "2008 - 09 toronto maple leafs season",
        "table_text": "game#date#opponent#score#location#attendance#record#points\n51#february 3 , 2009#florida panthers#3 - 4 (ot)#air canada centre#19095#19 - 23 - 9#47\n52#february 4 , 2009#buffalo sabres#0 - 5#hsbc arena#17355#19 - 24 - 9#47\n53#february 7 , 2009#montreal canadiens#5 - 2#bell centre#21273#20 - 24 - 9#49\n54#february 10 , 2009#florida panthers#4 - 5 (ot)#bankatlantic center#13764#20 - 24 - 10#50\n55#february 12 , 2009#tampa bay#4 - 6#st pete times forum#16526#20 - 25 - 10#50\n56#february 14 , 2009#pittsburgh penguins#6 - 2#air canada centre#19365#21 - 25 - 10#52\n57#february 17 , 2009#buffalo sabres#1 - 4#air canada centre#19287#21 - 26 - 10#52\n58#february 19 , 2009#columbus blue jackets#3 - 4 (so)#air canada centre#19179#21 - 26 - 11#53\n59#february 21 , 2009#vancouver canucks#2 - 3 (so)#air canada centre#19504#21 - 26 - 12#54\n60#february 22 , 2009#new york rangers#3 - 2 (ot)#madison square garden#18200#22 - 26 - 12#56\n61#february 25 , 2009#new york rangers#2 - 1 (so)#air canada centre#19383#23 - 26 - 12#58\n62#february 26 , 2009#new york islanders#5 - 4 (so)#nassau veterans memorial coliseum#12201#24 - 26 - 12#60\n",
        "pandas_code": "len(df[df['score'].str.split(' - ').str[0].astype(int) == 6]) == 1",
        "pandas_eval": "True"
    },
    {
        "id": 29550,
        "statement": "the most frequently play arena for the toronto maple leaf be at the air canada centre , at 6 game",
        "label": 1,
        "table_caption": "2008 - 09 toronto maple leafs season",
        "table_text": "game#date#opponent#score#location#attendance#record#points\n51#february 3 , 2009#florida panthers#3 - 4 (ot)#air canada centre#19095#19 - 23 - 9#47\n52#february 4 , 2009#buffalo sabres#0 - 5#hsbc arena#17355#19 - 24 - 9#47\n53#february 7 , 2009#montreal canadiens#5 - 2#bell centre#21273#20 - 24 - 9#49\n54#february 10 , 2009#florida panthers#4 - 5 (ot)#bankatlantic center#13764#20 - 24 - 10#50\n55#february 12 , 2009#tampa bay#4 - 6#st pete times forum#16526#20 - 25 - 10#50\n56#february 14 , 2009#pittsburgh penguins#6 - 2#air canada centre#19365#21 - 25 - 10#52\n57#february 17 , 2009#buffalo sabres#1 - 4#air canada centre#19287#21 - 26 - 10#52\n58#february 19 , 2009#columbus blue jackets#3 - 4 (so)#air canada centre#19179#21 - 26 - 11#53\n59#february 21 , 2009#vancouver canucks#2 - 3 (so)#air canada centre#19504#21 - 26 - 12#54\n60#february 22 , 2009#new york rangers#3 - 2 (ot)#madison square garden#18200#22 - 26 - 12#56\n61#february 25 , 2009#new york rangers#2 - 1 (so)#air canada centre#19383#23 - 26 - 12#58\n62#february 26 , 2009#new york islanders#5 - 4 (so)#nassau veterans memorial coliseum#12201#24 - 26 - 12#60\n",
        "pandas_code": "df['location'].value_counts().idxmax() == 'air canada centre' and df['location'].value_counts().max() == 6",
        "pandas_eval": "True"
    },
    {
        "id": 29552,
        "statement": "there be more location at which , during the 2008 - 2009 toronto maple leaf season , they only play 1 time at that location than repeat location",
        "label": 1,
        "table_caption": "2008 - 09 toronto maple leafs season",
        "table_text": "game#date#opponent#score#location#attendance#record#points\n51#february 3 , 2009#florida panthers#3 - 4 (ot)#air canada centre#19095#19 - 23 - 9#47\n52#february 4 , 2009#buffalo sabres#0 - 5#hsbc arena#17355#19 - 24 - 9#47\n53#february 7 , 2009#montreal canadiens#5 - 2#bell centre#21273#20 - 24 - 9#49\n54#february 10 , 2009#florida panthers#4 - 5 (ot)#bankatlantic center#13764#20 - 24 - 10#50\n55#february 12 , 2009#tampa bay#4 - 6#st pete times forum#16526#20 - 25 - 10#50\n56#february 14 , 2009#pittsburgh penguins#6 - 2#air canada centre#19365#21 - 25 - 10#52\n57#february 17 , 2009#buffalo sabres#1 - 4#air canada centre#19287#21 - 26 - 10#52\n58#february 19 , 2009#columbus blue jackets#3 - 4 (so)#air canada centre#19179#21 - 26 - 11#53\n59#february 21 , 2009#vancouver canucks#2 - 3 (so)#air canada centre#19504#21 - 26 - 12#54\n60#february 22 , 2009#new york rangers#3 - 2 (ot)#madison square garden#18200#22 - 26 - 12#56\n61#february 25 , 2009#new york rangers#2 - 1 (so)#air canada centre#19383#23 - 26 - 12#58\n62#february 26 , 2009#new york islanders#5 - 4 (so)#nassau veterans memorial coliseum#12201#24 - 26 - 12#60\n",
        "pandas_code": "len(df['location'].value_counts()[df['location'].value_counts() == 1]) > len(df['location'].value_counts()[df['location'].value_counts() > 1])",
        "pandas_eval": "True"
    },
    {
        "id": 83181,
        "statement": "joël champagne from canada be the pick as he have a 129 (from phoenix) in round 5",
        "label": 1,
        "table_caption": "2008 - 09 toronto maple leafs season",
        "table_text": "round#pick#player#position#nationality#club team\n1#5#luke schenn#(d)#canada#kelowna rockets ( whl )\n2#60 (from pittsburgh)#jimmy hayes#(rw)#united states#lincoln stars ( ushl )\n4#98#mikhail stefanovich#(c)#belarus#quebec remparts ( qmjhl )\n5#128#greg pateryn#(d)#united states#ohio junior blue jackets ( ushl )\n5#129 (from phoenix)#joël champagne#(c)#canada#chicoutimi saguenéens ( qmjhl )\n5#130 (from florida)#jerome flaake#(lw)#germany#kölner haie ( del )\n6#158#grant rollheiser#(g)#canada#trail smoke eaters ( bchl )\n7#188#andrew macwilliam#(d)#canada#camrose kodiaks ( ajhl )\n",
        "pandas_code": "df[(df['player'] == 'joël champagne') & (df['nationality'] == 'canada') & (df['pick'] == '129 (from phoenix)') & (df['round'] == 5)].any().any()",
        "pandas_eval": "True"
    },
    {
        "id": 83182,
        "statement": "andrew macwilliam be a player from the camrose kodiak (ajhl) club team out of canada , and they be in (d) position",
        "label": 1,
        "table_caption": "2008 - 09 toronto maple leafs season",
        "table_text": "round#pick#player#position#nationality#club team\n1#5#luke schenn#(d)#canada#kelowna rockets ( whl )\n2#60 (from pittsburgh)#jimmy hayes#(rw)#united states#lincoln stars ( ushl )\n4#98#mikhail stefanovich#(c)#belarus#quebec remparts ( qmjhl )\n5#128#greg pateryn#(d)#united states#ohio junior blue jackets ( ushl )\n5#129 (from phoenix)#joël champagne#(c)#canada#chicoutimi saguenéens ( qmjhl )\n5#130 (from florida)#jerome flaake#(lw)#germany#kölner haie ( del )\n6#158#grant rollheiser#(g)#canada#trail smoke eaters ( bchl )\n7#188#andrew macwilliam#(d)#canada#camrose kodiaks ( ajhl )\n",
        "pandas_code": "((df['player'] == 'andrew macwilliam') & (df['club team'] == 'camrose kodiaks ( ajhl )') & (df['nationality'] == 'canada') & (df['position'] == '(d)')).any()",
        "pandas_eval": "True"
    },
    {
        "id": 83183,
        "statement": "grant rollheiser be the only player who have a round larger than 5 , and a position of (g)",
        "label": 1,
        "table_caption": "2008 - 09 toronto maple leafs season",
        "table_text": "round#pick#player#position#nationality#club team\n1#5#luke schenn#(d)#canada#kelowna rockets ( whl )\n2#60 (from pittsburgh)#jimmy hayes#(rw)#united states#lincoln stars ( ushl )\n4#98#mikhail stefanovich#(c)#belarus#quebec remparts ( qmjhl )\n5#128#greg pateryn#(d)#united states#ohio junior blue jackets ( ushl )\n5#129 (from phoenix)#joël champagne#(c)#canada#chicoutimi saguenéens ( qmjhl )\n5#130 (from florida)#jerome flaake#(lw)#germany#kölner haie ( del )\n6#158#grant rollheiser#(g)#canada#trail smoke eaters ( bchl )\n7#188#andrew macwilliam#(d)#canada#camrose kodiaks ( ajhl )\n",
        "pandas_code": "(df[(df['round'] > 5) & (df['position'] == '(g)')]['player'].nunique() == 1) & (df[(df['round'] > 5) & (df['position'] == '(g)')]['player'].iloc[0] == 'grant rollheiser')",
        "pandas_eval": "True"
    },
    {
        "id": 83184,
        "statement": "player jimmy hay , who have a nationality of united state , be the pick in round 2",
        "label": 1,
        "table_caption": "2008 - 09 toronto maple leafs season",
        "table_text": "round#pick#player#position#nationality#club team\n1#5#luke schenn#(d)#canada#kelowna rockets ( whl )\n2#60 (from pittsburgh)#jimmy hayes#(rw)#united states#lincoln stars ( ushl )\n4#98#mikhail stefanovich#(c)#belarus#quebec remparts ( qmjhl )\n5#128#greg pateryn#(d)#united states#ohio junior blue jackets ( ushl )\n5#129 (from phoenix)#joël champagne#(c)#canada#chicoutimi saguenéens ( qmjhl )\n5#130 (from florida)#jerome flaake#(lw)#germany#kölner haie ( del )\n6#158#grant rollheiser#(g)#canada#trail smoke eaters ( bchl )\n7#188#andrew macwilliam#(d)#canada#camrose kodiaks ( ajhl )\n",
        "pandas_code": "((df['player'] == 'jimmy hayes') & (df['nationality'] == 'united states') & (df['round'] == 2)).any()",
        "pandas_eval": "True"
    },
    {
        "id": 83185,
        "statement": "grant rollheiser be in the 7th round along with the other player with position c , joël champagne",
        "label": 0,
        "table_caption": "2008 - 09 toronto maple leafs season",
        "table_text": "round#pick#player#position#nationality#club team\n1#5#luke schenn#(d)#canada#kelowna rockets ( whl )\n2#60 (from pittsburgh)#jimmy hayes#(rw)#united states#lincoln stars ( ushl )\n4#98#mikhail stefanovich#(c)#belarus#quebec remparts ( qmjhl )\n5#128#greg pateryn#(d)#united states#ohio junior blue jackets ( ushl )\n5#129 (from phoenix)#joël champagne#(c)#canada#chicoutimi saguenéens ( qmjhl )\n5#130 (from florida)#jerome flaake#(lw)#germany#kölner haie ( del )\n6#158#grant rollheiser#(g)#canada#trail smoke eaters ( bchl )\n7#188#andrew macwilliam#(d)#canada#camrose kodiaks ( ajhl )\n",
        "pandas_code": "(df[df['player'] == 'grant rollheiser']['round'].iloc[0] == 7) & (df[df['player'] == 'joël champagne']['position'].iloc[0] == '(c)')",
        "pandas_eval": "False"
    },
    {
        "id": 83186,
        "statement": "the player in round 2 be from europe , and his name be jerome flaake who play position d",
        "label": 0,
        "table_caption": "2008 - 09 toronto maple leafs season",
        "table_text": "round#pick#player#position#nationality#club team\n1#5#luke schenn#(d)#canada#kelowna rockets ( whl )\n2#60 (from pittsburgh)#jimmy hayes#(rw)#united states#lincoln stars ( ushl )\n4#98#mikhail stefanovich#(c)#belarus#quebec remparts ( qmjhl )\n5#128#greg pateryn#(d)#united states#ohio junior blue jackets ( ushl )\n5#129 (from phoenix)#joël champagne#(c)#canada#chicoutimi saguenéens ( qmjhl )\n5#130 (from florida)#jerome flaake#(lw)#germany#kölner haie ( del )\n6#158#grant rollheiser#(g)#canada#trail smoke eaters ( bchl )\n7#188#andrew macwilliam#(d)#canada#camrose kodiaks ( ajhl )\n",
        "pandas_code": "((df['round'] == 2) & (df['player'] == 'jerome flaake') & (df['position'] == '(d)') & (df['nationality'].isin(['germany', 'belarus']))).any()",
        "pandas_eval": "False"
    },
    {
        "id": 83187,
        "statement": "joël champagne be pick 98 , from germany",
        "label": 0,
        "table_caption": "2008 - 09 toronto maple leafs season",
        "table_text": "round#pick#player#position#nationality#club team\n1#5#luke schenn#(d)#canada#kelowna rockets ( whl )\n2#60 (from pittsburgh)#jimmy hayes#(rw)#united states#lincoln stars ( ushl )\n4#98#mikhail stefanovich#(c)#belarus#quebec remparts ( qmjhl )\n5#128#greg pateryn#(d)#united states#ohio junior blue jackets ( ushl )\n5#129 (from phoenix)#joël champagne#(c)#canada#chicoutimi saguenéens ( qmjhl )\n5#130 (from florida)#jerome flaake#(lw)#germany#kölner haie ( del )\n6#158#grant rollheiser#(g)#canada#trail smoke eaters ( bchl )\n7#188#andrew macwilliam#(d)#canada#camrose kodiaks ( ajhl )\n",
        "pandas_code": "((df['player'] == 'joël champagne') & (df['pick'] == '98') & (df['nationality'] == 'germany')).any()",
        "pandas_eval": "False"
    },
    {
        "id": 83188,
        "statement": "camrose kodiak (ajhl) be from the united state , with the player mikhail stefanovich",
        "label": 0,
        "table_caption": "2008 - 09 toronto maple leafs season",
        "table_text": "round#pick#player#position#nationality#club team\n1#5#luke schenn#(d)#canada#kelowna rockets ( whl )\n2#60 (from pittsburgh)#jimmy hayes#(rw)#united states#lincoln stars ( ushl )\n4#98#mikhail stefanovich#(c)#belarus#quebec remparts ( qmjhl )\n5#128#greg pateryn#(d)#united states#ohio junior blue jackets ( ushl )\n5#129 (from phoenix)#joël champagne#(c)#canada#chicoutimi saguenéens ( qmjhl )\n5#130 (from florida)#jerome flaake#(lw)#germany#kölner haie ( del )\n6#158#grant rollheiser#(g)#canada#trail smoke eaters ( bchl )\n7#188#andrew macwilliam#(d)#canada#camrose kodiaks ( ajhl )\n",
        "pandas_code": "(df['club team'].str.contains('camrose kodiak', case=False, na=False) & df['nationality'].str.contains('united states', case=False, na=False) & df['player'].str.contains('mikhail stefanovich', case=False, na=False)).any()",
        "pandas_eval": "False"
    }
]