[
    {
        "id": 30000,
        "statement": "the 2009 - 10 season be the only 1 in which the ram didn' make the ncaa tournament",
        "label": 1,
        "table_caption": "vcu rams men 's basketball",
        "table_text": "season#coach#overall#conference#standing#postseason\n2008 - 09#anthony grant#24 - 10#14 - 4#1st#ncaa first round\n2009 - 10#shaka smart#27 - 9#11 - 7#5th#cbi champions\n2010 - 11#shaka smart#28 - 12#12 - 6#4th#ncaa final four\n2011 - 12#shaka smart#29 - 7#15 - 3#2nd#ncaa third round\n2012 - 13#shaka smart#27 - 9#12 - 4#2nd#ncaa third round\n",
        "pandas_code": "df[(df['season'] == '2009 - 10') & (df['postseason'] != 'ncaa tournament')].shape[0] == 1",
        "pandas_eval": "True"
    },
    {
        "id": 30001,
        "statement": "the ram lose 4 conference game in both the 2008 - 09 and 2012 - 13 season",
        "label": 1,
        "table_caption": "vcu rams men 's basketball",
        "table_text": "season#coach#overall#conference#standing#postseason\n2008 - 09#anthony grant#24 - 10#14 - 4#1st#ncaa first round\n2009 - 10#shaka smart#27 - 9#11 - 7#5th#cbi champions\n2010 - 11#shaka smart#28 - 12#12 - 6#4th#ncaa final four\n2011 - 12#shaka smart#29 - 7#15 - 3#2nd#ncaa third round\n2012 - 13#shaka smart#27 - 9#12 - 4#2nd#ncaa third round\n",
        "pandas_code": "all(df[df['season'].isin(['2008 - 09', '2012 - 13'])]['conference'].str.split(' - ').apply(lambda x: int(x[1]) == 4))",
        "pandas_eval": "True"
    },
    {
        "id": 30002,
        "statement": "the ram average 27.75 overall win under shaka smart",
        "label": 1,
        "table_caption": "vcu rams men 's basketball",
        "table_text": "season#coach#overall#conference#standing#postseason\n2008 - 09#anthony grant#24 - 10#14 - 4#1st#ncaa first round\n2009 - 10#shaka smart#27 - 9#11 - 7#5th#cbi champions\n2010 - 11#shaka smart#28 - 12#12 - 6#4th#ncaa final four\n2011 - 12#shaka smart#29 - 7#15 - 3#2nd#ncaa third round\n2012 - 13#shaka smart#27 - 9#12 - 4#2nd#ncaa third round\n",
        "pandas_code": "df[df['coach'] == 'shaka smart']['overall'].apply(lambda x: int(x.split(' - ')[0])).mean() == 27.75",
        "pandas_eval": "True"
    },
    {
        "id": 30003,
        "statement": "the ram average 9.25 loss under shaka smart",
        "label": 1,
        "table_caption": "vcu rams men 's basketball",
        "table_text": "season#coach#overall#conference#standing#postseason\n2008 - 09#anthony grant#24 - 10#14 - 4#1st#ncaa first round\n2009 - 10#shaka smart#27 - 9#11 - 7#5th#cbi champions\n2010 - 11#shaka smart#28 - 12#12 - 6#4th#ncaa final four\n2011 - 12#shaka smart#29 - 7#15 - 3#2nd#ncaa third round\n2012 - 13#shaka smart#27 - 9#12 - 4#2nd#ncaa third round\n",
        "pandas_code": "df[df['coach'] == 'shaka smart']['overall'].str.split(' - ').apply(lambda x: int(x[1])).mean() == 9.25",
        "pandas_eval": "True"
    },
    {
        "id": 30004,
        "statement": "the ram win at least 24 game in each season",
        "label": 1,
        "table_caption": "vcu rams men 's basketball",
        "table_text": "season#coach#overall#conference#standing#postseason\n2008 - 09#anthony grant#24 - 10#14 - 4#1st#ncaa first round\n2009 - 10#shaka smart#27 - 9#11 - 7#5th#cbi champions\n2010 - 11#shaka smart#28 - 12#12 - 6#4th#ncaa final four\n2011 - 12#shaka smart#29 - 7#15 - 3#2nd#ncaa third round\n2012 - 13#shaka smart#27 - 9#12 - 4#2nd#ncaa third round\n",
        "pandas_code": "all(df['overall'].apply(lambda x: int(x.split(' - ')[0]) >= 24))",
        "pandas_eval": "True"
    }
]