[
    {
        "id": 34370,
        "statement": "amber holland have 2 event that do not have record stats until 2012",
        "label": 1,
        "table_caption": "amber holland",
        "table_text": "event#2006 - 07#2007 - 08#2008 - 09#2009 - 10#2010 - 11#2012 - 13\nautumn gold#q#qf#q#qf#q#q\nmanitoba liquor & lotteries#q#q#q#qf#q#q\ncolonial square#n / a#n / a#n / a#n / a#n / a#r16\nmasters#n / a#n / a#n / a#n / a#n / a#q\nplayers'#dnp#c#q#dnp#dnp#dnp\n",
        "pandas_code": "len(df[df[['2006 - 07', '2007 - 08', '2008 - 09', '2009 - 10', '2010 - 11']].apply(lambda x: x == 'n / a').all(axis=1)]) == 2",
        "pandas_eval": "True"
    },
    {
        "id": 34371,
        "statement": "autumn gold and manitoba liquor & lotteries be first 2 event amber holland be list to have qualify for",
        "label": 1,
        "table_caption": "amber holland",
        "table_text": "event#2006 - 07#2007 - 08#2008 - 09#2009 - 10#2010 - 11#2012 - 13\nautumn gold#q#qf#q#qf#q#q\nmanitoba liquor & lotteries#q#q#q#qf#q#q\ncolonial square#n / a#n / a#n / a#n / a#n / a#r16\nmasters#n / a#n / a#n / a#n / a#n / a#q\nplayers'#dnp#c#q#dnp#dnp#dnp\n",
        "pandas_code": "all(df[df['event'].isin(['autumn gold', 'manitoba liquor & lotteries'])].iloc[:, 1:].apply(lambda x: x.isin(['q', 'qf'])).all(axis=1))",
        "pandas_eval": "True"
    },
    {
        "id": 34373,
        "statement": "amber holland 3 qf in total across all event and all year",
        "label": 1,
        "table_caption": "amber holland",
        "table_text": "event#2006 - 07#2007 - 08#2008 - 09#2009 - 10#2010 - 11#2012 - 13\nautumn gold#q#qf#q#qf#q#q\nmanitoba liquor & lotteries#q#q#q#qf#q#q\ncolonial square#n / a#n / a#n / a#n / a#n / a#r16\nmasters#n / a#n / a#n / a#n / a#n / a#q\nplayers'#dnp#c#q#dnp#dnp#dnp\n",
        "pandas_code": "(df[['2006 - 07', '2007 - 08', '2008 - 09', '2009 - 10', '2010 - 11', '2012 - 13']] == 'qf').sum().sum() == 3",
        "pandas_eval": "True"
    },
    {
        "id": 34374,
        "statement": "amber holland only have a c 1 time out of all event in 2007 - 08",
        "label": 1,
        "table_caption": "amber holland",
        "table_text": "event#2006 - 07#2007 - 08#2008 - 09#2009 - 10#2010 - 11#2012 - 13\nautumn gold#q#qf#q#qf#q#q\nmanitoba liquor & lotteries#q#q#q#qf#q#q\ncolonial square#n / a#n / a#n / a#n / a#n / a#r16\nmasters#n / a#n / a#n / a#n / a#n / a#q\nplayers'#dnp#c#q#dnp#dnp#dnp\n",
        "pandas_code": "df[df['2007 - 08'] == 'c'].shape[0] == 1",
        "pandas_eval": "True"
    },
    {
        "id": 34375,
        "statement": "amber holland have 3 event that do not have record stats until 2012",
        "label": 0,
        "table_caption": "amber holland",
        "table_text": "event#2006 - 07#2007 - 08#2008 - 09#2009 - 10#2010 - 11#2012 - 13\nautumn gold#q#qf#q#qf#q#q\nmanitoba liquor & lotteries#q#q#q#qf#q#q\ncolonial square#n / a#n / a#n / a#n / a#n / a#r16\nmasters#n / a#n / a#n / a#n / a#n / a#q\nplayers'#dnp#c#q#dnp#dnp#dnp\n",
        "pandas_code": "len(df[df[['2006 - 07', '2007 - 08', '2008 - 09', '2009 - 10', '2010 - 11', '2012 - 13']].apply(lambda x: x == 'n / a').all(axis=1)]) == 3",
        "pandas_eval": "False"
    },
    {
        "id": 34376,
        "statement": "autumn gold and master be the first 2 event amber holland be list to have qualify for",
        "label": 0,
        "table_caption": "amber holland",
        "table_text": "event#2006 - 07#2007 - 08#2008 - 09#2009 - 10#2010 - 11#2012 - 13\nautumn gold#q#qf#q#qf#q#q\nmanitoba liquor & lotteries#q#q#q#qf#q#q\ncolonial square#n / a#n / a#n / a#n / a#n / a#r16\nmasters#n / a#n / a#n / a#n / a#n / a#q\nplayers'#dnp#c#q#dnp#dnp#dnp\n",
        "pandas_code": "all(df.loc[df['event'].isin(['autumn gold', 'masters']), '2006 - 07':'2012 - 13'].apply(lambda x: x.str.contains('q')).all(axis=1))",
        "pandas_eval": "False"
    },
    {
        "id": 34377,
        "statement": "the player 's event be the only event in which amber holland have never qualify",
        "label": 0,
        "table_caption": "amber holland",
        "table_text": "event#2006 - 07#2007 - 08#2008 - 09#2009 - 10#2010 - 11#2012 - 13\nautumn gold#q#qf#q#qf#q#q\nmanitoba liquor & lotteries#q#q#q#qf#q#q\ncolonial square#n / a#n / a#n / a#n / a#n / a#r16\nmasters#n / a#n / a#n / a#n / a#n / a#q\nplayers'#dnp#c#q#dnp#dnp#dnp\n",
        "pandas_code": "df[df['event'] == \"players'\"].iloc[:, 1:].eq('dnp').all().all()",
        "pandas_eval": "False"
    },
    {
        "id": 34378,
        "statement": "amber holland have 5 qf in total across all event and all year",
        "label": 0,
        "table_caption": "amber holland",
        "table_text": "event#2006 - 07#2007 - 08#2008 - 09#2009 - 10#2010 - 11#2012 - 13\nautumn gold#q#qf#q#qf#q#q\nmanitoba liquor & lotteries#q#q#q#qf#q#q\ncolonial square#n / a#n / a#n / a#n / a#n / a#r16\nmasters#n / a#n / a#n / a#n / a#n / a#q\nplayers'#dnp#c#q#dnp#dnp#dnp\n",
        "pandas_code": "(df[['2006 - 07', '2007 - 08', '2008 - 09', '2009 - 10', '2010 - 11', '2012 - 13']] == 'qf').sum().sum() == 5",
        "pandas_eval": "False"
    },
    {
        "id": 34379,
        "statement": "amber holland only have a r16 1 time out of all event in 2007 - 08",
        "label": 0,
        "table_caption": "amber holland",
        "table_text": "event#2006 - 07#2007 - 08#2008 - 09#2009 - 10#2010 - 11#2012 - 13\nautumn gold#q#qf#q#qf#q#q\nmanitoba liquor & lotteries#q#q#q#qf#q#q\ncolonial square#n / a#n / a#n / a#n / a#n / a#r16\nmasters#n / a#n / a#n / a#n / a#n / a#q\nplayers'#dnp#c#q#dnp#dnp#dnp\n",
        "pandas_code": "df[df['event'] == 'amber holland']['2007 - 08'].eq('r16').sum() == 1",
        "pandas_eval": "False"
    }
]