[
    {
        "id": 34072,
        "statement": "jimmy daywalt 's best result be in 1953 , where he finish in 6th place",
        "label": 1,
        "table_caption": "jimmy daywalt",
        "table_text": "year#start#qual#rank#finish#laps\n1953#21#135.747#23#6#200\n1954#2#139.789#3#27#111\n1955#17#139.416#18#9#200\n1956#16#140.977#28#24#134\n1957#29#140.203#27#28#53\n1959#13#144.683#3#14#200\n1961#23#144.219#30#31#27\n1962#33#146.318#31#22#74\n",
        "pandas_code": "df.loc[df['year'] == 1953, 'finish'].values[0] == 6",
        "pandas_eval": "True"
    },
    {
        "id": 34073,
        "statement": "jimmy daywalt didn't race in 1958 or in 1960",
        "label": 1,
        "table_caption": "jimmy daywalt",
        "table_text": "year#start#qual#rank#finish#laps\n1953#21#135.747#23#6#200\n1954#2#139.789#3#27#111\n1955#17#139.416#18#9#200\n1956#16#140.977#28#24#134\n1957#29#140.203#27#28#53\n1959#13#144.683#3#14#200\n1961#23#144.219#30#31#27\n1962#33#146.318#31#22#74\n",
        "pandas_code": "not any(df['year'].isin([1958, 1960]))",
        "pandas_eval": "True"
    },
    {
        "id": 34074,
        "statement": "there be 3 race complete which have 200 lap",
        "label": 1,
        "table_caption": "jimmy daywalt",
        "table_text": "year#start#qual#rank#finish#laps\n1953#21#135.747#23#6#200\n1954#2#139.789#3#27#111\n1955#17#139.416#18#9#200\n1956#16#140.977#28#24#134\n1957#29#140.203#27#28#53\n1959#13#144.683#3#14#200\n1961#23#144.219#30#31#27\n1962#33#146.318#31#22#74\n",
        "pandas_code": "len(df[df['laps'] == 200]) == 3",
        "pandas_eval": "True"
    },
    {
        "id": 34075,
        "statement": "the shortest amount of lap in a race be in the 1961 race",
        "label": 1,
        "table_caption": "jimmy daywalt",
        "table_text": "year#start#qual#rank#finish#laps\n1953#21#135.747#23#6#200\n1954#2#139.789#3#27#111\n1955#17#139.416#18#9#200\n1956#16#140.977#28#24#134\n1957#29#140.203#27#28#53\n1959#13#144.683#3#14#200\n1961#23#144.219#30#31#27\n1962#33#146.318#31#22#74\n",
        "pandas_code": "df.loc[df['laps'].idxmin(), 'year'] == 1961",
        "pandas_eval": "True"
    },
    {
        "id": 34076,
        "statement": "his first race be in 1953 , and his last be in 1962",
        "label": 1,
        "table_caption": "jimmy daywalt",
        "table_text": "year#start#qual#rank#finish#laps\n1953#21#135.747#23#6#200\n1954#2#139.789#3#27#111\n1955#17#139.416#18#9#200\n1956#16#140.977#28#24#134\n1957#29#140.203#27#28#53\n1959#13#144.683#3#14#200\n1961#23#144.219#30#31#27\n1962#33#146.318#31#22#74\n",
        "pandas_code": "(df['year'].min() == 1953) & (df['year'].max() == 1962)",
        "pandas_eval": "True"
    },
    {
        "id": 34077,
        "statement": "jimmy daywalt exceed his 1953 performance 3 year later",
        "label": 0,
        "table_caption": "jimmy daywalt",
        "table_text": "year#start#qual#rank#finish#laps\n1953#21#135.747#23#6#200\n1954#2#139.789#3#27#111\n1955#17#139.416#18#9#200\n1956#16#140.977#28#24#134\n1957#29#140.203#27#28#53\n1959#13#144.683#3#14#200\n1961#23#144.219#30#31#27\n1962#33#146.318#31#22#74\n",
        "pandas_code": "(df.loc[df['year'] == 1956, 'finish'].values[0] < df.loc[df['year'] == 1953, 'finish'].values[0])",
        "pandas_eval": "False"
    },
    {
        "id": 34078,
        "statement": "jimmy daywalt race every year from 1953 to 1962",
        "label": 0,
        "table_caption": "jimmy daywalt",
        "table_text": "year#start#qual#rank#finish#laps\n1953#21#135.747#23#6#200\n1954#2#139.789#3#27#111\n1955#17#139.416#18#9#200\n1956#16#140.977#28#24#134\n1957#29#140.203#27#28#53\n1959#13#144.683#3#14#200\n1961#23#144.219#30#31#27\n1962#33#146.318#31#22#74\n",
        "pandas_code": "set(range(1953, 1963)).issubset(df['year'].unique())",
        "pandas_eval": "False"
    },
    {
        "id": 34079,
        "statement": "jimmy daywalt only complete 200 lap in 1953 and 1954",
        "label": 0,
        "table_caption": "jimmy daywalt",
        "table_text": "year#start#qual#rank#finish#laps\n1953#21#135.747#23#6#200\n1954#2#139.789#3#27#111\n1955#17#139.416#18#9#200\n1956#16#140.977#28#24#134\n1957#29#140.203#27#28#53\n1959#13#144.683#3#14#200\n1961#23#144.219#30#31#27\n1962#33#146.318#31#22#74\n",
        "pandas_code": "((df['year'] == 1953) & (df['laps'] == 200)).any() & ((df['year'] == 1954) & (df['laps'] == 200)).any() & (df[(df['year'] != 1953) & (df['year'] != 1954) & (df['laps'] == 200)].empty)",
        "pandas_eval": "False"
    },
    {
        "id": 34080,
        "statement": "jimmy daywalt never race more lap than he do in 1961",
        "label": 0,
        "table_caption": "jimmy daywalt",
        "table_text": "year#start#qual#rank#finish#laps\n1953#21#135.747#23#6#200\n1954#2#139.789#3#27#111\n1955#17#139.416#18#9#200\n1956#16#140.977#28#24#134\n1957#29#140.203#27#28#53\n1959#13#144.683#3#14#200\n1961#23#144.219#30#31#27\n1962#33#146.318#31#22#74\n",
        "pandas_code": "df['laps'].max() <= df.loc[df['year'] == 1961, 'laps'].iloc[0]",
        "pandas_eval": "False"
    },
    {
        "id": 34081,
        "statement": "he start race in the early 1950s and end in the late 1960s",
        "label": 0,
        "table_caption": "jimmy daywalt",
        "table_text": "year#start#qual#rank#finish#laps\n1953#21#135.747#23#6#200\n1954#2#139.789#3#27#111\n1955#17#139.416#18#9#200\n1956#16#140.977#28#24#134\n1957#29#140.203#27#28#53\n1959#13#144.683#3#14#200\n1961#23#144.219#30#31#27\n1962#33#146.318#31#22#74\n",
        "pandas_code": "(df['year'].min() >= 1950) & (df['year'].max() <= 1969) & (df['year'].min() <= 1953) & (df['year'].max() >= 1967)",
        "pandas_eval": "False"
    }
]