[
    {
        "id": 33594,
        "statement": "ace of spade be release in the us in 2005 in the format 2xcd",
        "label": 1,
        "table_caption": "ace of spades (album)",
        "table_text": "date#region#label#catalogue#format\n8 / nov / 1980#uk#bronze#bron531#vinyl\n8 / nov / 1980#uk#bronze#brong531#gold vinyl\n8 / nov / 1980#italy#bronze#brol 34531#vinyl\n8 / nov / 1980#germany#bronze#202 876 - 270#vinyl\n8 / nov / 1980#us#mercury#srm - 1 - 4011#vinyl\n1986#uk#gwr#gwlp6#vinyl\n1986#uk#legacy records#llmcd 3013#cd\n1988#us#profile records#pcd - 3243#cd\n1988#us#profile records#pro - 3243#vinyl\n1991#uk#castle communications , castle classics#clacd 240#cd\n1996#uk#essential , castle music#esm cd 312#cd\n2003#italy#earmark#41003#red vinyl\n28 / jan / 2003#uk#silverline#2881339#dvd - audio\n2005#us#sanctuary#06076 - 86408 - 2#2xcd\n",
        "pandas_code": "any((df['region'] == 'us') & (df['date'] == '2005') & (df['format'] == '2xcd'))",
        "pandas_eval": "True"
    },
    {
        "id": 33595,
        "statement": "gold vinyl be the format 1 time with a date of 8 / nov / 1980 , region uk , and label bronze",
        "label": 1,
        "table_caption": "ace of spades (album)",
        "table_text": "date#region#label#catalogue#format\n8 / nov / 1980#uk#bronze#bron531#vinyl\n8 / nov / 1980#uk#bronze#brong531#gold vinyl\n8 / nov / 1980#italy#bronze#brol 34531#vinyl\n8 / nov / 1980#germany#bronze#202 876 - 270#vinyl\n8 / nov / 1980#us#mercury#srm - 1 - 4011#vinyl\n1986#uk#gwr#gwlp6#vinyl\n1986#uk#legacy records#llmcd 3013#cd\n1988#us#profile records#pcd - 3243#cd\n1988#us#profile records#pro - 3243#vinyl\n1991#uk#castle communications , castle classics#clacd 240#cd\n1996#uk#essential , castle music#esm cd 312#cd\n2003#italy#earmark#41003#red vinyl\n28 / jan / 2003#uk#silverline#2881339#dvd - audio\n2005#us#sanctuary#06076 - 86408 - 2#2xcd\n",
        "pandas_code": "df[(df['format'] == 'gold vinyl') & (df['date'] == '8 / nov / 1980') & (df['region'] == 'uk') & (df['label'] == 'bronze')].shape[0] == 1",
        "pandas_eval": "True"
    },
    {
        "id": 33596,
        "statement": "silverline be the label 1 time with format be dvd - audio and date 28 / jan / 2003",
        "label": 1,
        "table_caption": "ace of spades (album)",
        "table_text": "date#region#label#catalogue#format\n8 / nov / 1980#uk#bronze#bron531#vinyl\n8 / nov / 1980#uk#bronze#brong531#gold vinyl\n8 / nov / 1980#italy#bronze#brol 34531#vinyl\n8 / nov / 1980#germany#bronze#202 876 - 270#vinyl\n8 / nov / 1980#us#mercury#srm - 1 - 4011#vinyl\n1986#uk#gwr#gwlp6#vinyl\n1986#uk#legacy records#llmcd 3013#cd\n1988#us#profile records#pcd - 3243#cd\n1988#us#profile records#pro - 3243#vinyl\n1991#uk#castle communications , castle classics#clacd 240#cd\n1996#uk#essential , castle music#esm cd 312#cd\n2003#italy#earmark#41003#red vinyl\n28 / jan / 2003#uk#silverline#2881339#dvd - audio\n2005#us#sanctuary#06076 - 86408 - 2#2xcd\n",
        "pandas_code": "df[(df['label'] == 'silverline') & (df['format'] == 'dvd - audio') & (df['date'] == '28 / jan / 2003')].shape[0] == 1",
        "pandas_eval": "True"
    },
    {
        "id": 33597,
        "statement": "ace of spade be release on the earmark label in italy in 2003",
        "label": 1,
        "table_caption": "ace of spades (album)",
        "table_text": "date#region#label#catalogue#format\n8 / nov / 1980#uk#bronze#bron531#vinyl\n8 / nov / 1980#uk#bronze#brong531#gold vinyl\n8 / nov / 1980#italy#bronze#brol 34531#vinyl\n8 / nov / 1980#germany#bronze#202 876 - 270#vinyl\n8 / nov / 1980#us#mercury#srm - 1 - 4011#vinyl\n1986#uk#gwr#gwlp6#vinyl\n1986#uk#legacy records#llmcd 3013#cd\n1988#us#profile records#pcd - 3243#cd\n1988#us#profile records#pro - 3243#vinyl\n1991#uk#castle communications , castle classics#clacd 240#cd\n1996#uk#essential , castle music#esm cd 312#cd\n2003#italy#earmark#41003#red vinyl\n28 / jan / 2003#uk#silverline#2881339#dvd - audio\n2005#us#sanctuary#06076 - 86408 - 2#2xcd\n",
        "pandas_code": "any((df['label'] == 'earmark') & (df['region'] == 'italy') & (df['date'].str.contains('2003')))",
        "pandas_eval": "True"
    },
    {
        "id": 33598,
        "statement": "profile record have a catalogue value of pcd - 3243 and format cd for a date of 1988",
        "label": 1,
        "table_caption": "ace of spades (album)",
        "table_text": "date#region#label#catalogue#format\n8 / nov / 1980#uk#bronze#bron531#vinyl\n8 / nov / 1980#uk#bronze#brong531#gold vinyl\n8 / nov / 1980#italy#bronze#brol 34531#vinyl\n8 / nov / 1980#germany#bronze#202 876 - 270#vinyl\n8 / nov / 1980#us#mercury#srm - 1 - 4011#vinyl\n1986#uk#gwr#gwlp6#vinyl\n1986#uk#legacy records#llmcd 3013#cd\n1988#us#profile records#pcd - 3243#cd\n1988#us#profile records#pro - 3243#vinyl\n1991#uk#castle communications , castle classics#clacd 240#cd\n1996#uk#essential , castle music#esm cd 312#cd\n2003#italy#earmark#41003#red vinyl\n28 / jan / 2003#uk#silverline#2881339#dvd - audio\n2005#us#sanctuary#06076 - 86408 - 2#2xcd\n",
        "pandas_code": "df[(df['label'] == 'profile records') & (df['catalogue'] == 'pcd - 3243') & (df['format'] == 'cd') & (df['date'] == '1988')].any().any()",
        "pandas_eval": "True"
    },
    {
        "id": 33600,
        "statement": "the label bronze have the date of 1988 region us and vinyl format",
        "label": 0,
        "table_caption": "ace of spades (album)",
        "table_text": "date#region#label#catalogue#format\n8 / nov / 1980#uk#bronze#bron531#vinyl\n8 / nov / 1980#uk#bronze#brong531#gold vinyl\n8 / nov / 1980#italy#bronze#brol 34531#vinyl\n8 / nov / 1980#germany#bronze#202 876 - 270#vinyl\n8 / nov / 1980#us#mercury#srm - 1 - 4011#vinyl\n1986#uk#gwr#gwlp6#vinyl\n1986#uk#legacy records#llmcd 3013#cd\n1988#us#profile records#pcd - 3243#cd\n1988#us#profile records#pro - 3243#vinyl\n1991#uk#castle communications , castle classics#clacd 240#cd\n1996#uk#essential , castle music#esm cd 312#cd\n2003#italy#earmark#41003#red vinyl\n28 / jan / 2003#uk#silverline#2881339#dvd - audio\n2005#us#sanctuary#06076 - 86408 - 2#2xcd\n",
        "pandas_code": "any((df['label'] == 'bronze') & (df['date'] == '1988') & (df['region'] == 'us') & (df['format'] == 'vinyl'))",
        "pandas_eval": "False"
    },
    {
        "id": 33601,
        "statement": "silverline label have 2005 as date and red vinyl format",
        "label": 0,
        "table_caption": "ace of spades (album)",
        "table_text": "date#region#label#catalogue#format\n8 / nov / 1980#uk#bronze#bron531#vinyl\n8 / nov / 1980#uk#bronze#brong531#gold vinyl\n8 / nov / 1980#italy#bronze#brol 34531#vinyl\n8 / nov / 1980#germany#bronze#202 876 - 270#vinyl\n8 / nov / 1980#us#mercury#srm - 1 - 4011#vinyl\n1986#uk#gwr#gwlp6#vinyl\n1986#uk#legacy records#llmcd 3013#cd\n1988#us#profile records#pcd - 3243#cd\n1988#us#profile records#pro - 3243#vinyl\n1991#uk#castle communications , castle classics#clacd 240#cd\n1996#uk#essential , castle music#esm cd 312#cd\n2003#italy#earmark#41003#red vinyl\n28 / jan / 2003#uk#silverline#2881339#dvd - audio\n2005#us#sanctuary#06076 - 86408 - 2#2xcd\n",
        "pandas_code": "df[(df['label'] == 'silverline') & (df['date'] == '2005') & (df['format'] == 'red vinyl')].any().any()",
        "pandas_eval": "False"
    },
    {
        "id": 33602,
        "statement": "ace of spade be release with earmark label in italy before 2003",
        "label": 0,
        "table_caption": "ace of spades (album)",
        "table_text": "date#region#label#catalogue#format\n8 / nov / 1980#uk#bronze#bron531#vinyl\n8 / nov / 1980#uk#bronze#brong531#gold vinyl\n8 / nov / 1980#italy#bronze#brol 34531#vinyl\n8 / nov / 1980#germany#bronze#202 876 - 270#vinyl\n8 / nov / 1980#us#mercury#srm - 1 - 4011#vinyl\n1986#uk#gwr#gwlp6#vinyl\n1986#uk#legacy records#llmcd 3013#cd\n1988#us#profile records#pcd - 3243#cd\n1988#us#profile records#pro - 3243#vinyl\n1991#uk#castle communications , castle classics#clacd 240#cd\n1996#uk#essential , castle music#esm cd 312#cd\n2003#italy#earmark#41003#red vinyl\n28 / jan / 2003#uk#silverline#2881339#dvd - audio\n2005#us#sanctuary#06076 - 86408 - 2#2xcd\n",
        "pandas_code": "any((df['label'] == 'earmark') & (df['region'] == 'italy') & (df['date'].str.extract(r'(\\d{4})')[0].astype(float) < 2003))",
        "pandas_eval": "False"
    },
    {
        "id": 33603,
        "statement": "profile record label with date 1988 have a catalogue of pro - 3243 and vinyl format",
        "label": 0,
        "table_caption": "ace of spades (album)",
        "table_text": "date#region#label#catalogue#format\n8 / nov / 1980#uk#bronze#bron531#vinyl\n8 / nov / 1980#uk#bronze#brong531#gold vinyl\n8 / nov / 1980#italy#bronze#brol 34531#vinyl\n8 / nov / 1980#germany#bronze#202 876 - 270#vinyl\n8 / nov / 1980#us#mercury#srm - 1 - 4011#vinyl\n1986#uk#gwr#gwlp6#vinyl\n1986#uk#legacy records#llmcd 3013#cd\n1988#us#profile records#pcd - 3243#cd\n1988#us#profile records#pro - 3243#vinyl\n1991#uk#castle communications , castle classics#clacd 240#cd\n1996#uk#essential , castle music#esm cd 312#cd\n2003#italy#earmark#41003#red vinyl\n28 / jan / 2003#uk#silverline#2881339#dvd - audio\n2005#us#sanctuary#06076 - 86408 - 2#2xcd\n",
        "pandas_code": "all(df[(df['label'] == 'profile records') & (df['date'] == '1988')].apply(lambda x: x['catalogue'] == 'pro - 3243' and x['format'] == 'vinyl', axis=1))",
        "pandas_eval": "False"
    }
]