[
    {
        "id": 29463,
        "statement": "peter jones and duncan bannatyne be the only 2 people who appear consistently in all series of dragon den (uk)",
        "label": 1,
        "table_caption": "dragons' den (uk)",
        "table_text": "series 1#series 2#series 3#series 5#series 9#series 11\npeter jones#peter jones#peter jones#peter jones#peter jones#peter jones\nsimon woodroffe#theo paphitis#theo paphitis#theo paphitis#theo paphitis#piers linney\ndoug richards#doug richards#deborah meaden#deborah meaden#deborah meaden#deborah meaden\nduncan bannatyne#duncan bannatyne#duncan bannatyne#duncan bannatyne#duncan bannatyne#duncan bannatyne\nrachel elnaugh#rachel elnaugh#richard farleigh#james caan#hilary devey#kelly hoppen\n",
        "pandas_code": "all(df.apply(lambda col: set(['peter jones', 'duncan bannatyne']).issubset(col)))",
        "pandas_eval": "True"
    },
    {
        "id": 29464,
        "statement": "4 woman have appear in the series' of dragon den (uk) , deborah meaden , rachel elnaugh , hilary devey and kelly hoppen",
        "label": 1,
        "table_caption": "dragons' den (uk)",
        "table_text": "series 1#series 2#series 3#series 5#series 9#series 11\npeter jones#peter jones#peter jones#peter jones#peter jones#peter jones\nsimon woodroffe#theo paphitis#theo paphitis#theo paphitis#theo paphitis#piers linney\ndoug richards#doug richards#deborah meaden#deborah meaden#deborah meaden#deborah meaden\nduncan bannatyne#duncan bannatyne#duncan bannatyne#duncan bannatyne#duncan bannatyne#duncan bannatyne\nrachel elnaugh#rachel elnaugh#richard farleigh#james caan#hilary devey#kelly hoppen\n",
        "pandas_code": "len(set(df.values.flatten()).intersection({'deborah meaden', 'rachel elnaugh', 'hilary devey', 'kelly hoppen'})) == 4",
        "pandas_eval": "True"
    },
    {
        "id": 29465,
        "statement": "in series 11 , theo paphitis be replace by pier linney",
        "label": 1,
        "table_caption": "dragons' den (uk)",
        "table_text": "series 1#series 2#series 3#series 5#series 9#series 11\npeter jones#peter jones#peter jones#peter jones#peter jones#peter jones\nsimon woodroffe#theo paphitis#theo paphitis#theo paphitis#theo paphitis#piers linney\ndoug richards#doug richards#deborah meaden#deborah meaden#deborah meaden#deborah meaden\nduncan bannatyne#duncan bannatyne#duncan bannatyne#duncan bannatyne#duncan bannatyne#duncan bannatyne\nrachel elnaugh#rachel elnaugh#richard farleigh#james caan#hilary devey#kelly hoppen\n",
        "pandas_code": "df['series 11'].eq('piers linney').any()",
        "pandas_eval": "True"
    },
    {
        "id": 29466,
        "statement": "after 2 series , deborah meaden replace doug richards for the remain series",
        "label": 1,
        "table_caption": "dragons' den (uk)",
        "table_text": "series 1#series 2#series 3#series 5#series 9#series 11\npeter jones#peter jones#peter jones#peter jones#peter jones#peter jones\nsimon woodroffe#theo paphitis#theo paphitis#theo paphitis#theo paphitis#piers linney\ndoug richards#doug richards#deborah meaden#deborah meaden#deborah meaden#deborah meaden\nduncan bannatyne#duncan bannatyne#duncan bannatyne#duncan bannatyne#duncan bannatyne#duncan bannatyne\nrachel elnaugh#rachel elnaugh#richard farleigh#james caan#hilary devey#kelly hoppen\n",
        "pandas_code": "all(df[['series 3', 'series 5', 'series 9', 'series 11']].apply(lambda x: 'deborah meaden' in x.values)) and all(df[['series 3', 'series 5', 'series 9', 'series 11']].apply(lambda x: 'doug richards' not in x.values))",
        "pandas_eval": "True"
    },
    {
        "id": 29467,
        "statement": "3 men appear in series 11 , peter jones , pier linney and duncan bannatyne",
        "label": 1,
        "table_caption": "dragons' den (uk)",
        "table_text": "series 1#series 2#series 3#series 5#series 9#series 11\npeter jones#peter jones#peter jones#peter jones#peter jones#peter jones\nsimon woodroffe#theo paphitis#theo paphitis#theo paphitis#theo paphitis#piers linney\ndoug richards#doug richards#deborah meaden#deborah meaden#deborah meaden#deborah meaden\nduncan bannatyne#duncan bannatyne#duncan bannatyne#duncan bannatyne#duncan bannatyne#duncan bannatyne\nrachel elnaugh#rachel elnaugh#richard farleigh#james caan#hilary devey#kelly hoppen\n",
        "pandas_code": "len(set(df['series 11']).intersection({'peter jones', 'piers linney', 'duncan bannatyne'})) == 3",
        "pandas_eval": "True"
    },
    {
        "id": 29468,
        "statement": "theo paphitis and peter jones be the only 2 people who appear consistently in all series of dragon den (uk)",
        "label": 0,
        "table_caption": "dragons' den (uk)",
        "table_text": "series 1#series 2#series 3#series 5#series 9#series 11\npeter jones#peter jones#peter jones#peter jones#peter jones#peter jones\nsimon woodroffe#theo paphitis#theo paphitis#theo paphitis#theo paphitis#piers linney\ndoug richards#doug richards#deborah meaden#deborah meaden#deborah meaden#deborah meaden\nduncan bannatyne#duncan bannatyne#duncan bannatyne#duncan bannatyne#duncan bannatyne#duncan bannatyne\nrachel elnaugh#rachel elnaugh#richard farleigh#james caan#hilary devey#kelly hoppen\n",
        "pandas_code": "all(df.apply(lambda x: set(['theo paphitis', 'peter jones']).issubset(set(x))))",
        "pandas_eval": "False"
    },
    {
        "id": 29469,
        "statement": "only 2 woman have appear in the series' of dragon den (uk) , deborah meaden and rachel elnaugh",
        "label": 0,
        "table_caption": "dragons' den (uk)",
        "table_text": "series 1#series 2#series 3#series 5#series 9#series 11\npeter jones#peter jones#peter jones#peter jones#peter jones#peter jones\nsimon woodroffe#theo paphitis#theo paphitis#theo paphitis#theo paphitis#piers linney\ndoug richards#doug richards#deborah meaden#deborah meaden#deborah meaden#deborah meaden\nduncan bannatyne#duncan bannatyne#duncan bannatyne#duncan bannatyne#duncan bannatyne#duncan bannatyne\nrachel elnaugh#rachel elnaugh#richard farleigh#james caan#hilary devey#kelly hoppen\n",
        "pandas_code": "set(df.values.flatten()) == {'deborah meaden', 'rachel elnaugh'}",
        "pandas_eval": "False"
    },
    {
        "id": 29470,
        "statement": "in series 2 , pier linney be replace by theo paphitis",
        "label": 0,
        "table_caption": "dragons' den (uk)",
        "table_text": "series 1#series 2#series 3#series 5#series 9#series 11\npeter jones#peter jones#peter jones#peter jones#peter jones#peter jones\nsimon woodroffe#theo paphitis#theo paphitis#theo paphitis#theo paphitis#piers linney\ndoug richards#doug richards#deborah meaden#deborah meaden#deborah meaden#deborah meaden\nduncan bannatyne#duncan bannatyne#duncan bannatyne#duncan bannatyne#duncan bannatyne#duncan bannatyne\nrachel elnaugh#rachel elnaugh#richard farleigh#james caan#hilary devey#kelly hoppen\n",
        "pandas_code": "('pier linney' in df['series 2'].values)",
        "pandas_eval": "False"
    },
    {
        "id": 29471,
        "statement": "after 2 series , doug richards replace deborah meaden for the remain series",
        "label": 0,
        "table_caption": "dragons' den (uk)",
        "table_text": "series 1#series 2#series 3#series 5#series 9#series 11\npeter jones#peter jones#peter jones#peter jones#peter jones#peter jones\nsimon woodroffe#theo paphitis#theo paphitis#theo paphitis#theo paphitis#piers linney\ndoug richards#doug richards#deborah meaden#deborah meaden#deborah meaden#deborah meaden\nduncan bannatyne#duncan bannatyne#duncan bannatyne#duncan bannatyne#duncan bannatyne#duncan bannatyne\nrachel elnaugh#rachel elnaugh#richard farleigh#james caan#hilary devey#kelly hoppen\n",
        "pandas_code": "all(df[df.columns[2:]].apply(lambda x: 'doug richards' not in x.values)) and all(df[df.columns[2:]].apply(lambda x: 'deborah meaden' not in x.values))",
        "pandas_eval": "False"
    },
    {
        "id": 29472,
        "statement": "only 1 man appear in series 11 , peter jones",
        "label": 0,
        "table_caption": "dragons' den (uk)",
        "table_text": "series 1#series 2#series 3#series 5#series 9#series 11\npeter jones#peter jones#peter jones#peter jones#peter jones#peter jones\nsimon woodroffe#theo paphitis#theo paphitis#theo paphitis#theo paphitis#piers linney\ndoug richards#doug richards#deborah meaden#deborah meaden#deborah meaden#deborah meaden\nduncan bannatyne#duncan bannatyne#duncan bannatyne#duncan bannatyne#duncan bannatyne#duncan bannatyne\nrachel elnaugh#rachel elnaugh#richard farleigh#james caan#hilary devey#kelly hoppen\n",
        "pandas_code": "len([name for name in df['series 11'] if name.split()[0] in ['peter', 'piers', 'james', 'theo', 'doug', 'duncan', 'richard']]) == 1",
        "pandas_eval": "False"
    },
    {
        "id": 62747,
        "statement": "the company or product name whre the entrepreneur (s) geoff and colette bell have money request of 75000 be shampooheads",
        "label": 1,
        "table_caption": "dragons' den (uk)",
        "table_text": "episode#first aired#entrepreneur (s)#company or product name#money requested#investing dragon (s)\nepisode 1#9 september 2012#bee london#weave got style#85000#hilary devey\nepisode 1#9 september 2012#lewis blitz , james gold and richard gold#skinny dip#120000#peter jones\nepisode 2#16 september 2012#geoff and colette bell#shampooheads#75000#theo paphitis and hilary devey\nepisode 3#23 september 2012#helen and lisa tse#sweet mandarin#50000#hilary devey and duncan bannatyne\nepisode 3#23 september 2012#kellie forbes and gill hayward#yuubag#60000#peter jones and deborah meaden\nepisode 4#30 september 2012#harrison woods#primal parking#60000#peter jones and theo paphitis\nepisode 5#7 october 2012#kiryl chykeyuk and artsiom stavenka#old bond#90000#deborah meaden and theo paphitis\nepisode 5#7 october 2012#dupsy abiola#intern avenue#100000#peter jones\nepisode 6#14 october 2012#marie sawle#billy + margot#60000#deborah meaden\nepisode 6#14 october 2012#henry and philip blake#woodblocx#75000#peter jones\nepisode 7#21 october 2012#umer ashraf#icafe#80000#duncan bannatyne\nepisode 7#21 october 2012#ben hardyment#zapper#250000#theo paphitis\nepisode 8#28 october 2012#paul turner#a turner & sons sausage ltd#80000#peter jones\nepisode 9#11 november 2012#ashley sayed#karuma innovations#150000#peter jones\nepisode 9#11 november 2012#anne and keith proctor#pro - tec covers#75000#hilary devey and duncan bannatyne\nepisode 10#18 november 2012#mark richardson#bionic glove technology europe ltd#100000#deborah meaden and theo paphitis\nepisode 11#25 november 2012#mark ferguson and emma jones#mybunjee#70000#peter jones\nepisode 11#25 november 2012#luke booth and christopher eves#p4ck#50000#theo paphitis\nepisode 12#2 december 2012#naomi kibble and helen mcavoy#rocktails#80000#peter jones and duncan bannatyne\nepisode 12#2 december 2012#john spence#megaflatables#37500 40000 was given instead#peter jones\nchristmas special#27 december 2012#allison whitmarsh#propermaid#50000#deborah meaden\n",
        "pandas_code": "df[(df['entrepreneur (s)'] == 'geoff and colette bell') & (df['money requested'] == '75000') & (df['company or product name'] == 'shampooheads')].any().any()",
        "pandas_eval": "True"
    },
    {
        "id": 62748,
        "statement": "peter jones be the investing dragon (s) in episode 9 with the entrepreneur (s) as ashley say",
        "label": 1,
        "table_caption": "dragons' den (uk)",
        "table_text": "episode#first aired#entrepreneur (s)#company or product name#money requested#investing dragon (s)\nepisode 1#9 september 2012#bee london#weave got style#85000#hilary devey\nepisode 1#9 september 2012#lewis blitz , james gold and richard gold#skinny dip#120000#peter jones\nepisode 2#16 september 2012#geoff and colette bell#shampooheads#75000#theo paphitis and hilary devey\nepisode 3#23 september 2012#helen and lisa tse#sweet mandarin#50000#hilary devey and duncan bannatyne\nepisode 3#23 september 2012#kellie forbes and gill hayward#yuubag#60000#peter jones and deborah meaden\nepisode 4#30 september 2012#harrison woods#primal parking#60000#peter jones and theo paphitis\nepisode 5#7 october 2012#kiryl chykeyuk and artsiom stavenka#old bond#90000#deborah meaden and theo paphitis\nepisode 5#7 october 2012#dupsy abiola#intern avenue#100000#peter jones\nepisode 6#14 october 2012#marie sawle#billy + margot#60000#deborah meaden\nepisode 6#14 october 2012#henry and philip blake#woodblocx#75000#peter jones\nepisode 7#21 october 2012#umer ashraf#icafe#80000#duncan bannatyne\nepisode 7#21 october 2012#ben hardyment#zapper#250000#theo paphitis\nepisode 8#28 october 2012#paul turner#a turner & sons sausage ltd#80000#peter jones\nepisode 9#11 november 2012#ashley sayed#karuma innovations#150000#peter jones\nepisode 9#11 november 2012#anne and keith proctor#pro - tec covers#75000#hilary devey and duncan bannatyne\nepisode 10#18 november 2012#mark richardson#bionic glove technology europe ltd#100000#deborah meaden and theo paphitis\nepisode 11#25 november 2012#mark ferguson and emma jones#mybunjee#70000#peter jones\nepisode 11#25 november 2012#luke booth and christopher eves#p4ck#50000#theo paphitis\nepisode 12#2 december 2012#naomi kibble and helen mcavoy#rocktails#80000#peter jones and duncan bannatyne\nepisode 12#2 december 2012#john spence#megaflatables#37500 40000 was given instead#peter jones\nchristmas special#27 december 2012#allison whitmarsh#propermaid#50000#deborah meaden\n",
        "pandas_code": "df[(df['episode'] == 'episode 9') & (df['entrepreneur (s)'].str.contains('ashley sayed')) & (df['investing dragon (s)'].str.contains('peter jones'))].any().any()",
        "pandas_eval": "True"
    },
    {
        "id": 62749,
        "statement": "entrepreneur (s) luke booth and christopher eve take part in episode 11",
        "label": 1,
        "table_caption": "dragons' den (uk)",
        "table_text": "episode#first aired#entrepreneur (s)#company or product name#money requested#investing dragon (s)\nepisode 1#9 september 2012#bee london#weave got style#85000#hilary devey\nepisode 1#9 september 2012#lewis blitz , james gold and richard gold#skinny dip#120000#peter jones\nepisode 2#16 september 2012#geoff and colette bell#shampooheads#75000#theo paphitis and hilary devey\nepisode 3#23 september 2012#helen and lisa tse#sweet mandarin#50000#hilary devey and duncan bannatyne\nepisode 3#23 september 2012#kellie forbes and gill hayward#yuubag#60000#peter jones and deborah meaden\nepisode 4#30 september 2012#harrison woods#primal parking#60000#peter jones and theo paphitis\nepisode 5#7 october 2012#kiryl chykeyuk and artsiom stavenka#old bond#90000#deborah meaden and theo paphitis\nepisode 5#7 october 2012#dupsy abiola#intern avenue#100000#peter jones\nepisode 6#14 october 2012#marie sawle#billy + margot#60000#deborah meaden\nepisode 6#14 october 2012#henry and philip blake#woodblocx#75000#peter jones\nepisode 7#21 october 2012#umer ashraf#icafe#80000#duncan bannatyne\nepisode 7#21 october 2012#ben hardyment#zapper#250000#theo paphitis\nepisode 8#28 october 2012#paul turner#a turner & sons sausage ltd#80000#peter jones\nepisode 9#11 november 2012#ashley sayed#karuma innovations#150000#peter jones\nepisode 9#11 november 2012#anne and keith proctor#pro - tec covers#75000#hilary devey and duncan bannatyne\nepisode 10#18 november 2012#mark richardson#bionic glove technology europe ltd#100000#deborah meaden and theo paphitis\nepisode 11#25 november 2012#mark ferguson and emma jones#mybunjee#70000#peter jones\nepisode 11#25 november 2012#luke booth and christopher eves#p4ck#50000#theo paphitis\nepisode 12#2 december 2012#naomi kibble and helen mcavoy#rocktails#80000#peter jones and duncan bannatyne\nepisode 12#2 december 2012#john spence#megaflatables#37500 40000 was given instead#peter jones\nchristmas special#27 december 2012#allison whitmarsh#propermaid#50000#deborah meaden\n",
        "pandas_code": "df[df['episode'] == 'episode 11']['entrepreneur (s)'].str.contains('luke booth and christopher eves').any()",
        "pandas_eval": "True"
    },
    {
        "id": 62750,
        "statement": "the company , mybunjee , show money request for episode 11 of 70000",
        "label": 1,
        "table_caption": "dragons' den (uk)",
        "table_text": "episode#first aired#entrepreneur (s)#company or product name#money requested#investing dragon (s)\nepisode 1#9 september 2012#bee london#weave got style#85000#hilary devey\nepisode 1#9 september 2012#lewis blitz , james gold and richard gold#skinny dip#120000#peter jones\nepisode 2#16 september 2012#geoff and colette bell#shampooheads#75000#theo paphitis and hilary devey\nepisode 3#23 september 2012#helen and lisa tse#sweet mandarin#50000#hilary devey and duncan bannatyne\nepisode 3#23 september 2012#kellie forbes and gill hayward#yuubag#60000#peter jones and deborah meaden\nepisode 4#30 september 2012#harrison woods#primal parking#60000#peter jones and theo paphitis\nepisode 5#7 october 2012#kiryl chykeyuk and artsiom stavenka#old bond#90000#deborah meaden and theo paphitis\nepisode 5#7 october 2012#dupsy abiola#intern avenue#100000#peter jones\nepisode 6#14 october 2012#marie sawle#billy + margot#60000#deborah meaden\nepisode 6#14 october 2012#henry and philip blake#woodblocx#75000#peter jones\nepisode 7#21 october 2012#umer ashraf#icafe#80000#duncan bannatyne\nepisode 7#21 october 2012#ben hardyment#zapper#250000#theo paphitis\nepisode 8#28 october 2012#paul turner#a turner & sons sausage ltd#80000#peter jones\nepisode 9#11 november 2012#ashley sayed#karuma innovations#150000#peter jones\nepisode 9#11 november 2012#anne and keith proctor#pro - tec covers#75000#hilary devey and duncan bannatyne\nepisode 10#18 november 2012#mark richardson#bionic glove technology europe ltd#100000#deborah meaden and theo paphitis\nepisode 11#25 november 2012#mark ferguson and emma jones#mybunjee#70000#peter jones\nepisode 11#25 november 2012#luke booth and christopher eves#p4ck#50000#theo paphitis\nepisode 12#2 december 2012#naomi kibble and helen mcavoy#rocktails#80000#peter jones and duncan bannatyne\nepisode 12#2 december 2012#john spence#megaflatables#37500 40000 was given instead#peter jones\nchristmas special#27 december 2012#allison whitmarsh#propermaid#50000#deborah meaden\n",
        "pandas_code": "df[(df['company or product name'] == 'mybunjee') & (df['episode'] == 'episode 11') & (df['money requested'] == '70000')].shape[0] == 1",
        "pandas_eval": "True"
    },
    {
        "id": 62751,
        "statement": "mark ferguson and emma jones take part in episode 11",
        "label": 1,
        "table_caption": "dragons' den (uk)",
        "table_text": "episode#first aired#entrepreneur (s)#company or product name#money requested#investing dragon (s)\nepisode 1#9 september 2012#bee london#weave got style#85000#hilary devey\nepisode 1#9 september 2012#lewis blitz , james gold and richard gold#skinny dip#120000#peter jones\nepisode 2#16 september 2012#geoff and colette bell#shampooheads#75000#theo paphitis and hilary devey\nepisode 3#23 september 2012#helen and lisa tse#sweet mandarin#50000#hilary devey and duncan bannatyne\nepisode 3#23 september 2012#kellie forbes and gill hayward#yuubag#60000#peter jones and deborah meaden\nepisode 4#30 september 2012#harrison woods#primal parking#60000#peter jones and theo paphitis\nepisode 5#7 october 2012#kiryl chykeyuk and artsiom stavenka#old bond#90000#deborah meaden and theo paphitis\nepisode 5#7 october 2012#dupsy abiola#intern avenue#100000#peter jones\nepisode 6#14 october 2012#marie sawle#billy + margot#60000#deborah meaden\nepisode 6#14 october 2012#henry and philip blake#woodblocx#75000#peter jones\nepisode 7#21 october 2012#umer ashraf#icafe#80000#duncan bannatyne\nepisode 7#21 october 2012#ben hardyment#zapper#250000#theo paphitis\nepisode 8#28 october 2012#paul turner#a turner & sons sausage ltd#80000#peter jones\nepisode 9#11 november 2012#ashley sayed#karuma innovations#150000#peter jones\nepisode 9#11 november 2012#anne and keith proctor#pro - tec covers#75000#hilary devey and duncan bannatyne\nepisode 10#18 november 2012#mark richardson#bionic glove technology europe ltd#100000#deborah meaden and theo paphitis\nepisode 11#25 november 2012#mark ferguson and emma jones#mybunjee#70000#peter jones\nepisode 11#25 november 2012#luke booth and christopher eves#p4ck#50000#theo paphitis\nepisode 12#2 december 2012#naomi kibble and helen mcavoy#rocktails#80000#peter jones and duncan bannatyne\nepisode 12#2 december 2012#john spence#megaflatables#37500 40000 was given instead#peter jones\nchristmas special#27 december 2012#allison whitmarsh#propermaid#50000#deborah meaden\n",
        "pandas_code": "any((df['entrepreneur (s)'] == 'mark ferguson and emma jones') & (df['episode'] == 'episode 11'))",
        "pandas_eval": "True"
    },
    {
        "id": 62752,
        "statement": "mark ferguson and emma jones request 70000 on episode 11",
        "label": 1,
        "table_caption": "dragons' den (uk)",
        "table_text": "episode#first aired#entrepreneur (s)#company or product name#money requested#investing dragon (s)\nepisode 1#9 september 2012#bee london#weave got style#85000#hilary devey\nepisode 1#9 september 2012#lewis blitz , james gold and richard gold#skinny dip#120000#peter jones\nepisode 2#16 september 2012#geoff and colette bell#shampooheads#75000#theo paphitis and hilary devey\nepisode 3#23 september 2012#helen and lisa tse#sweet mandarin#50000#hilary devey and duncan bannatyne\nepisode 3#23 september 2012#kellie forbes and gill hayward#yuubag#60000#peter jones and deborah meaden\nepisode 4#30 september 2012#harrison woods#primal parking#60000#peter jones and theo paphitis\nepisode 5#7 october 2012#kiryl chykeyuk and artsiom stavenka#old bond#90000#deborah meaden and theo paphitis\nepisode 5#7 october 2012#dupsy abiola#intern avenue#100000#peter jones\nepisode 6#14 october 2012#marie sawle#billy + margot#60000#deborah meaden\nepisode 6#14 october 2012#henry and philip blake#woodblocx#75000#peter jones\nepisode 7#21 october 2012#umer ashraf#icafe#80000#duncan bannatyne\nepisode 7#21 october 2012#ben hardyment#zapper#250000#theo paphitis\nepisode 8#28 october 2012#paul turner#a turner & sons sausage ltd#80000#peter jones\nepisode 9#11 november 2012#ashley sayed#karuma innovations#150000#peter jones\nepisode 9#11 november 2012#anne and keith proctor#pro - tec covers#75000#hilary devey and duncan bannatyne\nepisode 10#18 november 2012#mark richardson#bionic glove technology europe ltd#100000#deborah meaden and theo paphitis\nepisode 11#25 november 2012#mark ferguson and emma jones#mybunjee#70000#peter jones\nepisode 11#25 november 2012#luke booth and christopher eves#p4ck#50000#theo paphitis\nepisode 12#2 december 2012#naomi kibble and helen mcavoy#rocktails#80000#peter jones and duncan bannatyne\nepisode 12#2 december 2012#john spence#megaflatables#37500 40000 was given instead#peter jones\nchristmas special#27 december 2012#allison whitmarsh#propermaid#50000#deborah meaden\n",
        "pandas_code": "((df['entrepreneur (s)'] == 'mark ferguson and emma jones') & (df['money requested'] == '70000') & (df['episode'] == 'episode 11')).any()",
        "pandas_eval": "True"
    },
    {
        "id": 62753,
        "statement": "geoff and colette bell be the entrepreneur that create the company shampooheads and they be request 75000",
        "label": 1,
        "table_caption": "dragons' den (uk)",
        "table_text": "episode#first aired#entrepreneur (s)#company or product name#money requested#investing dragon (s)\nepisode 1#9 september 2012#bee london#weave got style#85000#hilary devey\nepisode 1#9 september 2012#lewis blitz , james gold and richard gold#skinny dip#120000#peter jones\nepisode 2#16 september 2012#geoff and colette bell#shampooheads#75000#theo paphitis and hilary devey\nepisode 3#23 september 2012#helen and lisa tse#sweet mandarin#50000#hilary devey and duncan bannatyne\nepisode 3#23 september 2012#kellie forbes and gill hayward#yuubag#60000#peter jones and deborah meaden\nepisode 4#30 september 2012#harrison woods#primal parking#60000#peter jones and theo paphitis\nepisode 5#7 october 2012#kiryl chykeyuk and artsiom stavenka#old bond#90000#deborah meaden and theo paphitis\nepisode 5#7 october 2012#dupsy abiola#intern avenue#100000#peter jones\nepisode 6#14 october 2012#marie sawle#billy + margot#60000#deborah meaden\nepisode 6#14 october 2012#henry and philip blake#woodblocx#75000#peter jones\nepisode 7#21 october 2012#umer ashraf#icafe#80000#duncan bannatyne\nepisode 7#21 october 2012#ben hardyment#zapper#250000#theo paphitis\nepisode 8#28 october 2012#paul turner#a turner & sons sausage ltd#80000#peter jones\nepisode 9#11 november 2012#ashley sayed#karuma innovations#150000#peter jones\nepisode 9#11 november 2012#anne and keith proctor#pro - tec covers#75000#hilary devey and duncan bannatyne\nepisode 10#18 november 2012#mark richardson#bionic glove technology europe ltd#100000#deborah meaden and theo paphitis\nepisode 11#25 november 2012#mark ferguson and emma jones#mybunjee#70000#peter jones\nepisode 11#25 november 2012#luke booth and christopher eves#p4ck#50000#theo paphitis\nepisode 12#2 december 2012#naomi kibble and helen mcavoy#rocktails#80000#peter jones and duncan bannatyne\nepisode 12#2 december 2012#john spence#megaflatables#37500 40000 was given instead#peter jones\nchristmas special#27 december 2012#allison whitmarsh#propermaid#50000#deborah meaden\n",
        "pandas_code": "((df['entrepreneur (s)'] == 'geoff and colette bell') & (df['company or product name'] == 'shampooheads') & (df['money requested'] == '75000')).any()",
        "pandas_eval": "True"
    },
    {
        "id": 62754,
        "statement": "on episode 9 , peter jones be the investing dragon and ashley sayed be entrepreneur",
        "label": 1,
        "table_caption": "dragons' den (uk)",
        "table_text": "episode#first aired#entrepreneur (s)#company or product name#money requested#investing dragon (s)\nepisode 1#9 september 2012#bee london#weave got style#85000#hilary devey\nepisode 1#9 september 2012#lewis blitz , james gold and richard gold#skinny dip#120000#peter jones\nepisode 2#16 september 2012#geoff and colette bell#shampooheads#75000#theo paphitis and hilary devey\nepisode 3#23 september 2012#helen and lisa tse#sweet mandarin#50000#hilary devey and duncan bannatyne\nepisode 3#23 september 2012#kellie forbes and gill hayward#yuubag#60000#peter jones and deborah meaden\nepisode 4#30 september 2012#harrison woods#primal parking#60000#peter jones and theo paphitis\nepisode 5#7 october 2012#kiryl chykeyuk and artsiom stavenka#old bond#90000#deborah meaden and theo paphitis\nepisode 5#7 october 2012#dupsy abiola#intern avenue#100000#peter jones\nepisode 6#14 october 2012#marie sawle#billy + margot#60000#deborah meaden\nepisode 6#14 october 2012#henry and philip blake#woodblocx#75000#peter jones\nepisode 7#21 october 2012#umer ashraf#icafe#80000#duncan bannatyne\nepisode 7#21 october 2012#ben hardyment#zapper#250000#theo paphitis\nepisode 8#28 october 2012#paul turner#a turner & sons sausage ltd#80000#peter jones\nepisode 9#11 november 2012#ashley sayed#karuma innovations#150000#peter jones\nepisode 9#11 november 2012#anne and keith proctor#pro - tec covers#75000#hilary devey and duncan bannatyne\nepisode 10#18 november 2012#mark richardson#bionic glove technology europe ltd#100000#deborah meaden and theo paphitis\nepisode 11#25 november 2012#mark ferguson and emma jones#mybunjee#70000#peter jones\nepisode 11#25 november 2012#luke booth and christopher eves#p4ck#50000#theo paphitis\nepisode 12#2 december 2012#naomi kibble and helen mcavoy#rocktails#80000#peter jones and duncan bannatyne\nepisode 12#2 december 2012#john spence#megaflatables#37500 40000 was given instead#peter jones\nchristmas special#27 december 2012#allison whitmarsh#propermaid#50000#deborah meaden\n",
        "pandas_code": "((df['episode'] == 'episode 9') & (df['investing dragon (s)'].str.contains('peter jones')) & (df['entrepreneur (s)'].str.contains('ashley sayed'))).any()",
        "pandas_eval": "True"
    },
    {
        "id": 62755,
        "statement": "entrepreneur (s) jurtk cgtjetyj abd artsiom stavenka take part in episode 6",
        "label": 0,
        "table_caption": "dragons' den (uk)",
        "table_text": "episode#first aired#entrepreneur (s)#company or product name#money requested#investing dragon (s)\nepisode 1#9 september 2012#bee london#weave got style#85000#hilary devey\nepisode 1#9 september 2012#lewis blitz , james gold and richard gold#skinny dip#120000#peter jones\nepisode 2#16 september 2012#geoff and colette bell#shampooheads#75000#theo paphitis and hilary devey\nepisode 3#23 september 2012#helen and lisa tse#sweet mandarin#50000#hilary devey and duncan bannatyne\nepisode 3#23 september 2012#kellie forbes and gill hayward#yuubag#60000#peter jones and deborah meaden\nepisode 4#30 september 2012#harrison woods#primal parking#60000#peter jones and theo paphitis\nepisode 5#7 october 2012#kiryl chykeyuk and artsiom stavenka#old bond#90000#deborah meaden and theo paphitis\nepisode 5#7 october 2012#dupsy abiola#intern avenue#100000#peter jones\nepisode 6#14 october 2012#marie sawle#billy + margot#60000#deborah meaden\nepisode 6#14 october 2012#henry and philip blake#woodblocx#75000#peter jones\nepisode 7#21 october 2012#umer ashraf#icafe#80000#duncan bannatyne\nepisode 7#21 october 2012#ben hardyment#zapper#250000#theo paphitis\nepisode 8#28 october 2012#paul turner#a turner & sons sausage ltd#80000#peter jones\nepisode 9#11 november 2012#ashley sayed#karuma innovations#150000#peter jones\nepisode 9#11 november 2012#anne and keith proctor#pro - tec covers#75000#hilary devey and duncan bannatyne\nepisode 10#18 november 2012#mark richardson#bionic glove technology europe ltd#100000#deborah meaden and theo paphitis\nepisode 11#25 november 2012#mark ferguson and emma jones#mybunjee#70000#peter jones\nepisode 11#25 november 2012#luke booth and christopher eves#p4ck#50000#theo paphitis\nepisode 12#2 december 2012#naomi kibble and helen mcavoy#rocktails#80000#peter jones and duncan bannatyne\nepisode 12#2 december 2012#john spence#megaflatables#37500 40000 was given instead#peter jones\nchristmas special#27 december 2012#allison whitmarsh#propermaid#50000#deborah meaden\n",
        "pandas_code": "df[(df['episode'] == 'episode 6') & (df['entrepreneur (s)'].str.contains('kiryl chykeyuk and artsiom stavenka'))].any().any()",
        "pandas_eval": "False"
    },
    {
        "id": 62756,
        "statement": "entrepreneur luke booth and christopher eve request 70000 on episode 11 for mybunjee",
        "label": 0,
        "table_caption": "dragons' den (uk)",
        "table_text": "episode#first aired#entrepreneur (s)#company or product name#money requested#investing dragon (s)\nepisode 1#9 september 2012#bee london#weave got style#85000#hilary devey\nepisode 1#9 september 2012#lewis blitz , james gold and richard gold#skinny dip#120000#peter jones\nepisode 2#16 september 2012#geoff and colette bell#shampooheads#75000#theo paphitis and hilary devey\nepisode 3#23 september 2012#helen and lisa tse#sweet mandarin#50000#hilary devey and duncan bannatyne\nepisode 3#23 september 2012#kellie forbes and gill hayward#yuubag#60000#peter jones and deborah meaden\nepisode 4#30 september 2012#harrison woods#primal parking#60000#peter jones and theo paphitis\nepisode 5#7 october 2012#kiryl chykeyuk and artsiom stavenka#old bond#90000#deborah meaden and theo paphitis\nepisode 5#7 october 2012#dupsy abiola#intern avenue#100000#peter jones\nepisode 6#14 october 2012#marie sawle#billy + margot#60000#deborah meaden\nepisode 6#14 october 2012#henry and philip blake#woodblocx#75000#peter jones\nepisode 7#21 october 2012#umer ashraf#icafe#80000#duncan bannatyne\nepisode 7#21 october 2012#ben hardyment#zapper#250000#theo paphitis\nepisode 8#28 october 2012#paul turner#a turner & sons sausage ltd#80000#peter jones\nepisode 9#11 november 2012#ashley sayed#karuma innovations#150000#peter jones\nepisode 9#11 november 2012#anne and keith proctor#pro - tec covers#75000#hilary devey and duncan bannatyne\nepisode 10#18 november 2012#mark richardson#bionic glove technology europe ltd#100000#deborah meaden and theo paphitis\nepisode 11#25 november 2012#mark ferguson and emma jones#mybunjee#70000#peter jones\nepisode 11#25 november 2012#luke booth and christopher eves#p4ck#50000#theo paphitis\nepisode 12#2 december 2012#naomi kibble and helen mcavoy#rocktails#80000#peter jones and duncan bannatyne\nepisode 12#2 december 2012#john spence#megaflatables#37500 40000 was given instead#peter jones\nchristmas special#27 december 2012#allison whitmarsh#propermaid#50000#deborah meaden\n",
        "pandas_code": "((df['entrepreneur (s)'] == 'luke booth and christopher eves') & (df['episode'] == 'episode 11') & (df['company or product name'] == 'mybunjee') & (df['money requested'] == '70000')).any()",
        "pandas_eval": "False"
    },
    {
        "id": 62757,
        "statement": "the product name , shampooheads , be the company where entrepreneur helen and lisa tse request 50000",
        "label": 0,
        "table_caption": "dragons' den (uk)",
        "table_text": "episode#first aired#entrepreneur (s)#company or product name#money requested#investing dragon (s)\nepisode 1#9 september 2012#bee london#weave got style#85000#hilary devey\nepisode 1#9 september 2012#lewis blitz , james gold and richard gold#skinny dip#120000#peter jones\nepisode 2#16 september 2012#geoff and colette bell#shampooheads#75000#theo paphitis and hilary devey\nepisode 3#23 september 2012#helen and lisa tse#sweet mandarin#50000#hilary devey and duncan bannatyne\nepisode 3#23 september 2012#kellie forbes and gill hayward#yuubag#60000#peter jones and deborah meaden\nepisode 4#30 september 2012#harrison woods#primal parking#60000#peter jones and theo paphitis\nepisode 5#7 october 2012#kiryl chykeyuk and artsiom stavenka#old bond#90000#deborah meaden and theo paphitis\nepisode 5#7 october 2012#dupsy abiola#intern avenue#100000#peter jones\nepisode 6#14 october 2012#marie sawle#billy + margot#60000#deborah meaden\nepisode 6#14 october 2012#henry and philip blake#woodblocx#75000#peter jones\nepisode 7#21 october 2012#umer ashraf#icafe#80000#duncan bannatyne\nepisode 7#21 october 2012#ben hardyment#zapper#250000#theo paphitis\nepisode 8#28 october 2012#paul turner#a turner & sons sausage ltd#80000#peter jones\nepisode 9#11 november 2012#ashley sayed#karuma innovations#150000#peter jones\nepisode 9#11 november 2012#anne and keith proctor#pro - tec covers#75000#hilary devey and duncan bannatyne\nepisode 10#18 november 2012#mark richardson#bionic glove technology europe ltd#100000#deborah meaden and theo paphitis\nepisode 11#25 november 2012#mark ferguson and emma jones#mybunjee#70000#peter jones\nepisode 11#25 november 2012#luke booth and christopher eves#p4ck#50000#theo paphitis\nepisode 12#2 december 2012#naomi kibble and helen mcavoy#rocktails#80000#peter jones and duncan bannatyne\nepisode 12#2 december 2012#john spence#megaflatables#37500 40000 was given instead#peter jones\nchristmas special#27 december 2012#allison whitmarsh#propermaid#50000#deborah meaden\n",
        "pandas_code": "((df['company or product name'] == 'shampooheads') & (df['entrepreneur (s)'] == 'helen and lisa tse') & (df['money requested'] == '50000')).any()",
        "pandas_eval": "False"
    },
    {
        "id": 62758,
        "statement": "peter jones be the investing dragon who appear in episode 9 with entrepreneur mark richardson",
        "label": 0,
        "table_caption": "dragons' den (uk)",
        "table_text": "episode#first aired#entrepreneur (s)#company or product name#money requested#investing dragon (s)\nepisode 1#9 september 2012#bee london#weave got style#85000#hilary devey\nepisode 1#9 september 2012#lewis blitz , james gold and richard gold#skinny dip#120000#peter jones\nepisode 2#16 september 2012#geoff and colette bell#shampooheads#75000#theo paphitis and hilary devey\nepisode 3#23 september 2012#helen and lisa tse#sweet mandarin#50000#hilary devey and duncan bannatyne\nepisode 3#23 september 2012#kellie forbes and gill hayward#yuubag#60000#peter jones and deborah meaden\nepisode 4#30 september 2012#harrison woods#primal parking#60000#peter jones and theo paphitis\nepisode 5#7 october 2012#kiryl chykeyuk and artsiom stavenka#old bond#90000#deborah meaden and theo paphitis\nepisode 5#7 october 2012#dupsy abiola#intern avenue#100000#peter jones\nepisode 6#14 october 2012#marie sawle#billy + margot#60000#deborah meaden\nepisode 6#14 october 2012#henry and philip blake#woodblocx#75000#peter jones\nepisode 7#21 october 2012#umer ashraf#icafe#80000#duncan bannatyne\nepisode 7#21 october 2012#ben hardyment#zapper#250000#theo paphitis\nepisode 8#28 october 2012#paul turner#a turner & sons sausage ltd#80000#peter jones\nepisode 9#11 november 2012#ashley sayed#karuma innovations#150000#peter jones\nepisode 9#11 november 2012#anne and keith proctor#pro - tec covers#75000#hilary devey and duncan bannatyne\nepisode 10#18 november 2012#mark richardson#bionic glove technology europe ltd#100000#deborah meaden and theo paphitis\nepisode 11#25 november 2012#mark ferguson and emma jones#mybunjee#70000#peter jones\nepisode 11#25 november 2012#luke booth and christopher eves#p4ck#50000#theo paphitis\nepisode 12#2 december 2012#naomi kibble and helen mcavoy#rocktails#80000#peter jones and duncan bannatyne\nepisode 12#2 december 2012#john spence#megaflatables#37500 40000 was given instead#peter jones\nchristmas special#27 december 2012#allison whitmarsh#propermaid#50000#deborah meaden\n",
        "pandas_code": "df[(df['episode'] == 'episode 9') & (df['entrepreneur (s)'].str.contains('mark richardson')) & (df['investing dragon (s)'].str.contains('peter jones'))].any().any()",
        "pandas_eval": "False"
    },
    {
        "id": 62760,
        "statement": "mybunjee request 70000 on episode 11 and episode 12",
        "label": 0,
        "table_caption": "dragons' den (uk)",
        "table_text": "episode#first aired#entrepreneur (s)#company or product name#money requested#investing dragon (s)\nepisode 1#9 september 2012#bee london#weave got style#85000#hilary devey\nepisode 1#9 september 2012#lewis blitz , james gold and richard gold#skinny dip#120000#peter jones\nepisode 2#16 september 2012#geoff and colette bell#shampooheads#75000#theo paphitis and hilary devey\nepisode 3#23 september 2012#helen and lisa tse#sweet mandarin#50000#hilary devey and duncan bannatyne\nepisode 3#23 september 2012#kellie forbes and gill hayward#yuubag#60000#peter jones and deborah meaden\nepisode 4#30 september 2012#harrison woods#primal parking#60000#peter jones and theo paphitis\nepisode 5#7 october 2012#kiryl chykeyuk and artsiom stavenka#old bond#90000#deborah meaden and theo paphitis\nepisode 5#7 october 2012#dupsy abiola#intern avenue#100000#peter jones\nepisode 6#14 october 2012#marie sawle#billy + margot#60000#deborah meaden\nepisode 6#14 october 2012#henry and philip blake#woodblocx#75000#peter jones\nepisode 7#21 october 2012#umer ashraf#icafe#80000#duncan bannatyne\nepisode 7#21 october 2012#ben hardyment#zapper#250000#theo paphitis\nepisode 8#28 october 2012#paul turner#a turner & sons sausage ltd#80000#peter jones\nepisode 9#11 november 2012#ashley sayed#karuma innovations#150000#peter jones\nepisode 9#11 november 2012#anne and keith proctor#pro - tec covers#75000#hilary devey and duncan bannatyne\nepisode 10#18 november 2012#mark richardson#bionic glove technology europe ltd#100000#deborah meaden and theo paphitis\nepisode 11#25 november 2012#mark ferguson and emma jones#mybunjee#70000#peter jones\nepisode 11#25 november 2012#luke booth and christopher eves#p4ck#50000#theo paphitis\nepisode 12#2 december 2012#naomi kibble and helen mcavoy#rocktails#80000#peter jones and duncan bannatyne\nepisode 12#2 december 2012#john spence#megaflatables#37500 40000 was given instead#peter jones\nchristmas special#27 december 2012#allison whitmarsh#propermaid#50000#deborah meaden\n",
        "pandas_code": "((df['company or product name'] == 'mybunjee') & (df['money requested'] == '70000') & (df['episode'] == 'episode 11')).any() and ((df['company or product name'] == 'mybunjee') & (df['money requested'] == '70000') & (df['episode'] == 'episode 12')).any()",
        "pandas_eval": "False"
    },
    {
        "id": 62761,
        "statement": "episode 9 , with entrepeneur ashley sayed be the first time peter jones invest independent of any other dragon",
        "label": 0,
        "table_caption": "dragons' den (uk)",
        "table_text": "episode#first aired#entrepreneur (s)#company or product name#money requested#investing dragon (s)\nepisode 1#9 september 2012#bee london#weave got style#85000#hilary devey\nepisode 1#9 september 2012#lewis blitz , james gold and richard gold#skinny dip#120000#peter jones\nepisode 2#16 september 2012#geoff and colette bell#shampooheads#75000#theo paphitis and hilary devey\nepisode 3#23 september 2012#helen and lisa tse#sweet mandarin#50000#hilary devey and duncan bannatyne\nepisode 3#23 september 2012#kellie forbes and gill hayward#yuubag#60000#peter jones and deborah meaden\nepisode 4#30 september 2012#harrison woods#primal parking#60000#peter jones and theo paphitis\nepisode 5#7 october 2012#kiryl chykeyuk and artsiom stavenka#old bond#90000#deborah meaden and theo paphitis\nepisode 5#7 october 2012#dupsy abiola#intern avenue#100000#peter jones\nepisode 6#14 october 2012#marie sawle#billy + margot#60000#deborah meaden\nepisode 6#14 october 2012#henry and philip blake#woodblocx#75000#peter jones\nepisode 7#21 october 2012#umer ashraf#icafe#80000#duncan bannatyne\nepisode 7#21 october 2012#ben hardyment#zapper#250000#theo paphitis\nepisode 8#28 october 2012#paul turner#a turner & sons sausage ltd#80000#peter jones\nepisode 9#11 november 2012#ashley sayed#karuma innovations#150000#peter jones\nepisode 9#11 november 2012#anne and keith proctor#pro - tec covers#75000#hilary devey and duncan bannatyne\nepisode 10#18 november 2012#mark richardson#bionic glove technology europe ltd#100000#deborah meaden and theo paphitis\nepisode 11#25 november 2012#mark ferguson and emma jones#mybunjee#70000#peter jones\nepisode 11#25 november 2012#luke booth and christopher eves#p4ck#50000#theo paphitis\nepisode 12#2 december 2012#naomi kibble and helen mcavoy#rocktails#80000#peter jones and duncan bannatyne\nepisode 12#2 december 2012#john spence#megaflatables#37500 40000 was given instead#peter jones\nchristmas special#27 december 2012#allison whitmarsh#propermaid#50000#deborah meaden\n",
        "pandas_code": "df[(df['episode'] == 'episode 9') & (df['entrepreneur (s)'] == 'ashley sayed') & (df['investing dragon (s)'] == 'peter jones')].shape[0] == 1 and df[(df['episode'].isin(['episode 1', 'episode 2', 'episode 3', 'episode 4', 'episode 5', 'episode 6', 'episode 7', 'episode 8'])) & (df['investing dragon (s)'] == 'peter jones')].shape[0] == 0",
        "pandas_eval": "False"
    },
    {
        "id": 83851,
        "statement": "duncan bannatyne be the investing dragon for razzamataz",
        "label": 1,
        "table_caption": "dragons' den (uk)",
        "table_text": "episode#first aired#entrepreneur (s)#company or product name#money requested#investing dragon (s)\nepisode 1#7 february 2007#levi roots#reggae reggae sauce#50000#richard farleigh & peter jones\nepisode 1#7 february 2007#anthony coates - smith & alistair turner#igloo#160000#duncan bannatyne & richard farleigh\nepisode 2#14 february 2007#imran hakim#iteddy#140000#peter jones & theo paphitis\nepisode 3#21 february 2007#roger hind#rotamate#85000#deborah meaden & richard farleigh\nepisode 3#21 february 2007#denise hutton#razzamataz#50000#duncan bannatyne\nepisode 4#28 february 2007#christian lane#foldio#80000#theo paphitis\nepisode 4#28 february 2007#kc jones#foot deodoriser#100000#deborah meaden & richard farleigh\nepisode 5#7 march 2007#chris haines#safe - t - first#95000#deborah meaden & theo paphitis\nepisode 5#7 march 2007#david pybus#scents of time#80000#peter jones & theo paphitis\nepisode 6#7 march 2007#peter ensinger and david baker#standby saver#100000#all 5 for 50%\n",
        "pandas_code": "df[(df['company or product name'] == 'razzamataz') & (df['investing dragon (s)'].str.contains('duncan bannatyne'))].shape[0] > 0",
        "pandas_eval": "True"
    },
    {
        "id": 83852,
        "statement": "the first time more than 85000 be request be the feb 14 episode",
        "label": 0,
        "table_caption": "dragons' den (uk)",
        "table_text": "episode#first aired#entrepreneur (s)#company or product name#money requested#investing dragon (s)\nepisode 1#7 february 2007#levi roots#reggae reggae sauce#50000#richard farleigh & peter jones\nepisode 1#7 february 2007#anthony coates - smith & alistair turner#igloo#160000#duncan bannatyne & richard farleigh\nepisode 2#14 february 2007#imran hakim#iteddy#140000#peter jones & theo paphitis\nepisode 3#21 february 2007#roger hind#rotamate#85000#deborah meaden & richard farleigh\nepisode 3#21 february 2007#denise hutton#razzamataz#50000#duncan bannatyne\nepisode 4#28 february 2007#christian lane#foldio#80000#theo paphitis\nepisode 4#28 february 2007#kc jones#foot deodoriser#100000#deborah meaden & richard farleigh\nepisode 5#7 march 2007#chris haines#safe - t - first#95000#deborah meaden & theo paphitis\nepisode 5#7 march 2007#david pybus#scents of time#80000#peter jones & theo paphitis\nepisode 6#7 march 2007#peter ensinger and david baker#standby saver#100000#all 5 for 50%\n",
        "pandas_code": "(df[df['money requested'] > 85000]['first aired'].min() != '14 february 2007')",
        "pandas_eval": "False"
    }
]