[
    {
        "id": 29593,
        "statement": "the ram only win 4 out of 12 game for the season",
        "label": 1,
        "table_caption": "1956 los angeles rams season",
        "table_text": "week#date#opponent#result#attendance\n1#september 30 , 1956#philadelphia eagles#w 27 - 7#54412\n2#october 7 , 1956#san francisco 49ers#l 33 - 30#54589\n3#october 14 , 1956#detroit lions#l 24 - 21#56281\n4#october 21 , 1956#green bay packers#l 42 - 17#24200\n5#october 28 , 1956#detroit lions#l 16 - 7#76758\n6#november 4 , 1956#chicago bears#l 35 - 24#69894\n7#november 11 , 1956#san francisco 49ers#w 30 - 6#69828\n8#november 18 , 1956#chicago bears#l 30 - 21#48102\n9#november 25 , 1956#baltimore colts#l 56 - 21#40321\n10#december 2 , 1956#pittsburgh steelers#l 30 - 13#20450\n11#december 9 , 1956#baltimore colts#w 31 - 7#51037\n12#december 16 , 1956#green bay packers#w 49 - 21#45209\n",
        "pandas_code": "df['result'].str.startswith('w').sum() == 4",
        "pandas_eval": "True"
    },
    {
        "id": 29594,
        "statement": "all 4 of their win come at home and they do not win any game on the road",
        "label": 1,
        "table_caption": "1956 los angeles rams season",
        "table_text": "week#date#opponent#result#attendance\n1#september 30 , 1956#philadelphia eagles#w 27 - 7#54412\n2#october 7 , 1956#san francisco 49ers#l 33 - 30#54589\n3#october 14 , 1956#detroit lions#l 24 - 21#56281\n4#october 21 , 1956#green bay packers#l 42 - 17#24200\n5#october 28 , 1956#detroit lions#l 16 - 7#76758\n6#november 4 , 1956#chicago bears#l 35 - 24#69894\n7#november 11 , 1956#san francisco 49ers#w 30 - 6#69828\n8#november 18 , 1956#chicago bears#l 30 - 21#48102\n9#november 25 , 1956#baltimore colts#l 56 - 21#40321\n10#december 2 , 1956#pittsburgh steelers#l 30 - 13#20450\n11#december 9 , 1956#baltimore colts#w 31 - 7#51037\n12#december 16 , 1956#green bay packers#w 49 - 21#45209\n",
        "pandas_code": "all(df[df['result'].str.startswith('w')]['attendance'] > 30000) and not any(df[df['result'].str.startswith('w')]['attendance'] <= 30000)",
        "pandas_eval": "True"
    },
    {
        "id": 29596,
        "statement": "the ram lose 2 game each to the detroit lion and the chicago bear",
        "label": 1,
        "table_caption": "1956 los angeles rams season",
        "table_text": "week#date#opponent#result#attendance\n1#september 30 , 1956#philadelphia eagles#w 27 - 7#54412\n2#october 7 , 1956#san francisco 49ers#l 33 - 30#54589\n3#october 14 , 1956#detroit lions#l 24 - 21#56281\n4#october 21 , 1956#green bay packers#l 42 - 17#24200\n5#october 28 , 1956#detroit lions#l 16 - 7#76758\n6#november 4 , 1956#chicago bears#l 35 - 24#69894\n7#november 11 , 1956#san francisco 49ers#w 30 - 6#69828\n8#november 18 , 1956#chicago bears#l 30 - 21#48102\n9#november 25 , 1956#baltimore colts#l 56 - 21#40321\n10#december 2 , 1956#pittsburgh steelers#l 30 - 13#20450\n11#december 9 , 1956#baltimore colts#w 31 - 7#51037\n12#december 16 , 1956#green bay packers#w 49 - 21#45209\n",
        "pandas_code": "(df[df['opponent'].isin(['detroit lions', 'chicago bears'])]['result'].str.startswith('l').value_counts().get(True, 0) == 4)",
        "pandas_eval": "True"
    },
    {
        "id": 29598,
        "statement": "the ram only lose 4 out of 12 game for the season",
        "label": 0,
        "table_caption": "1956 los angeles rams season",
        "table_text": "week#date#opponent#result#attendance\n1#september 30 , 1956#philadelphia eagles#w 27 - 7#54412\n2#october 7 , 1956#san francisco 49ers#l 33 - 30#54589\n3#october 14 , 1956#detroit lions#l 24 - 21#56281\n4#october 21 , 1956#green bay packers#l 42 - 17#24200\n5#october 28 , 1956#detroit lions#l 16 - 7#76758\n6#november 4 , 1956#chicago bears#l 35 - 24#69894\n7#november 11 , 1956#san francisco 49ers#w 30 - 6#69828\n8#november 18 , 1956#chicago bears#l 30 - 21#48102\n9#november 25 , 1956#baltimore colts#l 56 - 21#40321\n10#december 2 , 1956#pittsburgh steelers#l 30 - 13#20450\n11#december 9 , 1956#baltimore colts#w 31 - 7#51037\n12#december 16 , 1956#green bay packers#w 49 - 21#45209\n",
        "pandas_code": "(df['result'].str.startswith('l').sum() == 4)",
        "pandas_eval": "False"
    },
    {
        "id": 29599,
        "statement": "all 4 of their win come on the road and they do not win any game at home",
        "label": 0,
        "table_caption": "1956 los angeles rams season",
        "table_text": "week#date#opponent#result#attendance\n1#september 30 , 1956#philadelphia eagles#w 27 - 7#54412\n2#october 7 , 1956#san francisco 49ers#l 33 - 30#54589\n3#october 14 , 1956#detroit lions#l 24 - 21#56281\n4#october 21 , 1956#green bay packers#l 42 - 17#24200\n5#october 28 , 1956#detroit lions#l 16 - 7#76758\n6#november 4 , 1956#chicago bears#l 35 - 24#69894\n7#november 11 , 1956#san francisco 49ers#w 30 - 6#69828\n8#november 18 , 1956#chicago bears#l 30 - 21#48102\n9#november 25 , 1956#baltimore colts#l 56 - 21#40321\n10#december 2 , 1956#pittsburgh steelers#l 30 - 13#20450\n11#december 9 , 1956#baltimore colts#w 31 - 7#51037\n12#december 16 , 1956#green bay packers#w 49 - 21#45209\n",
        "pandas_code": "all(df[df['result'].str.startswith('w')]['attendance'] != df[df['result'].str.startswith('w')]['attendance'].max())",
        "pandas_eval": "False"
    },
    {
        "id": 29600,
        "statement": "all but 1 home game draw a crowd over 50000 , and that be their first game which have an attendance of 54412",
        "label": 0,
        "table_caption": "1956 los angeles rams season",
        "table_text": "week#date#opponent#result#attendance\n1#september 30 , 1956#philadelphia eagles#w 27 - 7#54412\n2#october 7 , 1956#san francisco 49ers#l 33 - 30#54589\n3#october 14 , 1956#detroit lions#l 24 - 21#56281\n4#october 21 , 1956#green bay packers#l 42 - 17#24200\n5#october 28 , 1956#detroit lions#l 16 - 7#76758\n6#november 4 , 1956#chicago bears#l 35 - 24#69894\n7#november 11 , 1956#san francisco 49ers#w 30 - 6#69828\n8#november 18 , 1956#chicago bears#l 30 - 21#48102\n9#november 25 , 1956#baltimore colts#l 56 - 21#40321\n10#december 2 , 1956#pittsburgh steelers#l 30 - 13#20450\n11#december 9 , 1956#baltimore colts#w 31 - 7#51037\n12#december 16 , 1956#green bay packers#w 49 - 21#45209\n",
        "pandas_code": "(df['attendance'][1:].gt(50000).all() and df['attendance'][0] == 54412)",
        "pandas_eval": "False"
    },
    {
        "id": 29601,
        "statement": "the ram lose 2 game each to the san francisco 49ers and the baltimore colt",
        "label": 0,
        "table_caption": "1956 los angeles rams season",
        "table_text": "week#date#opponent#result#attendance\n1#september 30 , 1956#philadelphia eagles#w 27 - 7#54412\n2#october 7 , 1956#san francisco 49ers#l 33 - 30#54589\n3#october 14 , 1956#detroit lions#l 24 - 21#56281\n4#october 21 , 1956#green bay packers#l 42 - 17#24200\n5#october 28 , 1956#detroit lions#l 16 - 7#76758\n6#november 4 , 1956#chicago bears#l 35 - 24#69894\n7#november 11 , 1956#san francisco 49ers#w 30 - 6#69828\n8#november 18 , 1956#chicago bears#l 30 - 21#48102\n9#november 25 , 1956#baltimore colts#l 56 - 21#40321\n10#december 2 , 1956#pittsburgh steelers#l 30 - 13#20450\n11#december 9 , 1956#baltimore colts#w 31 - 7#51037\n12#december 16 , 1956#green bay packers#w 49 - 21#45209\n",
        "pandas_code": "(df[df['opponent'] == 'san francisco 49ers']['result'].str.startswith('l').sum() == 2) and (df[df['opponent'] == 'baltimore colts']['result'].str.startswith('l').sum() == 2)",
        "pandas_eval": "False"
    },
    {
        "id": 29602,
        "statement": "the worst loss of the season for los angeles come on november 25 when they be defeat by the philadelphia eagle by 35 point",
        "label": 0,
        "table_caption": "1956 los angeles rams season",
        "table_text": "week#date#opponent#result#attendance\n1#september 30 , 1956#philadelphia eagles#w 27 - 7#54412\n2#october 7 , 1956#san francisco 49ers#l 33 - 30#54589\n3#october 14 , 1956#detroit lions#l 24 - 21#56281\n4#october 21 , 1956#green bay packers#l 42 - 17#24200\n5#october 28 , 1956#detroit lions#l 16 - 7#76758\n6#november 4 , 1956#chicago bears#l 35 - 24#69894\n7#november 11 , 1956#san francisco 49ers#w 30 - 6#69828\n8#november 18 , 1956#chicago bears#l 30 - 21#48102\n9#november 25 , 1956#baltimore colts#l 56 - 21#40321\n10#december 2 , 1956#pittsburgh steelers#l 30 - 13#20450\n11#december 9 , 1956#baltimore colts#w 31 - 7#51037\n12#december 16 , 1956#green bay packers#w 49 - 21#45209\n",
        "pandas_code": "df[(df['date'] == 'november 25 , 1956') & (df['opponent'] == 'philadelphia eagles')]['result'].str.contains('l 56 - 21').any()",
        "pandas_eval": "False"
    }
]