[
    {
        "id": 32410,
        "statement": "6 of the 10 pick be from the philippine",
        "label": 1,
        "table_caption": "2003 pba draft",
        "table_text": "pick#player#country of origin#pba team#college\n1#mike cortez#philippines#alaska aces (from fedex )#de la salle\n2#rommel adducul#philippines#barangay ginebra kings#san sebastian\n3#eddie laure#philippines#shell turbo chargers#adamson\n4#harvey carey#united states#talk n' text phone pals#sonoma state\n5#brandon cablay#united states#alaska aces (from sta lucia realtors )#vanguard\n6#billy mamaril#united states#purefoods tender juicy hotdogs#bakersfield\n7#enrico villanueva#philippines#red bull thunder#ateneo de manila\n8#marlon legazpi#philippines#san miguel beermen#mlqu\n9#reynel hugnatan#philippines#coca - cola tigers#manila\n10#jimmy alapag#united states#talk 'n text phone pals (from alaska aces )#cal state san bernardino\n",
        "pandas_code": "(df['country of origin'] == 'philippines').sum() == 6",
        "pandas_eval": "True"
    },
    {
        "id": 32412,
        "statement": "mike cortez and rommel adducl , from the philippine , be the first 2 pick",
        "label": 1,
        "table_caption": "2003 pba draft",
        "table_text": "pick#player#country of origin#pba team#college\n1#mike cortez#philippines#alaska aces (from fedex )#de la salle\n2#rommel adducul#philippines#barangay ginebra kings#san sebastian\n3#eddie laure#philippines#shell turbo chargers#adamson\n4#harvey carey#united states#talk n' text phone pals#sonoma state\n5#brandon cablay#united states#alaska aces (from sta lucia realtors )#vanguard\n6#billy mamaril#united states#purefoods tender juicy hotdogs#bakersfield\n7#enrico villanueva#philippines#red bull thunder#ateneo de manila\n8#marlon legazpi#philippines#san miguel beermen#mlqu\n9#reynel hugnatan#philippines#coca - cola tigers#manila\n10#jimmy alapag#united states#talk 'n text phone pals (from alaska aces )#cal state san bernardino\n",
        "pandas_code": "(df.loc[0, 'player'] == 'mike cortez' and df.loc[0, 'country of origin'] == 'philippines') and (df.loc[1, 'player'] == 'rommel adducul' and df.loc[1, 'country of origin'] == 'philippines')",
        "pandas_eval": "True"
    },
    {
        "id": 32413,
        "statement": "no united state player be pick until the fourth round",
        "label": 1,
        "table_caption": "2003 pba draft",
        "table_text": "pick#player#country of origin#pba team#college\n1#mike cortez#philippines#alaska aces (from fedex )#de la salle\n2#rommel adducul#philippines#barangay ginebra kings#san sebastian\n3#eddie laure#philippines#shell turbo chargers#adamson\n4#harvey carey#united states#talk n' text phone pals#sonoma state\n5#brandon cablay#united states#alaska aces (from sta lucia realtors )#vanguard\n6#billy mamaril#united states#purefoods tender juicy hotdogs#bakersfield\n7#enrico villanueva#philippines#red bull thunder#ateneo de manila\n8#marlon legazpi#philippines#san miguel beermen#mlqu\n9#reynel hugnatan#philippines#coca - cola tigers#manila\n10#jimmy alapag#united states#talk 'n text phone pals (from alaska aces )#cal state san bernardino\n",
        "pandas_code": "all(df[df['country of origin'] == 'united states']['pick'] >= 4)",
        "pandas_eval": "True"
    },
    {
        "id": 32414,
        "statement": "the fourth , fifth , and sixth pick be from the united state",
        "label": 1,
        "table_caption": "2003 pba draft",
        "table_text": "pick#player#country of origin#pba team#college\n1#mike cortez#philippines#alaska aces (from fedex )#de la salle\n2#rommel adducul#philippines#barangay ginebra kings#san sebastian\n3#eddie laure#philippines#shell turbo chargers#adamson\n4#harvey carey#united states#talk n' text phone pals#sonoma state\n5#brandon cablay#united states#alaska aces (from sta lucia realtors )#vanguard\n6#billy mamaril#united states#purefoods tender juicy hotdogs#bakersfield\n7#enrico villanueva#philippines#red bull thunder#ateneo de manila\n8#marlon legazpi#philippines#san miguel beermen#mlqu\n9#reynel hugnatan#philippines#coca - cola tigers#manila\n10#jimmy alapag#united states#talk 'n text phone pals (from alaska aces )#cal state san bernardino\n",
        "pandas_code": "all(df.loc[df['pick'].isin([4, 5, 6]), 'country of origin'] == 'united states')",
        "pandas_eval": "True"
    },
    {
        "id": 32415,
        "statement": "6 of the 10 pick be from the united state",
        "label": 0,
        "table_caption": "2003 pba draft",
        "table_text": "pick#player#country of origin#pba team#college\n1#mike cortez#philippines#alaska aces (from fedex )#de la salle\n2#rommel adducul#philippines#barangay ginebra kings#san sebastian\n3#eddie laure#philippines#shell turbo chargers#adamson\n4#harvey carey#united states#talk n' text phone pals#sonoma state\n5#brandon cablay#united states#alaska aces (from sta lucia realtors )#vanguard\n6#billy mamaril#united states#purefoods tender juicy hotdogs#bakersfield\n7#enrico villanueva#philippines#red bull thunder#ateneo de manila\n8#marlon legazpi#philippines#san miguel beermen#mlqu\n9#reynel hugnatan#philippines#coca - cola tigers#manila\n10#jimmy alapag#united states#talk 'n text phone pals (from alaska aces )#cal state san bernardino\n",
        "pandas_code": "(df['country of origin'] == 'united states').sum() == 6",
        "pandas_eval": "False"
    },
    {
        "id": 32416,
        "statement": "pick number 4 and 10 be on the red bull thunder team",
        "label": 0,
        "table_caption": "2003 pba draft",
        "table_text": "pick#player#country of origin#pba team#college\n1#mike cortez#philippines#alaska aces (from fedex )#de la salle\n2#rommel adducul#philippines#barangay ginebra kings#san sebastian\n3#eddie laure#philippines#shell turbo chargers#adamson\n4#harvey carey#united states#talk n' text phone pals#sonoma state\n5#brandon cablay#united states#alaska aces (from sta lucia realtors )#vanguard\n6#billy mamaril#united states#purefoods tender juicy hotdogs#bakersfield\n7#enrico villanueva#philippines#red bull thunder#ateneo de manila\n8#marlon legazpi#philippines#san miguel beermen#mlqu\n9#reynel hugnatan#philippines#coca - cola tigers#manila\n10#jimmy alapag#united states#talk 'n text phone pals (from alaska aces )#cal state san bernardino\n",
        "pandas_code": "df.loc[df['pick'].isin([4, 10]), 'pba team'].eq('red bull thunder').all()",
        "pandas_eval": "False"
    },
    {
        "id": 32417,
        "statement": "brandon cablay and jimmy alapag , from the philippine , be the first 2 pick",
        "label": 0,
        "table_caption": "2003 pba draft",
        "table_text": "pick#player#country of origin#pba team#college\n1#mike cortez#philippines#alaska aces (from fedex )#de la salle\n2#rommel adducul#philippines#barangay ginebra kings#san sebastian\n3#eddie laure#philippines#shell turbo chargers#adamson\n4#harvey carey#united states#talk n' text phone pals#sonoma state\n5#brandon cablay#united states#alaska aces (from sta lucia realtors )#vanguard\n6#billy mamaril#united states#purefoods tender juicy hotdogs#bakersfield\n7#enrico villanueva#philippines#red bull thunder#ateneo de manila\n8#marlon legazpi#philippines#san miguel beermen#mlqu\n9#reynel hugnatan#philippines#coca - cola tigers#manila\n10#jimmy alapag#united states#talk 'n text phone pals (from alaska aces )#cal state san bernardino\n",
        "pandas_code": "(df[df['player'].isin(['brandon cablay', 'jimmy alapag'])]['pick'].isin([1, 2]).all()) & (df[df['player'].isin(['brandon cablay', 'jimmy alapag'])]['country of origin'].eq('philippines').all())",
        "pandas_eval": "False"
    },
    {
        "id": 32418,
        "statement": "no united state player be pick until the seventh round",
        "label": 0,
        "table_caption": "2003 pba draft",
        "table_text": "pick#player#country of origin#pba team#college\n1#mike cortez#philippines#alaska aces (from fedex )#de la salle\n2#rommel adducul#philippines#barangay ginebra kings#san sebastian\n3#eddie laure#philippines#shell turbo chargers#adamson\n4#harvey carey#united states#talk n' text phone pals#sonoma state\n5#brandon cablay#united states#alaska aces (from sta lucia realtors )#vanguard\n6#billy mamaril#united states#purefoods tender juicy hotdogs#bakersfield\n7#enrico villanueva#philippines#red bull thunder#ateneo de manila\n8#marlon legazpi#philippines#san miguel beermen#mlqu\n9#reynel hugnatan#philippines#coca - cola tigers#manila\n10#jimmy alapag#united states#talk 'n text phone pals (from alaska aces )#cal state san bernardino\n",
        "pandas_code": "all(df[df['country of origin'] == 'united states']['pick'] > 7)",
        "pandas_eval": "False"
    },
    {
        "id": 32419,
        "statement": "the fourth , fifth , and sixth pick be from the philippine",
        "label": 0,
        "table_caption": "2003 pba draft",
        "table_text": "pick#player#country of origin#pba team#college\n1#mike cortez#philippines#alaska aces (from fedex )#de la salle\n2#rommel adducul#philippines#barangay ginebra kings#san sebastian\n3#eddie laure#philippines#shell turbo chargers#adamson\n4#harvey carey#united states#talk n' text phone pals#sonoma state\n5#brandon cablay#united states#alaska aces (from sta lucia realtors )#vanguard\n6#billy mamaril#united states#purefoods tender juicy hotdogs#bakersfield\n7#enrico villanueva#philippines#red bull thunder#ateneo de manila\n8#marlon legazpi#philippines#san miguel beermen#mlqu\n9#reynel hugnatan#philippines#coca - cola tigers#manila\n10#jimmy alapag#united states#talk 'n text phone pals (from alaska aces )#cal state san bernardino\n",
        "pandas_code": "all(df.loc[df['pick'].isin([4, 5, 6]), 'country of origin'] == 'philippines')",
        "pandas_eval": "False"
    },
    {
        "id": 80813,
        "statement": "sunday salvacion be from the philippine and play for the barangay ginebra king",
        "label": 1,
        "table_caption": "2003 pba draft",
        "table_text": "pick#player#country of origin#pba team#college\n11#sunday salvacion#philippines#barangay ginebra kings#st benilde\n12#john ferriols#philippines#fedex express#san jose\n13#adonis sta maria#philippines#shell turbo chargers#la salle - manila\n14#cyrus baguio#philippines#red bull thunder#ust\n15#eugene tejada#united states#sta lucia realtors (traded to alaska aces )#chabot\n16#ronald tubid#philippines#shell turbo chargers#east\n17#rysal castro#philippines#red bull thunder#far eastern\n18#arnold calo#philippines#san miguel beermen#mlqu\n19#vincent san diego#philippines#red bull thunder#la salle - manila\n20#leo bat - og#philippines#alaska aces (traded to sta lucia )#uno - r\n",
        "pandas_code": "df[(df['player'] == 'sunday salvacion') & (df['country of origin'] == 'philippines') & (df['pba team'] == 'barangay ginebra kings')].shape[0] == 1",
        "pandas_eval": "True"
    },
    {
        "id": 80814,
        "statement": "the country of origin of sunday salvacion be united state",
        "label": 0,
        "table_caption": "2003 pba draft",
        "table_text": "pick#player#country of origin#pba team#college\n11#sunday salvacion#philippines#barangay ginebra kings#st benilde\n12#john ferriols#philippines#fedex express#san jose\n13#adonis sta maria#philippines#shell turbo chargers#la salle - manila\n14#cyrus baguio#philippines#red bull thunder#ust\n15#eugene tejada#united states#sta lucia realtors (traded to alaska aces )#chabot\n16#ronald tubid#philippines#shell turbo chargers#east\n17#rysal castro#philippines#red bull thunder#far eastern\n18#arnold calo#philippines#san miguel beermen#mlqu\n19#vincent san diego#philippines#red bull thunder#la salle - manila\n20#leo bat - og#philippines#alaska aces (traded to sta lucia )#uno - r\n",
        "pandas_code": "df[df['player'] == 'sunday salvacion']['country of origin'].iloc[0] == 'united states'",
        "pandas_eval": "False"
    }
]