[
    {
        "id": 32465,
        "statement": "lafferty , stephen w stephen w lafferty be a democratic delegate represent baltimore county district 42",
        "label": 1,
        "table_caption": "baltimore county delegation",
        "table_text": "district#counties represented#delegate#party#first elected#committee\n05.2 5b#carroll , baltimore county#kach , wade wade kach#republican#1974#health and government operations\n06.0 6#baltimore county#minnick , joseph j joseph j minnick#democratic#1988#economic matters\n06.0 6#baltimore county#weir , michael h jr michael h weir , jr#democratic#2002#environmental matters\n07.0 7#baltimore county , harford#impallaria , richard k richard k impallaria#republican#2002#economic matters\n07.0 7#baltimore county , harford#jennings , j b j b jennings#republican#2002#ways and means\n07.0 7#baltimore county , harford#mcdonough , patrick l patrick l mcdonough#republican#1978#health and government operations\n08.0 8#baltimore county#schuler , todd todd schuler#democratic#2006#judiciary\n08.0 8#baltimore county#bromwell , eric m eric m bromwell#democratic#2002#health and government operations\n08.0 8#baltimore county#boteler , joseph c 3rd joseph c boteler iii#republican#2002#environmental matters\n10#baltimore county#burns , emmett c jr emmett c burns , jr#democratic#1994#economic matters\n10#baltimore county#jones , adrienne a adrienne a jones#democratic#1997#appropriations\n10#baltimore county#nathan - pulliam , shirley shirley nathan - pulliam#democratic#1994#health and government operations\n11#baltimore county#cardin , jon s jon s cardin#democratic#2002#ways and means\n11#baltimore county#morhaim , dan k dan k morhaim#democratic#1994#health and government operations\n11#baltimore county#stein , dana dana stein#democratic#2002#environmental matters\n12.1 12a#baltimore county , howard#deboy , steven j sr steven j deboy , sr#democratic#2002#appropriations\n12.1 12a#baltimore county , howard#malone , james e jr james e malone , jr#democratic#1994#environmental matters (vice - chair)\n42#baltimore county#lafferty , stephen w stephen w lafferty#democratic#2006#environmental matters\n42#baltimore county#aumann , susan l m susan l m aumann#republican#2002#appropriations\n",
        "pandas_code": "((df['delegate'] == 'lafferty , stephen w stephen w lafferty') & (df['party'] == 'democratic') & (df['counties represented'].str.contains('baltimore county')) & (df['district'] == '42')).any()",
        "pandas_eval": "True"
    },
    {
        "id": 32466,
        "statement": "stein , dana dana stein be frist elect in 2002",
        "label": 1,
        "table_caption": "baltimore county delegation",
        "table_text": "district#counties represented#delegate#party#first elected#committee\n05.2 5b#carroll , baltimore county#kach , wade wade kach#republican#1974#health and government operations\n06.0 6#baltimore county#minnick , joseph j joseph j minnick#democratic#1988#economic matters\n06.0 6#baltimore county#weir , michael h jr michael h weir , jr#democratic#2002#environmental matters\n07.0 7#baltimore county , harford#impallaria , richard k richard k impallaria#republican#2002#economic matters\n07.0 7#baltimore county , harford#jennings , j b j b jennings#republican#2002#ways and means\n07.0 7#baltimore county , harford#mcdonough , patrick l patrick l mcdonough#republican#1978#health and government operations\n08.0 8#baltimore county#schuler , todd todd schuler#democratic#2006#judiciary\n08.0 8#baltimore county#bromwell , eric m eric m bromwell#democratic#2002#health and government operations\n08.0 8#baltimore county#boteler , joseph c 3rd joseph c boteler iii#republican#2002#environmental matters\n10#baltimore county#burns , emmett c jr emmett c burns , jr#democratic#1994#economic matters\n10#baltimore county#jones , adrienne a adrienne a jones#democratic#1997#appropriations\n10#baltimore county#nathan - pulliam , shirley shirley nathan - pulliam#democratic#1994#health and government operations\n11#baltimore county#cardin , jon s jon s cardin#democratic#2002#ways and means\n11#baltimore county#morhaim , dan k dan k morhaim#democratic#1994#health and government operations\n11#baltimore county#stein , dana dana stein#democratic#2002#environmental matters\n12.1 12a#baltimore county , howard#deboy , steven j sr steven j deboy , sr#democratic#2002#appropriations\n12.1 12a#baltimore county , howard#malone , james e jr james e malone , jr#democratic#1994#environmental matters (vice - chair)\n42#baltimore county#lafferty , stephen w stephen w lafferty#democratic#2006#environmental matters\n42#baltimore county#aumann , susan l m susan l m aumann#republican#2002#appropriations\n",
        "pandas_code": "df[df['delegate'] == 'stein , dana dana stein']['first elected'].iloc[0] == 2002",
        "pandas_eval": "True"
    },
    {
        "id": 32467,
        "statement": "district 11 have a democratic representative who be first elect in 1994",
        "label": 1,
        "table_caption": "baltimore county delegation",
        "table_text": "district#counties represented#delegate#party#first elected#committee\n05.2 5b#carroll , baltimore county#kach , wade wade kach#republican#1974#health and government operations\n06.0 6#baltimore county#minnick , joseph j joseph j minnick#democratic#1988#economic matters\n06.0 6#baltimore county#weir , michael h jr michael h weir , jr#democratic#2002#environmental matters\n07.0 7#baltimore county , harford#impallaria , richard k richard k impallaria#republican#2002#economic matters\n07.0 7#baltimore county , harford#jennings , j b j b jennings#republican#2002#ways and means\n07.0 7#baltimore county , harford#mcdonough , patrick l patrick l mcdonough#republican#1978#health and government operations\n08.0 8#baltimore county#schuler , todd todd schuler#democratic#2006#judiciary\n08.0 8#baltimore county#bromwell , eric m eric m bromwell#democratic#2002#health and government operations\n08.0 8#baltimore county#boteler , joseph c 3rd joseph c boteler iii#republican#2002#environmental matters\n10#baltimore county#burns , emmett c jr emmett c burns , jr#democratic#1994#economic matters\n10#baltimore county#jones , adrienne a adrienne a jones#democratic#1997#appropriations\n10#baltimore county#nathan - pulliam , shirley shirley nathan - pulliam#democratic#1994#health and government operations\n11#baltimore county#cardin , jon s jon s cardin#democratic#2002#ways and means\n11#baltimore county#morhaim , dan k dan k morhaim#democratic#1994#health and government operations\n11#baltimore county#stein , dana dana stein#democratic#2002#environmental matters\n12.1 12a#baltimore county , howard#deboy , steven j sr steven j deboy , sr#democratic#2002#appropriations\n12.1 12a#baltimore county , howard#malone , james e jr james e malone , jr#democratic#1994#environmental matters (vice - chair)\n42#baltimore county#lafferty , stephen w stephen w lafferty#democratic#2006#environmental matters\n42#baltimore county#aumann , susan l m susan l m aumann#republican#2002#appropriations\n",
        "pandas_code": "((df['district'] == '11') & (df['party'] == 'democratic') & (df['first elected'] == 1994)).any()",
        "pandas_eval": "True"
    },
    {
        "id": 32468,
        "statement": "kach , wade wade kach be on the committee for health and government operation",
        "label": 1,
        "table_caption": "baltimore county delegation",
        "table_text": "district#counties represented#delegate#party#first elected#committee\n05.2 5b#carroll , baltimore county#kach , wade wade kach#republican#1974#health and government operations\n06.0 6#baltimore county#minnick , joseph j joseph j minnick#democratic#1988#economic matters\n06.0 6#baltimore county#weir , michael h jr michael h weir , jr#democratic#2002#environmental matters\n07.0 7#baltimore county , harford#impallaria , richard k richard k impallaria#republican#2002#economic matters\n07.0 7#baltimore county , harford#jennings , j b j b jennings#republican#2002#ways and means\n07.0 7#baltimore county , harford#mcdonough , patrick l patrick l mcdonough#republican#1978#health and government operations\n08.0 8#baltimore county#schuler , todd todd schuler#democratic#2006#judiciary\n08.0 8#baltimore county#bromwell , eric m eric m bromwell#democratic#2002#health and government operations\n08.0 8#baltimore county#boteler , joseph c 3rd joseph c boteler iii#republican#2002#environmental matters\n10#baltimore county#burns , emmett c jr emmett c burns , jr#democratic#1994#economic matters\n10#baltimore county#jones , adrienne a adrienne a jones#democratic#1997#appropriations\n10#baltimore county#nathan - pulliam , shirley shirley nathan - pulliam#democratic#1994#health and government operations\n11#baltimore county#cardin , jon s jon s cardin#democratic#2002#ways and means\n11#baltimore county#morhaim , dan k dan k morhaim#democratic#1994#health and government operations\n11#baltimore county#stein , dana dana stein#democratic#2002#environmental matters\n12.1 12a#baltimore county , howard#deboy , steven j sr steven j deboy , sr#democratic#2002#appropriations\n12.1 12a#baltimore county , howard#malone , james e jr james e malone , jr#democratic#1994#environmental matters (vice - chair)\n42#baltimore county#lafferty , stephen w stephen w lafferty#democratic#2006#environmental matters\n42#baltimore county#aumann , susan l m susan l m aumann#republican#2002#appropriations\n",
        "pandas_code": "df[(df['delegate'] == 'kach , wade wade kach') & (df['committee'] == 'health and government operations')].any().any()",
        "pandas_eval": "True"
    },
    {
        "id": 32469,
        "statement": "jones , adrienne a adrienne a jones be first elect in 1997 for district 10",
        "label": 1,
        "table_caption": "baltimore county delegation",
        "table_text": "district#counties represented#delegate#party#first elected#committee\n05.2 5b#carroll , baltimore county#kach , wade wade kach#republican#1974#health and government operations\n06.0 6#baltimore county#minnick , joseph j joseph j minnick#democratic#1988#economic matters\n06.0 6#baltimore county#weir , michael h jr michael h weir , jr#democratic#2002#environmental matters\n07.0 7#baltimore county , harford#impallaria , richard k richard k impallaria#republican#2002#economic matters\n07.0 7#baltimore county , harford#jennings , j b j b jennings#republican#2002#ways and means\n07.0 7#baltimore county , harford#mcdonough , patrick l patrick l mcdonough#republican#1978#health and government operations\n08.0 8#baltimore county#schuler , todd todd schuler#democratic#2006#judiciary\n08.0 8#baltimore county#bromwell , eric m eric m bromwell#democratic#2002#health and government operations\n08.0 8#baltimore county#boteler , joseph c 3rd joseph c boteler iii#republican#2002#environmental matters\n10#baltimore county#burns , emmett c jr emmett c burns , jr#democratic#1994#economic matters\n10#baltimore county#jones , adrienne a adrienne a jones#democratic#1997#appropriations\n10#baltimore county#nathan - pulliam , shirley shirley nathan - pulliam#democratic#1994#health and government operations\n11#baltimore county#cardin , jon s jon s cardin#democratic#2002#ways and means\n11#baltimore county#morhaim , dan k dan k morhaim#democratic#1994#health and government operations\n11#baltimore county#stein , dana dana stein#democratic#2002#environmental matters\n12.1 12a#baltimore county , howard#deboy , steven j sr steven j deboy , sr#democratic#2002#appropriations\n12.1 12a#baltimore county , howard#malone , james e jr james e malone , jr#democratic#1994#environmental matters (vice - chair)\n42#baltimore county#lafferty , stephen w stephen w lafferty#democratic#2006#environmental matters\n42#baltimore county#aumann , susan l m susan l m aumann#republican#2002#appropriations\n",
        "pandas_code": "df[(df['delegate'] == 'jones , adrienne a adrienne a jones') & (df['first elected'] == 1997) & (df['district'] == '10')].shape[0] == 1",
        "pandas_eval": "True"
    }
]