[
    {
        "id": 33341,
        "statement": "a love of a lifetime have the most us viewer",
        "label": 1,
        "table_caption": "list of journeyman episodes",
        "table_text": "#title#directed by#written by#original air date#production code#us viewers (millions)\n1#a love of a lifetime#alex graves#kevin falls#september 24 , 2007#1anj79#9.16\n2#friendly skies#alex graves#kevin falls#october 1 , 2007#1anj01#8.23\n3#game three#alex graves#tom szentgyorgyi#october 8 , 2007#1anj02#6.94\n4#the year of the rabbit#laura innes#joan b weiss#october 15 , 2007#1anj03#6.75\n5#the legend of dylan mccleen#allison liddi#matt mcguinness#october 22 , 2007#1anj04#6.06\n6#keepers#andrew bernstein#paul redford#october 29 , 2007#1anj05#5.75\n7#double down#alex graves#j r orci#november 5 , 2007#1anj06#5.13\n8#winterland#helen shaver#dana calvo#november 12 , 2007#1anj07#6.09\n9#emily (part 1)#frederick king keller#juan carlos coto#november 19 , 2007#1anj08#5.61\n10#blowback (part 2)#karen gaviola#kevin falls#november 26 , 2007#1anj09#6.05\n11#home by another way#lesli linka glatter#tom szentgyorgyi#december 10 , 2007#1anj10#5.28\n12#the hanged man (part 1)#steven depaul#tracy mcmillan#december 17 , 2007#1anj11#4.24\n",
        "pandas_code": "df.loc[df['title'] == 'a love of a lifetime', 'us viewers (millions)'].values[0] == df['us viewers (millions)'].max()",
        "pandas_eval": "True"
    },
    {
        "id": 33342,
        "statement": "the hanged man (part 1) have the least us viewer",
        "label": 1,
        "table_caption": "list of journeyman episodes",
        "table_text": "#title#directed by#written by#original air date#production code#us viewers (millions)\n1#a love of a lifetime#alex graves#kevin falls#september 24 , 2007#1anj79#9.16\n2#friendly skies#alex graves#kevin falls#october 1 , 2007#1anj01#8.23\n3#game three#alex graves#tom szentgyorgyi#october 8 , 2007#1anj02#6.94\n4#the year of the rabbit#laura innes#joan b weiss#october 15 , 2007#1anj03#6.75\n5#the legend of dylan mccleen#allison liddi#matt mcguinness#october 22 , 2007#1anj04#6.06\n6#keepers#andrew bernstein#paul redford#october 29 , 2007#1anj05#5.75\n7#double down#alex graves#j r orci#november 5 , 2007#1anj06#5.13\n8#winterland#helen shaver#dana calvo#november 12 , 2007#1anj07#6.09\n9#emily (part 1)#frederick king keller#juan carlos coto#november 19 , 2007#1anj08#5.61\n10#blowback (part 2)#karen gaviola#kevin falls#november 26 , 2007#1anj09#6.05\n11#home by another way#lesli linka glatter#tom szentgyorgyi#december 10 , 2007#1anj10#5.28\n12#the hanged man (part 1)#steven depaul#tracy mcmillan#december 17 , 2007#1anj11#4.24\n",
        "pandas_code": "df.loc[df['title'] == 'the hanged man (part 1)', 'us viewers (millions)'].iloc[0] == df['us viewers (millions)'].min()",
        "pandas_eval": "True"
    },
    {
        "id": 33343,
        "statement": "kevin fall write the most episode",
        "label": 1,
        "table_caption": "list of journeyman episodes",
        "table_text": "#title#directed by#written by#original air date#production code#us viewers (millions)\n1#a love of a lifetime#alex graves#kevin falls#september 24 , 2007#1anj79#9.16\n2#friendly skies#alex graves#kevin falls#october 1 , 2007#1anj01#8.23\n3#game three#alex graves#tom szentgyorgyi#october 8 , 2007#1anj02#6.94\n4#the year of the rabbit#laura innes#joan b weiss#october 15 , 2007#1anj03#6.75\n5#the legend of dylan mccleen#allison liddi#matt mcguinness#october 22 , 2007#1anj04#6.06\n6#keepers#andrew bernstein#paul redford#october 29 , 2007#1anj05#5.75\n7#double down#alex graves#j r orci#november 5 , 2007#1anj06#5.13\n8#winterland#helen shaver#dana calvo#november 12 , 2007#1anj07#6.09\n9#emily (part 1)#frederick king keller#juan carlos coto#november 19 , 2007#1anj08#5.61\n10#blowback (part 2)#karen gaviola#kevin falls#november 26 , 2007#1anj09#6.05\n11#home by another way#lesli linka glatter#tom szentgyorgyi#december 10 , 2007#1anj10#5.28\n12#the hanged man (part 1)#steven depaul#tracy mcmillan#december 17 , 2007#1anj11#4.24\n",
        "pandas_code": "df['written by'].value_counts().idxmax() == 'kevin falls'",
        "pandas_eval": "True"
    },
    {
        "id": 33344,
        "statement": "the episode with the least us viewer be direct by steven depaul",
        "label": 1,
        "table_caption": "list of journeyman episodes",
        "table_text": "#title#directed by#written by#original air date#production code#us viewers (millions)\n1#a love of a lifetime#alex graves#kevin falls#september 24 , 2007#1anj79#9.16\n2#friendly skies#alex graves#kevin falls#october 1 , 2007#1anj01#8.23\n3#game three#alex graves#tom szentgyorgyi#october 8 , 2007#1anj02#6.94\n4#the year of the rabbit#laura innes#joan b weiss#october 15 , 2007#1anj03#6.75\n5#the legend of dylan mccleen#allison liddi#matt mcguinness#october 22 , 2007#1anj04#6.06\n6#keepers#andrew bernstein#paul redford#october 29 , 2007#1anj05#5.75\n7#double down#alex graves#j r orci#november 5 , 2007#1anj06#5.13\n8#winterland#helen shaver#dana calvo#november 12 , 2007#1anj07#6.09\n9#emily (part 1)#frederick king keller#juan carlos coto#november 19 , 2007#1anj08#5.61\n10#blowback (part 2)#karen gaviola#kevin falls#november 26 , 2007#1anj09#6.05\n11#home by another way#lesli linka glatter#tom szentgyorgyi#december 10 , 2007#1anj10#5.28\n12#the hanged man (part 1)#steven depaul#tracy mcmillan#december 17 , 2007#1anj11#4.24\n",
        "pandas_code": "df.loc[df['us viewers (millions)'].idxmin(), 'directed by'] == 'steven depaul'",
        "pandas_eval": "True"
    },
    {
        "id": 33345,
        "statement": "the episode with the most view be written by kevin fall",
        "label": 1,
        "table_caption": "list of journeyman episodes",
        "table_text": "#title#directed by#written by#original air date#production code#us viewers (millions)\n1#a love of a lifetime#alex graves#kevin falls#september 24 , 2007#1anj79#9.16\n2#friendly skies#alex graves#kevin falls#october 1 , 2007#1anj01#8.23\n3#game three#alex graves#tom szentgyorgyi#october 8 , 2007#1anj02#6.94\n4#the year of the rabbit#laura innes#joan b weiss#october 15 , 2007#1anj03#6.75\n5#the legend of dylan mccleen#allison liddi#matt mcguinness#october 22 , 2007#1anj04#6.06\n6#keepers#andrew bernstein#paul redford#october 29 , 2007#1anj05#5.75\n7#double down#alex graves#j r orci#november 5 , 2007#1anj06#5.13\n8#winterland#helen shaver#dana calvo#november 12 , 2007#1anj07#6.09\n9#emily (part 1)#frederick king keller#juan carlos coto#november 19 , 2007#1anj08#5.61\n10#blowback (part 2)#karen gaviola#kevin falls#november 26 , 2007#1anj09#6.05\n11#home by another way#lesli linka glatter#tom szentgyorgyi#december 10 , 2007#1anj10#5.28\n12#the hanged man (part 1)#steven depaul#tracy mcmillan#december 17 , 2007#1anj11#4.24\n",
        "pandas_code": "df.loc[df['us viewers (millions)'].idxmax(), 'written by'] == 'kevin falls'",
        "pandas_eval": "True"
    }
]