[
    {
        "id": 30242,
        "statement": "there be 5 film in the 45th academy award for best foreign language film that have french as 1 of its language",
        "label": 1,
        "table_caption": "list of submissions to the 45th academy awards for best foreign language film",
        "table_text": "country#film title used in nomination#language#original title#director\nbelgium#the lonely killers#french#les tueurs fous#boris szulzinger\nbrazil#how tasty was my little frenchman#portuguese , french , tupi#como era gostoso o meu francês#nelson pereira dos santos\nbulgaria#the goat horn#bulgarian#козият рог#metodi andonov\ncanada#the true nature of bernadette#french#la vraie nature de bernadette#gilles carle\ndenmark#oh , to be on the bandwagon!#danish#man sku være noget ved musikken#henning carlsen\negypt#my wife and the dog#arabic#زوجتي و الكلب#said marzouk\nfrance#the discreet charm of the bourgeoisie#french , spanish#le charme discret de la bourgeoisie#luis buñuel\nwest germany#trotta#german#trotta#johannes schaaf\nhungary#present indicative#hungarian#jelenidő#péter bacsó\nindia#uphaar#hindi#उपहार#sudhendu roy\nisrael#i love you rosa#hebrew#אני אוהב אותך רוזה#moshé mizrahi\nitaly#roma#italian#roma#federico fellini\njapan#under the flag of the rising sun#japanese#軍旗はためく下に#kinji fukasaku\nkuwait#the cruel sea#arabic#فيلم بس يابحر#khalid al siddiq\nperu#mirage#spanish#espejismo#armando robles godoy\npoland#pearl in the crown#polish#perla w koronie#kazimierz kutz\nspain#my dearest senorita#spanish#mi querida señorita#jaime de armiñán\nsweden#the new land#swedish#nybyggarna#jan troell\nswitzerland#la salamandre#french#la salamandre#alain tanner\ntaiwan#execution in autumn#chinese#秋決#li hsing\nsoviet union#the dawns here are quiet#russian#а зори здесь тихие#stanislav rostotsky\nyugoslavia#the master and margaret#serbo - croatian#majstor i margarita#aleksandar petrović\n",
        "pandas_code": "len(df[df['language'].str.contains('french')]) == 5",
        "pandas_eval": "True"
    },
    {
        "id": 30244,
        "statement": "3 of the film in the 45th academy award for best foreign language film have animal as part of their nomination title",
        "label": 1,
        "table_caption": "list of submissions to the 45th academy awards for best foreign language film",
        "table_text": "country#film title used in nomination#language#original title#director\nbelgium#the lonely killers#french#les tueurs fous#boris szulzinger\nbrazil#how tasty was my little frenchman#portuguese , french , tupi#como era gostoso o meu francês#nelson pereira dos santos\nbulgaria#the goat horn#bulgarian#козият рог#metodi andonov\ncanada#the true nature of bernadette#french#la vraie nature de bernadette#gilles carle\ndenmark#oh , to be on the bandwagon!#danish#man sku være noget ved musikken#henning carlsen\negypt#my wife and the dog#arabic#زوجتي و الكلب#said marzouk\nfrance#the discreet charm of the bourgeoisie#french , spanish#le charme discret de la bourgeoisie#luis buñuel\nwest germany#trotta#german#trotta#johannes schaaf\nhungary#present indicative#hungarian#jelenidő#péter bacsó\nindia#uphaar#hindi#उपहार#sudhendu roy\nisrael#i love you rosa#hebrew#אני אוהב אותך רוזה#moshé mizrahi\nitaly#roma#italian#roma#federico fellini\njapan#under the flag of the rising sun#japanese#軍旗はためく下に#kinji fukasaku\nkuwait#the cruel sea#arabic#فيلم بس يابحر#khalid al siddiq\nperu#mirage#spanish#espejismo#armando robles godoy\npoland#pearl in the crown#polish#perla w koronie#kazimierz kutz\nspain#my dearest senorita#spanish#mi querida señorita#jaime de armiñán\nsweden#the new land#swedish#nybyggarna#jan troell\nswitzerland#la salamandre#french#la salamandre#alain tanner\ntaiwan#execution in autumn#chinese#秋決#li hsing\nsoviet union#the dawns here are quiet#russian#а зори здесь тихие#stanislav rostotsky\nyugoslavia#the master and margaret#serbo - croatian#majstor i margarita#aleksandar petrović\n",
        "pandas_code": "sum(df['film title used in nomination'].str.contains('animal|dog|goat|pearl', case=False, regex=True)) == 3",
        "pandas_eval": "True"
    },
    {
        "id": 30245,
        "statement": "there be 3 film in the 45th academy award for best foreign language film that have spanish as 1 of its language",
        "label": 1,
        "table_caption": "list of submissions to the 45th academy awards for best foreign language film",
        "table_text": "country#film title used in nomination#language#original title#director\nbelgium#the lonely killers#french#les tueurs fous#boris szulzinger\nbrazil#how tasty was my little frenchman#portuguese , french , tupi#como era gostoso o meu francês#nelson pereira dos santos\nbulgaria#the goat horn#bulgarian#козият рог#metodi andonov\ncanada#the true nature of bernadette#french#la vraie nature de bernadette#gilles carle\ndenmark#oh , to be on the bandwagon!#danish#man sku være noget ved musikken#henning carlsen\negypt#my wife and the dog#arabic#زوجتي و الكلب#said marzouk\nfrance#the discreet charm of the bourgeoisie#french , spanish#le charme discret de la bourgeoisie#luis buñuel\nwest germany#trotta#german#trotta#johannes schaaf\nhungary#present indicative#hungarian#jelenidő#péter bacsó\nindia#uphaar#hindi#उपहार#sudhendu roy\nisrael#i love you rosa#hebrew#אני אוהב אותך רוזה#moshé mizrahi\nitaly#roma#italian#roma#federico fellini\njapan#under the flag of the rising sun#japanese#軍旗はためく下に#kinji fukasaku\nkuwait#the cruel sea#arabic#فيلم بس يابحر#khalid al siddiq\nperu#mirage#spanish#espejismo#armando robles godoy\npoland#pearl in the crown#polish#perla w koronie#kazimierz kutz\nspain#my dearest senorita#spanish#mi querida señorita#jaime de armiñán\nsweden#the new land#swedish#nybyggarna#jan troell\nswitzerland#la salamandre#french#la salamandre#alain tanner\ntaiwan#execution in autumn#chinese#秋決#li hsing\nsoviet union#the dawns here are quiet#russian#а зори здесь тихие#stanislav rostotsky\nyugoslavia#the master and margaret#serbo - croatian#majstor i margarita#aleksandar petrović\n",
        "pandas_code": "df['language'].apply(lambda x: 'spanish' in x.lower()).sum() == 3",
        "pandas_eval": "True"
    },
    {
        "id": 30246,
        "statement": "there be no film in the 45th academy award for best foreign language film that have norwegian as 1 of its language",
        "label": 1,
        "table_caption": "list of submissions to the 45th academy awards for best foreign language film",
        "table_text": "country#film title used in nomination#language#original title#director\nbelgium#the lonely killers#french#les tueurs fous#boris szulzinger\nbrazil#how tasty was my little frenchman#portuguese , french , tupi#como era gostoso o meu francês#nelson pereira dos santos\nbulgaria#the goat horn#bulgarian#козият рог#metodi andonov\ncanada#the true nature of bernadette#french#la vraie nature de bernadette#gilles carle\ndenmark#oh , to be on the bandwagon!#danish#man sku være noget ved musikken#henning carlsen\negypt#my wife and the dog#arabic#زوجتي و الكلب#said marzouk\nfrance#the discreet charm of the bourgeoisie#french , spanish#le charme discret de la bourgeoisie#luis buñuel\nwest germany#trotta#german#trotta#johannes schaaf\nhungary#present indicative#hungarian#jelenidő#péter bacsó\nindia#uphaar#hindi#उपहार#sudhendu roy\nisrael#i love you rosa#hebrew#אני אוהב אותך רוזה#moshé mizrahi\nitaly#roma#italian#roma#federico fellini\njapan#under the flag of the rising sun#japanese#軍旗はためく下に#kinji fukasaku\nkuwait#the cruel sea#arabic#فيلم بس يابحر#khalid al siddiq\nperu#mirage#spanish#espejismo#armando robles godoy\npoland#pearl in the crown#polish#perla w koronie#kazimierz kutz\nspain#my dearest senorita#spanish#mi querida señorita#jaime de armiñán\nsweden#the new land#swedish#nybyggarna#jan troell\nswitzerland#la salamandre#french#la salamandre#alain tanner\ntaiwan#execution in autumn#chinese#秋決#li hsing\nsoviet union#the dawns here are quiet#russian#а зори здесь тихие#stanislav rostotsky\nyugoslavia#the master and margaret#serbo - croatian#majstor i margarita#aleksandar petrović\n",
        "pandas_code": "not any(df['language'].str.contains('norwegian', case=False, na=False))",
        "pandas_eval": "True"
    },
    {
        "id": 30247,
        "statement": "there be 4 film in the 45th academy award for best foreign language film that have french as 1 of its language",
        "label": 0,
        "table_caption": "list of submissions to the 45th academy awards for best foreign language film",
        "table_text": "country#film title used in nomination#language#original title#director\nbelgium#the lonely killers#french#les tueurs fous#boris szulzinger\nbrazil#how tasty was my little frenchman#portuguese , french , tupi#como era gostoso o meu francês#nelson pereira dos santos\nbulgaria#the goat horn#bulgarian#козият рог#metodi andonov\ncanada#the true nature of bernadette#french#la vraie nature de bernadette#gilles carle\ndenmark#oh , to be on the bandwagon!#danish#man sku være noget ved musikken#henning carlsen\negypt#my wife and the dog#arabic#زوجتي و الكلب#said marzouk\nfrance#the discreet charm of the bourgeoisie#french , spanish#le charme discret de la bourgeoisie#luis buñuel\nwest germany#trotta#german#trotta#johannes schaaf\nhungary#present indicative#hungarian#jelenidő#péter bacsó\nindia#uphaar#hindi#उपहार#sudhendu roy\nisrael#i love you rosa#hebrew#אני אוהב אותך רוזה#moshé mizrahi\nitaly#roma#italian#roma#federico fellini\njapan#under the flag of the rising sun#japanese#軍旗はためく下に#kinji fukasaku\nkuwait#the cruel sea#arabic#فيلم بس يابحر#khalid al siddiq\nperu#mirage#spanish#espejismo#armando robles godoy\npoland#pearl in the crown#polish#perla w koronie#kazimierz kutz\nspain#my dearest senorita#spanish#mi querida señorita#jaime de armiñán\nsweden#the new land#swedish#nybyggarna#jan troell\nswitzerland#la salamandre#french#la salamandre#alain tanner\ntaiwan#execution in autumn#chinese#秋決#li hsing\nsoviet union#the dawns here are quiet#russian#а зори здесь тихие#stanislav rostotsky\nyugoslavia#the master and margaret#serbo - croatian#majstor i margarita#aleksandar petrović\n",
        "pandas_code": "len(df[df['language'].str.contains('french')]) == 4",
        "pandas_eval": "False"
    },
    {
        "id": 30248,
        "statement": "there be 4 film in the 45th academy award for best foreign language film whose nomination title exactly match their original title",
        "label": 0,
        "table_caption": "list of submissions to the 45th academy awards for best foreign language film",
        "table_text": "country#film title used in nomination#language#original title#director\nbelgium#the lonely killers#french#les tueurs fous#boris szulzinger\nbrazil#how tasty was my little frenchman#portuguese , french , tupi#como era gostoso o meu francês#nelson pereira dos santos\nbulgaria#the goat horn#bulgarian#козият рог#metodi andonov\ncanada#the true nature of bernadette#french#la vraie nature de bernadette#gilles carle\ndenmark#oh , to be on the bandwagon!#danish#man sku være noget ved musikken#henning carlsen\negypt#my wife and the dog#arabic#زوجتي و الكلب#said marzouk\nfrance#the discreet charm of the bourgeoisie#french , spanish#le charme discret de la bourgeoisie#luis buñuel\nwest germany#trotta#german#trotta#johannes schaaf\nhungary#present indicative#hungarian#jelenidő#péter bacsó\nindia#uphaar#hindi#उपहार#sudhendu roy\nisrael#i love you rosa#hebrew#אני אוהב אותך רוזה#moshé mizrahi\nitaly#roma#italian#roma#federico fellini\njapan#under the flag of the rising sun#japanese#軍旗はためく下に#kinji fukasaku\nkuwait#the cruel sea#arabic#فيلم بس يابحر#khalid al siddiq\nperu#mirage#spanish#espejismo#armando robles godoy\npoland#pearl in the crown#polish#perla w koronie#kazimierz kutz\nspain#my dearest senorita#spanish#mi querida señorita#jaime de armiñán\nsweden#the new land#swedish#nybyggarna#jan troell\nswitzerland#la salamandre#french#la salamandre#alain tanner\ntaiwan#execution in autumn#chinese#秋決#li hsing\nsoviet union#the dawns here are quiet#russian#а зори здесь тихие#stanislav rostotsky\nyugoslavia#the master and margaret#serbo - croatian#majstor i margarita#aleksandar petrović\n",
        "pandas_code": "(df['film title used in nomination'] == df['original title']).sum() == 4",
        "pandas_eval": "False"
    },
    {
        "id": 30249,
        "statement": "4 of the film in the 45th academy award for best foreign language film have animal as part of their nomination title",
        "label": 0,
        "table_caption": "list of submissions to the 45th academy awards for best foreign language film",
        "table_text": "country#film title used in nomination#language#original title#director\nbelgium#the lonely killers#french#les tueurs fous#boris szulzinger\nbrazil#how tasty was my little frenchman#portuguese , french , tupi#como era gostoso o meu francês#nelson pereira dos santos\nbulgaria#the goat horn#bulgarian#козият рог#metodi andonov\ncanada#the true nature of bernadette#french#la vraie nature de bernadette#gilles carle\ndenmark#oh , to be on the bandwagon!#danish#man sku være noget ved musikken#henning carlsen\negypt#my wife and the dog#arabic#زوجتي و الكلب#said marzouk\nfrance#the discreet charm of the bourgeoisie#french , spanish#le charme discret de la bourgeoisie#luis buñuel\nwest germany#trotta#german#trotta#johannes schaaf\nhungary#present indicative#hungarian#jelenidő#péter bacsó\nindia#uphaar#hindi#उपहार#sudhendu roy\nisrael#i love you rosa#hebrew#אני אוהב אותך רוזה#moshé mizrahi\nitaly#roma#italian#roma#federico fellini\njapan#under the flag of the rising sun#japanese#軍旗はためく下に#kinji fukasaku\nkuwait#the cruel sea#arabic#فيلم بس يابحر#khalid al siddiq\nperu#mirage#spanish#espejismo#armando robles godoy\npoland#pearl in the crown#polish#perla w koronie#kazimierz kutz\nspain#my dearest senorita#spanish#mi querida señorita#jaime de armiñán\nsweden#the new land#swedish#nybyggarna#jan troell\nswitzerland#la salamandre#french#la salamandre#alain tanner\ntaiwan#execution in autumn#chinese#秋決#li hsing\nsoviet union#the dawns here are quiet#russian#а зори здесь тихие#stanislav rostotsky\nyugoslavia#the master and margaret#serbo - croatian#majstor i margarita#aleksandar petrović\n",
        "pandas_code": "sum(df['film title used in nomination'].str.contains('animal', case=False)) == 4",
        "pandas_eval": "False"
    },
    {
        "id": 30250,
        "statement": "there be 3 film in the 45th academy award for best foreign language film that have russian as 1 of its language",
        "label": 0,
        "table_caption": "list of submissions to the 45th academy awards for best foreign language film",
        "table_text": "country#film title used in nomination#language#original title#director\nbelgium#the lonely killers#french#les tueurs fous#boris szulzinger\nbrazil#how tasty was my little frenchman#portuguese , french , tupi#como era gostoso o meu francês#nelson pereira dos santos\nbulgaria#the goat horn#bulgarian#козият рог#metodi andonov\ncanada#the true nature of bernadette#french#la vraie nature de bernadette#gilles carle\ndenmark#oh , to be on the bandwagon!#danish#man sku være noget ved musikken#henning carlsen\negypt#my wife and the dog#arabic#زوجتي و الكلب#said marzouk\nfrance#the discreet charm of the bourgeoisie#french , spanish#le charme discret de la bourgeoisie#luis buñuel\nwest germany#trotta#german#trotta#johannes schaaf\nhungary#present indicative#hungarian#jelenidő#péter bacsó\nindia#uphaar#hindi#उपहार#sudhendu roy\nisrael#i love you rosa#hebrew#אני אוהב אותך רוזה#moshé mizrahi\nitaly#roma#italian#roma#federico fellini\njapan#under the flag of the rising sun#japanese#軍旗はためく下に#kinji fukasaku\nkuwait#the cruel sea#arabic#فيلم بس يابحر#khalid al siddiq\nperu#mirage#spanish#espejismo#armando robles godoy\npoland#pearl in the crown#polish#perla w koronie#kazimierz kutz\nspain#my dearest senorita#spanish#mi querida señorita#jaime de armiñán\nsweden#the new land#swedish#nybyggarna#jan troell\nswitzerland#la salamandre#french#la salamandre#alain tanner\ntaiwan#execution in autumn#chinese#秋決#li hsing\nsoviet union#the dawns here are quiet#russian#а зори здесь тихие#stanislav rostotsky\nyugoslavia#the master and margaret#serbo - croatian#majstor i margarita#aleksandar petrović\n",
        "pandas_code": "(df['language'].str.contains('russian')).sum() == 3",
        "pandas_eval": "False"
    },
    {
        "id": 30251,
        "statement": "there be 2 film in the 45th academy award for best foreign language film that have french as 1 of its language",
        "label": 0,
        "table_caption": "list of submissions to the 45th academy awards for best foreign language film",
        "table_text": "country#film title used in nomination#language#original title#director\nbelgium#the lonely killers#french#les tueurs fous#boris szulzinger\nbrazil#how tasty was my little frenchman#portuguese , french , tupi#como era gostoso o meu francês#nelson pereira dos santos\nbulgaria#the goat horn#bulgarian#козият рог#metodi andonov\ncanada#the true nature of bernadette#french#la vraie nature de bernadette#gilles carle\ndenmark#oh , to be on the bandwagon!#danish#man sku være noget ved musikken#henning carlsen\negypt#my wife and the dog#arabic#زوجتي و الكلب#said marzouk\nfrance#the discreet charm of the bourgeoisie#french , spanish#le charme discret de la bourgeoisie#luis buñuel\nwest germany#trotta#german#trotta#johannes schaaf\nhungary#present indicative#hungarian#jelenidő#péter bacsó\nindia#uphaar#hindi#उपहार#sudhendu roy\nisrael#i love you rosa#hebrew#אני אוהב אותך רוזה#moshé mizrahi\nitaly#roma#italian#roma#federico fellini\njapan#under the flag of the rising sun#japanese#軍旗はためく下に#kinji fukasaku\nkuwait#the cruel sea#arabic#فيلم بس يابحر#khalid al siddiq\nperu#mirage#spanish#espejismo#armando robles godoy\npoland#pearl in the crown#polish#perla w koronie#kazimierz kutz\nspain#my dearest senorita#spanish#mi querida señorita#jaime de armiñán\nsweden#the new land#swedish#nybyggarna#jan troell\nswitzerland#la salamandre#french#la salamandre#alain tanner\ntaiwan#execution in autumn#chinese#秋決#li hsing\nsoviet union#the dawns here are quiet#russian#а зори здесь тихие#stanislav rostotsky\nyugoslavia#the master and margaret#serbo - croatian#majstor i margarita#aleksandar petrović\n",
        "pandas_code": "len(df[df['language'].str.contains('french')]) == 2",
        "pandas_eval": "False"
    }
]