[
    {
        "id": 34612,
        "statement": "from season 4 onward of desperate housewife , the show rank consistently fell",
        "label": 1,
        "table_caption": "list of desperate housewives episodes",
        "table_text": "season#timeslot (edt)#season premiere#season finale#tv season#rank#viewers (in millions)#18 - 49 average\n1#sunday 9:00 pm#october 3 , 2004#may 22 , 2005#2004 - 2005#4#23.69#10.66\n2#sunday 9:00 pm#september 25 , 2005#may 21 , 2006#2005 - 2006#4#21.70#10.09\n3#sunday 9:00 pm#september 24 , 2006#may 20 , 2007#2006 - 2007#12#16.70#7.57\n4#sunday 9:00 pm#september 30 , 2007#may 18 , 2008#2007 - 2008#8#17.52#6.71\n5#sunday 9:00 pm#september 28 , 2008#may 17 , 2009#2008 - 2009#9#15.66#5.29\n6#sunday 9:00 pm#september 27 , 2009#may 16 , 2010#2009 - 2010#20#12.83#4.25\n7#sunday 9:00 pm#september 26 , 2010#may 15 , 2011#2010 - 2011#26#11.86#3.46\n8#sunday 9:00 pm#september 25 , 2011#may 13 , 2012#2011 - 2012#37#10.60#2.74\n",
        "pandas_code": "(df[df['season'] >= 4]['rank'].diff().fillna(0) >= 0).all()",
        "pandas_eval": "True"
    },
    {
        "id": 34613,
        "statement": "as desperate housewife go on , the show receive fewer viewer every season age 18 - 49. therefore , season 1 have the most viewer age 18 - 49",
        "label": 1,
        "table_caption": "list of desperate housewives episodes",
        "table_text": "season#timeslot (edt)#season premiere#season finale#tv season#rank#viewers (in millions)#18 - 49 average\n1#sunday 9:00 pm#october 3 , 2004#may 22 , 2005#2004 - 2005#4#23.69#10.66\n2#sunday 9:00 pm#september 25 , 2005#may 21 , 2006#2005 - 2006#4#21.70#10.09\n3#sunday 9:00 pm#september 24 , 2006#may 20 , 2007#2006 - 2007#12#16.70#7.57\n4#sunday 9:00 pm#september 30 , 2007#may 18 , 2008#2007 - 2008#8#17.52#6.71\n5#sunday 9:00 pm#september 28 , 2008#may 17 , 2009#2008 - 2009#9#15.66#5.29\n6#sunday 9:00 pm#september 27 , 2009#may 16 , 2010#2009 - 2010#20#12.83#4.25\n7#sunday 9:00 pm#september 26 , 2010#may 15 , 2011#2010 - 2011#26#11.86#3.46\n8#sunday 9:00 pm#september 25 , 2011#may 13 , 2012#2011 - 2012#37#10.60#2.74\n",
        "pandas_code": "(df['18 - 49 average'].iloc[0] == df['18 - 49 average'].max())",
        "pandas_eval": "True"
    },
    {
        "id": 34614,
        "statement": "every season finale of desperate housewife end in may",
        "label": 1,
        "table_caption": "list of desperate housewives episodes",
        "table_text": "season#timeslot (edt)#season premiere#season finale#tv season#rank#viewers (in millions)#18 - 49 average\n1#sunday 9:00 pm#october 3 , 2004#may 22 , 2005#2004 - 2005#4#23.69#10.66\n2#sunday 9:00 pm#september 25 , 2005#may 21 , 2006#2005 - 2006#4#21.70#10.09\n3#sunday 9:00 pm#september 24 , 2006#may 20 , 2007#2006 - 2007#12#16.70#7.57\n4#sunday 9:00 pm#september 30 , 2007#may 18 , 2008#2007 - 2008#8#17.52#6.71\n5#sunday 9:00 pm#september 28 , 2008#may 17 , 2009#2008 - 2009#9#15.66#5.29\n6#sunday 9:00 pm#september 27 , 2009#may 16 , 2010#2009 - 2010#20#12.83#4.25\n7#sunday 9:00 pm#september 26 , 2010#may 15 , 2011#2010 - 2011#26#11.86#3.46\n8#sunday 9:00 pm#september 25 , 2011#may 13 , 2012#2011 - 2012#37#10.60#2.74\n",
        "pandas_code": "all(df['season finale'].str.contains('may', case=False))",
        "pandas_eval": "True"
    },
    {
        "id": 34615,
        "statement": "season 1 of desperate housewife be the only season not to start in september",
        "label": 1,
        "table_caption": "list of desperate housewives episodes",
        "table_text": "season#timeslot (edt)#season premiere#season finale#tv season#rank#viewers (in millions)#18 - 49 average\n1#sunday 9:00 pm#october 3 , 2004#may 22 , 2005#2004 - 2005#4#23.69#10.66\n2#sunday 9:00 pm#september 25 , 2005#may 21 , 2006#2005 - 2006#4#21.70#10.09\n3#sunday 9:00 pm#september 24 , 2006#may 20 , 2007#2006 - 2007#12#16.70#7.57\n4#sunday 9:00 pm#september 30 , 2007#may 18 , 2008#2007 - 2008#8#17.52#6.71\n5#sunday 9:00 pm#september 28 , 2008#may 17 , 2009#2008 - 2009#9#15.66#5.29\n6#sunday 9:00 pm#september 27 , 2009#may 16 , 2010#2009 - 2010#20#12.83#4.25\n7#sunday 9:00 pm#september 26 , 2010#may 15 , 2011#2010 - 2011#26#11.86#3.46\n8#sunday 9:00 pm#september 25 , 2011#may 13 , 2012#2011 - 2012#37#10.60#2.74\n",
        "pandas_code": "df[df['season'] == 1]['season premiere'].str.contains('september').eq(False).all()",
        "pandas_eval": "True"
    },
    {
        "id": 34616,
        "statement": "every episode of every season of desperate housewife play on sunday at 9 pm",
        "label": 1,
        "table_caption": "list of desperate housewives episodes",
        "table_text": "season#timeslot (edt)#season premiere#season finale#tv season#rank#viewers (in millions)#18 - 49 average\n1#sunday 9:00 pm#october 3 , 2004#may 22 , 2005#2004 - 2005#4#23.69#10.66\n2#sunday 9:00 pm#september 25 , 2005#may 21 , 2006#2005 - 2006#4#21.70#10.09\n3#sunday 9:00 pm#september 24 , 2006#may 20 , 2007#2006 - 2007#12#16.70#7.57\n4#sunday 9:00 pm#september 30 , 2007#may 18 , 2008#2007 - 2008#8#17.52#6.71\n5#sunday 9:00 pm#september 28 , 2008#may 17 , 2009#2008 - 2009#9#15.66#5.29\n6#sunday 9:00 pm#september 27 , 2009#may 16 , 2010#2009 - 2010#20#12.83#4.25\n7#sunday 9:00 pm#september 26 , 2010#may 15 , 2011#2010 - 2011#26#11.86#3.46\n8#sunday 9:00 pm#september 25 , 2011#may 13 , 2012#2011 - 2012#37#10.60#2.74\n",
        "pandas_code": "all(df['timeslot (edt)'] == 'sunday 9:00 pm')",
        "pandas_eval": "True"
    },
    {
        "id": 34617,
        "statement": "the show 's lowest rank season be 4 with the ranking climb each follow season",
        "label": 0,
        "table_caption": "list of desperate housewives episodes",
        "table_text": "season#timeslot (edt)#season premiere#season finale#tv season#rank#viewers (in millions)#18 - 49 average\n1#sunday 9:00 pm#october 3 , 2004#may 22 , 2005#2004 - 2005#4#23.69#10.66\n2#sunday 9:00 pm#september 25 , 2005#may 21 , 2006#2005 - 2006#4#21.70#10.09\n3#sunday 9:00 pm#september 24 , 2006#may 20 , 2007#2006 - 2007#12#16.70#7.57\n4#sunday 9:00 pm#september 30 , 2007#may 18 , 2008#2007 - 2008#8#17.52#6.71\n5#sunday 9:00 pm#september 28 , 2008#may 17 , 2009#2008 - 2009#9#15.66#5.29\n6#sunday 9:00 pm#september 27 , 2009#may 16 , 2010#2009 - 2010#20#12.83#4.25\n7#sunday 9:00 pm#september 26 , 2010#may 15 , 2011#2010 - 2011#26#11.86#3.46\n8#sunday 9:00 pm#september 25 , 2011#may 13 , 2012#2011 - 2012#37#10.60#2.74\n",
        "pandas_code": "(df['rank'].iloc[0] == 4) and (df['rank'].diff().dropna().gt(0).all())",
        "pandas_eval": "False"
    },
    {
        "id": 34618,
        "statement": "season 1 have the least viewed age 18 - 49 while season 8 have the most",
        "label": 0,
        "table_caption": "list of desperate housewives episodes",
        "table_text": "season#timeslot (edt)#season premiere#season finale#tv season#rank#viewers (in millions)#18 - 49 average\n1#sunday 9:00 pm#october 3 , 2004#may 22 , 2005#2004 - 2005#4#23.69#10.66\n2#sunday 9:00 pm#september 25 , 2005#may 21 , 2006#2005 - 2006#4#21.70#10.09\n3#sunday 9:00 pm#september 24 , 2006#may 20 , 2007#2006 - 2007#12#16.70#7.57\n4#sunday 9:00 pm#september 30 , 2007#may 18 , 2008#2007 - 2008#8#17.52#6.71\n5#sunday 9:00 pm#september 28 , 2008#may 17 , 2009#2008 - 2009#9#15.66#5.29\n6#sunday 9:00 pm#september 27 , 2009#may 16 , 2010#2009 - 2010#20#12.83#4.25\n7#sunday 9:00 pm#september 26 , 2010#may 15 , 2011#2010 - 2011#26#11.86#3.46\n8#sunday 9:00 pm#september 25 , 2011#may 13 , 2012#2011 - 2012#37#10.60#2.74\n",
        "pandas_code": "df.loc[df['season'] == 1, '18 - 49 average'].values[0] < df.loc[df['season'] == 8, '18 - 49 average'].values[0]",
        "pandas_eval": "False"
    },
    {
        "id": 34619,
        "statement": "every season finale of desperate housewife occur in june",
        "label": 0,
        "table_caption": "list of desperate housewives episodes",
        "table_text": "season#timeslot (edt)#season premiere#season finale#tv season#rank#viewers (in millions)#18 - 49 average\n1#sunday 9:00 pm#october 3 , 2004#may 22 , 2005#2004 - 2005#4#23.69#10.66\n2#sunday 9:00 pm#september 25 , 2005#may 21 , 2006#2005 - 2006#4#21.70#10.09\n3#sunday 9:00 pm#september 24 , 2006#may 20 , 2007#2006 - 2007#12#16.70#7.57\n4#sunday 9:00 pm#september 30 , 2007#may 18 , 2008#2007 - 2008#8#17.52#6.71\n5#sunday 9:00 pm#september 28 , 2008#may 17 , 2009#2008 - 2009#9#15.66#5.29\n6#sunday 9:00 pm#september 27 , 2009#may 16 , 2010#2009 - 2010#20#12.83#4.25\n7#sunday 9:00 pm#september 26 , 2010#may 15 , 2011#2010 - 2011#26#11.86#3.46\n8#sunday 9:00 pm#september 25 , 2011#may 13 , 2012#2011 - 2012#37#10.60#2.74\n",
        "pandas_code": "all(df['season finale'].str.contains('june', case=False))",
        "pandas_eval": "False"
    },
    {
        "id": 34620,
        "statement": "every single season of desperate housewife start in september",
        "label": 0,
        "table_caption": "list of desperate housewives episodes",
        "table_text": "season#timeslot (edt)#season premiere#season finale#tv season#rank#viewers (in millions)#18 - 49 average\n1#sunday 9:00 pm#october 3 , 2004#may 22 , 2005#2004 - 2005#4#23.69#10.66\n2#sunday 9:00 pm#september 25 , 2005#may 21 , 2006#2005 - 2006#4#21.70#10.09\n3#sunday 9:00 pm#september 24 , 2006#may 20 , 2007#2006 - 2007#12#16.70#7.57\n4#sunday 9:00 pm#september 30 , 2007#may 18 , 2008#2007 - 2008#8#17.52#6.71\n5#sunday 9:00 pm#september 28 , 2008#may 17 , 2009#2008 - 2009#9#15.66#5.29\n6#sunday 9:00 pm#september 27 , 2009#may 16 , 2010#2009 - 2010#20#12.83#4.25\n7#sunday 9:00 pm#september 26 , 2010#may 15 , 2011#2010 - 2011#26#11.86#3.46\n8#sunday 9:00 pm#september 25 , 2011#may 13 , 2012#2011 - 2012#37#10.60#2.74\n",
        "pandas_code": "all(df['season premiere'].str.startswith('september'))",
        "pandas_eval": "False"
    },
    {
        "id": 34621,
        "statement": "every episode of every season of desperate housewife play on tuesday at 7 pm",
        "label": 0,
        "table_caption": "list of desperate housewives episodes",
        "table_text": "season#timeslot (edt)#season premiere#season finale#tv season#rank#viewers (in millions)#18 - 49 average\n1#sunday 9:00 pm#october 3 , 2004#may 22 , 2005#2004 - 2005#4#23.69#10.66\n2#sunday 9:00 pm#september 25 , 2005#may 21 , 2006#2005 - 2006#4#21.70#10.09\n3#sunday 9:00 pm#september 24 , 2006#may 20 , 2007#2006 - 2007#12#16.70#7.57\n4#sunday 9:00 pm#september 30 , 2007#may 18 , 2008#2007 - 2008#8#17.52#6.71\n5#sunday 9:00 pm#september 28 , 2008#may 17 , 2009#2008 - 2009#9#15.66#5.29\n6#sunday 9:00 pm#september 27 , 2009#may 16 , 2010#2009 - 2010#20#12.83#4.25\n7#sunday 9:00 pm#september 26 , 2010#may 15 , 2011#2010 - 2011#26#11.86#3.46\n8#sunday 9:00 pm#september 25 , 2011#may 13 , 2012#2011 - 2012#37#10.60#2.74\n",
        "pandas_code": "all(df['timeslot (edt)'] == 'tuesday 7:00 pm')",
        "pandas_eval": "False"
    }
]