[
    {
        "id": 33286,
        "statement": "there be more jewish people in the miami area than in the chicago area",
        "label": 1,
        "table_caption": "american jews",
        "table_text": "rank ( wjc )#rank (arda)#metro area#number of jews (wjc)#number of jews (asarb)\n1#1#new york city#1750000#2028200\n2#3#miami#535000#337000\n3#2#los angeles#490000#662450\n4#4#philadelphia#254000#285950\n5#6#chicago#248000#265400\n6#8#san francisco#210000#218700\n7#7#boston#208000#261100\n8#5#baltimore - washington#165000#276445\n",
        "pandas_code": "df[df['metro area'] == 'miami']['number of jews (wjc)'].values[0] > df[df['metro area'] == 'chicago']['number of jews (wjc)'].values[0]",
        "pandas_eval": "True"
    },
    {
        "id": 33287,
        "statement": "the new york city area have the highest population of jewish people",
        "label": 1,
        "table_caption": "american jews",
        "table_text": "rank ( wjc )#rank (arda)#metro area#number of jews (wjc)#number of jews (asarb)\n1#1#new york city#1750000#2028200\n2#3#miami#535000#337000\n3#2#los angeles#490000#662450\n4#4#philadelphia#254000#285950\n5#6#chicago#248000#265400\n6#8#san francisco#210000#218700\n7#7#boston#208000#261100\n8#5#baltimore - washington#165000#276445\n",
        "pandas_code": "df[df['metro area'] == 'new york city']['number of jews (wjc)'].iloc[0] == df['number of jews (wjc)'].max()",
        "pandas_eval": "True"
    },
    {
        "id": 33288,
        "statement": "the asarb estimate of boston 's jewish population be 53100 greater than that of the wjc estimate",
        "label": 1,
        "table_caption": "american jews",
        "table_text": "rank ( wjc )#rank (arda)#metro area#number of jews (wjc)#number of jews (asarb)\n1#1#new york city#1750000#2028200\n2#3#miami#535000#337000\n3#2#los angeles#490000#662450\n4#4#philadelphia#254000#285950\n5#6#chicago#248000#265400\n6#8#san francisco#210000#218700\n7#7#boston#208000#261100\n8#5#baltimore - washington#165000#276445\n",
        "pandas_code": "(df[df['metro area'] == 'boston']['number of jews (asarb)'].values[0] - df[df['metro area'] == 'boston']['number of jews (wjc)'].values[0]) == 53100",
        "pandas_eval": "True"
    },
    {
        "id": 33289,
        "statement": "accord to asarb estimate , the san francisco area have about 1 - third the jewish population of the los angeles area",
        "label": 1,
        "table_caption": "american jews",
        "table_text": "rank ( wjc )#rank (arda)#metro area#number of jews (wjc)#number of jews (asarb)\n1#1#new york city#1750000#2028200\n2#3#miami#535000#337000\n3#2#los angeles#490000#662450\n4#4#philadelphia#254000#285950\n5#6#chicago#248000#265400\n6#8#san francisco#210000#218700\n7#7#boston#208000#261100\n8#5#baltimore - washington#165000#276445\n",
        "pandas_code": "abs(df[df['metro area'] == 'san francisco']['number of jews (asarb)'].values[0] - df[df['metro area'] == 'los angeles']['number of jews (asarb)'].values[0] / 3) < 10000",
        "pandas_eval": "True"
    },
    {
        "id": 33290,
        "statement": "the wjc and asarb estimate do not agree on whether or not the boston area have a higher jewish population than the san francisco area",
        "label": 1,
        "table_caption": "american jews",
        "table_text": "rank ( wjc )#rank (arda)#metro area#number of jews (wjc)#number of jews (asarb)\n1#1#new york city#1750000#2028200\n2#3#miami#535000#337000\n3#2#los angeles#490000#662450\n4#4#philadelphia#254000#285950\n5#6#chicago#248000#265400\n6#8#san francisco#210000#218700\n7#7#boston#208000#261100\n8#5#baltimore - washington#165000#276445\n",
        "pandas_code": "(df[df['metro area'] == 'boston']['number of jews (wjc)'].values[0] > df[df['metro area'] == 'san francisco']['number of jews (wjc)'].values[0]) != (df[df['metro area'] == 'boston']['number of jews (asarb)'].values[0] > df[df['metro area'] == 'san francisco']['number of jews (asarb)'].values[0])",
        "pandas_eval": "True"
    },
    {
        "id": 33291,
        "statement": "there be less jewish people in the miami area than in the chicago area",
        "label": 0,
        "table_caption": "american jews",
        "table_text": "rank ( wjc )#rank (arda)#metro area#number of jews (wjc)#number of jews (asarb)\n1#1#new york city#1750000#2028200\n2#3#miami#535000#337000\n3#2#los angeles#490000#662450\n4#4#philadelphia#254000#285950\n5#6#chicago#248000#265400\n6#8#san francisco#210000#218700\n7#7#boston#208000#261100\n8#5#baltimore - washington#165000#276445\n",
        "pandas_code": "(df[df['metro area'] == 'miami']['number of jews (wjc)'].values[0] < df[df['metro area'] == 'chicago']['number of jews (wjc)'].values[0])",
        "pandas_eval": "False"
    },
    {
        "id": 33292,
        "statement": "the new york city area have the lowest population of jewish people",
        "label": 0,
        "table_caption": "american jews",
        "table_text": "rank ( wjc )#rank (arda)#metro area#number of jews (wjc)#number of jews (asarb)\n1#1#new york city#1750000#2028200\n2#3#miami#535000#337000\n3#2#los angeles#490000#662450\n4#4#philadelphia#254000#285950\n5#6#chicago#248000#265400\n6#8#san francisco#210000#218700\n7#7#boston#208000#261100\n8#5#baltimore - washington#165000#276445\n",
        "pandas_code": "df[df['metro area'] == 'new york city']['number of jews (wjc)'].iloc[0] == df['number of jews (wjc)'].min()",
        "pandas_eval": "False"
    },
    {
        "id": 33293,
        "statement": "the asarb estimate of boston 's jewish population be 10000 greater than that of the wjc estimate",
        "label": 0,
        "table_caption": "american jews",
        "table_text": "rank ( wjc )#rank (arda)#metro area#number of jews (wjc)#number of jews (asarb)\n1#1#new york city#1750000#2028200\n2#3#miami#535000#337000\n3#2#los angeles#490000#662450\n4#4#philadelphia#254000#285950\n5#6#chicago#248000#265400\n6#8#san francisco#210000#218700\n7#7#boston#208000#261100\n8#5#baltimore - washington#165000#276445\n",
        "pandas_code": "(df[df['metro area'] == 'boston']['number of jews (asarb)'].values[0] - df[df['metro area'] == 'boston']['number of jews (wjc)'].values[0]) <= 10000",
        "pandas_eval": "False"
    },
    {
        "id": 33294,
        "statement": "accord to asarb estimate , the san francisco area have about 5 time the jewish population as the los angeles area",
        "label": 0,
        "table_caption": "american jews",
        "table_text": "rank ( wjc )#rank (arda)#metro area#number of jews (wjc)#number of jews (asarb)\n1#1#new york city#1750000#2028200\n2#3#miami#535000#337000\n3#2#los angeles#490000#662450\n4#4#philadelphia#254000#285950\n5#6#chicago#248000#265400\n6#8#san francisco#210000#218700\n7#7#boston#208000#261100\n8#5#baltimore - washington#165000#276445\n",
        "pandas_code": "df[df['metro area'] == 'san francisco']['number of jews (asarb)'].values[0] == 5 * df[df['metro area'] == 'los angeles']['number of jews (asarb)'].values[0]",
        "pandas_eval": "False"
    },
    {
        "id": 33295,
        "statement": "the wjc and asarb estimate agree that the boston area have a higher jewish population than the san francisco area",
        "label": 0,
        "table_caption": "american jews",
        "table_text": "rank ( wjc )#rank (arda)#metro area#number of jews (wjc)#number of jews (asarb)\n1#1#new york city#1750000#2028200\n2#3#miami#535000#337000\n3#2#los angeles#490000#662450\n4#4#philadelphia#254000#285950\n5#6#chicago#248000#265400\n6#8#san francisco#210000#218700\n7#7#boston#208000#261100\n8#5#baltimore - washington#165000#276445\n",
        "pandas_code": "(df[df['metro area'] == 'boston']['number of jews (wjc)'].values[0] > df[df['metro area'] == 'san francisco']['number of jews (wjc)'].values[0]) & (df[df['metro area'] == 'boston']['number of jews (asarb)'].values[0] > df[df['metro area'] == 'san francisco']['number of jews (asarb)'].values[0])",
        "pandas_eval": "False"
    },
    {
        "id": 79879,
        "statement": "new york city be rank number 1 in both ( wjc ) and (arda)",
        "label": 1,
        "table_caption": "american jews",
        "table_text": "rank ( wjc )#rank (arda)#metro area#number of jews (wjc)#number of jews (asarb)\n1#1#new york city#1750000#2028200\n2#3#miami#535000#337000\n3#2#los angeles#490000#662450\n4#4#philadelphia#254000#285950\n5#6#chicago#248000#265400\n6#8#san francisco#210000#218700\n7#7#boston#208000#261100\n",
        "pandas_code": "(df[df['metro area'] == 'new york city']['rank ( wjc )'].iloc[0] == 1) & (df[df['metro area'] == 'new york city']['rank (arda)'].iloc[0] == 1)",
        "pandas_eval": "True"
    },
    {
        "id": 79880,
        "statement": "the number of jew (asarb) in philadelphia be 285950",
        "label": 1,
        "table_caption": "american jews",
        "table_text": "rank ( wjc )#rank (arda)#metro area#number of jews (wjc)#number of jews (asarb)\n1#1#new york city#1750000#2028200\n2#3#miami#535000#337000\n3#2#los angeles#490000#662450\n4#4#philadelphia#254000#285950\n5#6#chicago#248000#265400\n6#8#san francisco#210000#218700\n7#7#boston#208000#261100\n",
        "pandas_code": "df[df['metro area'] == 'philadelphia']['number of jews (asarb)'].values[0] == 285950",
        "pandas_eval": "True"
    },
    {
        "id": 79881,
        "statement": "los angeles be rank last in the area",
        "label": 0,
        "table_caption": "american jews",
        "table_text": "rank ( wjc )#rank (arda)#metro area#number of jews (wjc)#number of jews (asarb)\n1#1#new york city#1750000#2028200\n2#3#miami#535000#337000\n3#2#los angeles#490000#662450\n4#4#philadelphia#254000#285950\n5#6#chicago#248000#265400\n6#8#san francisco#210000#218700\n7#7#boston#208000#261100\n",
        "pandas_code": "df[df['metro area'] == 'los angeles']['rank ( wjc )'].iloc[0] == df['rank ( wjc )'].max()",
        "pandas_eval": "False"
    },
    {
        "id": 79882,
        "statement": "new york city have no ranking",
        "label": 0,
        "table_caption": "american jews",
        "table_text": "rank ( wjc )#rank (arda)#metro area#number of jews (wjc)#number of jews (asarb)\n1#1#new york city#1750000#2028200\n2#3#miami#535000#337000\n3#2#los angeles#490000#662450\n4#4#philadelphia#254000#285950\n5#6#chicago#248000#265400\n6#8#san francisco#210000#218700\n7#7#boston#208000#261100\n",
        "pandas_code": "df[df['metro area'] == 'new york city']['rank ( wjc )'].iloc[0] == 0",
        "pandas_eval": "False"
    },
    {
        "id": 79883,
        "statement": "philadelphia have less than 20000 asarb jew",
        "label": 0,
        "table_caption": "american jews",
        "table_text": "rank ( wjc )#rank (arda)#metro area#number of jews (wjc)#number of jews (asarb)\n1#1#new york city#1750000#2028200\n2#3#miami#535000#337000\n3#2#los angeles#490000#662450\n4#4#philadelphia#254000#285950\n5#6#chicago#248000#265400\n6#8#san francisco#210000#218700\n7#7#boston#208000#261100\n",
        "pandas_code": "df[df['metro area'] == 'philadelphia']['number of jews (asarb)'].iloc[0] < 20000",
        "pandas_eval": "False"
    }
]