[
    {
        "id": 32330,
        "statement": "the top 4 rank club be the only club to all join the league in the 1934 - 1935 season",
        "label": 1,
        "table_caption": "1960 - 61 primeira divisão",
        "table_text": "clubs#seasons at this level#settlements#season joined league#position in 1959 - 1960\nbenfica#27 seasons#lisbon#1934 - 1935#1\nsporting cp#27 seasons#lisbon#1934 - 1935#2\nbelenenses#27 seasons#lisbon#1934 - 1935#3\nporto#27 seasons#porto#1934 - 1935#4\nacadémica de coimbra#26 seasons#coimbra#1949 - 1950#6\nvitória de guimarães#17 seasons#guimarães#1958 - 1959#7\natlético cp#15 seasons#lisbon#1959 - 1960#11\nbarreirense#14 seasons#barreiro#1960 - 1961#segunda divisão\nsporting de braga#13 seasons#braga#1957 - 1958#12\nsporting da covilhã#12 seasons#covilhã#1958 - 1959#9\nlusitano de évora#9 seasons#évora#1952 - 1953#10\ncuf barreiro#8 seasons#barreiro#1954 - 1955#5\nsalgueiros#5 seasons#porto#1960 - 1961#segunda divisão\nleixões#4 seasons#matosinhos#1959 - 1960#8\n",
        "pandas_code": "all(df[df['position in 1959 - 1960'].isin(['1', '2', '3', '4'])]['season joined league'] == '1934 - 1935')",
        "pandas_eval": "True"
    },
    {
        "id": 32331,
        "statement": "académica de coimbra be rank 1 lower than cuf barreiro , a club that have be in this division for 18 less season",
        "label": 1,
        "table_caption": "1960 - 61 primeira divisão",
        "table_text": "clubs#seasons at this level#settlements#season joined league#position in 1959 - 1960\nbenfica#27 seasons#lisbon#1934 - 1935#1\nsporting cp#27 seasons#lisbon#1934 - 1935#2\nbelenenses#27 seasons#lisbon#1934 - 1935#3\nporto#27 seasons#porto#1934 - 1935#4\nacadémica de coimbra#26 seasons#coimbra#1949 - 1950#6\nvitória de guimarães#17 seasons#guimarães#1958 - 1959#7\natlético cp#15 seasons#lisbon#1959 - 1960#11\nbarreirense#14 seasons#barreiro#1960 - 1961#segunda divisão\nsporting de braga#13 seasons#braga#1957 - 1958#12\nsporting da covilhã#12 seasons#covilhã#1958 - 1959#9\nlusitano de évora#9 seasons#évora#1952 - 1953#10\ncuf barreiro#8 seasons#barreiro#1954 - 1955#5\nsalgueiros#5 seasons#porto#1960 - 1961#segunda divisão\nleixões#4 seasons#matosinhos#1959 - 1960#8\n",
        "pandas_code": "(int(df[df['clubs'] == 'académica de coimbra']['position in 1959 - 1960'].values[0]) == int(df[df['clubs'] == 'cuf barreiro']['position in 1959 - 1960'].values[0]) + 1) and (int(df[df['clubs'] == 'académica de coimbra']['seasons at this level'].str.split().str[0].values[0]) - int(df[df['clubs'] == 'cuf barreiro']['seasons at this level'].str.split().str[0].values[0]) == 18)",
        "pandas_eval": "True"
    },
    {
        "id": 32332,
        "statement": "the porto club be the only club not base in lisbon out of the 4 club that have be in the 1960 - 61 primeira divisão for the longest period of time",
        "label": 1,
        "table_caption": "1960 - 61 primeira divisão",
        "table_text": "clubs#seasons at this level#settlements#season joined league#position in 1959 - 1960\nbenfica#27 seasons#lisbon#1934 - 1935#1\nsporting cp#27 seasons#lisbon#1934 - 1935#2\nbelenenses#27 seasons#lisbon#1934 - 1935#3\nporto#27 seasons#porto#1934 - 1935#4\nacadémica de coimbra#26 seasons#coimbra#1949 - 1950#6\nvitória de guimarães#17 seasons#guimarães#1958 - 1959#7\natlético cp#15 seasons#lisbon#1959 - 1960#11\nbarreirense#14 seasons#barreiro#1960 - 1961#segunda divisão\nsporting de braga#13 seasons#braga#1957 - 1958#12\nsporting da covilhã#12 seasons#covilhã#1958 - 1959#9\nlusitano de évora#9 seasons#évora#1952 - 1953#10\ncuf barreiro#8 seasons#barreiro#1954 - 1955#5\nsalgueiros#5 seasons#porto#1960 - 1961#segunda divisão\nleixões#4 seasons#matosinhos#1959 - 1960#8\n",
        "pandas_code": "len(df[(df['seasons at this level'] == '27 seasons') & (df['settlements'] != 'lisbon') & (df['clubs'] == 'porto')]) == 1",
        "pandas_eval": "True"
    },
    {
        "id": 32333,
        "statement": "leixões be in this football division for the least amount of time , but be rank 8th",
        "label": 1,
        "table_caption": "1960 - 61 primeira divisão",
        "table_text": "clubs#seasons at this level#settlements#season joined league#position in 1959 - 1960\nbenfica#27 seasons#lisbon#1934 - 1935#1\nsporting cp#27 seasons#lisbon#1934 - 1935#2\nbelenenses#27 seasons#lisbon#1934 - 1935#3\nporto#27 seasons#porto#1934 - 1935#4\nacadémica de coimbra#26 seasons#coimbra#1949 - 1950#6\nvitória de guimarães#17 seasons#guimarães#1958 - 1959#7\natlético cp#15 seasons#lisbon#1959 - 1960#11\nbarreirense#14 seasons#barreiro#1960 - 1961#segunda divisão\nsporting de braga#13 seasons#braga#1957 - 1958#12\nsporting da covilhã#12 seasons#covilhã#1958 - 1959#9\nlusitano de évora#9 seasons#évora#1952 - 1953#10\ncuf barreiro#8 seasons#barreiro#1954 - 1955#5\nsalgueiros#5 seasons#porto#1960 - 1961#segunda divisão\nleixões#4 seasons#matosinhos#1959 - 1960#8\n",
        "pandas_code": "(df[df['clubs'] == 'leixões']['seasons at this level'].iloc[0] == '4 seasons') and (df[df['clubs'] == 'leixões']['position in 1959 - 1960'].iloc[0] == '8')",
        "pandas_eval": "True"
    },
    {
        "id": 32334,
        "statement": "4 of the club have their home in lisbon , portugal",
        "label": 1,
        "table_caption": "1960 - 61 primeira divisão",
        "table_text": "clubs#seasons at this level#settlements#season joined league#position in 1959 - 1960\nbenfica#27 seasons#lisbon#1934 - 1935#1\nsporting cp#27 seasons#lisbon#1934 - 1935#2\nbelenenses#27 seasons#lisbon#1934 - 1935#3\nporto#27 seasons#porto#1934 - 1935#4\nacadémica de coimbra#26 seasons#coimbra#1949 - 1950#6\nvitória de guimarães#17 seasons#guimarães#1958 - 1959#7\natlético cp#15 seasons#lisbon#1959 - 1960#11\nbarreirense#14 seasons#barreiro#1960 - 1961#segunda divisão\nsporting de braga#13 seasons#braga#1957 - 1958#12\nsporting da covilhã#12 seasons#covilhã#1958 - 1959#9\nlusitano de évora#9 seasons#évora#1952 - 1953#10\ncuf barreiro#8 seasons#barreiro#1954 - 1955#5\nsalgueiros#5 seasons#porto#1960 - 1961#segunda divisão\nleixões#4 seasons#matosinhos#1959 - 1960#8\n",
        "pandas_code": "df[df['settlements'] == 'lisbon'].shape[0] == 4",
        "pandas_eval": "True"
    },
    {
        "id": 32335,
        "statement": "the 4 club all join the league before 1934",
        "label": 0,
        "table_caption": "1960 - 61 primeira divisão",
        "table_text": "clubs#seasons at this level#settlements#season joined league#position in 1959 - 1960\nbenfica#27 seasons#lisbon#1934 - 1935#1\nsporting cp#27 seasons#lisbon#1934 - 1935#2\nbelenenses#27 seasons#lisbon#1934 - 1935#3\nporto#27 seasons#porto#1934 - 1935#4\nacadémica de coimbra#26 seasons#coimbra#1949 - 1950#6\nvitória de guimarães#17 seasons#guimarães#1958 - 1959#7\natlético cp#15 seasons#lisbon#1959 - 1960#11\nbarreirense#14 seasons#barreiro#1960 - 1961#segunda divisão\nsporting de braga#13 seasons#braga#1957 - 1958#12\nsporting da covilhã#12 seasons#covilhã#1958 - 1959#9\nlusitano de évora#9 seasons#évora#1952 - 1953#10\ncuf barreiro#8 seasons#barreiro#1954 - 1955#5\nsalgueiros#5 seasons#porto#1960 - 1961#segunda divisão\nleixões#4 seasons#matosinhos#1959 - 1960#8\n",
        "pandas_code": "all(df[df['clubs'].isin(['benfica', 'sporting cp', 'belenenses', 'porto'])]['season joined league'].apply(lambda x: int(x.split(' - ')[0]) < 1934))",
        "pandas_eval": "False"
    },
    {
        "id": 32336,
        "statement": "académica de coimbra be ahead of cuf barreiro , which be in the division over 20 year",
        "label": 0,
        "table_caption": "1960 - 61 primeira divisão",
        "table_text": "clubs#seasons at this level#settlements#season joined league#position in 1959 - 1960\nbenfica#27 seasons#lisbon#1934 - 1935#1\nsporting cp#27 seasons#lisbon#1934 - 1935#2\nbelenenses#27 seasons#lisbon#1934 - 1935#3\nporto#27 seasons#porto#1934 - 1935#4\nacadémica de coimbra#26 seasons#coimbra#1949 - 1950#6\nvitória de guimarães#17 seasons#guimarães#1958 - 1959#7\natlético cp#15 seasons#lisbon#1959 - 1960#11\nbarreirense#14 seasons#barreiro#1960 - 1961#segunda divisão\nsporting de braga#13 seasons#braga#1957 - 1958#12\nsporting da covilhã#12 seasons#covilhã#1958 - 1959#9\nlusitano de évora#9 seasons#évora#1952 - 1953#10\ncuf barreiro#8 seasons#barreiro#1954 - 1955#5\nsalgueiros#5 seasons#porto#1960 - 1961#segunda divisão\nleixões#4 seasons#matosinhos#1959 - 1960#8\n",
        "pandas_code": "df[(df['clubs'] == 'académica de coimbra')]['position in 1959 - 1960'].iloc[0] < df[(df['clubs'] == 'cuf barreiro')]['position in 1959 - 1960'].iloc[0] and int(df[(df['clubs'] == 'cuf barreiro')]['seasons at this level'].iloc[0].split()[0]) > 20",
        "pandas_eval": "False"
    },
    {
        "id": 32337,
        "statement": "the porto club the only lisbon out of the club that have be in division for the longest period of time",
        "label": 0,
        "table_caption": "1960 - 61 primeira divisão",
        "table_text": "clubs#seasons at this level#settlements#season joined league#position in 1959 - 1960\nbenfica#27 seasons#lisbon#1934 - 1935#1\nsporting cp#27 seasons#lisbon#1934 - 1935#2\nbelenenses#27 seasons#lisbon#1934 - 1935#3\nporto#27 seasons#porto#1934 - 1935#4\nacadémica de coimbra#26 seasons#coimbra#1949 - 1950#6\nvitória de guimarães#17 seasons#guimarães#1958 - 1959#7\natlético cp#15 seasons#lisbon#1959 - 1960#11\nbarreirense#14 seasons#barreiro#1960 - 1961#segunda divisão\nsporting de braga#13 seasons#braga#1957 - 1958#12\nsporting da covilhã#12 seasons#covilhã#1958 - 1959#9\nlusitano de évora#9 seasons#évora#1952 - 1953#10\ncuf barreiro#8 seasons#barreiro#1954 - 1955#5\nsalgueiros#5 seasons#porto#1960 - 1961#segunda divisão\nleixões#4 seasons#matosinhos#1959 - 1960#8\n",
        "pandas_code": "df[(df['settlements'] == 'lisbon') & (df['seasons at this level'] == df['seasons at this level'].max())].empty and not df[(df['clubs'] == 'porto') & (df['seasons at this level'] == df['seasons at this level'].max())].empty",
        "pandas_eval": "False"
    },
    {
        "id": 32338,
        "statement": "leixões be the second most recent team to join the division and be rank 8th",
        "label": 0,
        "table_caption": "1960 - 61 primeira divisão",
        "table_text": "clubs#seasons at this level#settlements#season joined league#position in 1959 - 1960\nbenfica#27 seasons#lisbon#1934 - 1935#1\nsporting cp#27 seasons#lisbon#1934 - 1935#2\nbelenenses#27 seasons#lisbon#1934 - 1935#3\nporto#27 seasons#porto#1934 - 1935#4\nacadémica de coimbra#26 seasons#coimbra#1949 - 1950#6\nvitória de guimarães#17 seasons#guimarães#1958 - 1959#7\natlético cp#15 seasons#lisbon#1959 - 1960#11\nbarreirense#14 seasons#barreiro#1960 - 1961#segunda divisão\nsporting de braga#13 seasons#braga#1957 - 1958#12\nsporting da covilhã#12 seasons#covilhã#1958 - 1959#9\nlusitano de évora#9 seasons#évora#1952 - 1953#10\ncuf barreiro#8 seasons#barreiro#1954 - 1955#5\nsalgueiros#5 seasons#porto#1960 - 1961#segunda divisão\nleixões#4 seasons#matosinhos#1959 - 1960#8\n",
        "pandas_code": "(df[df['clubs'] == 'leixões']['position in 1959 - 1960'].values[0] == '8') and (df['season joined league'].sort_values(ascending=False).iloc[1] == '1959 - 1960')",
        "pandas_eval": "False"
    },
    {
        "id": 32339,
        "statement": "more than 4 of the club be base in lisbon , portugal",
        "label": 0,
        "table_caption": "1960 - 61 primeira divisão",
        "table_text": "clubs#seasons at this level#settlements#season joined league#position in 1959 - 1960\nbenfica#27 seasons#lisbon#1934 - 1935#1\nsporting cp#27 seasons#lisbon#1934 - 1935#2\nbelenenses#27 seasons#lisbon#1934 - 1935#3\nporto#27 seasons#porto#1934 - 1935#4\nacadémica de coimbra#26 seasons#coimbra#1949 - 1950#6\nvitória de guimarães#17 seasons#guimarães#1958 - 1959#7\natlético cp#15 seasons#lisbon#1959 - 1960#11\nbarreirense#14 seasons#barreiro#1960 - 1961#segunda divisão\nsporting de braga#13 seasons#braga#1957 - 1958#12\nsporting da covilhã#12 seasons#covilhã#1958 - 1959#9\nlusitano de évora#9 seasons#évora#1952 - 1953#10\ncuf barreiro#8 seasons#barreiro#1954 - 1955#5\nsalgueiros#5 seasons#porto#1960 - 1961#segunda divisão\nleixões#4 seasons#matosinhos#1959 - 1960#8\n",
        "pandas_code": "df[df['settlements'] == 'lisbon'].shape[0] > 4",
        "pandas_eval": "False"
    }
]