[
    {
        "id": 33525,
        "statement": "there be a total of 15 ship that sink",
        "label": 1,
        "table_caption": "german submarine u - 402",
        "table_text": "date#ship#nationality#tonnage#fate\n16 may 1941#llangibby castle#great britain#11951#damaged\n13 april 1942#empire progress#great britain#5249#sunk\n30 april 1942#ashkhabad#soviet union#5284#sunk\n2 may 1942#uss cythera#usa#602#sunk\n2 november 1942#dalcroy#great britain#4558#sunk\n2 november 1942#empire antelope#great britain#4945#sunk\n2 november 1942#empire leopard#great britain#5676#sunk\n2 november 1942#empire sunrise#great britain#7459#damaged\n2 november 1942#rinos#greece#4649#sunk\n7 february 1942#afrika#great britain#8597#sunk\n7 february 1942#daghild#norway#9272#damaged\n7 february 1942#henry r mallory#usa#6063#sunk\n7 february 1942#kalliopi#greece#4695#sunk\n7 february 1942#robert e hopkins#great britain#6625#sunk\n7 february 1942#toward#great britain#1571#sunk\n8 february 1942#newton ash#great britain#1571#sunk\n11 may 1943#antigone#great britain#4545#sunk\n11 may 1943#grado#norway#3082#sunk\n",
        "pandas_code": "(df['fate'] == 'sunk').sum() == 15",
        "pandas_eval": "True"
    },
    {
        "id": 33526,
        "statement": "in the year 1942 , there be 15 ship that be damage and sunk",
        "label": 1,
        "table_caption": "german submarine u - 402",
        "table_text": "date#ship#nationality#tonnage#fate\n16 may 1941#llangibby castle#great britain#11951#damaged\n13 april 1942#empire progress#great britain#5249#sunk\n30 april 1942#ashkhabad#soviet union#5284#sunk\n2 may 1942#uss cythera#usa#602#sunk\n2 november 1942#dalcroy#great britain#4558#sunk\n2 november 1942#empire antelope#great britain#4945#sunk\n2 november 1942#empire leopard#great britain#5676#sunk\n2 november 1942#empire sunrise#great britain#7459#damaged\n2 november 1942#rinos#greece#4649#sunk\n7 february 1942#afrika#great britain#8597#sunk\n7 february 1942#daghild#norway#9272#damaged\n7 february 1942#henry r mallory#usa#6063#sunk\n7 february 1942#kalliopi#greece#4695#sunk\n7 february 1942#robert e hopkins#great britain#6625#sunk\n7 february 1942#toward#great britain#1571#sunk\n8 february 1942#newton ash#great britain#1571#sunk\n11 may 1943#antigone#great britain#4545#sunk\n11 may 1943#grado#norway#3082#sunk\n",
        "pandas_code": "(df['date'].str.contains('1942') & (df['fate'].isin(['damaged', 'sunk']))).sum() == 15",
        "pandas_eval": "True"
    },
    {
        "id": 33527,
        "statement": "there be a total of 18 ship that receive damage and sunk during 1941 - 1943",
        "label": 1,
        "table_caption": "german submarine u - 402",
        "table_text": "date#ship#nationality#tonnage#fate\n16 may 1941#llangibby castle#great britain#11951#damaged\n13 april 1942#empire progress#great britain#5249#sunk\n30 april 1942#ashkhabad#soviet union#5284#sunk\n2 may 1942#uss cythera#usa#602#sunk\n2 november 1942#dalcroy#great britain#4558#sunk\n2 november 1942#empire antelope#great britain#4945#sunk\n2 november 1942#empire leopard#great britain#5676#sunk\n2 november 1942#empire sunrise#great britain#7459#damaged\n2 november 1942#rinos#greece#4649#sunk\n7 february 1942#afrika#great britain#8597#sunk\n7 february 1942#daghild#norway#9272#damaged\n7 february 1942#henry r mallory#usa#6063#sunk\n7 february 1942#kalliopi#greece#4695#sunk\n7 february 1942#robert e hopkins#great britain#6625#sunk\n7 february 1942#toward#great britain#1571#sunk\n8 february 1942#newton ash#great britain#1571#sunk\n11 may 1943#antigone#great britain#4545#sunk\n11 may 1943#grado#norway#3082#sunk\n",
        "pandas_code": "len(df[(df['date'].str.contains('1941|1942|1943')) & (df['fate'].isin(['damaged', 'sunk']))]) == 18",
        "pandas_eval": "True"
    },
    {
        "id": 33528,
        "statement": "out of 18 ship , 3 of which receive damage",
        "label": 1,
        "table_caption": "german submarine u - 402",
        "table_text": "date#ship#nationality#tonnage#fate\n16 may 1941#llangibby castle#great britain#11951#damaged\n13 april 1942#empire progress#great britain#5249#sunk\n30 april 1942#ashkhabad#soviet union#5284#sunk\n2 may 1942#uss cythera#usa#602#sunk\n2 november 1942#dalcroy#great britain#4558#sunk\n2 november 1942#empire antelope#great britain#4945#sunk\n2 november 1942#empire leopard#great britain#5676#sunk\n2 november 1942#empire sunrise#great britain#7459#damaged\n2 november 1942#rinos#greece#4649#sunk\n7 february 1942#afrika#great britain#8597#sunk\n7 february 1942#daghild#norway#9272#damaged\n7 february 1942#henry r mallory#usa#6063#sunk\n7 february 1942#kalliopi#greece#4695#sunk\n7 february 1942#robert e hopkins#great britain#6625#sunk\n7 february 1942#toward#great britain#1571#sunk\n8 february 1942#newton ash#great britain#1571#sunk\n11 may 1943#antigone#great britain#4545#sunk\n11 may 1943#grado#norway#3082#sunk\n",
        "pandas_code": "(df['fate'].value_counts()['damaged'] == 3)",
        "pandas_eval": "True"
    },
    {
        "id": 33530,
        "statement": "there be no ship sink",
        "label": 0,
        "table_caption": "german submarine u - 402",
        "table_text": "date#ship#nationality#tonnage#fate\n16 may 1941#llangibby castle#great britain#11951#damaged\n13 april 1942#empire progress#great britain#5249#sunk\n30 april 1942#ashkhabad#soviet union#5284#sunk\n2 may 1942#uss cythera#usa#602#sunk\n2 november 1942#dalcroy#great britain#4558#sunk\n2 november 1942#empire antelope#great britain#4945#sunk\n2 november 1942#empire leopard#great britain#5676#sunk\n2 november 1942#empire sunrise#great britain#7459#damaged\n2 november 1942#rinos#greece#4649#sunk\n7 february 1942#afrika#great britain#8597#sunk\n7 february 1942#daghild#norway#9272#damaged\n7 february 1942#henry r mallory#usa#6063#sunk\n7 february 1942#kalliopi#greece#4695#sunk\n7 february 1942#robert e hopkins#great britain#6625#sunk\n7 february 1942#toward#great britain#1571#sunk\n8 february 1942#newton ash#great britain#1571#sunk\n11 may 1943#antigone#great britain#4545#sunk\n11 may 1943#grado#norway#3082#sunk\n",
        "pandas_code": "not any(df['fate'] == 'sunk')",
        "pandas_eval": "False"
    },
    {
        "id": 33531,
        "statement": "for the year of 1942 , 5 ship be damage but only 3 be sunk",
        "label": 0,
        "table_caption": "german submarine u - 402",
        "table_text": "date#ship#nationality#tonnage#fate\n16 may 1941#llangibby castle#great britain#11951#damaged\n13 april 1942#empire progress#great britain#5249#sunk\n30 april 1942#ashkhabad#soviet union#5284#sunk\n2 may 1942#uss cythera#usa#602#sunk\n2 november 1942#dalcroy#great britain#4558#sunk\n2 november 1942#empire antelope#great britain#4945#sunk\n2 november 1942#empire leopard#great britain#5676#sunk\n2 november 1942#empire sunrise#great britain#7459#damaged\n2 november 1942#rinos#greece#4649#sunk\n7 february 1942#afrika#great britain#8597#sunk\n7 february 1942#daghild#norway#9272#damaged\n7 february 1942#henry r mallory#usa#6063#sunk\n7 february 1942#kalliopi#greece#4695#sunk\n7 february 1942#robert e hopkins#great britain#6625#sunk\n7 february 1942#toward#great britain#1571#sunk\n8 february 1942#newton ash#great britain#1571#sunk\n11 may 1943#antigone#great britain#4545#sunk\n11 may 1943#grado#norway#3082#sunk\n",
        "pandas_code": "(df['date'].str.contains('1942') & (df['fate'] == 'damaged')).sum() == 5 and (df['date'].str.contains('1942') & (df['fate'] == 'sunk')).sum() == 3",
        "pandas_eval": "False"
    },
    {
        "id": 33532,
        "statement": "during 1941 - 1943 there be 0 sunk and 16 damage ship",
        "label": 0,
        "table_caption": "german submarine u - 402",
        "table_text": "date#ship#nationality#tonnage#fate\n16 may 1941#llangibby castle#great britain#11951#damaged\n13 april 1942#empire progress#great britain#5249#sunk\n30 april 1942#ashkhabad#soviet union#5284#sunk\n2 may 1942#uss cythera#usa#602#sunk\n2 november 1942#dalcroy#great britain#4558#sunk\n2 november 1942#empire antelope#great britain#4945#sunk\n2 november 1942#empire leopard#great britain#5676#sunk\n2 november 1942#empire sunrise#great britain#7459#damaged\n2 november 1942#rinos#greece#4649#sunk\n7 february 1942#afrika#great britain#8597#sunk\n7 february 1942#daghild#norway#9272#damaged\n7 february 1942#henry r mallory#usa#6063#sunk\n7 february 1942#kalliopi#greece#4695#sunk\n7 february 1942#robert e hopkins#great britain#6625#sunk\n7 february 1942#toward#great britain#1571#sunk\n8 february 1942#newton ash#great britain#1571#sunk\n11 may 1943#antigone#great britain#4545#sunk\n11 may 1943#grado#norway#3082#sunk\n",
        "pandas_code": "(df['date'].str.contains('1941|1942|1943')).sum() == 0 and (df['fate'] == 'damaged').sum() == 16",
        "pandas_eval": "False"
    },
    {
        "id": 33533,
        "statement": "out of 16 ship , all 16 be damage and sunk",
        "label": 0,
        "table_caption": "german submarine u - 402",
        "table_text": "date#ship#nationality#tonnage#fate\n16 may 1941#llangibby castle#great britain#11951#damaged\n13 april 1942#empire progress#great britain#5249#sunk\n30 april 1942#ashkhabad#soviet union#5284#sunk\n2 may 1942#uss cythera#usa#602#sunk\n2 november 1942#dalcroy#great britain#4558#sunk\n2 november 1942#empire antelope#great britain#4945#sunk\n2 november 1942#empire leopard#great britain#5676#sunk\n2 november 1942#empire sunrise#great britain#7459#damaged\n2 november 1942#rinos#greece#4649#sunk\n7 february 1942#afrika#great britain#8597#sunk\n7 february 1942#daghild#norway#9272#damaged\n7 february 1942#henry r mallory#usa#6063#sunk\n7 february 1942#kalliopi#greece#4695#sunk\n7 february 1942#robert e hopkins#great britain#6625#sunk\n7 february 1942#toward#great britain#1571#sunk\n8 february 1942#newton ash#great britain#1571#sunk\n11 may 1943#antigone#great britain#4545#sunk\n11 may 1943#grado#norway#3082#sunk\n",
        "pandas_code": "(df['fate'].value_counts() == 16).all()",
        "pandas_eval": "False"
    },
    {
        "id": 33534,
        "statement": "in the span of 1 day , 18 ship receive damage but 0 be sunk",
        "label": 0,
        "table_caption": "german submarine u - 402",
        "table_text": "date#ship#nationality#tonnage#fate\n16 may 1941#llangibby castle#great britain#11951#damaged\n13 april 1942#empire progress#great britain#5249#sunk\n30 april 1942#ashkhabad#soviet union#5284#sunk\n2 may 1942#uss cythera#usa#602#sunk\n2 november 1942#dalcroy#great britain#4558#sunk\n2 november 1942#empire antelope#great britain#4945#sunk\n2 november 1942#empire leopard#great britain#5676#sunk\n2 november 1942#empire sunrise#great britain#7459#damaged\n2 november 1942#rinos#greece#4649#sunk\n7 february 1942#afrika#great britain#8597#sunk\n7 february 1942#daghild#norway#9272#damaged\n7 february 1942#henry r mallory#usa#6063#sunk\n7 february 1942#kalliopi#greece#4695#sunk\n7 february 1942#robert e hopkins#great britain#6625#sunk\n7 february 1942#toward#great britain#1571#sunk\n8 february 1942#newton ash#great britain#1571#sunk\n11 may 1943#antigone#great britain#4545#sunk\n11 may 1943#grado#norway#3082#sunk\n",
        "pandas_code": "(df['date'].value_counts().eq(1).any() and df[df['date'].duplicated(keep=False)].groupby('date').apply(lambda x: (x['fate'] == 'damaged').sum() == 18 and (x['fate'] == 'sunk').sum() == 0).any())",
        "pandas_eval": "False"
    }
]