[
    {
        "id": 30317,
        "statement": "in 2008 , india 's remittance be 27.29 billion dollar more than china 's",
        "label": 1,
        "table_caption": "remittance",
        "table_text": "country#remittances 2008#remittances 2009#remittances 2010#remittances 2011\nindia#49.98#49.20#53.48#63.82\nchina#22.69#22.90#33.44#40.48\nmexico#26.04#22.08#22.08#23.59\nphilippines#18.63#19.73#21.37#22.97\nnigeria#19.21#18.37#19.82#20.62\nfrance#16.28#16.06#16.71#19.31\negypt#8.69#7.15#12.45#14.32\ngermany#10.97#11.30#11.73#13.16\npakistan#7.04#8.72#9.69#12.26\nbangladesh#8.93#10.52#10.85#12.07\nbelgium#10.42#10.44#10.30#10.91\nspain#10.15#8.95#9.11#9.91\nvietnam#6.81#6.02#8.26#8.60\nsouth korea#9.07#7.28#7.06#8.49\n",
        "pandas_code": "abs(df[df['country'] == 'india']['remittances 2008'].values[0] - df[df['country'] == 'china']['remittances 2008'].values[0] - 27.29) < 1e-5",
        "pandas_eval": "True"
    },
    {
        "id": 30318,
        "statement": "vietnam and south korea be the only country whose remittance stay below 10 billion dollar a year for the entire 4 year",
        "label": 1,
        "table_caption": "remittance",
        "table_text": "country#remittances 2008#remittances 2009#remittances 2010#remittances 2011\nindia#49.98#49.20#53.48#63.82\nchina#22.69#22.90#33.44#40.48\nmexico#26.04#22.08#22.08#23.59\nphilippines#18.63#19.73#21.37#22.97\nnigeria#19.21#18.37#19.82#20.62\nfrance#16.28#16.06#16.71#19.31\negypt#8.69#7.15#12.45#14.32\ngermany#10.97#11.30#11.73#13.16\npakistan#7.04#8.72#9.69#12.26\nbangladesh#8.93#10.52#10.85#12.07\nbelgium#10.42#10.44#10.30#10.91\nspain#10.15#8.95#9.11#9.91\nvietnam#6.81#6.02#8.26#8.60\nsouth korea#9.07#7.28#7.06#8.49\n",
        "pandas_code": "(df[(df['country'].isin(['vietnam', 'south korea'])) & (df['remittances 2008'] < 10) & (df['remittances 2009'] < 10) & (df['remittances 2010'] < 10) & (df['remittances 2011'] < 10)].shape[0] == 2) & (df[(~df['country'].isin(['vietnam', 'south korea'])) & ((df['remittances 2008'] >= 10) | (df['remittances 2009'] >= 10) | (df['remittances 2010'] >= 10) | (df['remittances 2011'] >= 10))].shape[0] == df.shape[0] - 2)",
        "pandas_eval": "True"
    },
    {
        "id": 30319,
        "statement": "all remittance be higher in 2011 than they be the previous year",
        "label": 1,
        "table_caption": "remittance",
        "table_text": "country#remittances 2008#remittances 2009#remittances 2010#remittances 2011\nindia#49.98#49.20#53.48#63.82\nchina#22.69#22.90#33.44#40.48\nmexico#26.04#22.08#22.08#23.59\nphilippines#18.63#19.73#21.37#22.97\nnigeria#19.21#18.37#19.82#20.62\nfrance#16.28#16.06#16.71#19.31\negypt#8.69#7.15#12.45#14.32\ngermany#10.97#11.30#11.73#13.16\npakistan#7.04#8.72#9.69#12.26\nbangladesh#8.93#10.52#10.85#12.07\nbelgium#10.42#10.44#10.30#10.91\nspain#10.15#8.95#9.11#9.91\nvietnam#6.81#6.02#8.26#8.60\nsouth korea#9.07#7.28#7.06#8.49\n",
        "pandas_code": "all(df['remittances 2011'] > df['remittances 2010'])",
        "pandas_eval": "True"
    },
    {
        "id": 30320,
        "statement": "11 country have higher remittance in 2011 than in 2008",
        "label": 1,
        "table_caption": "remittance",
        "table_text": "country#remittances 2008#remittances 2009#remittances 2010#remittances 2011\nindia#49.98#49.20#53.48#63.82\nchina#22.69#22.90#33.44#40.48\nmexico#26.04#22.08#22.08#23.59\nphilippines#18.63#19.73#21.37#22.97\nnigeria#19.21#18.37#19.82#20.62\nfrance#16.28#16.06#16.71#19.31\negypt#8.69#7.15#12.45#14.32\ngermany#10.97#11.30#11.73#13.16\npakistan#7.04#8.72#9.69#12.26\nbangladesh#8.93#10.52#10.85#12.07\nbelgium#10.42#10.44#10.30#10.91\nspain#10.15#8.95#9.11#9.91\nvietnam#6.81#6.02#8.26#8.60\nsouth korea#9.07#7.28#7.06#8.49\n",
        "pandas_code": "(df['remittances 2011'] > df['remittances 2008']).sum() == 11",
        "pandas_eval": "True"
    },
    {
        "id": 30321,
        "statement": "every year , indian migrant send more money home than the migrant from any other country",
        "label": 1,
        "table_caption": "remittance",
        "table_text": "country#remittances 2008#remittances 2009#remittances 2010#remittances 2011\nindia#49.98#49.20#53.48#63.82\nchina#22.69#22.90#33.44#40.48\nmexico#26.04#22.08#22.08#23.59\nphilippines#18.63#19.73#21.37#22.97\nnigeria#19.21#18.37#19.82#20.62\nfrance#16.28#16.06#16.71#19.31\negypt#8.69#7.15#12.45#14.32\ngermany#10.97#11.30#11.73#13.16\npakistan#7.04#8.72#9.69#12.26\nbangladesh#8.93#10.52#10.85#12.07\nbelgium#10.42#10.44#10.30#10.91\nspain#10.15#8.95#9.11#9.91\nvietnam#6.81#6.02#8.26#8.60\nsouth korea#9.07#7.28#7.06#8.49\n",
        "pandas_code": "all(df.loc[df['country'] == 'india', 'remittances 2008':'remittances 2011'].values.flatten() > df.loc[df['country'] != 'india', 'remittances 2008':'remittances 2011'].max().values)",
        "pandas_eval": "True"
    },
    {
        "id": 30322,
        "statement": "in 2008 , china 's remittance be 27.29 billion dollar more than india 's",
        "label": 0,
        "table_caption": "remittance",
        "table_text": "country#remittances 2008#remittances 2009#remittances 2010#remittances 2011\nindia#49.98#49.20#53.48#63.82\nchina#22.69#22.90#33.44#40.48\nmexico#26.04#22.08#22.08#23.59\nphilippines#18.63#19.73#21.37#22.97\nnigeria#19.21#18.37#19.82#20.62\nfrance#16.28#16.06#16.71#19.31\negypt#8.69#7.15#12.45#14.32\ngermany#10.97#11.30#11.73#13.16\npakistan#7.04#8.72#9.69#12.26\nbangladesh#8.93#10.52#10.85#12.07\nbelgium#10.42#10.44#10.30#10.91\nspain#10.15#8.95#9.11#9.91\nvietnam#6.81#6.02#8.26#8.60\nsouth korea#9.07#7.28#7.06#8.49\n",
        "pandas_code": "(df.loc[df['country'] == 'china', 'remittances 2008'].values[0] - df.loc[df['country'] == 'india', 'remittances 2008'].values[0]) == 27.29",
        "pandas_eval": "False"
    },
    {
        "id": 30323,
        "statement": "vietnam and south korea be the only country whose remittance stay above 10 billion dollar a year for the entire 4 year",
        "label": 0,
        "table_caption": "remittance",
        "table_text": "country#remittances 2008#remittances 2009#remittances 2010#remittances 2011\nindia#49.98#49.20#53.48#63.82\nchina#22.69#22.90#33.44#40.48\nmexico#26.04#22.08#22.08#23.59\nphilippines#18.63#19.73#21.37#22.97\nnigeria#19.21#18.37#19.82#20.62\nfrance#16.28#16.06#16.71#19.31\negypt#8.69#7.15#12.45#14.32\ngermany#10.97#11.30#11.73#13.16\npakistan#7.04#8.72#9.69#12.26\nbangladesh#8.93#10.52#10.85#12.07\nbelgium#10.42#10.44#10.30#10.91\nspain#10.15#8.95#9.11#9.91\nvietnam#6.81#6.02#8.26#8.60\nsouth korea#9.07#7.28#7.06#8.49\n",
        "pandas_code": "((df[df['country'].isin(['vietnam', 'south korea'])][['remittances 2008', 'remittances 2009', 'remittances 2010', 'remittances 2011']] > 10).all(axis=1).all()) & (~df[~df['country'].isin(['vietnam', 'south korea'])][['remittances 2008', 'remittances 2009', 'remittances 2010', 'remittances 2011']].gt(10).any(axis=1).any())",
        "pandas_eval": "False"
    },
    {
        "id": 30324,
        "statement": "all remittance be lower in 2011 than they be the previous year",
        "label": 0,
        "table_caption": "remittance",
        "table_text": "country#remittances 2008#remittances 2009#remittances 2010#remittances 2011\nindia#49.98#49.20#53.48#63.82\nchina#22.69#22.90#33.44#40.48\nmexico#26.04#22.08#22.08#23.59\nphilippines#18.63#19.73#21.37#22.97\nnigeria#19.21#18.37#19.82#20.62\nfrance#16.28#16.06#16.71#19.31\negypt#8.69#7.15#12.45#14.32\ngermany#10.97#11.30#11.73#13.16\npakistan#7.04#8.72#9.69#12.26\nbangladesh#8.93#10.52#10.85#12.07\nbelgium#10.42#10.44#10.30#10.91\nspain#10.15#8.95#9.11#9.91\nvietnam#6.81#6.02#8.26#8.60\nsouth korea#9.07#7.28#7.06#8.49\n",
        "pandas_code": "(df['remittances 2011'] < df['remittances 2010']).all()",
        "pandas_eval": "False"
    },
    {
        "id": 30325,
        "statement": "11 country have lower remittance in 2011 than in 2008",
        "label": 0,
        "table_caption": "remittance",
        "table_text": "country#remittances 2008#remittances 2009#remittances 2010#remittances 2011\nindia#49.98#49.20#53.48#63.82\nchina#22.69#22.90#33.44#40.48\nmexico#26.04#22.08#22.08#23.59\nphilippines#18.63#19.73#21.37#22.97\nnigeria#19.21#18.37#19.82#20.62\nfrance#16.28#16.06#16.71#19.31\negypt#8.69#7.15#12.45#14.32\ngermany#10.97#11.30#11.73#13.16\npakistan#7.04#8.72#9.69#12.26\nbangladesh#8.93#10.52#10.85#12.07\nbelgium#10.42#10.44#10.30#10.91\nspain#10.15#8.95#9.11#9.91\nvietnam#6.81#6.02#8.26#8.60\nsouth korea#9.07#7.28#7.06#8.49\n",
        "pandas_code": "(df['remittances 2011'] < df['remittances 2008']).sum() == 11",
        "pandas_eval": "False"
    },
    {
        "id": 30326,
        "statement": "every year , indian migrant send less money home than the migrant from any other country",
        "label": 0,
        "table_caption": "remittance",
        "table_text": "country#remittances 2008#remittances 2009#remittances 2010#remittances 2011\nindia#49.98#49.20#53.48#63.82\nchina#22.69#22.90#33.44#40.48\nmexico#26.04#22.08#22.08#23.59\nphilippines#18.63#19.73#21.37#22.97\nnigeria#19.21#18.37#19.82#20.62\nfrance#16.28#16.06#16.71#19.31\negypt#8.69#7.15#12.45#14.32\ngermany#10.97#11.30#11.73#13.16\npakistan#7.04#8.72#9.69#12.26\nbangladesh#8.93#10.52#10.85#12.07\nbelgium#10.42#10.44#10.30#10.91\nspain#10.15#8.95#9.11#9.91\nvietnam#6.81#6.02#8.26#8.60\nsouth korea#9.07#7.28#7.06#8.49\n",
        "pandas_code": "(df.loc[df['country'] == 'india', 'remittances 2008':'remittances 2011'].values[0] < df.loc[df['country'] != 'india', 'remittances 2008':'remittances 2011'].min()).all()",
        "pandas_eval": "False"
    }
]