[
    {
        "id": 31079,
        "statement": "during the 1934 vfl season , prince park venue record the highest crowd participation",
        "label": 1,
        "table_caption": "1934 vfl season",
        "table_text": "home team#home team score#away team#away team score#venue#crowd#date\nnorth melbourne#11.12 (78)#richmond#15.9 (99)#arden street oval#6000#21 july 1934\nmelbourne#14.15 (99)#south melbourne#22.23 (155)#mcg#21785#21 july 1934\nfitzroy#10.11 (71)#geelong#14.18 (102)#brunswick street oval#15000#21 july 1934\ncarlton#22.16 (148)#essendon#16.13 (109)#princes park#23000#21 july 1934\nst kilda#13.10 (88)#hawthorn#10.12 (72)#junction oval#10000#21 july 1934\nfootscray#14.11 (95)#collingwood#16.9 (105)#western oval#12500#21 july 1934\n",
        "pandas_code": "df[df['venue'] == 'princes park']['crowd'].max() == df['crowd'].max()",
        "pandas_eval": "True"
    },
    {
        "id": 31080,
        "statement": "arden street oval be 1 of the 6 venue that be put to use on 21 july 1934",
        "label": 1,
        "table_caption": "1934 vfl season",
        "table_text": "home team#home team score#away team#away team score#venue#crowd#date\nnorth melbourne#11.12 (78)#richmond#15.9 (99)#arden street oval#6000#21 july 1934\nmelbourne#14.15 (99)#south melbourne#22.23 (155)#mcg#21785#21 july 1934\nfitzroy#10.11 (71)#geelong#14.18 (102)#brunswick street oval#15000#21 july 1934\ncarlton#22.16 (148)#essendon#16.13 (109)#princes park#23000#21 july 1934\nst kilda#13.10 (88)#hawthorn#10.12 (72)#junction oval#10000#21 july 1934\nfootscray#14.11 (95)#collingwood#16.9 (105)#western oval#12500#21 july 1934\n",
        "pandas_code": "('arden street oval' in df['venue'].values) and ('21 july 1934' in df['date'].values)",
        "pandas_eval": "True"
    },
    {
        "id": 31081,
        "statement": "western oval venue record a lower crowd participation that of the mcg venue",
        "label": 1,
        "table_caption": "1934 vfl season",
        "table_text": "home team#home team score#away team#away team score#venue#crowd#date\nnorth melbourne#11.12 (78)#richmond#15.9 (99)#arden street oval#6000#21 july 1934\nmelbourne#14.15 (99)#south melbourne#22.23 (155)#mcg#21785#21 july 1934\nfitzroy#10.11 (71)#geelong#14.18 (102)#brunswick street oval#15000#21 july 1934\ncarlton#22.16 (148)#essendon#16.13 (109)#princes park#23000#21 july 1934\nst kilda#13.10 (88)#hawthorn#10.12 (72)#junction oval#10000#21 july 1934\nfootscray#14.11 (95)#collingwood#16.9 (105)#western oval#12500#21 july 1934\n",
        "pandas_code": "df[df['venue'] == 'western oval']['crowd'].values[0] < df[df['venue'] == 'mcg']['crowd'].values[0]",
        "pandas_eval": "True"
    },
    {
        "id": 31082,
        "statement": "north melbourne home team record an home score of 11.12 (78) while melbourne record an home score of 14.15 (99)",
        "label": 1,
        "table_caption": "1934 vfl season",
        "table_text": "home team#home team score#away team#away team score#venue#crowd#date\nnorth melbourne#11.12 (78)#richmond#15.9 (99)#arden street oval#6000#21 july 1934\nmelbourne#14.15 (99)#south melbourne#22.23 (155)#mcg#21785#21 july 1934\nfitzroy#10.11 (71)#geelong#14.18 (102)#brunswick street oval#15000#21 july 1934\ncarlton#22.16 (148)#essendon#16.13 (109)#princes park#23000#21 july 1934\nst kilda#13.10 (88)#hawthorn#10.12 (72)#junction oval#10000#21 july 1934\nfootscray#14.11 (95)#collingwood#16.9 (105)#western oval#12500#21 july 1934\n",
        "pandas_code": "(df['home team'] == 'north melbourne').any() & (df['home team score'] == '11.12 (78)').any() & (df['home team'] == 'melbourne').any() & (df['home team score'] == '14.15 (99)').any()",
        "pandas_eval": "True"
    },
    {
        "id": 31083,
        "statement": "brunswick street oval venue record 5000 more crowd participant than that of the junction oval venue",
        "label": 1,
        "table_caption": "1934 vfl season",
        "table_text": "home team#home team score#away team#away team score#venue#crowd#date\nnorth melbourne#11.12 (78)#richmond#15.9 (99)#arden street oval#6000#21 july 1934\nmelbourne#14.15 (99)#south melbourne#22.23 (155)#mcg#21785#21 july 1934\nfitzroy#10.11 (71)#geelong#14.18 (102)#brunswick street oval#15000#21 july 1934\ncarlton#22.16 (148)#essendon#16.13 (109)#princes park#23000#21 july 1934\nst kilda#13.10 (88)#hawthorn#10.12 (72)#junction oval#10000#21 july 1934\nfootscray#14.11 (95)#collingwood#16.9 (105)#western oval#12500#21 july 1934\n",
        "pandas_code": "df[df['venue'] == 'brunswick street oval']['crowd'].values[0] - df[df['venue'] == 'junction oval']['crowd'].values[0] >= 5000",
        "pandas_eval": "True"
    },
    {
        "id": 31084,
        "statement": "during the 1934 vfl season , prince park venue record the highest crowd participation with 10000 when the team be st kilda and hawthorn",
        "label": 0,
        "table_caption": "1934 vfl season",
        "table_text": "home team#home team score#away team#away team score#venue#crowd#date\nnorth melbourne#11.12 (78)#richmond#15.9 (99)#arden street oval#6000#21 july 1934\nmelbourne#14.15 (99)#south melbourne#22.23 (155)#mcg#21785#21 july 1934\nfitzroy#10.11 (71)#geelong#14.18 (102)#brunswick street oval#15000#21 july 1934\ncarlton#22.16 (148)#essendon#16.13 (109)#princes park#23000#21 july 1934\nst kilda#13.10 (88)#hawthorn#10.12 (72)#junction oval#10000#21 july 1934\nfootscray#14.11 (95)#collingwood#16.9 (105)#western oval#12500#21 july 1934\n",
        "pandas_code": "df[(df['venue'] == 'princes park') & (df['home team'] == 'st kilda') & (df['away team'] == 'hawthorn') & (df['crowd'] == 10000)].any().any()",
        "pandas_eval": "False"
    },
    {
        "id": 31085,
        "statement": "arden street overal be 1 of the 6 venue be put to use on 21 july 1934 and in the match there crowd be greater than 10000 crowd with team melbourne and south melbourne compete",
        "label": 0,
        "table_caption": "1934 vfl season",
        "table_text": "home team#home team score#away team#away team score#venue#crowd#date\nnorth melbourne#11.12 (78)#richmond#15.9 (99)#arden street oval#6000#21 july 1934\nmelbourne#14.15 (99)#south melbourne#22.23 (155)#mcg#21785#21 july 1934\nfitzroy#10.11 (71)#geelong#14.18 (102)#brunswick street oval#15000#21 july 1934\ncarlton#22.16 (148)#essendon#16.13 (109)#princes park#23000#21 july 1934\nst kilda#13.10 (88)#hawthorn#10.12 (72)#junction oval#10000#21 july 1934\nfootscray#14.11 (95)#collingwood#16.9 (105)#western oval#12500#21 july 1934\n",
        "pandas_code": "('arden street oval' in df['venue'].values) and (df[(df['venue'] == 'arden street oval') & (df['date'] == '21 july 1934')]['crowd'].values[0] > 10000) and ('melbourne' in df['home team'].values) and ('south melbourne' in df['away team'].values)",
        "pandas_eval": "False"
    },
    {
        "id": 31086,
        "statement": "western overal venue have a crowd participation that be 15000 more than the mcg venue which be the lowest crowd participation of all match",
        "label": 0,
        "table_caption": "1934 vfl season",
        "table_text": "home team#home team score#away team#away team score#venue#crowd#date\nnorth melbourne#11.12 (78)#richmond#15.9 (99)#arden street oval#6000#21 july 1934\nmelbourne#14.15 (99)#south melbourne#22.23 (155)#mcg#21785#21 july 1934\nfitzroy#10.11 (71)#geelong#14.18 (102)#brunswick street oval#15000#21 july 1934\ncarlton#22.16 (148)#essendon#16.13 (109)#princes park#23000#21 july 1934\nst kilda#13.10 (88)#hawthorn#10.12 (72)#junction oval#10000#21 july 1934\nfootscray#14.11 (95)#collingwood#16.9 (105)#western oval#12500#21 july 1934\n",
        "pandas_code": "(df[df['venue'] == 'western oval']['crowd'].values[0] - df[df['venue'] == 'mcg']['crowd'].values[0]) >= 15000",
        "pandas_eval": "False"
    },
    {
        "id": 31087,
        "statement": "north melbourne home team record a home team score of 11.12 (78) while melbourne record a home team score of 14.15 (99) with each team playing at junction oval and western oval",
        "label": 0,
        "table_caption": "1934 vfl season",
        "table_text": "home team#home team score#away team#away team score#venue#crowd#date\nnorth melbourne#11.12 (78)#richmond#15.9 (99)#arden street oval#6000#21 july 1934\nmelbourne#14.15 (99)#south melbourne#22.23 (155)#mcg#21785#21 july 1934\nfitzroy#10.11 (71)#geelong#14.18 (102)#brunswick street oval#15000#21 july 1934\ncarlton#22.16 (148)#essendon#16.13 (109)#princes park#23000#21 july 1934\nst kilda#13.10 (88)#hawthorn#10.12 (72)#junction oval#10000#21 july 1934\nfootscray#14.11 (95)#collingwood#16.9 (105)#western oval#12500#21 july 1934\n",
        "pandas_code": "(df[(df['home team'] == 'north melbourne') & (df['home team score'] == '11.12 (78)') & (df['venue'] == 'junction oval')].shape[0] > 0) & (df[(df['home team'] == 'melbourne') & (df['home team score'] == '14.15 (99)') & (df['venue'] == 'western oval')].shape[0] > 0)",
        "pandas_eval": "False"
    },
    {
        "id": 31088,
        "statement": "brunswick street oval venue record 5000 more crowd participatns than that of the junction oval veue which have 20000 crowd watch their match between north melbourne and richmond",
        "label": 0,
        "table_caption": "1934 vfl season",
        "table_text": "home team#home team score#away team#away team score#venue#crowd#date\nnorth melbourne#11.12 (78)#richmond#15.9 (99)#arden street oval#6000#21 july 1934\nmelbourne#14.15 (99)#south melbourne#22.23 (155)#mcg#21785#21 july 1934\nfitzroy#10.11 (71)#geelong#14.18 (102)#brunswick street oval#15000#21 july 1934\ncarlton#22.16 (148)#essendon#16.13 (109)#princes park#23000#21 july 1934\nst kilda#13.10 (88)#hawthorn#10.12 (72)#junction oval#10000#21 july 1934\nfootscray#14.11 (95)#collingwood#16.9 (105)#western oval#12500#21 july 1934\n",
        "pandas_code": "(df[df['venue'] == 'brunswick street oval']['crowd'].values[0] - 20000) == 5000",
        "pandas_eval": "False"
    },
    {
        "id": 50583,
        "statement": "in the 1934 victorian football league , the largest game crowd be 27000",
        "label": 1,
        "table_caption": "1934 vfl season",
        "table_text": "home team#home team score#away team#away team score#venue#crowd#date\nessendon#29.16 (190)#north melbourne#15.13 (103)#windy hill#12000#30 june 1934\ncollingwood#12.12 (84)#st kilda#10.15 (75)#victoria park#15000#30 june 1934\ncarlton#19.20 (134)#melbourne#11.19 (85)#princes park#20000#30 june 1934\nhawthorn#11.12 (78)#geelong#17.17 (119)#glenferrie oval#6000#30 june 1934\nrichmond#9.10 (64)#footscray#6.12 (48)#punt road oval#14000#30 june 1934\nsouth melbourne#13.19 (97)#fitzroy#13.10 (88)#lake oval#27000#30 june 1934\n",
        "pandas_code": "df['crowd'].max() == 27000",
        "pandas_eval": "True"
    },
    {
        "id": 50584,
        "statement": "in the 1934 vfl season , melbourne play carlton in princess park",
        "label": 1,
        "table_caption": "1934 vfl season",
        "table_text": "home team#home team score#away team#away team score#venue#crowd#date\nessendon#29.16 (190)#north melbourne#15.13 (103)#windy hill#12000#30 june 1934\ncollingwood#12.12 (84)#st kilda#10.15 (75)#victoria park#15000#30 june 1934\ncarlton#19.20 (134)#melbourne#11.19 (85)#princes park#20000#30 june 1934\nhawthorn#11.12 (78)#geelong#17.17 (119)#glenferrie oval#6000#30 june 1934\nrichmond#9.10 (64)#footscray#6.12 (48)#punt road oval#14000#30 june 1934\nsouth melbourne#13.19 (97)#fitzroy#13.10 (88)#lake oval#27000#30 june 1934\n",
        "pandas_code": "((df['home team'] == 'carlton') & (df['away team'] == 'melbourne') & (df['venue'] == 'princes park')).any()",
        "pandas_eval": "True"
    },
    {
        "id": 50585,
        "statement": "on 30 june 1934 , north melbourne lose to essendon",
        "label": 1,
        "table_caption": "1934 vfl season",
        "table_text": "home team#home team score#away team#away team score#venue#crowd#date\nessendon#29.16 (190)#north melbourne#15.13 (103)#windy hill#12000#30 june 1934\ncollingwood#12.12 (84)#st kilda#10.15 (75)#victoria park#15000#30 june 1934\ncarlton#19.20 (134)#melbourne#11.19 (85)#princes park#20000#30 june 1934\nhawthorn#11.12 (78)#geelong#17.17 (119)#glenferrie oval#6000#30 june 1934\nrichmond#9.10 (64)#footscray#6.12 (48)#punt road oval#14000#30 june 1934\nsouth melbourne#13.19 (97)#fitzroy#13.10 (88)#lake oval#27000#30 june 1934\n",
        "pandas_code": "df[(df['date'] == '30 june 1934') & (df['home team'] == 'essendon') & (df['away team'] == 'north melbourne') & (df['home team score'] > df['away team score'])].shape[0] == 1",
        "pandas_eval": "True"
    },
    {
        "id": 50586,
        "statement": "the 1934 vfl game with the smallest crowd drawn be the match between hawthorne and geelong",
        "label": 1,
        "table_caption": "1934 vfl season",
        "table_text": "home team#home team score#away team#away team score#venue#crowd#date\nessendon#29.16 (190)#north melbourne#15.13 (103)#windy hill#12000#30 june 1934\ncollingwood#12.12 (84)#st kilda#10.15 (75)#victoria park#15000#30 june 1934\ncarlton#19.20 (134)#melbourne#11.19 (85)#princes park#20000#30 june 1934\nhawthorn#11.12 (78)#geelong#17.17 (119)#glenferrie oval#6000#30 june 1934\nrichmond#9.10 (64)#footscray#6.12 (48)#punt road oval#14000#30 june 1934\nsouth melbourne#13.19 (97)#fitzroy#13.10 (88)#lake oval#27000#30 june 1934\n",
        "pandas_code": "df.loc[df['crowd'].idxmin(), ['home team', 'away team']].tolist() == ['hawthorn', 'geelong']",
        "pandas_eval": "True"
    },
    {
        "id": 50587,
        "statement": "the away team in the 1934 vfl game play at victoria park be st kilda",
        "label": 1,
        "table_caption": "1934 vfl season",
        "table_text": "home team#home team score#away team#away team score#venue#crowd#date\nessendon#29.16 (190)#north melbourne#15.13 (103)#windy hill#12000#30 june 1934\ncollingwood#12.12 (84)#st kilda#10.15 (75)#victoria park#15000#30 june 1934\ncarlton#19.20 (134)#melbourne#11.19 (85)#princes park#20000#30 june 1934\nhawthorn#11.12 (78)#geelong#17.17 (119)#glenferrie oval#6000#30 june 1934\nrichmond#9.10 (64)#footscray#6.12 (48)#punt road oval#14000#30 june 1934\nsouth melbourne#13.19 (97)#fitzroy#13.10 (88)#lake oval#27000#30 june 1934\n",
        "pandas_code": "df[df['venue'] == 'victoria park']['away team'].iloc[0] == 'st kilda'",
        "pandas_eval": "True"
    },
    {
        "id": 50588,
        "statement": "in the 1934 victorian football league , the largest game crowd be 15000",
        "label": 0,
        "table_caption": "1934 vfl season",
        "table_text": "home team#home team score#away team#away team score#venue#crowd#date\nessendon#29.16 (190)#north melbourne#15.13 (103)#windy hill#12000#30 june 1934\ncollingwood#12.12 (84)#st kilda#10.15 (75)#victoria park#15000#30 june 1934\ncarlton#19.20 (134)#melbourne#11.19 (85)#princes park#20000#30 june 1934\nhawthorn#11.12 (78)#geelong#17.17 (119)#glenferrie oval#6000#30 june 1934\nrichmond#9.10 (64)#footscray#6.12 (48)#punt road oval#14000#30 june 1934\nsouth melbourne#13.19 (97)#fitzroy#13.10 (88)#lake oval#27000#30 june 1934\n",
        "pandas_code": "df['crowd'].max() == 15000",
        "pandas_eval": "False"
    },
    {
        "id": 50589,
        "statement": "in the 1934 vfl season , melbourne play carlton in lake oval",
        "label": 0,
        "table_caption": "1934 vfl season",
        "table_text": "home team#home team score#away team#away team score#venue#crowd#date\nessendon#29.16 (190)#north melbourne#15.13 (103)#windy hill#12000#30 june 1934\ncollingwood#12.12 (84)#st kilda#10.15 (75)#victoria park#15000#30 june 1934\ncarlton#19.20 (134)#melbourne#11.19 (85)#princes park#20000#30 june 1934\nhawthorn#11.12 (78)#geelong#17.17 (119)#glenferrie oval#6000#30 june 1934\nrichmond#9.10 (64)#footscray#6.12 (48)#punt road oval#14000#30 june 1934\nsouth melbourne#13.19 (97)#fitzroy#13.10 (88)#lake oval#27000#30 june 1934\n",
        "pandas_code": "((df['home team'] == 'melbourne') & (df['away team'] == 'carlton') & (df['venue'] == 'lake oval')).any()",
        "pandas_eval": "False"
    },
    {
        "id": 50590,
        "statement": "on 30 june 1934 , north melbourne lose to richmond",
        "label": 0,
        "table_caption": "1934 vfl season",
        "table_text": "home team#home team score#away team#away team score#venue#crowd#date\nessendon#29.16 (190)#north melbourne#15.13 (103)#windy hill#12000#30 june 1934\ncollingwood#12.12 (84)#st kilda#10.15 (75)#victoria park#15000#30 june 1934\ncarlton#19.20 (134)#melbourne#11.19 (85)#princes park#20000#30 june 1934\nhawthorn#11.12 (78)#geelong#17.17 (119)#glenferrie oval#6000#30 june 1934\nrichmond#9.10 (64)#footscray#6.12 (48)#punt road oval#14000#30 june 1934\nsouth melbourne#13.19 (97)#fitzroy#13.10 (88)#lake oval#27000#30 june 1934\n",
        "pandas_code": "((df['date'] == '30 june 1934') & (df['home team'] == 'richmond') & (df['away team'] == 'north melbourne') & (df['home team score'].str.extract(r'(\\\\d+)')[0].astype(float) > df['away team score'].str.extract(r'(\\\\d+)')[0].astype(float))).any()",
        "pandas_eval": "False"
    },
    {
        "id": 50591,
        "statement": "the 1934 vfl game with the smallest crowd drawn be the match between carlton and melbourne",
        "label": 0,
        "table_caption": "1934 vfl season",
        "table_text": "home team#home team score#away team#away team score#venue#crowd#date\nessendon#29.16 (190)#north melbourne#15.13 (103)#windy hill#12000#30 june 1934\ncollingwood#12.12 (84)#st kilda#10.15 (75)#victoria park#15000#30 june 1934\ncarlton#19.20 (134)#melbourne#11.19 (85)#princes park#20000#30 june 1934\nhawthorn#11.12 (78)#geelong#17.17 (119)#glenferrie oval#6000#30 june 1934\nrichmond#9.10 (64)#footscray#6.12 (48)#punt road oval#14000#30 june 1934\nsouth melbourne#13.19 (97)#fitzroy#13.10 (88)#lake oval#27000#30 june 1934\n",
        "pandas_code": "(df.loc[df['crowd'].idxmin(), ['home team', 'away team']] == ['carlton', 'melbourne']).all()",
        "pandas_eval": "False"
    },
    {
        "id": 50592,
        "statement": "the away team in the 1934 vfl game play at victoria park be fitzroy",
        "label": 0,
        "table_caption": "1934 vfl season",
        "table_text": "home team#home team score#away team#away team score#venue#crowd#date\nessendon#29.16 (190)#north melbourne#15.13 (103)#windy hill#12000#30 june 1934\ncollingwood#12.12 (84)#st kilda#10.15 (75)#victoria park#15000#30 june 1934\ncarlton#19.20 (134)#melbourne#11.19 (85)#princes park#20000#30 june 1934\nhawthorn#11.12 (78)#geelong#17.17 (119)#glenferrie oval#6000#30 june 1934\nrichmond#9.10 (64)#footscray#6.12 (48)#punt road oval#14000#30 june 1934\nsouth melbourne#13.19 (97)#fitzroy#13.10 (88)#lake oval#27000#30 june 1934\n",
        "pandas_code": "df.loc[df['venue'] == 'victoria park', 'away team'].iloc[0] == 'fitzroy'",
        "pandas_eval": "False"
    },
    {
        "id": 56854,
        "statement": "melbourne have a home team score of 11.24 (90)",
        "label": 1,
        "table_caption": "1934 vfl season",
        "table_text": "home team#home team score#away team#away team score#venue#crowd#date\nmelbourne#11.24 (90)#north melbourne#7.15 (57)#mcg#5011#1 september 1934\nfootscray#13.20 (98)#st kilda#10.17 (77)#western oval#5500#1 september 1934\nessendon#13.12 (90)#richmond#15.23 (113)#windy hill#10000#1 september 1934\ncollingwood#16.16 (112)#geelong#16.21 (117)#victoria park#18000#1 september 1934\ncarlton#18.12 (120)#fitzroy#9.15 (69)#princes park#15500#1 september 1934\nsouth melbourne#15.11 (101)#hawthorn#10.10 (70)#lake oval#13000#1 september 1934\n",
        "pandas_code": "df[df['home team'] == 'melbourne']['home team score'].eq('11.24 (90)').any()",
        "pandas_eval": "True"
    },
    {
        "id": 56855,
        "statement": "there be a crowd of 15500 at prince park",
        "label": 1,
        "table_caption": "1934 vfl season",
        "table_text": "home team#home team score#away team#away team score#venue#crowd#date\nmelbourne#11.24 (90)#north melbourne#7.15 (57)#mcg#5011#1 september 1934\nfootscray#13.20 (98)#st kilda#10.17 (77)#western oval#5500#1 september 1934\nessendon#13.12 (90)#richmond#15.23 (113)#windy hill#10000#1 september 1934\ncollingwood#16.16 (112)#geelong#16.21 (117)#victoria park#18000#1 september 1934\ncarlton#18.12 (120)#fitzroy#9.15 (69)#princes park#15500#1 september 1934\nsouth melbourne#15.11 (101)#hawthorn#10.10 (70)#lake oval#13000#1 september 1934\n",
        "pandas_code": "((df['crowd'] == 15500) & (df['venue'] == 'princes park')).any()",
        "pandas_eval": "True"
    },
    {
        "id": 56856,
        "statement": "the home team south melbourne have a score of 15.11 (101)",
        "label": 1,
        "table_caption": "1934 vfl season",
        "table_text": "home team#home team score#away team#away team score#venue#crowd#date\nmelbourne#11.24 (90)#north melbourne#7.15 (57)#mcg#5011#1 september 1934\nfootscray#13.20 (98)#st kilda#10.17 (77)#western oval#5500#1 september 1934\nessendon#13.12 (90)#richmond#15.23 (113)#windy hill#10000#1 september 1934\ncollingwood#16.16 (112)#geelong#16.21 (117)#victoria park#18000#1 september 1934\ncarlton#18.12 (120)#fitzroy#9.15 (69)#princes park#15500#1 september 1934\nsouth melbourne#15.11 (101)#hawthorn#10.10 (70)#lake oval#13000#1 september 1934\n",
        "pandas_code": "df[df['home team'] == 'south melbourne']['home team score'].eq('15.11 (101)').any()",
        "pandas_eval": "True"
    },
    {
        "id": 56857,
        "statement": "the home team , south melbourne , score 15.11 (101) against hawthorn",
        "label": 1,
        "table_caption": "1934 vfl season",
        "table_text": "home team#home team score#away team#away team score#venue#crowd#date\nmelbourne#11.24 (90)#north melbourne#7.15 (57)#mcg#5011#1 september 1934\nfootscray#13.20 (98)#st kilda#10.17 (77)#western oval#5500#1 september 1934\nessendon#13.12 (90)#richmond#15.23 (113)#windy hill#10000#1 september 1934\ncollingwood#16.16 (112)#geelong#16.21 (117)#victoria park#18000#1 september 1934\ncarlton#18.12 (120)#fitzroy#9.15 (69)#princes park#15500#1 september 1934\nsouth melbourne#15.11 (101)#hawthorn#10.10 (70)#lake oval#13000#1 september 1934\n",
        "pandas_code": "((df['home team'] == 'south melbourne') & (df['home team score'] == '15.11 (101)') & (df['away team'] == 'hawthorn')).any()",
        "pandas_eval": "True"
    },
    {
        "id": 56858,
        "statement": "the home team , carlton , have a score of 18.12 (120) against fitzroy",
        "label": 1,
        "table_caption": "1934 vfl season",
        "table_text": "home team#home team score#away team#away team score#venue#crowd#date\nmelbourne#11.24 (90)#north melbourne#7.15 (57)#mcg#5011#1 september 1934\nfootscray#13.20 (98)#st kilda#10.17 (77)#western oval#5500#1 september 1934\nessendon#13.12 (90)#richmond#15.23 (113)#windy hill#10000#1 september 1934\ncollingwood#16.16 (112)#geelong#16.21 (117)#victoria park#18000#1 september 1934\ncarlton#18.12 (120)#fitzroy#9.15 (69)#princes park#15500#1 september 1934\nsouth melbourne#15.11 (101)#hawthorn#10.10 (70)#lake oval#13000#1 september 1934\n",
        "pandas_code": "((df['home team'] == 'carlton') & (df['home team score'] == '18.12 (120)') & (df['away team'] == 'fitzroy')).any()",
        "pandas_eval": "True"
    },
    {
        "id": 56859,
        "statement": "the home team , melborne , score 11.24 (90) at mcg",
        "label": 1,
        "table_caption": "1934 vfl season",
        "table_text": "home team#home team score#away team#away team score#venue#crowd#date\nmelbourne#11.24 (90)#north melbourne#7.15 (57)#mcg#5011#1 september 1934\nfootscray#13.20 (98)#st kilda#10.17 (77)#western oval#5500#1 september 1934\nessendon#13.12 (90)#richmond#15.23 (113)#windy hill#10000#1 september 1934\ncollingwood#16.16 (112)#geelong#16.21 (117)#victoria park#18000#1 september 1934\ncarlton#18.12 (120)#fitzroy#9.15 (69)#princes park#15500#1 september 1934\nsouth melbourne#15.11 (101)#hawthorn#10.10 (70)#lake oval#13000#1 september 1934\n",
        "pandas_code": "((df['home team'] == 'melbourne') & (df['home team score'] == '11.24 (90)') & (df['venue'] == 'mcg')).any()",
        "pandas_eval": "True"
    },
    {
        "id": 56860,
        "statement": "the home team score for south melbourne be not 15.11 (101)",
        "label": 0,
        "table_caption": "1934 vfl season",
        "table_text": "home team#home team score#away team#away team score#venue#crowd#date\nmelbourne#11.24 (90)#north melbourne#7.15 (57)#mcg#5011#1 september 1934\nfootscray#13.20 (98)#st kilda#10.17 (77)#western oval#5500#1 september 1934\nessendon#13.12 (90)#richmond#15.23 (113)#windy hill#10000#1 september 1934\ncollingwood#16.16 (112)#geelong#16.21 (117)#victoria park#18000#1 september 1934\ncarlton#18.12 (120)#fitzroy#9.15 (69)#princes park#15500#1 september 1934\nsouth melbourne#15.11 (101)#hawthorn#10.10 (70)#lake oval#13000#1 september 1934\n",
        "pandas_code": "df[df['home team'] == 'south melbourne']['home team score'].iloc[0] != '15.11 (101)'",
        "pandas_eval": "False"
    },
    {
        "id": 56861,
        "statement": "the away team , fitzroy , have not a home team score of 18.12 (120)",
        "label": 0,
        "table_caption": "1934 vfl season",
        "table_text": "home team#home team score#away team#away team score#venue#crowd#date\nmelbourne#11.24 (90)#north melbourne#7.15 (57)#mcg#5011#1 september 1934\nfootscray#13.20 (98)#st kilda#10.17 (77)#western oval#5500#1 september 1934\nessendon#13.12 (90)#richmond#15.23 (113)#windy hill#10000#1 september 1934\ncollingwood#16.16 (112)#geelong#16.21 (117)#victoria park#18000#1 september 1934\ncarlton#18.12 (120)#fitzroy#9.15 (69)#princes park#15500#1 september 1934\nsouth melbourne#15.11 (101)#hawthorn#10.10 (70)#lake oval#13000#1 september 1934\n",
        "pandas_code": "not any((df['away team'] == 'fitzroy') & (df['home team score'] == '18.12 (120)'))",
        "pandas_eval": "False"
    },
    {
        "id": 56862,
        "statement": "melbourne score 11.24 (90) against st kilda at home",
        "label": 0,
        "table_caption": "1934 vfl season",
        "table_text": "home team#home team score#away team#away team score#venue#crowd#date\nmelbourne#11.24 (90)#north melbourne#7.15 (57)#mcg#5011#1 september 1934\nfootscray#13.20 (98)#st kilda#10.17 (77)#western oval#5500#1 september 1934\nessendon#13.12 (90)#richmond#15.23 (113)#windy hill#10000#1 september 1934\ncollingwood#16.16 (112)#geelong#16.21 (117)#victoria park#18000#1 september 1934\ncarlton#18.12 (120)#fitzroy#9.15 (69)#princes park#15500#1 september 1934\nsouth melbourne#15.11 (101)#hawthorn#10.10 (70)#lake oval#13000#1 september 1934\n",
        "pandas_code": "((df['home team'] == 'melbourne') & (df['home team score'] == '11.24 (90)') & (df['away team'] == 'st kilda')).any()",
        "pandas_eval": "False"
    },
    {
        "id": 56863,
        "statement": "the home team south melborne have a score less than 15.11 (101)",
        "label": 0,
        "table_caption": "1934 vfl season",
        "table_text": "home team#home team score#away team#away team score#venue#crowd#date\nmelbourne#11.24 (90)#north melbourne#7.15 (57)#mcg#5011#1 september 1934\nfootscray#13.20 (98)#st kilda#10.17 (77)#western oval#5500#1 september 1934\nessendon#13.12 (90)#richmond#15.23 (113)#windy hill#10000#1 september 1934\ncollingwood#16.16 (112)#geelong#16.21 (117)#victoria park#18000#1 september 1934\ncarlton#18.12 (120)#fitzroy#9.15 (69)#princes park#15500#1 september 1934\nsouth melbourne#15.11 (101)#hawthorn#10.10 (70)#lake oval#13000#1 september 1934\n",
        "pandas_code": "((df['home team'] == 'south melbourne') & (df['home team score'].apply(lambda x: int(x.split('.')[0]) < 15 and int(x.split('.')[1].split()[0]) < 11))).any()",
        "pandas_eval": "False"
    },
    {
        "id": 56864,
        "statement": "the away team fitzroy have a home team score greater than 18.12 (120)",
        "label": 0,
        "table_caption": "1934 vfl season",
        "table_text": "home team#home team score#away team#away team score#venue#crowd#date\nmelbourne#11.24 (90)#north melbourne#7.15 (57)#mcg#5011#1 september 1934\nfootscray#13.20 (98)#st kilda#10.17 (77)#western oval#5500#1 september 1934\nessendon#13.12 (90)#richmond#15.23 (113)#windy hill#10000#1 september 1934\ncollingwood#16.16 (112)#geelong#16.21 (117)#victoria park#18000#1 september 1934\ncarlton#18.12 (120)#fitzroy#9.15 (69)#princes park#15500#1 september 1934\nsouth melbourne#15.11 (101)#hawthorn#10.10 (70)#lake oval#13000#1 september 1934\n",
        "pandas_code": "any((df['away team'] == 'fitzroy') & (df['home team score'] > '18.12 (120)'))",
        "pandas_eval": "False"
    },
    {
        "id": 56865,
        "statement": "the home team score for the venue name mcg be less than 11.24 (90)",
        "label": 0,
        "table_caption": "1934 vfl season",
        "table_text": "home team#home team score#away team#away team score#venue#crowd#date\nmelbourne#11.24 (90)#north melbourne#7.15 (57)#mcg#5011#1 september 1934\nfootscray#13.20 (98)#st kilda#10.17 (77)#western oval#5500#1 september 1934\nessendon#13.12 (90)#richmond#15.23 (113)#windy hill#10000#1 september 1934\ncollingwood#16.16 (112)#geelong#16.21 (117)#victoria park#18000#1 september 1934\ncarlton#18.12 (120)#fitzroy#9.15 (69)#princes park#15500#1 september 1934\nsouth melbourne#15.11 (101)#hawthorn#10.10 (70)#lake oval#13000#1 september 1934\n",
        "pandas_code": "df[df['venue'] == 'mcg']['home team score'].iloc[0] < '11.24 (90)'",
        "pandas_eval": "False"
    },
    {
        "id": 57564,
        "statement": "the away team collingwood have a crowd bigger than 21000 (38000)",
        "label": 1,
        "table_caption": "1934 vfl season",
        "table_text": "home team#home team score#away team#away team score#venue#crowd#date\ngeelong#16.13 (109)#st kilda#11.7 (73)#corio oval#15000#5 may 1934\nfitzroy#11.16 (82)#north melbourne#10.11 (71)#brunswick street oval#21000#5 may 1934\nessendon#19.11 (125)#footscray#16.18 (114)#windy hill#21000#5 may 1934\nrichmond#18.14 (122)#melbourne#12.9 (81)#punt road oval#17000#5 may 1934\nsouth melbourne#19.13 (127)#collingwood#13.14 (92)#lake oval#38000#5 may 1934\nhawthorn#12.8 (80)#carlton#17.26 (128)#glenferrie oval#17000#5 may 1934\n",
        "pandas_code": "df[df['away team'] == 'collingwood']['crowd'].values[0] > 21000",
        "pandas_eval": "True"
    },
    {
        "id": 57565,
        "statement": "on may 5 1934 the away team have a score of 12.9 (81)",
        "label": 1,
        "table_caption": "1934 vfl season",
        "table_text": "home team#home team score#away team#away team score#venue#crowd#date\ngeelong#16.13 (109)#st kilda#11.7 (73)#corio oval#15000#5 may 1934\nfitzroy#11.16 (82)#north melbourne#10.11 (71)#brunswick street oval#21000#5 may 1934\nessendon#19.11 (125)#footscray#16.18 (114)#windy hill#21000#5 may 1934\nrichmond#18.14 (122)#melbourne#12.9 (81)#punt road oval#17000#5 may 1934\nsouth melbourne#19.13 (127)#collingwood#13.14 (92)#lake oval#38000#5 may 1934\nhawthorn#12.8 (80)#carlton#17.26 (128)#glenferrie oval#17000#5 may 1934\n",
        "pandas_code": "any(df[(df['date'] == '5 may 1934') & (df['away team score'] == '12.9 (81)')].index)",
        "pandas_eval": "True"
    },
    {
        "id": 57566,
        "statement": "when essendon be the home team the away team be footscray",
        "label": 1,
        "table_caption": "1934 vfl season",
        "table_text": "home team#home team score#away team#away team score#venue#crowd#date\ngeelong#16.13 (109)#st kilda#11.7 (73)#corio oval#15000#5 may 1934\nfitzroy#11.16 (82)#north melbourne#10.11 (71)#brunswick street oval#21000#5 may 1934\nessendon#19.11 (125)#footscray#16.18 (114)#windy hill#21000#5 may 1934\nrichmond#18.14 (122)#melbourne#12.9 (81)#punt road oval#17000#5 may 1934\nsouth melbourne#19.13 (127)#collingwood#13.14 (92)#lake oval#38000#5 may 1934\nhawthorn#12.8 (80)#carlton#17.26 (128)#glenferrie oval#17000#5 may 1934\n",
        "pandas_code": "df[(df['home team'] == 'essendon') & (df['away team'] == 'footscray')].shape[0] == 1",
        "pandas_eval": "True"
    },
    {
        "id": 57567,
        "statement": "on may 1934 the home team have a score of 12.9 (81)",
        "label": 0,
        "table_caption": "1934 vfl season",
        "table_text": "home team#home team score#away team#away team score#venue#crowd#date\ngeelong#16.13 (109)#st kilda#11.7 (73)#corio oval#15000#5 may 1934\nfitzroy#11.16 (82)#north melbourne#10.11 (71)#brunswick street oval#21000#5 may 1934\nessendon#19.11 (125)#footscray#16.18 (114)#windy hill#21000#5 may 1934\nrichmond#18.14 (122)#melbourne#12.9 (81)#punt road oval#17000#5 may 1934\nsouth melbourne#19.13 (127)#collingwood#13.14 (92)#lake oval#38000#5 may 1934\nhawthorn#12.8 (80)#carlton#17.26 (128)#glenferrie oval#17000#5 may 1934\n",
        "pandas_code": "any(df[(df['date'].str.contains('may 1934')) & (df['home team score'] == '12.9 (81)')]) == False",
        "pandas_eval": "False"
    },
    {
        "id": 57568,
        "statement": "footscray play as the home against essendon",
        "label": 0,
        "table_caption": "1934 vfl season",
        "table_text": "home team#home team score#away team#away team score#venue#crowd#date\ngeelong#16.13 (109)#st kilda#11.7 (73)#corio oval#15000#5 may 1934\nfitzroy#11.16 (82)#north melbourne#10.11 (71)#brunswick street oval#21000#5 may 1934\nessendon#19.11 (125)#footscray#16.18 (114)#windy hill#21000#5 may 1934\nrichmond#18.14 (122)#melbourne#12.9 (81)#punt road oval#17000#5 may 1934\nsouth melbourne#19.13 (127)#collingwood#13.14 (92)#lake oval#38000#5 may 1934\nhawthorn#12.8 (80)#carlton#17.26 (128)#glenferrie oval#17000#5 may 1934\n",
        "pandas_code": "((df['home team'] == 'footscray') & (df['away team'] == 'essendon')).any()",
        "pandas_eval": "False"
    },
    {
        "id": 57569,
        "statement": "a crowd smaller than 21000 watch the collingwood play",
        "label": 0,
        "table_caption": "1934 vfl season",
        "table_text": "home team#home team score#away team#away team score#venue#crowd#date\ngeelong#16.13 (109)#st kilda#11.7 (73)#corio oval#15000#5 may 1934\nfitzroy#11.16 (82)#north melbourne#10.11 (71)#brunswick street oval#21000#5 may 1934\nessendon#19.11 (125)#footscray#16.18 (114)#windy hill#21000#5 may 1934\nrichmond#18.14 (122)#melbourne#12.9 (81)#punt road oval#17000#5 may 1934\nsouth melbourne#19.13 (127)#collingwood#13.14 (92)#lake oval#38000#5 may 1934\nhawthorn#12.8 (80)#carlton#17.26 (128)#glenferrie oval#17000#5 may 1934\n",
        "pandas_code": "df[(df['away team'] == 'collingwood') & (df['crowd'] < 21000)].any().any()",
        "pandas_eval": "False"
    },
    {
        "id": 75114,
        "statement": "footscray home score be 12.12 (84) while south melboure 's away score be 17.18 (120)",
        "label": 1,
        "table_caption": "1934 vfl season",
        "table_text": "home team#home team score#away team#away team score#venue#crowd#date\nfootscray#12.12 (84)#south melbourne#17.18 (120)#western oval#21000#26 may 1934\nessendon#15.13 (103)#hawthorn#13.11 (89)#windy hill#10000#26 may 1934\ncollingwood#13.13 (91)#richmond#9.9 (63)#victoria park#26000#26 may 1934\ncarlton#15.14 (104)#geelong#14.10 (94)#princes park#30000#26 may 1934\nst kilda#14.18 (102)#north melbourne#10.20 (80)#junction oval#18000#26 may 1934\nmelbourne#9.11 (65)#fitzroy#8.11 (59)#mcg#15864#26 may 1934\n",
        "pandas_code": "((df['home team'] == 'footscray') & (df['home team score'] == '12.12 (84)') & (df['away team'] == 'south melbourne') & (df['away team score'] == '17.18 (120)')).any()",
        "pandas_eval": "True"
    },
    {
        "id": 75115,
        "statement": "on may 26 1934 , collingwood score 13.13 (91) as the home team",
        "label": 1,
        "table_caption": "1934 vfl season",
        "table_text": "home team#home team score#away team#away team score#venue#crowd#date\nfootscray#12.12 (84)#south melbourne#17.18 (120)#western oval#21000#26 may 1934\nessendon#15.13 (103)#hawthorn#13.11 (89)#windy hill#10000#26 may 1934\ncollingwood#13.13 (91)#richmond#9.9 (63)#victoria park#26000#26 may 1934\ncarlton#15.14 (104)#geelong#14.10 (94)#princes park#30000#26 may 1934\nst kilda#14.18 (102)#north melbourne#10.20 (80)#junction oval#18000#26 may 1934\nmelbourne#9.11 (65)#fitzroy#8.11 (59)#mcg#15864#26 may 1934\n",
        "pandas_code": "((df['date'] == '26 may 1934') & (df['home team'] == 'collingwood') & (df['home team score'] == '13.13 (91)')).any()",
        "pandas_eval": "True"
    },
    {
        "id": 75116,
        "statement": "carlton be the home team on 26 may 1934",
        "label": 1,
        "table_caption": "1934 vfl season",
        "table_text": "home team#home team score#away team#away team score#venue#crowd#date\nfootscray#12.12 (84)#south melbourne#17.18 (120)#western oval#21000#26 may 1934\nessendon#15.13 (103)#hawthorn#13.11 (89)#windy hill#10000#26 may 1934\ncollingwood#13.13 (91)#richmond#9.9 (63)#victoria park#26000#26 may 1934\ncarlton#15.14 (104)#geelong#14.10 (94)#princes park#30000#26 may 1934\nst kilda#14.18 (102)#north melbourne#10.20 (80)#junction oval#18000#26 may 1934\nmelbourne#9.11 (65)#fitzroy#8.11 (59)#mcg#15864#26 may 1934\n",
        "pandas_code": "df[(df['home team'] == 'carlton') & (df['date'] == '26 may 1934')].shape[0] == 1",
        "pandas_eval": "True"
    },
    {
        "id": 75117,
        "statement": "north melbourne 's score be 10.20 (80)",
        "label": 1,
        "table_caption": "1934 vfl season",
        "table_text": "home team#home team score#away team#away team score#venue#crowd#date\nfootscray#12.12 (84)#south melbourne#17.18 (120)#western oval#21000#26 may 1934\nessendon#15.13 (103)#hawthorn#13.11 (89)#windy hill#10000#26 may 1934\ncollingwood#13.13 (91)#richmond#9.9 (63)#victoria park#26000#26 may 1934\ncarlton#15.14 (104)#geelong#14.10 (94)#princes park#30000#26 may 1934\nst kilda#14.18 (102)#north melbourne#10.20 (80)#junction oval#18000#26 may 1934\nmelbourne#9.11 (65)#fitzroy#8.11 (59)#mcg#15864#26 may 1934\n",
        "pandas_code": "df[df['away team'] == 'north melbourne']['away team score'].eq('10.20 (80)').any()",
        "pandas_eval": "True"
    },
    {
        "id": 75118,
        "statement": "footscray be the home team with a score of 12.12 (84) that play against south melbourne",
        "label": 1,
        "table_caption": "1934 vfl season",
        "table_text": "home team#home team score#away team#away team score#venue#crowd#date\nfootscray#12.12 (84)#south melbourne#17.18 (120)#western oval#21000#26 may 1934\nessendon#15.13 (103)#hawthorn#13.11 (89)#windy hill#10000#26 may 1934\ncollingwood#13.13 (91)#richmond#9.9 (63)#victoria park#26000#26 may 1934\ncarlton#15.14 (104)#geelong#14.10 (94)#princes park#30000#26 may 1934\nst kilda#14.18 (102)#north melbourne#10.20 (80)#junction oval#18000#26 may 1934\nmelbourne#9.11 (65)#fitzroy#8.11 (59)#mcg#15864#26 may 1934\n",
        "pandas_code": "((df['home team'] == 'footscray') & (df['home team score'] == '12.12 (84)') & (df['away team'] == 'south melbourne')).any()",
        "pandas_eval": "True"
    },
    {
        "id": 75119,
        "statement": "collingwood 's score be 13.13 (91) on may 26 1934",
        "label": 1,
        "table_caption": "1934 vfl season",
        "table_text": "home team#home team score#away team#away team score#venue#crowd#date\nfootscray#12.12 (84)#south melbourne#17.18 (120)#western oval#21000#26 may 1934\nessendon#15.13 (103)#hawthorn#13.11 (89)#windy hill#10000#26 may 1934\ncollingwood#13.13 (91)#richmond#9.9 (63)#victoria park#26000#26 may 1934\ncarlton#15.14 (104)#geelong#14.10 (94)#princes park#30000#26 may 1934\nst kilda#14.18 (102)#north melbourne#10.20 (80)#junction oval#18000#26 may 1934\nmelbourne#9.11 (65)#fitzroy#8.11 (59)#mcg#15864#26 may 1934\n",
        "pandas_code": "((df['home team'] == 'collingwood') & (df['home team score'] == '13.13 (91)') & (df['date'] == '26 may 1934')).any()",
        "pandas_eval": "True"
    },
    {
        "id": 75120,
        "statement": "carlton have on the home team on 26 may 1934",
        "label": 1,
        "table_caption": "1934 vfl season",
        "table_text": "home team#home team score#away team#away team score#venue#crowd#date\nfootscray#12.12 (84)#south melbourne#17.18 (120)#western oval#21000#26 may 1934\nessendon#15.13 (103)#hawthorn#13.11 (89)#windy hill#10000#26 may 1934\ncollingwood#13.13 (91)#richmond#9.9 (63)#victoria park#26000#26 may 1934\ncarlton#15.14 (104)#geelong#14.10 (94)#princes park#30000#26 may 1934\nst kilda#14.18 (102)#north melbourne#10.20 (80)#junction oval#18000#26 may 1934\nmelbourne#9.11 (65)#fitzroy#8.11 (59)#mcg#15864#26 may 1934\n",
        "pandas_code": "('carlton' in df['home team'].values) and ('26 may 1934' in df['date'].values)",
        "pandas_eval": "True"
    },
    {
        "id": 75121,
        "statement": "the away team score 10.20 (80) while the home team score 14.18 (102)",
        "label": 1,
        "table_caption": "1934 vfl season",
        "table_text": "home team#home team score#away team#away team score#venue#crowd#date\nfootscray#12.12 (84)#south melbourne#17.18 (120)#western oval#21000#26 may 1934\nessendon#15.13 (103)#hawthorn#13.11 (89)#windy hill#10000#26 may 1934\ncollingwood#13.13 (91)#richmond#9.9 (63)#victoria park#26000#26 may 1934\ncarlton#15.14 (104)#geelong#14.10 (94)#princes park#30000#26 may 1934\nst kilda#14.18 (102)#north melbourne#10.20 (80)#junction oval#18000#26 may 1934\nmelbourne#9.11 (65)#fitzroy#8.11 (59)#mcg#15864#26 may 1934\n",
        "pandas_code": "df[(df['away team score'] == '10.20 (80)') & (df['home team score'] == '14.18 (102)')].any().any()",
        "pandas_eval": "True"
    },
    {
        "id": 75122,
        "statement": "15.13 (103) be the home team 's score when south melbourne be away",
        "label": 0,
        "table_caption": "1934 vfl season",
        "table_text": "home team#home team score#away team#away team score#venue#crowd#date\nfootscray#12.12 (84)#south melbourne#17.18 (120)#western oval#21000#26 may 1934\nessendon#15.13 (103)#hawthorn#13.11 (89)#windy hill#10000#26 may 1934\ncollingwood#13.13 (91)#richmond#9.9 (63)#victoria park#26000#26 may 1934\ncarlton#15.14 (104)#geelong#14.10 (94)#princes park#30000#26 may 1934\nst kilda#14.18 (102)#north melbourne#10.20 (80)#junction oval#18000#26 may 1934\nmelbourne#9.11 (65)#fitzroy#8.11 (59)#mcg#15864#26 may 1934\n",
        "pandas_code": "df[(df['away team'] == 'south melbourne') & (df['home team score'] == '15.13 (103)')].any().any()",
        "pandas_eval": "False"
    },
    {
        "id": 75123,
        "statement": "carlton be the away team on 26 may 1934",
        "label": 0,
        "table_caption": "1934 vfl season",
        "table_text": "home team#home team score#away team#away team score#venue#crowd#date\nfootscray#12.12 (84)#south melbourne#17.18 (120)#western oval#21000#26 may 1934\nessendon#15.13 (103)#hawthorn#13.11 (89)#windy hill#10000#26 may 1934\ncollingwood#13.13 (91)#richmond#9.9 (63)#victoria park#26000#26 may 1934\ncarlton#15.14 (104)#geelong#14.10 (94)#princes park#30000#26 may 1934\nst kilda#14.18 (102)#north melbourne#10.20 (80)#junction oval#18000#26 may 1934\nmelbourne#9.11 (65)#fitzroy#8.11 (59)#mcg#15864#26 may 1934\n",
        "pandas_code": "any((df['away team'] == 'carlton') & (df['date'] == '26 may 1934'))",
        "pandas_eval": "False"
    },
    {
        "id": 75124,
        "statement": "north melbourne 's crowd be 10.20 (80)",
        "label": 0,
        "table_caption": "1934 vfl season",
        "table_text": "home team#home team score#away team#away team score#venue#crowd#date\nfootscray#12.12 (84)#south melbourne#17.18 (120)#western oval#21000#26 may 1934\nessendon#15.13 (103)#hawthorn#13.11 (89)#windy hill#10000#26 may 1934\ncollingwood#13.13 (91)#richmond#9.9 (63)#victoria park#26000#26 may 1934\ncarlton#15.14 (104)#geelong#14.10 (94)#princes park#30000#26 may 1934\nst kilda#14.18 (102)#north melbourne#10.20 (80)#junction oval#18000#26 may 1934\nmelbourne#9.11 (65)#fitzroy#8.11 (59)#mcg#15864#26 may 1934\n",
        "pandas_code": "df.loc[df['away team'] == 'north melbourne', 'away team score'].values[0] != '10.20 (80)'",
        "pandas_eval": "False"
    },
    {
        "id": 87914,
        "statement": "a game be play at junction oval on july 28 1934",
        "label": 1,
        "table_caption": "1934 vfl season",
        "table_text": "home team#home team score#away team#away team score#venue#crowd#date\nmelbourne#13.23 (101)#richmond#14.11 (95)#mcg#13805#28 july 1934\ncollingwood#13.19 (97)#south melbourne#21.19 (145)#victoria park#28000#28 july 1934\ncarlton#22.13 (145)#hawthorn#10.6 (66)#princes park#12000#28 july 1934\nst kilda#13.6 (84)#geelong#16.18 (114)#junction oval#17000#28 july 1934\nnorth melbourne#15.8 (98)#fitzroy#21.16 (142)#arden street oval#10000#28 july 1934\nfootscray#15.9 (99)#essendon#8.9 (57)#western oval#13000#28 july 1934\n",
        "pandas_code": "((df['venue'] == 'junction oval') & (df['date'] == '28 july 1934')).any()",
        "pandas_eval": "True"
    },
    {
        "id": 87915,
        "statement": "melbourne 's home game have a total of 13805 crowd in attendance",
        "label": 1,
        "table_caption": "1934 vfl season",
        "table_text": "home team#home team score#away team#away team score#venue#crowd#date\nmelbourne#13.23 (101)#richmond#14.11 (95)#mcg#13805#28 july 1934\ncollingwood#13.19 (97)#south melbourne#21.19 (145)#victoria park#28000#28 july 1934\ncarlton#22.13 (145)#hawthorn#10.6 (66)#princes park#12000#28 july 1934\nst kilda#13.6 (84)#geelong#16.18 (114)#junction oval#17000#28 july 1934\nnorth melbourne#15.8 (98)#fitzroy#21.16 (142)#arden street oval#10000#28 july 1934\nfootscray#15.9 (99)#essendon#8.9 (57)#western oval#13000#28 july 1934\n",
        "pandas_code": "df[(df['home team'] == 'melbourne') & (df['crowd'] == 13805)].shape[0] == 1",
        "pandas_eval": "True"
    },
    {
        "id": 87917,
        "statement": "13805 be the size of the crowd for the carlton v hawthorn game",
        "label": 0,
        "table_caption": "1934 vfl season",
        "table_text": "home team#home team score#away team#away team score#venue#crowd#date\nmelbourne#13.23 (101)#richmond#14.11 (95)#mcg#13805#28 july 1934\ncollingwood#13.19 (97)#south melbourne#21.19 (145)#victoria park#28000#28 july 1934\ncarlton#22.13 (145)#hawthorn#10.6 (66)#princes park#12000#28 july 1934\nst kilda#13.6 (84)#geelong#16.18 (114)#junction oval#17000#28 july 1934\nnorth melbourne#15.8 (98)#fitzroy#21.16 (142)#arden street oval#10000#28 july 1934\nfootscray#15.9 (99)#essendon#8.9 (57)#western oval#13000#28 july 1934\n",
        "pandas_code": "df[(df['home team'] == 'carlton') & (df['away team'] == 'hawthorn')]['crowd'].values[0] == 13805",
        "pandas_eval": "False"
    }
]