[
    {
        "id": 31779,
        "statement": "echo 2 have the most mass of the satellite",
        "label": 1,
        "table_caption": "balloon satellite",
        "table_text": "satellite#launch date (utc)#decay#mass (kg)#diameter (m)#nssdc id#nation#usage\necho 1#1960 - 08 - 12 09:36:00#1968 - 05 - 24#180#30.48#1960 - 009a#us#pcr , ado , spc , tri\nexplorer 9#1961 - 02 - 16 13:12:00#1964 - 04 - 09#36#3.66#1961 - 004a#us#ado\nexplorer 19 (ad - a)#1963 - 12 - 19 18:43:00#1981 - 10 - 05#7.7#3.66#1963 - 053a#us#ado\necho 2#1964 - 01 - 25 13:55:00#1969 - 06 - 07#256#41#1964 - 004a#us#pcr , tri\nexplorer 24 (ad - b)#1964 - 11 - 21 17:17:00#1968 - 10 - 18#8.6#3.6#1964 - 076a#us#ado\npageos 1#1966 - 06 - 24 00:14:00#1975 - 07 - 12#56.7#30.48#1966 - 056a#us#tri\nexplorer 39 (ad - c)#1968 - 08 - 08 20:12:00#1981 - 06 - 22#9.4#3.6#1968 - 066a#us#ado\nmylar balloon#1971 - 08 - 07 00:11:00#1981 - 09 - 01#0.8#2.13#1971 - 067f#us#ado\nqi qiu weixing 1#1990 - 09 - 03 00:53:00#1991 - 03 - 11#4#3#1990 - 081b#prc#ado\nqi qiu weixing 2#1990 - 09 - 03 00:53:00#1991 - 07 - 24#4#2.5#1990 - 081c#prc#ado\n",
        "pandas_code": "df.loc[df['satellite'] == 'echo 2', 'mass (kg)'].values[0] == df['mass (kg)'].max()",
        "pandas_eval": "True"
    },
    {
        "id": 31780,
        "statement": "8 of these satellite be from the us",
        "label": 1,
        "table_caption": "balloon satellite",
        "table_text": "satellite#launch date (utc)#decay#mass (kg)#diameter (m)#nssdc id#nation#usage\necho 1#1960 - 08 - 12 09:36:00#1968 - 05 - 24#180#30.48#1960 - 009a#us#pcr , ado , spc , tri\nexplorer 9#1961 - 02 - 16 13:12:00#1964 - 04 - 09#36#3.66#1961 - 004a#us#ado\nexplorer 19 (ad - a)#1963 - 12 - 19 18:43:00#1981 - 10 - 05#7.7#3.66#1963 - 053a#us#ado\necho 2#1964 - 01 - 25 13:55:00#1969 - 06 - 07#256#41#1964 - 004a#us#pcr , tri\nexplorer 24 (ad - b)#1964 - 11 - 21 17:17:00#1968 - 10 - 18#8.6#3.6#1964 - 076a#us#ado\npageos 1#1966 - 06 - 24 00:14:00#1975 - 07 - 12#56.7#30.48#1966 - 056a#us#tri\nexplorer 39 (ad - c)#1968 - 08 - 08 20:12:00#1981 - 06 - 22#9.4#3.6#1968 - 066a#us#ado\nmylar balloon#1971 - 08 - 07 00:11:00#1981 - 09 - 01#0.8#2.13#1971 - 067f#us#ado\nqi qiu weixing 1#1990 - 09 - 03 00:53:00#1991 - 03 - 11#4#3#1990 - 081b#prc#ado\nqi qiu weixing 2#1990 - 09 - 03 00:53:00#1991 - 07 - 24#4#2.5#1990 - 081c#prc#ado\n",
        "pandas_code": "(df['nation'] == 'us').sum() == 8",
        "pandas_eval": "True"
    },
    {
        "id": 31781,
        "statement": "the qi qiu weixing 1 and 2 be launch the same day",
        "label": 1,
        "table_caption": "balloon satellite",
        "table_text": "satellite#launch date (utc)#decay#mass (kg)#diameter (m)#nssdc id#nation#usage\necho 1#1960 - 08 - 12 09:36:00#1968 - 05 - 24#180#30.48#1960 - 009a#us#pcr , ado , spc , tri\nexplorer 9#1961 - 02 - 16 13:12:00#1964 - 04 - 09#36#3.66#1961 - 004a#us#ado\nexplorer 19 (ad - a)#1963 - 12 - 19 18:43:00#1981 - 10 - 05#7.7#3.66#1963 - 053a#us#ado\necho 2#1964 - 01 - 25 13:55:00#1969 - 06 - 07#256#41#1964 - 004a#us#pcr , tri\nexplorer 24 (ad - b)#1964 - 11 - 21 17:17:00#1968 - 10 - 18#8.6#3.6#1964 - 076a#us#ado\npageos 1#1966 - 06 - 24 00:14:00#1975 - 07 - 12#56.7#30.48#1966 - 056a#us#tri\nexplorer 39 (ad - c)#1968 - 08 - 08 20:12:00#1981 - 06 - 22#9.4#3.6#1968 - 066a#us#ado\nmylar balloon#1971 - 08 - 07 00:11:00#1981 - 09 - 01#0.8#2.13#1971 - 067f#us#ado\nqi qiu weixing 1#1990 - 09 - 03 00:53:00#1991 - 03 - 11#4#3#1990 - 081b#prc#ado\nqi qiu weixing 2#1990 - 09 - 03 00:53:00#1991 - 07 - 24#4#2.5#1990 - 081c#prc#ado\n",
        "pandas_code": "df[df['satellite'].isin(['qi qiu weixing 1', 'qi qiu weixing 2'])]['launch date (utc)'].nunique() == 1",
        "pandas_eval": "True"
    },
    {
        "id": 31782,
        "statement": "the myler balloon have the smallest diameter",
        "label": 1,
        "table_caption": "balloon satellite",
        "table_text": "satellite#launch date (utc)#decay#mass (kg)#diameter (m)#nssdc id#nation#usage\necho 1#1960 - 08 - 12 09:36:00#1968 - 05 - 24#180#30.48#1960 - 009a#us#pcr , ado , spc , tri\nexplorer 9#1961 - 02 - 16 13:12:00#1964 - 04 - 09#36#3.66#1961 - 004a#us#ado\nexplorer 19 (ad - a)#1963 - 12 - 19 18:43:00#1981 - 10 - 05#7.7#3.66#1963 - 053a#us#ado\necho 2#1964 - 01 - 25 13:55:00#1969 - 06 - 07#256#41#1964 - 004a#us#pcr , tri\nexplorer 24 (ad - b)#1964 - 11 - 21 17:17:00#1968 - 10 - 18#8.6#3.6#1964 - 076a#us#ado\npageos 1#1966 - 06 - 24 00:14:00#1975 - 07 - 12#56.7#30.48#1966 - 056a#us#tri\nexplorer 39 (ad - c)#1968 - 08 - 08 20:12:00#1981 - 06 - 22#9.4#3.6#1968 - 066a#us#ado\nmylar balloon#1971 - 08 - 07 00:11:00#1981 - 09 - 01#0.8#2.13#1971 - 067f#us#ado\nqi qiu weixing 1#1990 - 09 - 03 00:53:00#1991 - 03 - 11#4#3#1990 - 081b#prc#ado\nqi qiu weixing 2#1990 - 09 - 03 00:53:00#1991 - 07 - 24#4#2.5#1990 - 081c#prc#ado\n",
        "pandas_code": "df.loc[df['satellite'] == 'mylar balloon', 'diameter (m)'].iloc[0] == df['diameter (m)'].min()",
        "pandas_eval": "True"
    },
    {
        "id": 31783,
        "statement": "the echo 1 be launch first",
        "label": 1,
        "table_caption": "balloon satellite",
        "table_text": "satellite#launch date (utc)#decay#mass (kg)#diameter (m)#nssdc id#nation#usage\necho 1#1960 - 08 - 12 09:36:00#1968 - 05 - 24#180#30.48#1960 - 009a#us#pcr , ado , spc , tri\nexplorer 9#1961 - 02 - 16 13:12:00#1964 - 04 - 09#36#3.66#1961 - 004a#us#ado\nexplorer 19 (ad - a)#1963 - 12 - 19 18:43:00#1981 - 10 - 05#7.7#3.66#1963 - 053a#us#ado\necho 2#1964 - 01 - 25 13:55:00#1969 - 06 - 07#256#41#1964 - 004a#us#pcr , tri\nexplorer 24 (ad - b)#1964 - 11 - 21 17:17:00#1968 - 10 - 18#8.6#3.6#1964 - 076a#us#ado\npageos 1#1966 - 06 - 24 00:14:00#1975 - 07 - 12#56.7#30.48#1966 - 056a#us#tri\nexplorer 39 (ad - c)#1968 - 08 - 08 20:12:00#1981 - 06 - 22#9.4#3.6#1968 - 066a#us#ado\nmylar balloon#1971 - 08 - 07 00:11:00#1981 - 09 - 01#0.8#2.13#1971 - 067f#us#ado\nqi qiu weixing 1#1990 - 09 - 03 00:53:00#1991 - 03 - 11#4#3#1990 - 081b#prc#ado\nqi qiu weixing 2#1990 - 09 - 03 00:53:00#1991 - 07 - 24#4#2.5#1990 - 081c#prc#ado\n",
        "pandas_code": "df[df['satellite'] == 'echo 1']['launch date (utc)'].iloc[0] == df['launch date (utc)'].min()",
        "pandas_eval": "True"
    }
]