[
    {
        "id": 34410,
        "statement": "no series in the 1920s have more than 10 episode",
        "label": 1,
        "table_caption": "list of film serials by studio",
        "table_text": "serial title#year#chapters#director#cast\nsilent serials#silent serials#silent serials#silent serials#silent serials\nthe silent flyer#1926#10#william james craft#malcolm mcgregor\nheroes of the wild#1927#10#harry s webb#jack hoxie\nisle of sunken gold#1927#10#harry s webb#anita stewart & duke kahanamoku\nthe golden stallion#1927#10#harry s webb#maurice flynn & joe bonomo\nthe vanishing west#1928#10#richard thorpe#jack perrin & eileen sedgwick\nvultures of the sea#1928#10#richard thorpe#johnnie walker & shirley mason\nthe fatal warning#1929#10#richard thorpe#helene costello & ralph graves\npartial sound serials#partial sound serials#partial sound serials#partial sound serials#partial sound serials\nthe king of the kongo#1929#10#richard thorpe#jacqueline logan & walter miller\nall sound serials#all sound serials#all sound serials#all sound serials#all sound serials\nthe lone defender#1930#12#richard thorpe#rin tin tin & walter miller\nthe phantom of the west#1931#10#d ross lederman#tom tyler & william desmond\nking of the wild#1931#12#b reeves eason and richard thorpe#walter miller and nora lane\nthe vanishing legion#1931#12#ford beebe and b reeves eason#harry carey and edwina booth\nthe galloping ghost#1931#12#b reeves eason and benjamin h kline#harold 'red' grange\nthe lightning warrior#1931#12#benjamin h kline and armand schaefer#rin tin tin\nthe shadow of the eagle#1932#12#ford beebe and b reeves eason#john wayne\nthe last of the mohicans#1932#12#ford beebe and b reeves eason#harry carey\nthe hurricane express#1932#12#jp mcgowan and armand schaefer#john wayne\nthe devil horse#1932#12#otto brower#harry carey & noah beery\nthe whispering shadow#1933#12#colbert clark and albert herman#bela lugosi\nthe three musketeers#1933#12#colbert clark and armand schaefer#john wayne and lon chaney jr\nfighting with kit carson#1933#12#colbert clark and armand schaefer#johnny mack brown & betsy king ross\nthe wolf dog#1933#12#colbert clark and harry l fraser#rin tin tin & frankie darro\nthe mystery squadron#1933#12#colbert clark and david howard#bob steele & guinn big boy williams\nthe lost jungle#1934#12#david howard and armand schaefer#clyde beatty & cecilia parker\nburn 'em up barnes#1934#12#colbert clark and armand schaefer#jack mulhall & frankie darro\nthe law of the wild#1934#12#b reeves eason and armand schaefer#rin tin tin\nmystery mountain#1934#12#otto brower and b reeves eason#ken maynard\nthe phantom empire#1935#12#otto brower and b reeves eason#gene autry\nthe miracle rider#1935#15#otto brower and b reeves eason#tom mix & charles middleton\nthe adventures of rex and rinty#1935#12#b reeves eason and ford beebe#rex & rin tin tin\nthe fighting marines#1935#12#b reeves eason and joseph kane#grant withers\n",
        "pandas_code": "((df[df['year'].str.isnumeric()]['year'].astype(int) < 1930) & (df[df['chapters'].str.isnumeric()]['chapters'].astype(int) > 10)).sum() == 0",
        "pandas_eval": "True"
    },
    {
        "id": 34411,
        "statement": "the miracle rider be the only listed series that have 15 episode",
        "label": 1,
        "table_caption": "list of film serials by studio",
        "table_text": "serial title#year#chapters#director#cast\nsilent serials#silent serials#silent serials#silent serials#silent serials\nthe silent flyer#1926#10#william james craft#malcolm mcgregor\nheroes of the wild#1927#10#harry s webb#jack hoxie\nisle of sunken gold#1927#10#harry s webb#anita stewart & duke kahanamoku\nthe golden stallion#1927#10#harry s webb#maurice flynn & joe bonomo\nthe vanishing west#1928#10#richard thorpe#jack perrin & eileen sedgwick\nvultures of the sea#1928#10#richard thorpe#johnnie walker & shirley mason\nthe fatal warning#1929#10#richard thorpe#helene costello & ralph graves\npartial sound serials#partial sound serials#partial sound serials#partial sound serials#partial sound serials\nthe king of the kongo#1929#10#richard thorpe#jacqueline logan & walter miller\nall sound serials#all sound serials#all sound serials#all sound serials#all sound serials\nthe lone defender#1930#12#richard thorpe#rin tin tin & walter miller\nthe phantom of the west#1931#10#d ross lederman#tom tyler & william desmond\nking of the wild#1931#12#b reeves eason and richard thorpe#walter miller and nora lane\nthe vanishing legion#1931#12#ford beebe and b reeves eason#harry carey and edwina booth\nthe galloping ghost#1931#12#b reeves eason and benjamin h kline#harold 'red' grange\nthe lightning warrior#1931#12#benjamin h kline and armand schaefer#rin tin tin\nthe shadow of the eagle#1932#12#ford beebe and b reeves eason#john wayne\nthe last of the mohicans#1932#12#ford beebe and b reeves eason#harry carey\nthe hurricane express#1932#12#jp mcgowan and armand schaefer#john wayne\nthe devil horse#1932#12#otto brower#harry carey & noah beery\nthe whispering shadow#1933#12#colbert clark and albert herman#bela lugosi\nthe three musketeers#1933#12#colbert clark and armand schaefer#john wayne and lon chaney jr\nfighting with kit carson#1933#12#colbert clark and armand schaefer#johnny mack brown & betsy king ross\nthe wolf dog#1933#12#colbert clark and harry l fraser#rin tin tin & frankie darro\nthe mystery squadron#1933#12#colbert clark and david howard#bob steele & guinn big boy williams\nthe lost jungle#1934#12#david howard and armand schaefer#clyde beatty & cecilia parker\nburn 'em up barnes#1934#12#colbert clark and armand schaefer#jack mulhall & frankie darro\nthe law of the wild#1934#12#b reeves eason and armand schaefer#rin tin tin\nmystery mountain#1934#12#otto brower and b reeves eason#ken maynard\nthe phantom empire#1935#12#otto brower and b reeves eason#gene autry\nthe miracle rider#1935#15#otto brower and b reeves eason#tom mix & charles middleton\nthe adventures of rex and rinty#1935#12#b reeves eason and ford beebe#rex & rin tin tin\nthe fighting marines#1935#12#b reeves eason and joseph kane#grant withers\n",
        "pandas_code": "df[df['serial title'] == 'the miracle rider']['chapters'].eq('15').all()",
        "pandas_eval": "True"
    },
    {
        "id": 34412,
        "statement": "rin tin tin be cast in 5 series between 1930 and 1935",
        "label": 1,
        "table_caption": "list of film serials by studio",
        "table_text": "serial title#year#chapters#director#cast\nsilent serials#silent serials#silent serials#silent serials#silent serials\nthe silent flyer#1926#10#william james craft#malcolm mcgregor\nheroes of the wild#1927#10#harry s webb#jack hoxie\nisle of sunken gold#1927#10#harry s webb#anita stewart & duke kahanamoku\nthe golden stallion#1927#10#harry s webb#maurice flynn & joe bonomo\nthe vanishing west#1928#10#richard thorpe#jack perrin & eileen sedgwick\nvultures of the sea#1928#10#richard thorpe#johnnie walker & shirley mason\nthe fatal warning#1929#10#richard thorpe#helene costello & ralph graves\npartial sound serials#partial sound serials#partial sound serials#partial sound serials#partial sound serials\nthe king of the kongo#1929#10#richard thorpe#jacqueline logan & walter miller\nall sound serials#all sound serials#all sound serials#all sound serials#all sound serials\nthe lone defender#1930#12#richard thorpe#rin tin tin & walter miller\nthe phantom of the west#1931#10#d ross lederman#tom tyler & william desmond\nking of the wild#1931#12#b reeves eason and richard thorpe#walter miller and nora lane\nthe vanishing legion#1931#12#ford beebe and b reeves eason#harry carey and edwina booth\nthe galloping ghost#1931#12#b reeves eason and benjamin h kline#harold 'red' grange\nthe lightning warrior#1931#12#benjamin h kline and armand schaefer#rin tin tin\nthe shadow of the eagle#1932#12#ford beebe and b reeves eason#john wayne\nthe last of the mohicans#1932#12#ford beebe and b reeves eason#harry carey\nthe hurricane express#1932#12#jp mcgowan and armand schaefer#john wayne\nthe devil horse#1932#12#otto brower#harry carey & noah beery\nthe whispering shadow#1933#12#colbert clark and albert herman#bela lugosi\nthe three musketeers#1933#12#colbert clark and armand schaefer#john wayne and lon chaney jr\nfighting with kit carson#1933#12#colbert clark and armand schaefer#johnny mack brown & betsy king ross\nthe wolf dog#1933#12#colbert clark and harry l fraser#rin tin tin & frankie darro\nthe mystery squadron#1933#12#colbert clark and david howard#bob steele & guinn big boy williams\nthe lost jungle#1934#12#david howard and armand schaefer#clyde beatty & cecilia parker\nburn 'em up barnes#1934#12#colbert clark and armand schaefer#jack mulhall & frankie darro\nthe law of the wild#1934#12#b reeves eason and armand schaefer#rin tin tin\nmystery mountain#1934#12#otto brower and b reeves eason#ken maynard\nthe phantom empire#1935#12#otto brower and b reeves eason#gene autry\nthe miracle rider#1935#15#otto brower and b reeves eason#tom mix & charles middleton\nthe adventures of rex and rinty#1935#12#b reeves eason and ford beebe#rex & rin tin tin\nthe fighting marines#1935#12#b reeves eason and joseph kane#grant withers\n",
        "pandas_code": "((df['cast'].str.contains('rin tin tin')) & (df['year'].astype(str).between('1930', '1935'))).sum() == 5",
        "pandas_eval": "True"
    },
    {
        "id": 34414,
        "statement": "richard thorpe direct 5 series between 1928 and 1930",
        "label": 1,
        "table_caption": "list of film serials by studio",
        "table_text": "serial title#year#chapters#director#cast\nsilent serials#silent serials#silent serials#silent serials#silent serials\nthe silent flyer#1926#10#william james craft#malcolm mcgregor\nheroes of the wild#1927#10#harry s webb#jack hoxie\nisle of sunken gold#1927#10#harry s webb#anita stewart & duke kahanamoku\nthe golden stallion#1927#10#harry s webb#maurice flynn & joe bonomo\nthe vanishing west#1928#10#richard thorpe#jack perrin & eileen sedgwick\nvultures of the sea#1928#10#richard thorpe#johnnie walker & shirley mason\nthe fatal warning#1929#10#richard thorpe#helene costello & ralph graves\npartial sound serials#partial sound serials#partial sound serials#partial sound serials#partial sound serials\nthe king of the kongo#1929#10#richard thorpe#jacqueline logan & walter miller\nall sound serials#all sound serials#all sound serials#all sound serials#all sound serials\nthe lone defender#1930#12#richard thorpe#rin tin tin & walter miller\nthe phantom of the west#1931#10#d ross lederman#tom tyler & william desmond\nking of the wild#1931#12#b reeves eason and richard thorpe#walter miller and nora lane\nthe vanishing legion#1931#12#ford beebe and b reeves eason#harry carey and edwina booth\nthe galloping ghost#1931#12#b reeves eason and benjamin h kline#harold 'red' grange\nthe lightning warrior#1931#12#benjamin h kline and armand schaefer#rin tin tin\nthe shadow of the eagle#1932#12#ford beebe and b reeves eason#john wayne\nthe last of the mohicans#1932#12#ford beebe and b reeves eason#harry carey\nthe hurricane express#1932#12#jp mcgowan and armand schaefer#john wayne\nthe devil horse#1932#12#otto brower#harry carey & noah beery\nthe whispering shadow#1933#12#colbert clark and albert herman#bela lugosi\nthe three musketeers#1933#12#colbert clark and armand schaefer#john wayne and lon chaney jr\nfighting with kit carson#1933#12#colbert clark and armand schaefer#johnny mack brown & betsy king ross\nthe wolf dog#1933#12#colbert clark and harry l fraser#rin tin tin & frankie darro\nthe mystery squadron#1933#12#colbert clark and david howard#bob steele & guinn big boy williams\nthe lost jungle#1934#12#david howard and armand schaefer#clyde beatty & cecilia parker\nburn 'em up barnes#1934#12#colbert clark and armand schaefer#jack mulhall & frankie darro\nthe law of the wild#1934#12#b reeves eason and armand schaefer#rin tin tin\nmystery mountain#1934#12#otto brower and b reeves eason#ken maynard\nthe phantom empire#1935#12#otto brower and b reeves eason#gene autry\nthe miracle rider#1935#15#otto brower and b reeves eason#tom mix & charles middleton\nthe adventures of rex and rinty#1935#12#b reeves eason and ford beebe#rex & rin tin tin\nthe fighting marines#1935#12#b reeves eason and joseph kane#grant withers\n",
        "pandas_code": "len(df[(df['director'] == 'richard thorpe') & (df['year'].astype(str).between('1928', '1930'))]) == 5",
        "pandas_eval": "True"
    },
    {
        "id": 34416,
        "statement": "vulture of the sea be the only listed series that have 15 episode",
        "label": 0,
        "table_caption": "list of film serials by studio",
        "table_text": "serial title#year#chapters#director#cast\nsilent serials#silent serials#silent serials#silent serials#silent serials\nthe silent flyer#1926#10#william james craft#malcolm mcgregor\nheroes of the wild#1927#10#harry s webb#jack hoxie\nisle of sunken gold#1927#10#harry s webb#anita stewart & duke kahanamoku\nthe golden stallion#1927#10#harry s webb#maurice flynn & joe bonomo\nthe vanishing west#1928#10#richard thorpe#jack perrin & eileen sedgwick\nvultures of the sea#1928#10#richard thorpe#johnnie walker & shirley mason\nthe fatal warning#1929#10#richard thorpe#helene costello & ralph graves\npartial sound serials#partial sound serials#partial sound serials#partial sound serials#partial sound serials\nthe king of the kongo#1929#10#richard thorpe#jacqueline logan & walter miller\nall sound serials#all sound serials#all sound serials#all sound serials#all sound serials\nthe lone defender#1930#12#richard thorpe#rin tin tin & walter miller\nthe phantom of the west#1931#10#d ross lederman#tom tyler & william desmond\nking of the wild#1931#12#b reeves eason and richard thorpe#walter miller and nora lane\nthe vanishing legion#1931#12#ford beebe and b reeves eason#harry carey and edwina booth\nthe galloping ghost#1931#12#b reeves eason and benjamin h kline#harold 'red' grange\nthe lightning warrior#1931#12#benjamin h kline and armand schaefer#rin tin tin\nthe shadow of the eagle#1932#12#ford beebe and b reeves eason#john wayne\nthe last of the mohicans#1932#12#ford beebe and b reeves eason#harry carey\nthe hurricane express#1932#12#jp mcgowan and armand schaefer#john wayne\nthe devil horse#1932#12#otto brower#harry carey & noah beery\nthe whispering shadow#1933#12#colbert clark and albert herman#bela lugosi\nthe three musketeers#1933#12#colbert clark and armand schaefer#john wayne and lon chaney jr\nfighting with kit carson#1933#12#colbert clark and armand schaefer#johnny mack brown & betsy king ross\nthe wolf dog#1933#12#colbert clark and harry l fraser#rin tin tin & frankie darro\nthe mystery squadron#1933#12#colbert clark and david howard#bob steele & guinn big boy williams\nthe lost jungle#1934#12#david howard and armand schaefer#clyde beatty & cecilia parker\nburn 'em up barnes#1934#12#colbert clark and armand schaefer#jack mulhall & frankie darro\nthe law of the wild#1934#12#b reeves eason and armand schaefer#rin tin tin\nmystery mountain#1934#12#otto brower and b reeves eason#ken maynard\nthe phantom empire#1935#12#otto brower and b reeves eason#gene autry\nthe miracle rider#1935#15#otto brower and b reeves eason#tom mix & charles middleton\nthe adventures of rex and rinty#1935#12#b reeves eason and ford beebe#rex & rin tin tin\nthe fighting marines#1935#12#b reeves eason and joseph kane#grant withers\n",
        "pandas_code": "df[df['serial title'] == 'vultures of the sea']['chapters'].iloc[0] == '15' and df[df['chapters'] == '15'].shape[0] == 1",
        "pandas_eval": "False"
    },
    {
        "id": 34417,
        "statement": "jack hoxie be cast in three series between 1930 and 1935",
        "label": 0,
        "table_caption": "list of film serials by studio",
        "table_text": "serial title#year#chapters#director#cast\nsilent serials#silent serials#silent serials#silent serials#silent serials\nthe silent flyer#1926#10#william james craft#malcolm mcgregor\nheroes of the wild#1927#10#harry s webb#jack hoxie\nisle of sunken gold#1927#10#harry s webb#anita stewart & duke kahanamoku\nthe golden stallion#1927#10#harry s webb#maurice flynn & joe bonomo\nthe vanishing west#1928#10#richard thorpe#jack perrin & eileen sedgwick\nvultures of the sea#1928#10#richard thorpe#johnnie walker & shirley mason\nthe fatal warning#1929#10#richard thorpe#helene costello & ralph graves\npartial sound serials#partial sound serials#partial sound serials#partial sound serials#partial sound serials\nthe king of the kongo#1929#10#richard thorpe#jacqueline logan & walter miller\nall sound serials#all sound serials#all sound serials#all sound serials#all sound serials\nthe lone defender#1930#12#richard thorpe#rin tin tin & walter miller\nthe phantom of the west#1931#10#d ross lederman#tom tyler & william desmond\nking of the wild#1931#12#b reeves eason and richard thorpe#walter miller and nora lane\nthe vanishing legion#1931#12#ford beebe and b reeves eason#harry carey and edwina booth\nthe galloping ghost#1931#12#b reeves eason and benjamin h kline#harold 'red' grange\nthe lightning warrior#1931#12#benjamin h kline and armand schaefer#rin tin tin\nthe shadow of the eagle#1932#12#ford beebe and b reeves eason#john wayne\nthe last of the mohicans#1932#12#ford beebe and b reeves eason#harry carey\nthe hurricane express#1932#12#jp mcgowan and armand schaefer#john wayne\nthe devil horse#1932#12#otto brower#harry carey & noah beery\nthe whispering shadow#1933#12#colbert clark and albert herman#bela lugosi\nthe three musketeers#1933#12#colbert clark and armand schaefer#john wayne and lon chaney jr\nfighting with kit carson#1933#12#colbert clark and armand schaefer#johnny mack brown & betsy king ross\nthe wolf dog#1933#12#colbert clark and harry l fraser#rin tin tin & frankie darro\nthe mystery squadron#1933#12#colbert clark and david howard#bob steele & guinn big boy williams\nthe lost jungle#1934#12#david howard and armand schaefer#clyde beatty & cecilia parker\nburn 'em up barnes#1934#12#colbert clark and armand schaefer#jack mulhall & frankie darro\nthe law of the wild#1934#12#b reeves eason and armand schaefer#rin tin tin\nmystery mountain#1934#12#otto brower and b reeves eason#ken maynard\nthe phantom empire#1935#12#otto brower and b reeves eason#gene autry\nthe miracle rider#1935#15#otto brower and b reeves eason#tom mix & charles middleton\nthe adventures of rex and rinty#1935#12#b reeves eason and ford beebe#rex & rin tin tin\nthe fighting marines#1935#12#b reeves eason and joseph kane#grant withers\n",
        "pandas_code": "((df['cast'].str.contains('jack hoxie')) & (df['year'].astype(str).between('1930', '1935'))).sum() == 3",
        "pandas_eval": "False"
    },
    {
        "id": 34418,
        "statement": "the phantom of the west be the only series in the 1930s that have exactly12 episode",
        "label": 0,
        "table_caption": "list of film serials by studio",
        "table_text": "serial title#year#chapters#director#cast\nsilent serials#silent serials#silent serials#silent serials#silent serials\nthe silent flyer#1926#10#william james craft#malcolm mcgregor\nheroes of the wild#1927#10#harry s webb#jack hoxie\nisle of sunken gold#1927#10#harry s webb#anita stewart & duke kahanamoku\nthe golden stallion#1927#10#harry s webb#maurice flynn & joe bonomo\nthe vanishing west#1928#10#richard thorpe#jack perrin & eileen sedgwick\nvultures of the sea#1928#10#richard thorpe#johnnie walker & shirley mason\nthe fatal warning#1929#10#richard thorpe#helene costello & ralph graves\npartial sound serials#partial sound serials#partial sound serials#partial sound serials#partial sound serials\nthe king of the kongo#1929#10#richard thorpe#jacqueline logan & walter miller\nall sound serials#all sound serials#all sound serials#all sound serials#all sound serials\nthe lone defender#1930#12#richard thorpe#rin tin tin & walter miller\nthe phantom of the west#1931#10#d ross lederman#tom tyler & william desmond\nking of the wild#1931#12#b reeves eason and richard thorpe#walter miller and nora lane\nthe vanishing legion#1931#12#ford beebe and b reeves eason#harry carey and edwina booth\nthe galloping ghost#1931#12#b reeves eason and benjamin h kline#harold 'red' grange\nthe lightning warrior#1931#12#benjamin h kline and armand schaefer#rin tin tin\nthe shadow of the eagle#1932#12#ford beebe and b reeves eason#john wayne\nthe last of the mohicans#1932#12#ford beebe and b reeves eason#harry carey\nthe hurricane express#1932#12#jp mcgowan and armand schaefer#john wayne\nthe devil horse#1932#12#otto brower#harry carey & noah beery\nthe whispering shadow#1933#12#colbert clark and albert herman#bela lugosi\nthe three musketeers#1933#12#colbert clark and armand schaefer#john wayne and lon chaney jr\nfighting with kit carson#1933#12#colbert clark and armand schaefer#johnny mack brown & betsy king ross\nthe wolf dog#1933#12#colbert clark and harry l fraser#rin tin tin & frankie darro\nthe mystery squadron#1933#12#colbert clark and david howard#bob steele & guinn big boy williams\nthe lost jungle#1934#12#david howard and armand schaefer#clyde beatty & cecilia parker\nburn 'em up barnes#1934#12#colbert clark and armand schaefer#jack mulhall & frankie darro\nthe law of the wild#1934#12#b reeves eason and armand schaefer#rin tin tin\nmystery mountain#1934#12#otto brower and b reeves eason#ken maynard\nthe phantom empire#1935#12#otto brower and b reeves eason#gene autry\nthe miracle rider#1935#15#otto brower and b reeves eason#tom mix & charles middleton\nthe adventures of rex and rinty#1935#12#b reeves eason and ford beebe#rex & rin tin tin\nthe fighting marines#1935#12#b reeves eason and joseph kane#grant withers\n",
        "pandas_code": "len(df[(df['year'].astype(str).str[:2] == '19') & (df['year'].astype(str).str[:4] >= '1930') & (df['year'].astype(str).str[:4] < '1940') & (df['chapters'].astype(str) == '12') & (df['serial title'] == 'the phantom of the west')]) == 1",
        "pandas_eval": "False"
    },
    {
        "id": 34419,
        "statement": "richard thorpe direct 11 series between 1928 and 1929",
        "label": 0,
        "table_caption": "list of film serials by studio",
        "table_text": "serial title#year#chapters#director#cast\nsilent serials#silent serials#silent serials#silent serials#silent serials\nthe silent flyer#1926#10#william james craft#malcolm mcgregor\nheroes of the wild#1927#10#harry s webb#jack hoxie\nisle of sunken gold#1927#10#harry s webb#anita stewart & duke kahanamoku\nthe golden stallion#1927#10#harry s webb#maurice flynn & joe bonomo\nthe vanishing west#1928#10#richard thorpe#jack perrin & eileen sedgwick\nvultures of the sea#1928#10#richard thorpe#johnnie walker & shirley mason\nthe fatal warning#1929#10#richard thorpe#helene costello & ralph graves\npartial sound serials#partial sound serials#partial sound serials#partial sound serials#partial sound serials\nthe king of the kongo#1929#10#richard thorpe#jacqueline logan & walter miller\nall sound serials#all sound serials#all sound serials#all sound serials#all sound serials\nthe lone defender#1930#12#richard thorpe#rin tin tin & walter miller\nthe phantom of the west#1931#10#d ross lederman#tom tyler & william desmond\nking of the wild#1931#12#b reeves eason and richard thorpe#walter miller and nora lane\nthe vanishing legion#1931#12#ford beebe and b reeves eason#harry carey and edwina booth\nthe galloping ghost#1931#12#b reeves eason and benjamin h kline#harold 'red' grange\nthe lightning warrior#1931#12#benjamin h kline and armand schaefer#rin tin tin\nthe shadow of the eagle#1932#12#ford beebe and b reeves eason#john wayne\nthe last of the mohicans#1932#12#ford beebe and b reeves eason#harry carey\nthe hurricane express#1932#12#jp mcgowan and armand schaefer#john wayne\nthe devil horse#1932#12#otto brower#harry carey & noah beery\nthe whispering shadow#1933#12#colbert clark and albert herman#bela lugosi\nthe three musketeers#1933#12#colbert clark and armand schaefer#john wayne and lon chaney jr\nfighting with kit carson#1933#12#colbert clark and armand schaefer#johnny mack brown & betsy king ross\nthe wolf dog#1933#12#colbert clark and harry l fraser#rin tin tin & frankie darro\nthe mystery squadron#1933#12#colbert clark and david howard#bob steele & guinn big boy williams\nthe lost jungle#1934#12#david howard and armand schaefer#clyde beatty & cecilia parker\nburn 'em up barnes#1934#12#colbert clark and armand schaefer#jack mulhall & frankie darro\nthe law of the wild#1934#12#b reeves eason and armand schaefer#rin tin tin\nmystery mountain#1934#12#otto brower and b reeves eason#ken maynard\nthe phantom empire#1935#12#otto brower and b reeves eason#gene autry\nthe miracle rider#1935#15#otto brower and b reeves eason#tom mix & charles middleton\nthe adventures of rex and rinty#1935#12#b reeves eason and ford beebe#rex & rin tin tin\nthe fighting marines#1935#12#b reeves eason and joseph kane#grant withers\n",
        "pandas_code": "((df['director'] == 'richard thorpe') & (df['year'].astype(str).between('1928', '1929'))).sum() == 11",
        "pandas_eval": "False"
    }
]