[
    {
        "id": 33227,
        "statement": "los angeles and oakland be the only location for game 70 through 74",
        "label": 1,
        "table_caption": "1967 - 68 los angeles kings season",
        "table_text": "game#date#opponent#score#location / attendance#record\n61#2#toronto maple leafs#2 - 5#toronto#26 - 29 - 6\n62#5#montreal canadiens#2 - 6#los angeles#26 - 30 - 6\n63#7#oakland seals#9 - 2#los angeles#27 - 30 - 6\n64#9#pittsburgh penguins#1 - 3#pittsburgh#27 - 31 - 6\n65#10#new york rangers#4 - 3#new york#28 - 31 - 6\n66#12#detroit red wings#2 - 2#los angeles#28 - 31 - 7\n67#14#philadelphia flyers#0 - 0#quebec city#28 - 31 - 8\n68#16#minnesota north stars#2 - 1#minnesota#29 - 31 - 8\n69#20#minnesota north stars#3 - 3#los angeles#29 - 31 - 9\n70#22#st louis blues#6 - 1#los angeles#30 - 31 - 9\n71#23#philadelphia flyers#4 - 2#los angeles#31 - 31 - 9\n72#26#pittsburgh penguins#1 - 2#los angeles#31 - 32 - 9\n73#27#minnesota north stars#3 - 5#los angeles#31 - 33 - 9\n74#30#oakland seals#2 - 2#oakland#31 - 33 - 10\n",
        "pandas_code": "df[(df['game'] >= 70) & (df['game'] <= 74)]['location / attendance'].isin(['los angeles', 'oakland']).all()",
        "pandas_eval": "True"
    },
    {
        "id": 33228,
        "statement": "the philadelphia flyer be the opponent in the lowest scoring game",
        "label": 1,
        "table_caption": "1967 - 68 los angeles kings season",
        "table_text": "game#date#opponent#score#location / attendance#record\n61#2#toronto maple leafs#2 - 5#toronto#26 - 29 - 6\n62#5#montreal canadiens#2 - 6#los angeles#26 - 30 - 6\n63#7#oakland seals#9 - 2#los angeles#27 - 30 - 6\n64#9#pittsburgh penguins#1 - 3#pittsburgh#27 - 31 - 6\n65#10#new york rangers#4 - 3#new york#28 - 31 - 6\n66#12#detroit red wings#2 - 2#los angeles#28 - 31 - 7\n67#14#philadelphia flyers#0 - 0#quebec city#28 - 31 - 8\n68#16#minnesota north stars#2 - 1#minnesota#29 - 31 - 8\n69#20#minnesota north stars#3 - 3#los angeles#29 - 31 - 9\n70#22#st louis blues#6 - 1#los angeles#30 - 31 - 9\n71#23#philadelphia flyers#4 - 2#los angeles#31 - 31 - 9\n72#26#pittsburgh penguins#1 - 2#los angeles#31 - 32 - 9\n73#27#minnesota north stars#3 - 5#los angeles#31 - 33 - 9\n74#30#oakland seals#2 - 2#oakland#31 - 33 - 10\n",
        "pandas_code": "df.loc[df['score'].apply(lambda x: sum(map(int, x.split(' - ')))).idxmin(), 'opponent'] == 'philadelphia flyers'",
        "pandas_eval": "True"
    },
    {
        "id": 33229,
        "statement": "after the minnesota north star be the opponent 2 time in a row , the st louis blue be the next opponent",
        "label": 1,
        "table_caption": "1967 - 68 los angeles kings season",
        "table_text": "game#date#opponent#score#location / attendance#record\n61#2#toronto maple leafs#2 - 5#toronto#26 - 29 - 6\n62#5#montreal canadiens#2 - 6#los angeles#26 - 30 - 6\n63#7#oakland seals#9 - 2#los angeles#27 - 30 - 6\n64#9#pittsburgh penguins#1 - 3#pittsburgh#27 - 31 - 6\n65#10#new york rangers#4 - 3#new york#28 - 31 - 6\n66#12#detroit red wings#2 - 2#los angeles#28 - 31 - 7\n67#14#philadelphia flyers#0 - 0#quebec city#28 - 31 - 8\n68#16#minnesota north stars#2 - 1#minnesota#29 - 31 - 8\n69#20#minnesota north stars#3 - 3#los angeles#29 - 31 - 9\n70#22#st louis blues#6 - 1#los angeles#30 - 31 - 9\n71#23#philadelphia flyers#4 - 2#los angeles#31 - 31 - 9\n72#26#pittsburgh penguins#1 - 2#los angeles#31 - 32 - 9\n73#27#minnesota north stars#3 - 5#los angeles#31 - 33 - 9\n74#30#oakland seals#2 - 2#oakland#31 - 33 - 10\n",
        "pandas_code": "((df['opponent'].shift(1) == 'minnesota north stars') & (df['opponent'].shift(2) == 'minnesota north stars') & (df['opponent'] == 'st louis blues')).any()",
        "pandas_eval": "True"
    },
    {
        "id": 33230,
        "statement": "more game be play on an even numbered date than an odd - numbered date",
        "label": 1,
        "table_caption": "1967 - 68 los angeles kings season",
        "table_text": "game#date#opponent#score#location / attendance#record\n61#2#toronto maple leafs#2 - 5#toronto#26 - 29 - 6\n62#5#montreal canadiens#2 - 6#los angeles#26 - 30 - 6\n63#7#oakland seals#9 - 2#los angeles#27 - 30 - 6\n64#9#pittsburgh penguins#1 - 3#pittsburgh#27 - 31 - 6\n65#10#new york rangers#4 - 3#new york#28 - 31 - 6\n66#12#detroit red wings#2 - 2#los angeles#28 - 31 - 7\n67#14#philadelphia flyers#0 - 0#quebec city#28 - 31 - 8\n68#16#minnesota north stars#2 - 1#minnesota#29 - 31 - 8\n69#20#minnesota north stars#3 - 3#los angeles#29 - 31 - 9\n70#22#st louis blues#6 - 1#los angeles#30 - 31 - 9\n71#23#philadelphia flyers#4 - 2#los angeles#31 - 31 - 9\n72#26#pittsburgh penguins#1 - 2#los angeles#31 - 32 - 9\n73#27#minnesota north stars#3 - 5#los angeles#31 - 33 - 9\n74#30#oakland seals#2 - 2#oakland#31 - 33 - 10\n",
        "pandas_code": "(df[df['date'] % 2 == 0].shape[0] > df[df['date'] % 2 != 0].shape[0])",
        "pandas_eval": "True"
    },
    {
        "id": 33231,
        "statement": "of the 2 game against the oakland seal , the second game have a lower score",
        "label": 1,
        "table_caption": "1967 - 68 los angeles kings season",
        "table_text": "game#date#opponent#score#location / attendance#record\n61#2#toronto maple leafs#2 - 5#toronto#26 - 29 - 6\n62#5#montreal canadiens#2 - 6#los angeles#26 - 30 - 6\n63#7#oakland seals#9 - 2#los angeles#27 - 30 - 6\n64#9#pittsburgh penguins#1 - 3#pittsburgh#27 - 31 - 6\n65#10#new york rangers#4 - 3#new york#28 - 31 - 6\n66#12#detroit red wings#2 - 2#los angeles#28 - 31 - 7\n67#14#philadelphia flyers#0 - 0#quebec city#28 - 31 - 8\n68#16#minnesota north stars#2 - 1#minnesota#29 - 31 - 8\n69#20#minnesota north stars#3 - 3#los angeles#29 - 31 - 9\n70#22#st louis blues#6 - 1#los angeles#30 - 31 - 9\n71#23#philadelphia flyers#4 - 2#los angeles#31 - 31 - 9\n72#26#pittsburgh penguins#1 - 2#los angeles#31 - 32 - 9\n73#27#minnesota north stars#3 - 5#los angeles#31 - 33 - 9\n74#30#oakland seals#2 - 2#oakland#31 - 33 - 10\n",
        "pandas_code": "(df[df['opponent'] == 'oakland seals'].iloc[1]['score'] < df[df['opponent'] == 'oakland seals'].iloc[0]['score'])",
        "pandas_eval": "True"
    },
    {
        "id": 33232,
        "statement": "los angeles and oakland be the only location for game 68 through 74",
        "label": 0,
        "table_caption": "1967 - 68 los angeles kings season",
        "table_text": "game#date#opponent#score#location / attendance#record\n61#2#toronto maple leafs#2 - 5#toronto#26 - 29 - 6\n62#5#montreal canadiens#2 - 6#los angeles#26 - 30 - 6\n63#7#oakland seals#9 - 2#los angeles#27 - 30 - 6\n64#9#pittsburgh penguins#1 - 3#pittsburgh#27 - 31 - 6\n65#10#new york rangers#4 - 3#new york#28 - 31 - 6\n66#12#detroit red wings#2 - 2#los angeles#28 - 31 - 7\n67#14#philadelphia flyers#0 - 0#quebec city#28 - 31 - 8\n68#16#minnesota north stars#2 - 1#minnesota#29 - 31 - 8\n69#20#minnesota north stars#3 - 3#los angeles#29 - 31 - 9\n70#22#st louis blues#6 - 1#los angeles#30 - 31 - 9\n71#23#philadelphia flyers#4 - 2#los angeles#31 - 31 - 9\n72#26#pittsburgh penguins#1 - 2#los angeles#31 - 32 - 9\n73#27#minnesota north stars#3 - 5#los angeles#31 - 33 - 9\n74#30#oakland seals#2 - 2#oakland#31 - 33 - 10\n",
        "pandas_code": "df[(df['game'] >= 68) & (df['game'] <= 74)]['location / attendance'].isin(['los angeles', 'oakland']).all()",
        "pandas_eval": "False"
    },
    {
        "id": 33233,
        "statement": "the philadelphia flyer be the opponent in the highest scoring game",
        "label": 0,
        "table_caption": "1967 - 68 los angeles kings season",
        "table_text": "game#date#opponent#score#location / attendance#record\n61#2#toronto maple leafs#2 - 5#toronto#26 - 29 - 6\n62#5#montreal canadiens#2 - 6#los angeles#26 - 30 - 6\n63#7#oakland seals#9 - 2#los angeles#27 - 30 - 6\n64#9#pittsburgh penguins#1 - 3#pittsburgh#27 - 31 - 6\n65#10#new york rangers#4 - 3#new york#28 - 31 - 6\n66#12#detroit red wings#2 - 2#los angeles#28 - 31 - 7\n67#14#philadelphia flyers#0 - 0#quebec city#28 - 31 - 8\n68#16#minnesota north stars#2 - 1#minnesota#29 - 31 - 8\n69#20#minnesota north stars#3 - 3#los angeles#29 - 31 - 9\n70#22#st louis blues#6 - 1#los angeles#30 - 31 - 9\n71#23#philadelphia flyers#4 - 2#los angeles#31 - 31 - 9\n72#26#pittsburgh penguins#1 - 2#los angeles#31 - 32 - 9\n73#27#minnesota north stars#3 - 5#los angeles#31 - 33 - 9\n74#30#oakland seals#2 - 2#oakland#31 - 33 - 10\n",
        "pandas_code": "df.loc[df['score'].apply(lambda x: sum(map(int, x.split(' - ')))).idxmax(), 'opponent'] == 'philadelphia flyers'",
        "pandas_eval": "False"
    },
    {
        "id": 33234,
        "statement": "after the minnesota north star be the opponent 2 time in a row , philadelphia flyer be the next opponent",
        "label": 0,
        "table_caption": "1967 - 68 los angeles kings season",
        "table_text": "game#date#opponent#score#location / attendance#record\n61#2#toronto maple leafs#2 - 5#toronto#26 - 29 - 6\n62#5#montreal canadiens#2 - 6#los angeles#26 - 30 - 6\n63#7#oakland seals#9 - 2#los angeles#27 - 30 - 6\n64#9#pittsburgh penguins#1 - 3#pittsburgh#27 - 31 - 6\n65#10#new york rangers#4 - 3#new york#28 - 31 - 6\n66#12#detroit red wings#2 - 2#los angeles#28 - 31 - 7\n67#14#philadelphia flyers#0 - 0#quebec city#28 - 31 - 8\n68#16#minnesota north stars#2 - 1#minnesota#29 - 31 - 8\n69#20#minnesota north stars#3 - 3#los angeles#29 - 31 - 9\n70#22#st louis blues#6 - 1#los angeles#30 - 31 - 9\n71#23#philadelphia flyers#4 - 2#los angeles#31 - 31 - 9\n72#26#pittsburgh penguins#1 - 2#los angeles#31 - 32 - 9\n73#27#minnesota north stars#3 - 5#los angeles#31 - 33 - 9\n74#30#oakland seals#2 - 2#oakland#31 - 33 - 10\n",
        "pandas_code": "((df['opponent'].shift(1) == 'minnesota north stars') & (df['opponent'].shift(2) == 'minnesota north stars') & (df['opponent'] == 'philadelphia flyers')).any()",
        "pandas_eval": "False"
    },
    {
        "id": 33235,
        "statement": "more ames be play on an odd - numbered date than an even - numbered date",
        "label": 0,
        "table_caption": "1967 - 68 los angeles kings season",
        "table_text": "game#date#opponent#score#location / attendance#record\n61#2#toronto maple leafs#2 - 5#toronto#26 - 29 - 6\n62#5#montreal canadiens#2 - 6#los angeles#26 - 30 - 6\n63#7#oakland seals#9 - 2#los angeles#27 - 30 - 6\n64#9#pittsburgh penguins#1 - 3#pittsburgh#27 - 31 - 6\n65#10#new york rangers#4 - 3#new york#28 - 31 - 6\n66#12#detroit red wings#2 - 2#los angeles#28 - 31 - 7\n67#14#philadelphia flyers#0 - 0#quebec city#28 - 31 - 8\n68#16#minnesota north stars#2 - 1#minnesota#29 - 31 - 8\n69#20#minnesota north stars#3 - 3#los angeles#29 - 31 - 9\n70#22#st louis blues#6 - 1#los angeles#30 - 31 - 9\n71#23#philadelphia flyers#4 - 2#los angeles#31 - 31 - 9\n72#26#pittsburgh penguins#1 - 2#los angeles#31 - 32 - 9\n73#27#minnesota north stars#3 - 5#los angeles#31 - 33 - 9\n74#30#oakland seals#2 - 2#oakland#31 - 33 - 10\n",
        "pandas_code": "(df['date'] % 2 != 0).sum() > (df['date'] % 2 == 0).sum()",
        "pandas_eval": "False"
    },
    {
        "id": 33236,
        "statement": "of the 2 game against the oakland seal , the first game have a lower score",
        "label": 0,
        "table_caption": "1967 - 68 los angeles kings season",
        "table_text": "game#date#opponent#score#location / attendance#record\n61#2#toronto maple leafs#2 - 5#toronto#26 - 29 - 6\n62#5#montreal canadiens#2 - 6#los angeles#26 - 30 - 6\n63#7#oakland seals#9 - 2#los angeles#27 - 30 - 6\n64#9#pittsburgh penguins#1 - 3#pittsburgh#27 - 31 - 6\n65#10#new york rangers#4 - 3#new york#28 - 31 - 6\n66#12#detroit red wings#2 - 2#los angeles#28 - 31 - 7\n67#14#philadelphia flyers#0 - 0#quebec city#28 - 31 - 8\n68#16#minnesota north stars#2 - 1#minnesota#29 - 31 - 8\n69#20#minnesota north stars#3 - 3#los angeles#29 - 31 - 9\n70#22#st louis blues#6 - 1#los angeles#30 - 31 - 9\n71#23#philadelphia flyers#4 - 2#los angeles#31 - 31 - 9\n72#26#pittsburgh penguins#1 - 2#los angeles#31 - 32 - 9\n73#27#minnesota north stars#3 - 5#los angeles#31 - 33 - 9\n74#30#oakland seals#2 - 2#oakland#31 - 33 - 10\n",
        "pandas_code": "(df[df['opponent'] == 'oakland seals'].iloc[0]['score'] < df[df['opponent'] == 'oakland seals'].iloc[1]['score'])",
        "pandas_eval": "False"
    },
    {
        "id": 87938,
        "statement": "game 18 have a score of 3 - 1",
        "label": 1,
        "table_caption": "1967 - 68 los angeles kings season",
        "table_text": "game#date#opponent#score#location / attendance#record\n10#2#chicago black hawks#1 - 3#los angeles#4 - 4 - 2\n11#4#minnesota north stars#2 - 2#minnesota#4 - 4 - 3\n12#5#detroit red wings#6 - 4#detroit#5 - 4 - 3\n13#7#oakland seals#5 - 4#los angeles#6 - 4 - 3\n14#9#toronto maple leafs#4 - 1#los angeles#7 - 4 - 3\n15#15#oakland seals#1 - 4#oakland#7 - 5 - 3\n16#17#detroit red wings#1 - 4#los angeles#7 - 6 - 3\n17#19#montreal canadiens#4 - 2#los angeles#8 - 6 - 3\n18#22#oakland seals#3 - 1#los angeles#9 - 6 - 3\n19#24#pittsburgh penguins#5 - 3#los angeles#10 - 6 - 3\n20#26#philadelphia flyers#2 - 7#philadelphia#10 - 7 - 3\n21#29#st louis blues#2 - 3#st louis#10 - 8 - 3\n",
        "pandas_code": "df.loc[df['game'] == 18, 'score'].values[0] == '3 - 1'",
        "pandas_eval": "True"
    }
]