[
    {
        "id": 33396,
        "statement": "the peak in us viewer be 8.09 million on november 19",
        "label": 1,
        "table_caption": "the new adventures of old christine (season 4)",
        "table_text": "series#season#title#written by#original air date#us viewers (millions)\n46#1#a decent proposal#kari lizer & jeff astrof#september 24 , 2008#6.52\n47#2#how i hate your mother#katie palmer#october 1 , 2008#6.80\n48#3#white like me#lew schneider#october 8 , 2008#7.53\n49#4#snakes on a date#lew schneider#october 15 , 2008#7.61\n50#5#everyone says i love you except ritchie#jackie filgo & jeff filgo#october 22 , 2008#7.75\n51#6#tie me up , don't tie me down#sherry bilsing - graham & ellen kreamer#october 29 , 2008#7.60\n52#7#so you think you can date#sherry bilsing - graham & ellen kreamer#november 5 , 2008#6.50\n53#8#self - esteem tempura#jeff astrof#november 12 , 2008#6.82\n54#9#rage against the christine#kari lizer & jeff astrof#november 19 , 2008#8.09\n55#10#guess who 's not coming to dinner#lew schneider & katie palmer#november 26 , 2008#7.48\n56#11#unidentified funk (part 1)#frank pines#december 10 , 2008#7.94\n57#12#happy endings (part 2)#jackie filgo & jeff filgo#december 17 , 2008#7.29\n58#13#notes on a 7th grade scandal#allan rice#january 14 , 2009#7.17\n59#14#what happens in vegas is disgusting in vegas#sherry bilsing - graham & ellen kreamer#january 21 , 2009#7.29\n60#15#reckless abandonment#jeff astrof#february 11 , 2009#6.67\n61#16#honey , i ran over the kid#sherry bilsing - graham & ellen plummer#february 18 , 2009#6.72\n62#17#too close for christine#amy iglow#march 11 , 2009#7.63\n63#18#a change in heart / pants#lew schneider & frank pines#march 18 , 2009#7.21\n64#19#hair#matt goldman#april 8 , 2009#7.17\n65#20#he ain't heavy#sherry bilsing - graham#may 6 , 2009#6.45\n66#21#the old maid of honor#kari lizer & jeff astrof#may 13 , 2009#6.50\n",
        "pandas_code": "df[df['original air date'] == 'november 19 , 2008']['us viewers (millions)'].values[0] == 8.09",
        "pandas_eval": "True"
    },
    {
        "id": 33397,
        "statement": "the smallest number of viewer be 6.45 million on may 6",
        "label": 1,
        "table_caption": "the new adventures of old christine (season 4)",
        "table_text": "series#season#title#written by#original air date#us viewers (millions)\n46#1#a decent proposal#kari lizer & jeff astrof#september 24 , 2008#6.52\n47#2#how i hate your mother#katie palmer#october 1 , 2008#6.80\n48#3#white like me#lew schneider#october 8 , 2008#7.53\n49#4#snakes on a date#lew schneider#october 15 , 2008#7.61\n50#5#everyone says i love you except ritchie#jackie filgo & jeff filgo#october 22 , 2008#7.75\n51#6#tie me up , don't tie me down#sherry bilsing - graham & ellen kreamer#october 29 , 2008#7.60\n52#7#so you think you can date#sherry bilsing - graham & ellen kreamer#november 5 , 2008#6.50\n53#8#self - esteem tempura#jeff astrof#november 12 , 2008#6.82\n54#9#rage against the christine#kari lizer & jeff astrof#november 19 , 2008#8.09\n55#10#guess who 's not coming to dinner#lew schneider & katie palmer#november 26 , 2008#7.48\n56#11#unidentified funk (part 1)#frank pines#december 10 , 2008#7.94\n57#12#happy endings (part 2)#jackie filgo & jeff filgo#december 17 , 2008#7.29\n58#13#notes on a 7th grade scandal#allan rice#january 14 , 2009#7.17\n59#14#what happens in vegas is disgusting in vegas#sherry bilsing - graham & ellen kreamer#january 21 , 2009#7.29\n60#15#reckless abandonment#jeff astrof#february 11 , 2009#6.67\n61#16#honey , i ran over the kid#sherry bilsing - graham & ellen plummer#february 18 , 2009#6.72\n62#17#too close for christine#amy iglow#march 11 , 2009#7.63\n63#18#a change in heart / pants#lew schneider & frank pines#march 18 , 2009#7.21\n64#19#hair#matt goldman#april 8 , 2009#7.17\n65#20#he ain't heavy#sherry bilsing - graham#may 6 , 2009#6.45\n66#21#the old maid of honor#kari lizer & jeff astrof#may 13 , 2009#6.50\n",
        "pandas_code": "df.loc[(df['original air date'] == 'may 6 , 2009') & (df['us viewers (millions)'] == 6.45)].any().any()",
        "pandas_eval": "True"
    },
    {
        "id": 33398,
        "statement": "after significant break in airtime , the number of viewer be always less than the previous episode",
        "label": 1,
        "table_caption": "the new adventures of old christine (season 4)",
        "table_text": "series#season#title#written by#original air date#us viewers (millions)\n46#1#a decent proposal#kari lizer & jeff astrof#september 24 , 2008#6.52\n47#2#how i hate your mother#katie palmer#october 1 , 2008#6.80\n48#3#white like me#lew schneider#october 8 , 2008#7.53\n49#4#snakes on a date#lew schneider#october 15 , 2008#7.61\n50#5#everyone says i love you except ritchie#jackie filgo & jeff filgo#october 22 , 2008#7.75\n51#6#tie me up , don't tie me down#sherry bilsing - graham & ellen kreamer#october 29 , 2008#7.60\n52#7#so you think you can date#sherry bilsing - graham & ellen kreamer#november 5 , 2008#6.50\n53#8#self - esteem tempura#jeff astrof#november 12 , 2008#6.82\n54#9#rage against the christine#kari lizer & jeff astrof#november 19 , 2008#8.09\n55#10#guess who 's not coming to dinner#lew schneider & katie palmer#november 26 , 2008#7.48\n56#11#unidentified funk (part 1)#frank pines#december 10 , 2008#7.94\n57#12#happy endings (part 2)#jackie filgo & jeff filgo#december 17 , 2008#7.29\n58#13#notes on a 7th grade scandal#allan rice#january 14 , 2009#7.17\n59#14#what happens in vegas is disgusting in vegas#sherry bilsing - graham & ellen kreamer#january 21 , 2009#7.29\n60#15#reckless abandonment#jeff astrof#february 11 , 2009#6.67\n61#16#honey , i ran over the kid#sherry bilsing - graham & ellen plummer#february 18 , 2009#6.72\n62#17#too close for christine#amy iglow#march 11 , 2009#7.63\n63#18#a change in heart / pants#lew schneider & frank pines#march 18 , 2009#7.21\n64#19#hair#matt goldman#april 8 , 2009#7.17\n65#20#he ain't heavy#sherry bilsing - graham#may 6 , 2009#6.45\n66#21#the old maid of honor#kari lizer & jeff astrof#may 13 , 2009#6.50\n",
        "pandas_code": "all(df[df['original air date'].shift().notna() & (pd.to_datetime(df['original air date']) - pd.to_datetime(df['original air date'].shift()) > pd.Timedelta(days=30))]['us viewers (millions)'] < df['us viewers (millions)'].shift()[df['original air date'].shift().notna() & (pd.to_datetime(df['original air date']) - pd.to_datetime(df['original air date'].shift()) > pd.Timedelta(days=30))])",
        "pandas_eval": "True"
    },
    {
        "id": 33401,
        "statement": "the peak in us viewer be never over 8 million",
        "label": 0,
        "table_caption": "the new adventures of old christine (season 4)",
        "table_text": "series#season#title#written by#original air date#us viewers (millions)\n46#1#a decent proposal#kari lizer & jeff astrof#september 24 , 2008#6.52\n47#2#how i hate your mother#katie palmer#october 1 , 2008#6.80\n48#3#white like me#lew schneider#october 8 , 2008#7.53\n49#4#snakes on a date#lew schneider#october 15 , 2008#7.61\n50#5#everyone says i love you except ritchie#jackie filgo & jeff filgo#october 22 , 2008#7.75\n51#6#tie me up , don't tie me down#sherry bilsing - graham & ellen kreamer#october 29 , 2008#7.60\n52#7#so you think you can date#sherry bilsing - graham & ellen kreamer#november 5 , 2008#6.50\n53#8#self - esteem tempura#jeff astrof#november 12 , 2008#6.82\n54#9#rage against the christine#kari lizer & jeff astrof#november 19 , 2008#8.09\n55#10#guess who 's not coming to dinner#lew schneider & katie palmer#november 26 , 2008#7.48\n56#11#unidentified funk (part 1)#frank pines#december 10 , 2008#7.94\n57#12#happy endings (part 2)#jackie filgo & jeff filgo#december 17 , 2008#7.29\n58#13#notes on a 7th grade scandal#allan rice#january 14 , 2009#7.17\n59#14#what happens in vegas is disgusting in vegas#sherry bilsing - graham & ellen kreamer#january 21 , 2009#7.29\n60#15#reckless abandonment#jeff astrof#february 11 , 2009#6.67\n61#16#honey , i ran over the kid#sherry bilsing - graham & ellen plummer#february 18 , 2009#6.72\n62#17#too close for christine#amy iglow#march 11 , 2009#7.63\n63#18#a change in heart / pants#lew schneider & frank pines#march 18 , 2009#7.21\n64#19#hair#matt goldman#april 8 , 2009#7.17\n65#20#he ain't heavy#sherry bilsing - graham#may 6 , 2009#6.45\n66#21#the old maid of honor#kari lizer & jeff astrof#may 13 , 2009#6.50\n",
        "pandas_code": "df['us viewers (millions)'].max() <= 8",
        "pandas_eval": "False"
    },
    {
        "id": 33402,
        "statement": "the peak in us viewer be 6.45 million on may 6",
        "label": 0,
        "table_caption": "the new adventures of old christine (season 4)",
        "table_text": "series#season#title#written by#original air date#us viewers (millions)\n46#1#a decent proposal#kari lizer & jeff astrof#september 24 , 2008#6.52\n47#2#how i hate your mother#katie palmer#october 1 , 2008#6.80\n48#3#white like me#lew schneider#october 8 , 2008#7.53\n49#4#snakes on a date#lew schneider#october 15 , 2008#7.61\n50#5#everyone says i love you except ritchie#jackie filgo & jeff filgo#october 22 , 2008#7.75\n51#6#tie me up , don't tie me down#sherry bilsing - graham & ellen kreamer#october 29 , 2008#7.60\n52#7#so you think you can date#sherry bilsing - graham & ellen kreamer#november 5 , 2008#6.50\n53#8#self - esteem tempura#jeff astrof#november 12 , 2008#6.82\n54#9#rage against the christine#kari lizer & jeff astrof#november 19 , 2008#8.09\n55#10#guess who 's not coming to dinner#lew schneider & katie palmer#november 26 , 2008#7.48\n56#11#unidentified funk (part 1)#frank pines#december 10 , 2008#7.94\n57#12#happy endings (part 2)#jackie filgo & jeff filgo#december 17 , 2008#7.29\n58#13#notes on a 7th grade scandal#allan rice#january 14 , 2009#7.17\n59#14#what happens in vegas is disgusting in vegas#sherry bilsing - graham & ellen kreamer#january 21 , 2009#7.29\n60#15#reckless abandonment#jeff astrof#february 11 , 2009#6.67\n61#16#honey , i ran over the kid#sherry bilsing - graham & ellen plummer#february 18 , 2009#6.72\n62#17#too close for christine#amy iglow#march 11 , 2009#7.63\n63#18#a change in heart / pants#lew schneider & frank pines#march 18 , 2009#7.21\n64#19#hair#matt goldman#april 8 , 2009#7.17\n65#20#he ain't heavy#sherry bilsing - graham#may 6 , 2009#6.45\n66#21#the old maid of honor#kari lizer & jeff astrof#may 13 , 2009#6.50\n",
        "pandas_code": "df['us viewers (millions)'].max() == 6.45",
        "pandas_eval": "False"
    },
    {
        "id": 33403,
        "statement": "after significant break in airtime , the number of viewer be always higher than the previous episode",
        "label": 0,
        "table_caption": "the new adventures of old christine (season 4)",
        "table_text": "series#season#title#written by#original air date#us viewers (millions)\n46#1#a decent proposal#kari lizer & jeff astrof#september 24 , 2008#6.52\n47#2#how i hate your mother#katie palmer#october 1 , 2008#6.80\n48#3#white like me#lew schneider#october 8 , 2008#7.53\n49#4#snakes on a date#lew schneider#october 15 , 2008#7.61\n50#5#everyone says i love you except ritchie#jackie filgo & jeff filgo#october 22 , 2008#7.75\n51#6#tie me up , don't tie me down#sherry bilsing - graham & ellen kreamer#october 29 , 2008#7.60\n52#7#so you think you can date#sherry bilsing - graham & ellen kreamer#november 5 , 2008#6.50\n53#8#self - esteem tempura#jeff astrof#november 12 , 2008#6.82\n54#9#rage against the christine#kari lizer & jeff astrof#november 19 , 2008#8.09\n55#10#guess who 's not coming to dinner#lew schneider & katie palmer#november 26 , 2008#7.48\n56#11#unidentified funk (part 1)#frank pines#december 10 , 2008#7.94\n57#12#happy endings (part 2)#jackie filgo & jeff filgo#december 17 , 2008#7.29\n58#13#notes on a 7th grade scandal#allan rice#january 14 , 2009#7.17\n59#14#what happens in vegas is disgusting in vegas#sherry bilsing - graham & ellen kreamer#january 21 , 2009#7.29\n60#15#reckless abandonment#jeff astrof#february 11 , 2009#6.67\n61#16#honey , i ran over the kid#sherry bilsing - graham & ellen plummer#february 18 , 2009#6.72\n62#17#too close for christine#amy iglow#march 11 , 2009#7.63\n63#18#a change in heart / pants#lew schneider & frank pines#march 18 , 2009#7.21\n64#19#hair#matt goldman#april 8 , 2009#7.17\n65#20#he ain't heavy#sherry bilsing - graham#may 6 , 2009#6.45\n66#21#the old maid of honor#kari lizer & jeff astrof#may 13 , 2009#6.50\n",
        "pandas_code": "all(df['us viewers (millions)'].diff().dropna() > 0)",
        "pandas_eval": "False"
    },
    {
        "id": 33404,
        "statement": "all episode written by kari lizer & jeff astrof result in a decline in viewer on the following week",
        "label": 0,
        "table_caption": "the new adventures of old christine (season 4)",
        "table_text": "series#season#title#written by#original air date#us viewers (millions)\n46#1#a decent proposal#kari lizer & jeff astrof#september 24 , 2008#6.52\n47#2#how i hate your mother#katie palmer#october 1 , 2008#6.80\n48#3#white like me#lew schneider#october 8 , 2008#7.53\n49#4#snakes on a date#lew schneider#october 15 , 2008#7.61\n50#5#everyone says i love you except ritchie#jackie filgo & jeff filgo#october 22 , 2008#7.75\n51#6#tie me up , don't tie me down#sherry bilsing - graham & ellen kreamer#october 29 , 2008#7.60\n52#7#so you think you can date#sherry bilsing - graham & ellen kreamer#november 5 , 2008#6.50\n53#8#self - esteem tempura#jeff astrof#november 12 , 2008#6.82\n54#9#rage against the christine#kari lizer & jeff astrof#november 19 , 2008#8.09\n55#10#guess who 's not coming to dinner#lew schneider & katie palmer#november 26 , 2008#7.48\n56#11#unidentified funk (part 1)#frank pines#december 10 , 2008#7.94\n57#12#happy endings (part 2)#jackie filgo & jeff filgo#december 17 , 2008#7.29\n58#13#notes on a 7th grade scandal#allan rice#january 14 , 2009#7.17\n59#14#what happens in vegas is disgusting in vegas#sherry bilsing - graham & ellen kreamer#january 21 , 2009#7.29\n60#15#reckless abandonment#jeff astrof#february 11 , 2009#6.67\n61#16#honey , i ran over the kid#sherry bilsing - graham & ellen plummer#february 18 , 2009#6.72\n62#17#too close for christine#amy iglow#march 11 , 2009#7.63\n63#18#a change in heart / pants#lew schneider & frank pines#march 18 , 2009#7.21\n64#19#hair#matt goldman#april 8 , 2009#7.17\n65#20#he ain't heavy#sherry bilsing - graham#may 6 , 2009#6.45\n66#21#the old maid of honor#kari lizer & jeff astrof#may 13 , 2009#6.50\n",
        "pandas_code": "all(df[df['written by'] == 'kari lizer & jeff astrof']['us viewers (millions)'].diff().dropna() < 0)",
        "pandas_eval": "False"
    },
    {
        "id": 33405,
        "statement": "each writer either write or collaborate on only 1 episode each during the season",
        "label": 0,
        "table_caption": "the new adventures of old christine (season 4)",
        "table_text": "series#season#title#written by#original air date#us viewers (millions)\n46#1#a decent proposal#kari lizer & jeff astrof#september 24 , 2008#6.52\n47#2#how i hate your mother#katie palmer#october 1 , 2008#6.80\n48#3#white like me#lew schneider#october 8 , 2008#7.53\n49#4#snakes on a date#lew schneider#october 15 , 2008#7.61\n50#5#everyone says i love you except ritchie#jackie filgo & jeff filgo#october 22 , 2008#7.75\n51#6#tie me up , don't tie me down#sherry bilsing - graham & ellen kreamer#october 29 , 2008#7.60\n52#7#so you think you can date#sherry bilsing - graham & ellen kreamer#november 5 , 2008#6.50\n53#8#self - esteem tempura#jeff astrof#november 12 , 2008#6.82\n54#9#rage against the christine#kari lizer & jeff astrof#november 19 , 2008#8.09\n55#10#guess who 's not coming to dinner#lew schneider & katie palmer#november 26 , 2008#7.48\n56#11#unidentified funk (part 1)#frank pines#december 10 , 2008#7.94\n57#12#happy endings (part 2)#jackie filgo & jeff filgo#december 17 , 2008#7.29\n58#13#notes on a 7th grade scandal#allan rice#january 14 , 2009#7.17\n59#14#what happens in vegas is disgusting in vegas#sherry bilsing - graham & ellen kreamer#january 21 , 2009#7.29\n60#15#reckless abandonment#jeff astrof#february 11 , 2009#6.67\n61#16#honey , i ran over the kid#sherry bilsing - graham & ellen plummer#february 18 , 2009#6.72\n62#17#too close for christine#amy iglow#march 11 , 2009#7.63\n63#18#a change in heart / pants#lew schneider & frank pines#march 18 , 2009#7.21\n64#19#hair#matt goldman#april 8 , 2009#7.17\n65#20#he ain't heavy#sherry bilsing - graham#may 6 , 2009#6.45\n66#21#the old maid of honor#kari lizer & jeff astrof#may 13 , 2009#6.50\n",
        "pandas_code": "df['written by'].apply(lambda x: len(x.split(' & '))).value_counts().eq(1).all()",
        "pandas_eval": "False"
    }
]