[
    {
        "id": 30934,
        "statement": "all of the team play a total of 12 match each",
        "label": 1,
        "table_caption": "1957 team speedway polish championship",
        "table_text": "team#match#points#draw#lost\nstal rzeszów#12#22#0#1\nunia leszno#12#22#0#1\nskra warszawa#12#14#0#5\ngwardia katowice#12#8#0#8\nstal gorzów wlkp#12#8#0#8\nostrovia ostrów wlkp#12#6#0#9\nlpż lublin#12#4#0#10\n",
        "pandas_code": "all(df['match'] == 12)",
        "pandas_eval": "True"
    },
    {
        "id": 30935,
        "statement": "stal rzeszów be award the most point with a total of 22",
        "label": 1,
        "table_caption": "1957 team speedway polish championship",
        "table_text": "team#match#points#draw#lost\nstal rzeszów#12#22#0#1\nunia leszno#12#22#0#1\nskra warszawa#12#14#0#5\ngwardia katowice#12#8#0#8\nstal gorzów wlkp#12#8#0#8\nostrovia ostrów wlkp#12#6#0#9\nlpż lublin#12#4#0#10\n",
        "pandas_code": "df[df['team'] == 'stal rzeszów']['points'].iloc[0] == df['points'].max()",
        "pandas_eval": "True"
    },
    {
        "id": 30936,
        "statement": "lpż lublin be award the least point with a total of 4",
        "label": 1,
        "table_caption": "1957 team speedway polish championship",
        "table_text": "team#match#points#draw#lost\nstal rzeszów#12#22#0#1\nunia leszno#12#22#0#1\nskra warszawa#12#14#0#5\ngwardia katowice#12#8#0#8\nstal gorzów wlkp#12#8#0#8\nostrovia ostrów wlkp#12#6#0#9\nlpż lublin#12#4#0#10\n",
        "pandas_code": "df[df['team'] == 'lpż lublin']['points'].iloc[0] == df['points'].min()",
        "pandas_eval": "True"
    },
    {
        "id": 30937,
        "statement": "lpż lublin lost the most match with a total of 10",
        "label": 1,
        "table_caption": "1957 team speedway polish championship",
        "table_text": "team#match#points#draw#lost\nstal rzeszów#12#22#0#1\nunia leszno#12#22#0#1\nskra warszawa#12#14#0#5\ngwardia katowice#12#8#0#8\nstal gorzów wlkp#12#8#0#8\nostrovia ostrów wlkp#12#6#0#9\nlpż lublin#12#4#0#10\n",
        "pandas_code": "df.loc[df['team'] == 'lpż lublin', 'lost'].values[0] == df['lost'].max()",
        "pandas_eval": "True"
    },
    {
        "id": 30938,
        "statement": "none of the team draw a single match at any point",
        "label": 1,
        "table_caption": "1957 team speedway polish championship",
        "table_text": "team#match#points#draw#lost\nstal rzeszów#12#22#0#1\nunia leszno#12#22#0#1\nskra warszawa#12#14#0#5\ngwardia katowice#12#8#0#8\nstal gorzów wlkp#12#8#0#8\nostrovia ostrów wlkp#12#6#0#9\nlpż lublin#12#4#0#10\n",
        "pandas_code": "(df['draw'] == 0).all()",
        "pandas_eval": "True"
    },
    {
        "id": 30939,
        "statement": "most of the team play a total of 12 match",
        "label": 0,
        "table_caption": "1957 team speedway polish championship",
        "table_text": "team#match#points#draw#lost\nstal rzeszów#12#22#0#1\nunia leszno#12#22#0#1\nskra warszawa#12#14#0#5\ngwardia katowice#12#8#0#8\nstal gorzów wlkp#12#8#0#8\nostrovia ostrów wlkp#12#6#0#9\nlpż lublin#12#4#0#10\n",
        "pandas_code": "False",
        "pandas_eval": "False"
    },
    {
        "id": 30940,
        "statement": "stal rzeszów be the only team award 22 point",
        "label": 0,
        "table_caption": "1957 team speedway polish championship",
        "table_text": "team#match#points#draw#lost\nstal rzeszów#12#22#0#1\nunia leszno#12#22#0#1\nskra warszawa#12#14#0#5\ngwardia katowice#12#8#0#8\nstal gorzów wlkp#12#8#0#8\nostrovia ostrów wlkp#12#6#0#9\nlpż lublin#12#4#0#10\n",
        "pandas_code": "(df[df['points'] == 22]['team'].unique() == ['stal rzeszów']).all()",
        "pandas_eval": "False"
    },
    {
        "id": 30941,
        "statement": "lpż lublin be 1 of 2 team award the least point with a total of 4",
        "label": 0,
        "table_caption": "1957 team speedway polish championship",
        "table_text": "team#match#points#draw#lost\nstal rzeszów#12#22#0#1\nunia leszno#12#22#0#1\nskra warszawa#12#14#0#5\ngwardia katowice#12#8#0#8\nstal gorzów wlkp#12#8#0#8\nostrovia ostrów wlkp#12#6#0#9\nlpż lublin#12#4#0#10\n",
        "pandas_code": "df[df['team'] == 'lpż lublin']['points'].iloc[0] == 4 and df['points'].nsmallest(2).iloc[-1] == 4",
        "pandas_eval": "False"
    },
    {
        "id": 30942,
        "statement": "lpż lublin tie for lost the most match with a total of 10",
        "label": 0,
        "table_caption": "1957 team speedway polish championship",
        "table_text": "team#match#points#draw#lost\nstal rzeszów#12#22#0#1\nunia leszno#12#22#0#1\nskra warszawa#12#14#0#5\ngwardia katowice#12#8#0#8\nstal gorzów wlkp#12#8#0#8\nostrovia ostrów wlkp#12#6#0#9\nlpż lublin#12#4#0#10\n",
        "pandas_code": "False",
        "pandas_eval": "False"
    },
    {
        "id": 30943,
        "statement": "3 team draw a single match point during the championship",
        "label": 0,
        "table_caption": "1957 team speedway polish championship",
        "table_text": "team#match#points#draw#lost\nstal rzeszów#12#22#0#1\nunia leszno#12#22#0#1\nskra warszawa#12#14#0#5\ngwardia katowice#12#8#0#8\nstal gorzów wlkp#12#8#0#8\nostrovia ostrów wlkp#12#6#0#9\nlpż lublin#12#4#0#10\n",
        "pandas_code": "df['draw'].sum() == 3",
        "pandas_eval": "False"
    },
    {
        "id": 38480,
        "statement": "team górnik rybnik have the same number of match as team sparta wrocław , but have 10 more point",
        "label": 1,
        "table_caption": "1957 team speedway polish championship",
        "table_text": "team#match#points#draw#lost\ngórnik rybnik#14#28#0#0\nsparta wrocław#14#18#0#5\npolonia bydgoszcz#14#16#0#6\nwłókniarz częstochowa#14#14#0#7\nlegia warszawa#14#14#0#7\nstal świętochłowice#14#10#0#9\ntramwajarz łódź#14#6#0#11\nkolejarz rawicz#14#6#0#11\n",
        "pandas_code": "df[df['team'] == 'górnik rybnik']['match'].values[0] == df[df['team'] == 'sparta wrocław']['match'].values[0] and df[df['team'] == 'górnik rybnik']['points'].values[0] - df[df['team'] == 'sparta wrocław']['points'].values[0] == 10",
        "pandas_eval": "True"
    },
    {
        "id": 38481,
        "statement": "team sparta wrocław have the same number of match as team polonia bydgoszcz , but have 2 more point",
        "label": 1,
        "table_caption": "1957 team speedway polish championship",
        "table_text": "team#match#points#draw#lost\ngórnik rybnik#14#28#0#0\nsparta wrocław#14#18#0#5\npolonia bydgoszcz#14#16#0#6\nwłókniarz częstochowa#14#14#0#7\nlegia warszawa#14#14#0#7\nstal świętochłowice#14#10#0#9\ntramwajarz łódź#14#6#0#11\nkolejarz rawicz#14#6#0#11\n",
        "pandas_code": "(df[df['team'] == 'sparta wrocław']['match'].values[0] == df[df['team'] == 'polonia bydgoszcz']['match'].values[0]) & (df[df['team'] == 'sparta wrocław']['points'].values[0] == df[df['team'] == 'polonia bydgoszcz']['points'].values[0] + 2)",
        "pandas_eval": "True"
    },
    {
        "id": 38482,
        "statement": "team tramwajarz łódź and team kolejarz rawicz have the same number of match lost with 11",
        "label": 1,
        "table_caption": "1957 team speedway polish championship",
        "table_text": "team#match#points#draw#lost\ngórnik rybnik#14#28#0#0\nsparta wrocław#14#18#0#5\npolonia bydgoszcz#14#16#0#6\nwłókniarz częstochowa#14#14#0#7\nlegia warszawa#14#14#0#7\nstal świętochłowice#14#10#0#9\ntramwajarz łódź#14#6#0#11\nkolejarz rawicz#14#6#0#11\n",
        "pandas_code": "(df[df['team'].isin(['tramwajarz łódź', 'kolejarz rawicz'])]['lost'].nunique() == 1)",
        "pandas_eval": "True"
    },
    {
        "id": 38483,
        "statement": "team włókniarz częstochowa and team legia warszawa have the same number of point",
        "label": 1,
        "table_caption": "1957 team speedway polish championship",
        "table_text": "team#match#points#draw#lost\ngórnik rybnik#14#28#0#0\nsparta wrocław#14#18#0#5\npolonia bydgoszcz#14#16#0#6\nwłókniarz częstochowa#14#14#0#7\nlegia warszawa#14#14#0#7\nstal świętochłowice#14#10#0#9\ntramwajarz łódź#14#6#0#11\nkolejarz rawicz#14#6#0#11\n",
        "pandas_code": "df.loc[df['team'].isin(['włókniarz częstochowa', 'legia warszawa']), 'points'].nunique() == 1",
        "pandas_eval": "True"
    },
    {
        "id": 38484,
        "statement": "team górnik rybnik and team kolejarz rawicz have the same number of match , but górnik rybnik have 22 more point",
        "label": 1,
        "table_caption": "1957 team speedway polish championship",
        "table_text": "team#match#points#draw#lost\ngórnik rybnik#14#28#0#0\nsparta wrocław#14#18#0#5\npolonia bydgoszcz#14#16#0#6\nwłókniarz częstochowa#14#14#0#7\nlegia warszawa#14#14#0#7\nstal świętochłowice#14#10#0#9\ntramwajarz łódź#14#6#0#11\nkolejarz rawicz#14#6#0#11\n",
        "pandas_code": "(df[df['team'] == 'górnik rybnik']['points'].values[0] - df[df['team'] == 'kolejarz rawicz']['points'].values[0] == 22) & (df[df['team'] == 'górnik rybnik']['match'].values[0] == df[df['team'] == 'kolejarz rawicz']['match'].values[0])",
        "pandas_eval": "True"
    },
    {
        "id": 38485,
        "statement": "team górnik rybnik have more match than team sparta wrocław and have 10 more point",
        "label": 0,
        "table_caption": "1957 team speedway polish championship",
        "table_text": "team#match#points#draw#lost\ngórnik rybnik#14#28#0#0\nsparta wrocław#14#18#0#5\npolonia bydgoszcz#14#16#0#6\nwłókniarz częstochowa#14#14#0#7\nlegia warszawa#14#14#0#7\nstal świętochłowice#14#10#0#9\ntramwajarz łódź#14#6#0#11\nkolejarz rawicz#14#6#0#11\n",
        "pandas_code": "df[df['team'] == 'górnik rybnik']['match'].values[0] > df[df['team'] == 'sparta wrocław']['match'].values[0] and df[df['team'] == 'górnik rybnik']['points'].values[0] == df[df['team'] == 'sparta wrocław']['points'].values[0] + 10",
        "pandas_eval": "False"
    },
    {
        "id": 38486,
        "statement": "team sparta wrocław have fewer match than team polonia bydgoszcz , but have 2 more point",
        "label": 0,
        "table_caption": "1957 team speedway polish championship",
        "table_text": "team#match#points#draw#lost\ngórnik rybnik#14#28#0#0\nsparta wrocław#14#18#0#5\npolonia bydgoszcz#14#16#0#6\nwłókniarz częstochowa#14#14#0#7\nlegia warszawa#14#14#0#7\nstal świętochłowice#14#10#0#9\ntramwajarz łódź#14#6#0#11\nkolejarz rawicz#14#6#0#11\n",
        "pandas_code": "(df[df['team'] == 'sparta wrocław']['match'].values[0] < df[df['team'] == 'polonia bydgoszcz']['match'].values[0]) & (df[df['team'] == 'sparta wrocław']['points'].values[0] == df[df['team'] == 'polonia bydgoszcz']['points'].values[0] + 2)",
        "pandas_eval": "False"
    },
    {
        "id": 38487,
        "statement": "team tramwajarz łódź and team kolejarz rawicz have 12 loss each",
        "label": 0,
        "table_caption": "1957 team speedway polish championship",
        "table_text": "team#match#points#draw#lost\ngórnik rybnik#14#28#0#0\nsparta wrocław#14#18#0#5\npolonia bydgoszcz#14#16#0#6\nwłókniarz częstochowa#14#14#0#7\nlegia warszawa#14#14#0#7\nstal świętochłowice#14#10#0#9\ntramwajarz łódź#14#6#0#11\nkolejarz rawicz#14#6#0#11\n",
        "pandas_code": "(df[df['team'].isin(['tramwajarz łódź', 'kolejarz rawicz'])]['lost'].sum() == 12)",
        "pandas_eval": "False"
    },
    {
        "id": 38488,
        "statement": "team włókniarz częstochowa and team legia warszawa have the same number of point but differ in their number of loss",
        "label": 0,
        "table_caption": "1957 team speedway polish championship",
        "table_text": "team#match#points#draw#lost\ngórnik rybnik#14#28#0#0\nsparta wrocław#14#18#0#5\npolonia bydgoszcz#14#16#0#6\nwłókniarz częstochowa#14#14#0#7\nlegia warszawa#14#14#0#7\nstal świętochłowice#14#10#0#9\ntramwajarz łódź#14#6#0#11\nkolejarz rawicz#14#6#0#11\n",
        "pandas_code": "(df[df['team'].isin(['włókniarz częstochowa', 'legia warszawa'])].nunique() == 1).all() and df[df['team'] == 'włókniarz częstochowa']['lost'].values[0] != df[df['team'] == 'legia warszawa']['lost'].values[0]",
        "pandas_eval": "False"
    },
    {
        "id": 38489,
        "statement": "team górnik rybnik and team kolejarz rawicz have the same number of point , but górnik rybnik have more loss",
        "label": 0,
        "table_caption": "1957 team speedway polish championship",
        "table_text": "team#match#points#draw#lost\ngórnik rybnik#14#28#0#0\nsparta wrocław#14#18#0#5\npolonia bydgoszcz#14#16#0#6\nwłókniarz częstochowa#14#14#0#7\nlegia warszawa#14#14#0#7\nstal świętochłowice#14#10#0#9\ntramwajarz łódź#14#6#0#11\nkolejarz rawicz#14#6#0#11\n",
        "pandas_code": "(df[df['team'] == 'górnik rybnik']['points'].values[0] == df[df['team'] == 'kolejarz rawicz']['points'].values[0]) & (df[df['team'] == 'górnik rybnik']['lost'].values[0] > df[df['team'] == 'kolejarz rawicz']['lost'].values[0])",
        "pandas_eval": "False"
    },
    {
        "id": 56383,
        "statement": "all match but 1 be 8",
        "label": 1,
        "table_caption": "1957 team speedway polish championship",
        "table_text": "team#match#points#draw#lost\nstart gniezno#8#12#0#2\npolonia piła#8#10#0#3\nsparta śrem#8#8#0#4\nlpż gdańsk#8#8#0#4\nlpż zielona góra#8#2#0#7\nolimpia poznań#dnq#dnq#dnq#dnq\n",
        "pandas_code": "df[df['match'] != 'dnq']['match'].eq('8').sum() == len(df[df['match'] != 'dnq'])",
        "pandas_eval": "True"
    },
    {
        "id": 56384,
        "statement": "the draw be 0 for the match that have 10 point",
        "label": 1,
        "table_caption": "1957 team speedway polish championship",
        "table_text": "team#match#points#draw#lost\nstart gniezno#8#12#0#2\npolonia piła#8#10#0#3\nsparta śrem#8#8#0#4\nlpż gdańsk#8#8#0#4\nlpż zielona góra#8#2#0#7\nolimpia poznań#dnq#dnq#dnq#dnq\n",
        "pandas_code": "df[df['points'] == '10']['draw'].eq('0').all()",
        "pandas_eval": "True"
    },
    {
        "id": 56385,
        "statement": "polonia piła have a draw of 7",
        "label": 0,
        "table_caption": "1957 team speedway polish championship",
        "table_text": "team#match#points#draw#lost\nstart gniezno#8#12#0#2\npolonia piła#8#10#0#3\nsparta śrem#8#8#0#4\nlpż gdańsk#8#8#0#4\nlpż zielona góra#8#2#0#7\nolimpia poznań#dnq#dnq#dnq#dnq\n",
        "pandas_code": "df[df['team'] == 'polonia piła']['draw'].iloc[0] == '7'",
        "pandas_eval": "False"
    },
    {
        "id": 56386,
        "statement": "all match be less than 10 point",
        "label": 0,
        "table_caption": "1957 team speedway polish championship",
        "table_text": "team#match#points#draw#lost\nstart gniezno#8#12#0#2\npolonia piła#8#10#0#3\nsparta śrem#8#8#0#4\nlpż gdańsk#8#8#0#4\nlpż zielona góra#8#2#0#7\nolimpia poznań#dnq#dnq#dnq#dnq\n",
        "pandas_code": "not all(df[df['match'] != 'dnq']['match'].astype(int) < 10)",
        "pandas_eval": "False"
    },
    {
        "id": 56387,
        "statement": "there be a draw for a match that have 10 point",
        "label": 0,
        "table_caption": "1957 team speedway polish championship",
        "table_text": "team#match#points#draw#lost\nstart gniezno#8#12#0#2\npolonia piła#8#10#0#3\nsparta śrem#8#8#0#4\nlpż gdańsk#8#8#0#4\nlpż zielona góra#8#2#0#7\nolimpia poznań#dnq#dnq#dnq#dnq\n",
        "pandas_code": "df[df['points'] == '10']['draw'].ne('0').any()",
        "pandas_eval": "False"
    },
    {
        "id": 66647,
        "statement": "match 8 have point less than 6",
        "label": 1,
        "table_caption": "1957 team speedway polish championship",
        "table_text": "team#match#points#draw#lost\namk kraków#8#12#0#2\ncwk czeladź#8#12#0#2\nunia tarnów#8#8#0#4\nlegia krosno#8#6#0#5\nsparta wrocław ii#8#2#0#7\n",
        "pandas_code": "any((df['match'] == 8) & (df['points'] < 6))",
        "pandas_eval": "True"
    },
    {
        "id": 66648,
        "statement": "legia kosno in match 8 have only 6 point",
        "label": 1,
        "table_caption": "1957 team speedway polish championship",
        "table_text": "team#match#points#draw#lost\namk kraków#8#12#0#2\ncwk czeladź#8#12#0#2\nunia tarnów#8#8#0#4\nlegia krosno#8#6#0#5\nsparta wrocław ii#8#2#0#7\n",
        "pandas_code": "df[(df['team'] == 'legia krosno') & (df['match'] == 8) & (df['points'] == 6)].shape[0] == 1",
        "pandas_eval": "True"
    },
    {
        "id": 66649,
        "statement": "in match 8 , unia tarnów have fewer point than legia krosno",
        "label": 0,
        "table_caption": "1957 team speedway polish championship",
        "table_text": "team#match#points#draw#lost\namk kraków#8#12#0#2\ncwk czeladź#8#12#0#2\nunia tarnów#8#8#0#4\nlegia krosno#8#6#0#5\nsparta wrocław ii#8#2#0#7\n",
        "pandas_code": "df[(df['match'] == 8) & (df['team'] == 'unia tarnów')]['points'].values[0] < df[(df['match'] == 8) & (df['team'] == 'legia krosno')]['points'].values[0]",
        "pandas_eval": "False"
    },
    {
        "id": 66650,
        "statement": "amk kraków have a total point less than 6",
        "label": 0,
        "table_caption": "1957 team speedway polish championship",
        "table_text": "team#match#points#draw#lost\namk kraków#8#12#0#2\ncwk czeladź#8#12#0#2\nunia tarnów#8#8#0#4\nlegia krosno#8#6#0#5\nsparta wrocław ii#8#2#0#7\n",
        "pandas_code": "df[df['team'] == 'amk kraków']['points'].iloc[0] < 6",
        "pandas_eval": "False"
    }
]