[
    {
        "id": 32918,
        "statement": "mali be the only nation to only have gold medal",
        "label": 1,
        "table_caption": "2007 world taekwondo championships",
        "table_text": "rank#nation#gold#silver#bronze#total\n1#south korea#4#4#4#12\n2#china#2#0#1#3\n2#spain#2#0#1#3\n4#chinese taipei#1#1#2#4\n5#croatia#1#1#1#3\n5#mexico#1#1#1#3\n7#turkey#1#1#0#2\n8#united states#1#0#3#4\n9#canada#1#0#1#2\n9#cuba#1#0#1#2\n11#mali#1#0#0#1\n12#thailand#0#3#1#4\n13#iran#0#2#1#3\n14#afghanistan#0#1#0#1\n14#azerbaijan#0#1#0#1\n14#france#0#1#0#1\n17#kazakhstan#0#0#3#3\n17#netherlands#0#0#3#3\n19#brazil#0#0#2#2\n20#dominican republic#0#0#1#1\n20#egypt#0#0#1#1\n20#germany#0#0#1#1\n20#hungary#0#0#1#1\n20#italy#0#0#1#1\n20#morocco#0#0#1#1\n20#norway#0#0#1#1\ntotal#total#16#16#32#64\n",
        "pandas_code": "(df[df['nation'] == 'mali']['gold'].values[0] == 1) & (df[df['nation'] == 'mali']['silver'].values[0] == 0) & (df[df['nation'] == 'mali']['bronze'].values[0] == 0) & (df[(df['gold'] == 1) & (df['silver'] == 0) & (df['bronze'] == 0)].shape[0] == 1)",
        "pandas_eval": "True"
    },
    {
        "id": 32921,
        "statement": "croatia and mexico be the only nation with 1 of each medal",
        "label": 1,
        "table_caption": "2007 world taekwondo championships",
        "table_text": "rank#nation#gold#silver#bronze#total\n1#south korea#4#4#4#12\n2#china#2#0#1#3\n2#spain#2#0#1#3\n4#chinese taipei#1#1#2#4\n5#croatia#1#1#1#3\n5#mexico#1#1#1#3\n7#turkey#1#1#0#2\n8#united states#1#0#3#4\n9#canada#1#0#1#2\n9#cuba#1#0#1#2\n11#mali#1#0#0#1\n12#thailand#0#3#1#4\n13#iran#0#2#1#3\n14#afghanistan#0#1#0#1\n14#azerbaijan#0#1#0#1\n14#france#0#1#0#1\n17#kazakhstan#0#0#3#3\n17#netherlands#0#0#3#3\n19#brazil#0#0#2#2\n20#dominican republic#0#0#1#1\n20#egypt#0#0#1#1\n20#germany#0#0#1#1\n20#hungary#0#0#1#1\n20#italy#0#0#1#1\n20#morocco#0#0#1#1\n20#norway#0#0#1#1\ntotal#total#16#16#32#64\n",
        "pandas_code": "df[(df['gold'] == 1) & (df['silver'] == 1) & (df['bronze'] == 1)]['nation'].isin(['croatia', 'mexico']).all() and (df[(df['gold'] == 1) & (df['silver'] == 1) & (df['bronze'] == 1)].shape[0] == 2)",
        "pandas_eval": "True"
    },
    {
        "id": 32923,
        "statement": "mali be 1 of 6 nation to have gold medal",
        "label": 0,
        "table_caption": "2007 world taekwondo championships",
        "table_text": "rank#nation#gold#silver#bronze#total\n1#south korea#4#4#4#12\n2#china#2#0#1#3\n2#spain#2#0#1#3\n4#chinese taipei#1#1#2#4\n5#croatia#1#1#1#3\n5#mexico#1#1#1#3\n7#turkey#1#1#0#2\n8#united states#1#0#3#4\n9#canada#1#0#1#2\n9#cuba#1#0#1#2\n11#mali#1#0#0#1\n12#thailand#0#3#1#4\n13#iran#0#2#1#3\n14#afghanistan#0#1#0#1\n14#azerbaijan#0#1#0#1\n14#france#0#1#0#1\n17#kazakhstan#0#0#3#3\n17#netherlands#0#0#3#3\n19#brazil#0#0#2#2\n20#dominican republic#0#0#1#1\n20#egypt#0#0#1#1\n20#germany#0#0#1#1\n20#hungary#0#0#1#1\n20#italy#0#0#1#1\n20#morocco#0#0#1#1\n20#norway#0#0#1#1\ntotal#total#16#16#32#64\n",
        "pandas_code": "df[df['nation'] == 'mali']['gold'].values[0] != 1",
        "pandas_eval": "False"
    },
    {
        "id": 32924,
        "statement": "thailand have more silver medal than any other country except morocco",
        "label": 0,
        "table_caption": "2007 world taekwondo championships",
        "table_text": "rank#nation#gold#silver#bronze#total\n1#south korea#4#4#4#12\n2#china#2#0#1#3\n2#spain#2#0#1#3\n4#chinese taipei#1#1#2#4\n5#croatia#1#1#1#3\n5#mexico#1#1#1#3\n7#turkey#1#1#0#2\n8#united states#1#0#3#4\n9#canada#1#0#1#2\n9#cuba#1#0#1#2\n11#mali#1#0#0#1\n12#thailand#0#3#1#4\n13#iran#0#2#1#3\n14#afghanistan#0#1#0#1\n14#azerbaijan#0#1#0#1\n14#france#0#1#0#1\n17#kazakhstan#0#0#3#3\n17#netherlands#0#0#3#3\n19#brazil#0#0#2#2\n20#dominican republic#0#0#1#1\n20#egypt#0#0#1#1\n20#germany#0#0#1#1\n20#hungary#0#0#1#1\n20#italy#0#0#1#1\n20#morocco#0#0#1#1\n20#norway#0#0#1#1\ntotal#total#16#16#32#64\n",
        "pandas_code": "(df[df['nation'] == 'thailand']['silver'].values[0] > df[(df['nation'] != 'thailand') & (df['nation'] != 'morocco')]['silver'].max())",
        "pandas_eval": "False"
    },
    {
        "id": 32925,
        "statement": "of the nation without any silver medal , united state be the lowest ranked",
        "label": 0,
        "table_caption": "2007 world taekwondo championships",
        "table_text": "rank#nation#gold#silver#bronze#total\n1#south korea#4#4#4#12\n2#china#2#0#1#3\n2#spain#2#0#1#3\n4#chinese taipei#1#1#2#4\n5#croatia#1#1#1#3\n5#mexico#1#1#1#3\n7#turkey#1#1#0#2\n8#united states#1#0#3#4\n9#canada#1#0#1#2\n9#cuba#1#0#1#2\n11#mali#1#0#0#1\n12#thailand#0#3#1#4\n13#iran#0#2#1#3\n14#afghanistan#0#1#0#1\n14#azerbaijan#0#1#0#1\n14#france#0#1#0#1\n17#kazakhstan#0#0#3#3\n17#netherlands#0#0#3#3\n19#brazil#0#0#2#2\n20#dominican republic#0#0#1#1\n20#egypt#0#0#1#1\n20#germany#0#0#1#1\n20#hungary#0#0#1#1\n20#italy#0#0#1#1\n20#morocco#0#0#1#1\n20#norway#0#0#1#1\ntotal#total#16#16#32#64\n",
        "pandas_code": "df[(df['silver'] == 0) & (df['nation'] == 'united states')]['rank'].iloc[0] == df[df['silver'] == 0]['rank'].max()",
        "pandas_eval": "False"
    },
    {
        "id": 32926,
        "statement": "morocco and norway be the only nation with 1 of each medal",
        "label": 0,
        "table_caption": "2007 world taekwondo championships",
        "table_text": "rank#nation#gold#silver#bronze#total\n1#south korea#4#4#4#12\n2#china#2#0#1#3\n2#spain#2#0#1#3\n4#chinese taipei#1#1#2#4\n5#croatia#1#1#1#3\n5#mexico#1#1#1#3\n7#turkey#1#1#0#2\n8#united states#1#0#3#4\n9#canada#1#0#1#2\n9#cuba#1#0#1#2\n11#mali#1#0#0#1\n12#thailand#0#3#1#4\n13#iran#0#2#1#3\n14#afghanistan#0#1#0#1\n14#azerbaijan#0#1#0#1\n14#france#0#1#0#1\n17#kazakhstan#0#0#3#3\n17#netherlands#0#0#3#3\n19#brazil#0#0#2#2\n20#dominican republic#0#0#1#1\n20#egypt#0#0#1#1\n20#germany#0#0#1#1\n20#hungary#0#0#1#1\n20#italy#0#0#1#1\n20#morocco#0#0#1#1\n20#norway#0#0#1#1\ntotal#total#16#16#32#64\n",
        "pandas_code": "df[(df['nation'].isin(['morocco', 'norway'])) & (df['gold'] == 1) & (df['silver'] == 1) & (df['bronze'] == 1)].shape[0] == 2",
        "pandas_eval": "False"
    },
    {
        "id": 32927,
        "statement": "norway be the highest ranked nation with the fewest medal",
        "label": 0,
        "table_caption": "2007 world taekwondo championships",
        "table_text": "rank#nation#gold#silver#bronze#total\n1#south korea#4#4#4#12\n2#china#2#0#1#3\n2#spain#2#0#1#3\n4#chinese taipei#1#1#2#4\n5#croatia#1#1#1#3\n5#mexico#1#1#1#3\n7#turkey#1#1#0#2\n8#united states#1#0#3#4\n9#canada#1#0#1#2\n9#cuba#1#0#1#2\n11#mali#1#0#0#1\n12#thailand#0#3#1#4\n13#iran#0#2#1#3\n14#afghanistan#0#1#0#1\n14#azerbaijan#0#1#0#1\n14#france#0#1#0#1\n17#kazakhstan#0#0#3#3\n17#netherlands#0#0#3#3\n19#brazil#0#0#2#2\n20#dominican republic#0#0#1#1\n20#egypt#0#0#1#1\n20#germany#0#0#1#1\n20#hungary#0#0#1#1\n20#italy#0#0#1#1\n20#morocco#0#0#1#1\n20#norway#0#0#1#1\ntotal#total#16#16#32#64\n",
        "pandas_code": "df[(df['nation'] == 'norway') & (df['rank'] == df['rank'].min()) & (df['total'] == df['total'].min())].empty == False",
        "pandas_eval": "False"
    }
]