[
    {
        "id": 28653,
        "statement": "the mclaren - mercedes constructor end up in first and second place",
        "label": 1,
        "table_caption": "1999 hungarian grand prix",
        "table_text": "driver#constructor#laps#time / retired#grid\nmika häkkinen#mclaren - mercedes#77#1:46:23.536#1\ndavid coulthard#mclaren - mercedes#77#+ 9.706#3\neddie irvine#ferrari#77#+ 27.228#2\nheinz - harald frentzen#jordan - mugen - honda#77#+ 31.815#5\nrubens barrichello#stewart - ford#77#+ 43.808#8\ndamon hill#jordan - mugen - honda#77#+ 55.726#6\nalexander wurz#benetton - playlife#77#+ 1:01.012#7\njarno trulli#prost - peugeot#76#+ 1 lap#13\nralf schumacher#williams - supertec#76#+ 1 lap#16\nolivier panis#prost - peugeot#76#+ 1 lap#14\njohnny herbert#stewart - ford#76#+ 1 lap#10\nmika salo#ferrari#75#+ 2 laps#18\nricardo zonta#bar - supertec#75#+ 2 laps#17\nluca badoer#minardi - ford#75#+ 2 laps#19\npedro de la rosa#arrows#75#+ 2 laps#20\njean alesi#sauber - petronas#74#fuel pressure#11\nmarc gené#minardi - ford#74#+ 3 laps#22\njacques villeneuve#bar - supertec#60#clutch#9\ngiancarlo fisichella#benetton - playlife#52#engine#4\ntoranosuke takagi#arrows#26#transmission#21\npedro diniz#sauber - petronas#19#spin#12\nalessandro zanardi#williams - supertec#10#differential#15\n",
        "pandas_code": "(df[df['constructor'] == 'mclaren - mercedes'].sort_values(by='grid').head(2)['grid'].tolist() == [1, 3])",
        "pandas_eval": "True"
    },
    {
        "id": 28654,
        "statement": "only 7 of the driver compete all 77 of the lap in the race",
        "label": 1,
        "table_caption": "1999 hungarian grand prix",
        "table_text": "driver#constructor#laps#time / retired#grid\nmika häkkinen#mclaren - mercedes#77#1:46:23.536#1\ndavid coulthard#mclaren - mercedes#77#+ 9.706#3\neddie irvine#ferrari#77#+ 27.228#2\nheinz - harald frentzen#jordan - mugen - honda#77#+ 31.815#5\nrubens barrichello#stewart - ford#77#+ 43.808#8\ndamon hill#jordan - mugen - honda#77#+ 55.726#6\nalexander wurz#benetton - playlife#77#+ 1:01.012#7\njarno trulli#prost - peugeot#76#+ 1 lap#13\nralf schumacher#williams - supertec#76#+ 1 lap#16\nolivier panis#prost - peugeot#76#+ 1 lap#14\njohnny herbert#stewart - ford#76#+ 1 lap#10\nmika salo#ferrari#75#+ 2 laps#18\nricardo zonta#bar - supertec#75#+ 2 laps#17\nluca badoer#minardi - ford#75#+ 2 laps#19\npedro de la rosa#arrows#75#+ 2 laps#20\njean alesi#sauber - petronas#74#fuel pressure#11\nmarc gené#minardi - ford#74#+ 3 laps#22\njacques villeneuve#bar - supertec#60#clutch#9\ngiancarlo fisichella#benetton - playlife#52#engine#4\ntoranosuke takagi#arrows#26#transmission#21\npedro diniz#sauber - petronas#19#spin#12\nalessandro zanardi#williams - supertec#10#differential#15\n",
        "pandas_code": "len(df[df['laps'] == 77]) == 7",
        "pandas_eval": "True"
    },
    {
        "id": 28656,
        "statement": "mika häkkinen be 9 minute ahead of the closest driver at the finish of the race",
        "label": 1,
        "table_caption": "1999 hungarian grand prix",
        "table_text": "driver#constructor#laps#time / retired#grid\nmika häkkinen#mclaren - mercedes#77#1:46:23.536#1\ndavid coulthard#mclaren - mercedes#77#+ 9.706#3\neddie irvine#ferrari#77#+ 27.228#2\nheinz - harald frentzen#jordan - mugen - honda#77#+ 31.815#5\nrubens barrichello#stewart - ford#77#+ 43.808#8\ndamon hill#jordan - mugen - honda#77#+ 55.726#6\nalexander wurz#benetton - playlife#77#+ 1:01.012#7\njarno trulli#prost - peugeot#76#+ 1 lap#13\nralf schumacher#williams - supertec#76#+ 1 lap#16\nolivier panis#prost - peugeot#76#+ 1 lap#14\njohnny herbert#stewart - ford#76#+ 1 lap#10\nmika salo#ferrari#75#+ 2 laps#18\nricardo zonta#bar - supertec#75#+ 2 laps#17\nluca badoer#minardi - ford#75#+ 2 laps#19\npedro de la rosa#arrows#75#+ 2 laps#20\njean alesi#sauber - petronas#74#fuel pressure#11\nmarc gené#minardi - ford#74#+ 3 laps#22\njacques villeneuve#bar - supertec#60#clutch#9\ngiancarlo fisichella#benetton - playlife#52#engine#4\ntoranosuke takagi#arrows#26#transmission#21\npedro diniz#sauber - petronas#19#spin#12\nalessandro zanardi#williams - supertec#10#differential#15\n",
        "pandas_code": "df[df['driver'] == 'mika häkkinen']['time / retired'].iloc[0] == '1:46:23.536' and df[df['driver'] == 'david coulthard']['time / retired'].iloc[0] == '+ 9.706'",
        "pandas_eval": "True"
    },
    {
        "id": 28657,
        "statement": "of the top 10 start driver , 7 finish in the top 10",
        "label": 1,
        "table_caption": "1999 hungarian grand prix",
        "table_text": "driver#constructor#laps#time / retired#grid\nmika häkkinen#mclaren - mercedes#77#1:46:23.536#1\ndavid coulthard#mclaren - mercedes#77#+ 9.706#3\neddie irvine#ferrari#77#+ 27.228#2\nheinz - harald frentzen#jordan - mugen - honda#77#+ 31.815#5\nrubens barrichello#stewart - ford#77#+ 43.808#8\ndamon hill#jordan - mugen - honda#77#+ 55.726#6\nalexander wurz#benetton - playlife#77#+ 1:01.012#7\njarno trulli#prost - peugeot#76#+ 1 lap#13\nralf schumacher#williams - supertec#76#+ 1 lap#16\nolivier panis#prost - peugeot#76#+ 1 lap#14\njohnny herbert#stewart - ford#76#+ 1 lap#10\nmika salo#ferrari#75#+ 2 laps#18\nricardo zonta#bar - supertec#75#+ 2 laps#17\nluca badoer#minardi - ford#75#+ 2 laps#19\npedro de la rosa#arrows#75#+ 2 laps#20\njean alesi#sauber - petronas#74#fuel pressure#11\nmarc gené#minardi - ford#74#+ 3 laps#22\njacques villeneuve#bar - supertec#60#clutch#9\ngiancarlo fisichella#benetton - playlife#52#engine#4\ntoranosuke takagi#arrows#26#transmission#21\npedro diniz#sauber - petronas#19#spin#12\nalessandro zanardi#williams - supertec#10#differential#15\n",
        "pandas_code": "len(df[(df['grid'] <= 10) & (df['laps'] == 77)].head(10)) == 7",
        "pandas_eval": "True"
    },
    {
        "id": 28658,
        "statement": "mercedes constructor end up in fifth place",
        "label": 0,
        "table_caption": "1999 hungarian grand prix",
        "table_text": "driver#constructor#laps#time / retired#grid\nmika häkkinen#mclaren - mercedes#77#1:46:23.536#1\ndavid coulthard#mclaren - mercedes#77#+ 9.706#3\neddie irvine#ferrari#77#+ 27.228#2\nheinz - harald frentzen#jordan - mugen - honda#77#+ 31.815#5\nrubens barrichello#stewart - ford#77#+ 43.808#8\ndamon hill#jordan - mugen - honda#77#+ 55.726#6\nalexander wurz#benetton - playlife#77#+ 1:01.012#7\njarno trulli#prost - peugeot#76#+ 1 lap#13\nralf schumacher#williams - supertec#76#+ 1 lap#16\nolivier panis#prost - peugeot#76#+ 1 lap#14\njohnny herbert#stewart - ford#76#+ 1 lap#10\nmika salo#ferrari#75#+ 2 laps#18\nricardo zonta#bar - supertec#75#+ 2 laps#17\nluca badoer#minardi - ford#75#+ 2 laps#19\npedro de la rosa#arrows#75#+ 2 laps#20\njean alesi#sauber - petronas#74#fuel pressure#11\nmarc gené#minardi - ford#74#+ 3 laps#22\njacques villeneuve#bar - supertec#60#clutch#9\ngiancarlo fisichella#benetton - playlife#52#engine#4\ntoranosuke takagi#arrows#26#transmission#21\npedro diniz#sauber - petronas#19#spin#12\nalessandro zanardi#williams - supertec#10#differential#15\n",
        "pandas_code": "df[df['constructor'].str.contains('mercedes')].sort_values(by='grid').iloc[0]['grid'] == 5",
        "pandas_eval": "False"
    },
    {
        "id": 28659,
        "statement": "only 5 of the driver complete all 77 of the lap in the race",
        "label": 0,
        "table_caption": "1999 hungarian grand prix",
        "table_text": "driver#constructor#laps#time / retired#grid\nmika häkkinen#mclaren - mercedes#77#1:46:23.536#1\ndavid coulthard#mclaren - mercedes#77#+ 9.706#3\neddie irvine#ferrari#77#+ 27.228#2\nheinz - harald frentzen#jordan - mugen - honda#77#+ 31.815#5\nrubens barrichello#stewart - ford#77#+ 43.808#8\ndamon hill#jordan - mugen - honda#77#+ 55.726#6\nalexander wurz#benetton - playlife#77#+ 1:01.012#7\njarno trulli#prost - peugeot#76#+ 1 lap#13\nralf schumacher#williams - supertec#76#+ 1 lap#16\nolivier panis#prost - peugeot#76#+ 1 lap#14\njohnny herbert#stewart - ford#76#+ 1 lap#10\nmika salo#ferrari#75#+ 2 laps#18\nricardo zonta#bar - supertec#75#+ 2 laps#17\nluca badoer#minardi - ford#75#+ 2 laps#19\npedro de la rosa#arrows#75#+ 2 laps#20\njean alesi#sauber - petronas#74#fuel pressure#11\nmarc gené#minardi - ford#74#+ 3 laps#22\njacques villeneuve#bar - supertec#60#clutch#9\ngiancarlo fisichella#benetton - playlife#52#engine#4\ntoranosuke takagi#arrows#26#transmission#21\npedro diniz#sauber - petronas#19#spin#12\nalessandro zanardi#williams - supertec#10#differential#15\n",
        "pandas_code": "len(df[df['laps'] == 77]) == 5",
        "pandas_eval": "False"
    },
    {
        "id": 28660,
        "statement": "4 of the driver that start the race have issue with their car , cause them not to finish",
        "label": 0,
        "table_caption": "1999 hungarian grand prix",
        "table_text": "driver#constructor#laps#time / retired#grid\nmika häkkinen#mclaren - mercedes#77#1:46:23.536#1\ndavid coulthard#mclaren - mercedes#77#+ 9.706#3\neddie irvine#ferrari#77#+ 27.228#2\nheinz - harald frentzen#jordan - mugen - honda#77#+ 31.815#5\nrubens barrichello#stewart - ford#77#+ 43.808#8\ndamon hill#jordan - mugen - honda#77#+ 55.726#6\nalexander wurz#benetton - playlife#77#+ 1:01.012#7\njarno trulli#prost - peugeot#76#+ 1 lap#13\nralf schumacher#williams - supertec#76#+ 1 lap#16\nolivier panis#prost - peugeot#76#+ 1 lap#14\njohnny herbert#stewart - ford#76#+ 1 lap#10\nmika salo#ferrari#75#+ 2 laps#18\nricardo zonta#bar - supertec#75#+ 2 laps#17\nluca badoer#minardi - ford#75#+ 2 laps#19\npedro de la rosa#arrows#75#+ 2 laps#20\njean alesi#sauber - petronas#74#fuel pressure#11\nmarc gené#minardi - ford#74#+ 3 laps#22\njacques villeneuve#bar - supertec#60#clutch#9\ngiancarlo fisichella#benetton - playlife#52#engine#4\ntoranosuke takagi#arrows#26#transmission#21\npedro diniz#sauber - petronas#19#spin#12\nalessandro zanardi#williams - supertec#10#differential#15\n",
        "pandas_code": "len(df[df['time / retired'].str.contains('engine|transmission|differential|clutch|fuel pressure|spin', na=False)]) == 4",
        "pandas_eval": "False"
    },
    {
        "id": 28662,
        "statement": "of the top 10 start driver , 5 finish in the top 10",
        "label": 0,
        "table_caption": "1999 hungarian grand prix",
        "table_text": "driver#constructor#laps#time / retired#grid\nmika häkkinen#mclaren - mercedes#77#1:46:23.536#1\ndavid coulthard#mclaren - mercedes#77#+ 9.706#3\neddie irvine#ferrari#77#+ 27.228#2\nheinz - harald frentzen#jordan - mugen - honda#77#+ 31.815#5\nrubens barrichello#stewart - ford#77#+ 43.808#8\ndamon hill#jordan - mugen - honda#77#+ 55.726#6\nalexander wurz#benetton - playlife#77#+ 1:01.012#7\njarno trulli#prost - peugeot#76#+ 1 lap#13\nralf schumacher#williams - supertec#76#+ 1 lap#16\nolivier panis#prost - peugeot#76#+ 1 lap#14\njohnny herbert#stewart - ford#76#+ 1 lap#10\nmika salo#ferrari#75#+ 2 laps#18\nricardo zonta#bar - supertec#75#+ 2 laps#17\nluca badoer#minardi - ford#75#+ 2 laps#19\npedro de la rosa#arrows#75#+ 2 laps#20\njean alesi#sauber - petronas#74#fuel pressure#11\nmarc gené#minardi - ford#74#+ 3 laps#22\njacques villeneuve#bar - supertec#60#clutch#9\ngiancarlo fisichella#benetton - playlife#52#engine#4\ntoranosuke takagi#arrows#26#transmission#21\npedro diniz#sauber - petronas#19#spin#12\nalessandro zanardi#williams - supertec#10#differential#15\n",
        "pandas_code": "((df['grid'] <= 10) & (df['time / retired'].apply(lambda x: isinstance(x, str) and '+' not in x and ':' in x))).sum() == 5",
        "pandas_eval": "False"
    }
]