[
    {
        "id": 34167,
        "statement": "the source be always barcelonacat when the transfer fee be free",
        "label": 1,
        "table_caption": "2008 - 09 fc barcelona season",
        "table_text": "nat#name#moving to#type#transfer window#transfer fee#source\nbra#edmílson#villarreal#contract termination#summer#free#barcelonacat\nita#zambrotta#milan#transfer#summer#9 m + 2 m in variables#barcelonacat\nmex#dos santos#tottenham hotspur#transfer#summer#6 m + 5 m in variables#barcelonacat\nfra#thuram#retired#contract termination#summer#free#barcelonacat\nesp#ezquerro#osasuna#contract termination#summer#free#barcelonacat\npor#deco#chelsea#transfer#summer#10 m#barcelonacat\nbra#ronaldinho#milan#transfer#summer#21 m + 4 m in variables#barcelonacat\nbra#henrique#bayer leverkusen#loan#summer#n / a#barcelonacat\nesp#oleguer#ajax#transfer#summer#3 m + 2 , 25 m in variables#barcelonacat\nesp#crosas#celtic#transfer#summer#0.5 m + 0.8 m in variables#barcelonacat\n",
        "pandas_code": "all(df[df['transfer fee'] == 'free']['source'] == 'barcelonacat')",
        "pandas_eval": "True"
    },
    {
        "id": 34168,
        "statement": "the only time that the transfer window happen be in the summer",
        "label": 1,
        "table_caption": "2008 - 09 fc barcelona season",
        "table_text": "nat#name#moving to#type#transfer window#transfer fee#source\nbra#edmílson#villarreal#contract termination#summer#free#barcelonacat\nita#zambrotta#milan#transfer#summer#9 m + 2 m in variables#barcelonacat\nmex#dos santos#tottenham hotspur#transfer#summer#6 m + 5 m in variables#barcelonacat\nfra#thuram#retired#contract termination#summer#free#barcelonacat\nesp#ezquerro#osasuna#contract termination#summer#free#barcelonacat\npor#deco#chelsea#transfer#summer#10 m#barcelonacat\nbra#ronaldinho#milan#transfer#summer#21 m + 4 m in variables#barcelonacat\nbra#henrique#bayer leverkusen#loan#summer#n / a#barcelonacat\nesp#oleguer#ajax#transfer#summer#3 m + 2 , 25 m in variables#barcelonacat\nesp#crosas#celtic#transfer#summer#0.5 m + 0.8 m in variables#barcelonacat\n",
        "pandas_code": "df['transfer window'].eq('summer').all()",
        "pandas_eval": "True"
    },
    {
        "id": 34169,
        "statement": "when the transfer fee be 10 m the transfer window be summer for deco moving to chelsea",
        "label": 1,
        "table_caption": "2008 - 09 fc barcelona season",
        "table_text": "nat#name#moving to#type#transfer window#transfer fee#source\nbra#edmílson#villarreal#contract termination#summer#free#barcelonacat\nita#zambrotta#milan#transfer#summer#9 m + 2 m in variables#barcelonacat\nmex#dos santos#tottenham hotspur#transfer#summer#6 m + 5 m in variables#barcelonacat\nfra#thuram#retired#contract termination#summer#free#barcelonacat\nesp#ezquerro#osasuna#contract termination#summer#free#barcelonacat\npor#deco#chelsea#transfer#summer#10 m#barcelonacat\nbra#ronaldinho#milan#transfer#summer#21 m + 4 m in variables#barcelonacat\nbra#henrique#bayer leverkusen#loan#summer#n / a#barcelonacat\nesp#oleguer#ajax#transfer#summer#3 m + 2 , 25 m in variables#barcelonacat\nesp#crosas#celtic#transfer#summer#0.5 m + 0.8 m in variables#barcelonacat\n",
        "pandas_code": "(df[(df['name'] == 'deco') & (df['moving to'] == 'chelsea') & (df['transfer fee'] == '10 m') & (df['transfer window'] == 'summer')].shape[0] == 1)",
        "pandas_eval": "True"
    },
    {
        "id": 34170,
        "statement": "only 1 player moving to celtic and that be crosas from esp with a transfer fee of 0.5 m + 0.8 m in variable",
        "label": 1,
        "table_caption": "2008 - 09 fc barcelona season",
        "table_text": "nat#name#moving to#type#transfer window#transfer fee#source\nbra#edmílson#villarreal#contract termination#summer#free#barcelonacat\nita#zambrotta#milan#transfer#summer#9 m + 2 m in variables#barcelonacat\nmex#dos santos#tottenham hotspur#transfer#summer#6 m + 5 m in variables#barcelonacat\nfra#thuram#retired#contract termination#summer#free#barcelonacat\nesp#ezquerro#osasuna#contract termination#summer#free#barcelonacat\npor#deco#chelsea#transfer#summer#10 m#barcelonacat\nbra#ronaldinho#milan#transfer#summer#21 m + 4 m in variables#barcelonacat\nbra#henrique#bayer leverkusen#loan#summer#n / a#barcelonacat\nesp#oleguer#ajax#transfer#summer#3 m + 2 , 25 m in variables#barcelonacat\nesp#crosas#celtic#transfer#summer#0.5 m + 0.8 m in variables#barcelonacat\n",
        "pandas_code": "(df[(df['moving to'] == 'celtic') & (df['name'] == 'crosas') & (df['nat'] == 'esp') & (df['transfer fee'] == '0.5 m + 0.8 m in variables')].shape[0] == 1)",
        "pandas_eval": "True"
    },
    {
        "id": 34171,
        "statement": "oleguer transfer to ajax in the summer and the source be barcelonacat",
        "label": 1,
        "table_caption": "2008 - 09 fc barcelona season",
        "table_text": "nat#name#moving to#type#transfer window#transfer fee#source\nbra#edmílson#villarreal#contract termination#summer#free#barcelonacat\nita#zambrotta#milan#transfer#summer#9 m + 2 m in variables#barcelonacat\nmex#dos santos#tottenham hotspur#transfer#summer#6 m + 5 m in variables#barcelonacat\nfra#thuram#retired#contract termination#summer#free#barcelonacat\nesp#ezquerro#osasuna#contract termination#summer#free#barcelonacat\npor#deco#chelsea#transfer#summer#10 m#barcelonacat\nbra#ronaldinho#milan#transfer#summer#21 m + 4 m in variables#barcelonacat\nbra#henrique#bayer leverkusen#loan#summer#n / a#barcelonacat\nesp#oleguer#ajax#transfer#summer#3 m + 2 , 25 m in variables#barcelonacat\nesp#crosas#celtic#transfer#summer#0.5 m + 0.8 m in variables#barcelonacat\n",
        "pandas_code": "df[(df['name'] == 'oleguer') & (df['moving to'] == 'ajax') & (df['transfer window'] == 'summer') & (df['source'] == 'barcelonacat')].shape[0] == 1",
        "pandas_eval": "True"
    },
    {
        "id": 34172,
        "statement": "when the transfer fee be free , the source be barcelona com",
        "label": 0,
        "table_caption": "2008 - 09 fc barcelona season",
        "table_text": "nat#name#moving to#type#transfer window#transfer fee#source\nbra#edmílson#villarreal#contract termination#summer#free#barcelonacat\nita#zambrotta#milan#transfer#summer#9 m + 2 m in variables#barcelonacat\nmex#dos santos#tottenham hotspur#transfer#summer#6 m + 5 m in variables#barcelonacat\nfra#thuram#retired#contract termination#summer#free#barcelonacat\nesp#ezquerro#osasuna#contract termination#summer#free#barcelonacat\npor#deco#chelsea#transfer#summer#10 m#barcelonacat\nbra#ronaldinho#milan#transfer#summer#21 m + 4 m in variables#barcelonacat\nbra#henrique#bayer leverkusen#loan#summer#n / a#barcelonacat\nesp#oleguer#ajax#transfer#summer#3 m + 2 , 25 m in variables#barcelonacat\nesp#crosas#celtic#transfer#summer#0.5 m + 0.8 m in variables#barcelonacat\n",
        "pandas_code": "any(df[df['transfer fee'] == 'free']['source'] != 'barcelonacat')",
        "pandas_eval": "False"
    },
    {
        "id": 34173,
        "statement": "the transfer window occur during all season",
        "label": 0,
        "table_caption": "2008 - 09 fc barcelona season",
        "table_text": "nat#name#moving to#type#transfer window#transfer fee#source\nbra#edmílson#villarreal#contract termination#summer#free#barcelonacat\nita#zambrotta#milan#transfer#summer#9 m + 2 m in variables#barcelonacat\nmex#dos santos#tottenham hotspur#transfer#summer#6 m + 5 m in variables#barcelonacat\nfra#thuram#retired#contract termination#summer#free#barcelonacat\nesp#ezquerro#osasuna#contract termination#summer#free#barcelonacat\npor#deco#chelsea#transfer#summer#10 m#barcelonacat\nbra#ronaldinho#milan#transfer#summer#21 m + 4 m in variables#barcelonacat\nbra#henrique#bayer leverkusen#loan#summer#n / a#barcelonacat\nesp#oleguer#ajax#transfer#summer#3 m + 2 , 25 m in variables#barcelonacat\nesp#crosas#celtic#transfer#summer#0.5 m + 0.8 m in variables#barcelonacat\n",
        "pandas_code": "any(df['transfer window'] != 'summer')",
        "pandas_eval": "False"
    },
    {
        "id": 34174,
        "statement": "for deco moving to chelsea , the transfer fee be n / a and the transfer window be summer",
        "label": 0,
        "table_caption": "2008 - 09 fc barcelona season",
        "table_text": "nat#name#moving to#type#transfer window#transfer fee#source\nbra#edmílson#villarreal#contract termination#summer#free#barcelonacat\nita#zambrotta#milan#transfer#summer#9 m + 2 m in variables#barcelonacat\nmex#dos santos#tottenham hotspur#transfer#summer#6 m + 5 m in variables#barcelonacat\nfra#thuram#retired#contract termination#summer#free#barcelonacat\nesp#ezquerro#osasuna#contract termination#summer#free#barcelonacat\npor#deco#chelsea#transfer#summer#10 m#barcelonacat\nbra#ronaldinho#milan#transfer#summer#21 m + 4 m in variables#barcelonacat\nbra#henrique#bayer leverkusen#loan#summer#n / a#barcelonacat\nesp#oleguer#ajax#transfer#summer#3 m + 2 , 25 m in variables#barcelonacat\nesp#crosas#celtic#transfer#summer#0.5 m + 0.8 m in variables#barcelonacat\n",
        "pandas_code": "(df[(df['name'] == 'deco') & (df['moving to'] == 'chelsea')]['transfer fee'].values[0] == 'n / a') & (df[(df['name'] == 'deco') & (df['moving to'] == 'chelsea')]['transfer window'].values[0] == 'summer')",
        "pandas_eval": "False"
    },
    {
        "id": 34175,
        "statement": "crosas from esp , moving to celtic with a free transfer fee",
        "label": 0,
        "table_caption": "2008 - 09 fc barcelona season",
        "table_text": "nat#name#moving to#type#transfer window#transfer fee#source\nbra#edmílson#villarreal#contract termination#summer#free#barcelonacat\nita#zambrotta#milan#transfer#summer#9 m + 2 m in variables#barcelonacat\nmex#dos santos#tottenham hotspur#transfer#summer#6 m + 5 m in variables#barcelonacat\nfra#thuram#retired#contract termination#summer#free#barcelonacat\nesp#ezquerro#osasuna#contract termination#summer#free#barcelonacat\npor#deco#chelsea#transfer#summer#10 m#barcelonacat\nbra#ronaldinho#milan#transfer#summer#21 m + 4 m in variables#barcelonacat\nbra#henrique#bayer leverkusen#loan#summer#n / a#barcelonacat\nesp#oleguer#ajax#transfer#summer#3 m + 2 , 25 m in variables#barcelonacat\nesp#crosas#celtic#transfer#summer#0.5 m + 0.8 m in variables#barcelonacat\n",
        "pandas_code": "((df['name'] == 'crosas') & (df['nat'] == 'esp') & (df['moving to'] == 'celtic') & (df['transfer fee'] == 'free')).any()",
        "pandas_eval": "False"
    },
    {
        "id": 34176,
        "statement": "oleguer from ajax transfer to esp in the summer and the source be barcelonacom",
        "label": 0,
        "table_caption": "2008 - 09 fc barcelona season",
        "table_text": "nat#name#moving to#type#transfer window#transfer fee#source\nbra#edmílson#villarreal#contract termination#summer#free#barcelonacat\nita#zambrotta#milan#transfer#summer#9 m + 2 m in variables#barcelonacat\nmex#dos santos#tottenham hotspur#transfer#summer#6 m + 5 m in variables#barcelonacat\nfra#thuram#retired#contract termination#summer#free#barcelonacat\nesp#ezquerro#osasuna#contract termination#summer#free#barcelonacat\npor#deco#chelsea#transfer#summer#10 m#barcelonacat\nbra#ronaldinho#milan#transfer#summer#21 m + 4 m in variables#barcelonacat\nbra#henrique#bayer leverkusen#loan#summer#n / a#barcelonacat\nesp#oleguer#ajax#transfer#summer#3 m + 2 , 25 m in variables#barcelonacat\nesp#crosas#celtic#transfer#summer#0.5 m + 0.8 m in variables#barcelonacat\n",
        "pandas_code": "((df['name'] == 'oleguer') & (df['moving to'] == 'esp') & (df['type'] == 'transfer') & (df['transfer window'] == 'summer') & (df['source'] == 'barcelonacom') & (df['nat'] == 'esp')).any()",
        "pandas_eval": "False"
    }
]