[
    {
        "id": 32119,
        "statement": "2 of the team have only 3 win each",
        "label": 1,
        "table_caption": "rovers cup",
        "table_text": "club#wins#last win#runners - up#last runners - up\nmohun bagan ac#14#2000 - 01#10#1987\neast bengal club#10#1994#4#1988\nhyderabad police#9#1963#1#1943\nmohammedan sporting club#6#1987#9#1991\ndempo sc#4#1986#1#1989\nbangalore muslims#3#1948#2#1953\nsalgaocar sc#3#1999#1#1985\n",
        "pandas_code": "(df['wins'] == 3).sum() == 2",
        "pandas_eval": "True"
    },
    {
        "id": 32120,
        "statement": "the mohun bagan ac club win 10 more gamees than the dempo sc club",
        "label": 1,
        "table_caption": "rovers cup",
        "table_text": "club#wins#last win#runners - up#last runners - up\nmohun bagan ac#14#2000 - 01#10#1987\neast bengal club#10#1994#4#1988\nhyderabad police#9#1963#1#1943\nmohammedan sporting club#6#1987#9#1991\ndempo sc#4#1986#1#1989\nbangalore muslims#3#1948#2#1953\nsalgaocar sc#3#1999#1#1985\n",
        "pandas_code": "df[df['club'] == 'mohun bagan ac']['wins'].values[0] == df[df['club'] == 'dempo sc']['wins'].values[0] + 10",
        "pandas_eval": "True"
    },
    {
        "id": 32121,
        "statement": "there be 3 team which be only runner - up 1 time",
        "label": 1,
        "table_caption": "rovers cup",
        "table_text": "club#wins#last win#runners - up#last runners - up\nmohun bagan ac#14#2000 - 01#10#1987\neast bengal club#10#1994#4#1988\nhyderabad police#9#1963#1#1943\nmohammedan sporting club#6#1987#9#1991\ndempo sc#4#1986#1#1989\nbangalore muslims#3#1948#2#1953\nsalgaocar sc#3#1999#1#1985\n",
        "pandas_code": "(df['runners - up'] == 1).sum() == 3",
        "pandas_eval": "True"
    },
    {
        "id": 32122,
        "statement": "salgaocar ac 's last win occur the year before mohun bagan ac 's last win",
        "label": 1,
        "table_caption": "rovers cup",
        "table_text": "club#wins#last win#runners - up#last runners - up\nmohun bagan ac#14#2000 - 01#10#1987\neast bengal club#10#1994#4#1988\nhyderabad police#9#1963#1#1943\nmohammedan sporting club#6#1987#9#1991\ndempo sc#4#1986#1#1989\nbangalore muslims#3#1948#2#1953\nsalgaocar sc#3#1999#1#1985\n",
        "pandas_code": "int(df[df['club'] == 'salgaocar sc']['last win'].values[0].split(' - ')[0]) == int(df[df['club'] == 'mohun bagan ac']['last win'].values[0].split(' - ')[0]) - 1",
        "pandas_eval": "True"
    },
    {
        "id": 32123,
        "statement": "the team with the most runner - up have 9 more than the team with the lowest runner - up",
        "label": 1,
        "table_caption": "rovers cup",
        "table_text": "club#wins#last win#runners - up#last runners - up\nmohun bagan ac#14#2000 - 01#10#1987\neast bengal club#10#1994#4#1988\nhyderabad police#9#1963#1#1943\nmohammedan sporting club#6#1987#9#1991\ndempo sc#4#1986#1#1989\nbangalore muslims#3#1948#2#1953\nsalgaocar sc#3#1999#1#1985\n",
        "pandas_code": "(df['runners - up'].max() - df['runners - up'].min()) == 9",
        "pandas_eval": "True"
    },
    {
        "id": 32124,
        "statement": "no 2 team have the same amount of win",
        "label": 0,
        "table_caption": "rovers cup",
        "table_text": "club#wins#last win#runners - up#last runners - up\nmohun bagan ac#14#2000 - 01#10#1987\neast bengal club#10#1994#4#1988\nhyderabad police#9#1963#1#1943\nmohammedan sporting club#6#1987#9#1991\ndempo sc#4#1986#1#1989\nbangalore muslims#3#1948#2#1953\nsalgaocar sc#3#1999#1#1985\n",
        "pandas_code": "df['wins'].duplicated().any() == False",
        "pandas_eval": "False"
    },
    {
        "id": 32125,
        "statement": "the mohun bagan ac club win 10 or more game than any other club",
        "label": 0,
        "table_caption": "rovers cup",
        "table_text": "club#wins#last win#runners - up#last runners - up\nmohun bagan ac#14#2000 - 01#10#1987\neast bengal club#10#1994#4#1988\nhyderabad police#9#1963#1#1943\nmohammedan sporting club#6#1987#9#1991\ndempo sc#4#1986#1#1989\nbangalore muslims#3#1948#2#1953\nsalgaocar sc#3#1999#1#1985\n",
        "pandas_code": "df[df['club'] == 'mohun bagan ac']['wins'].values[0] >= df[df['club'] != 'mohun bagan ac']['wins'].max() + 10",
        "pandas_eval": "False"
    },
    {
        "id": 32126,
        "statement": "all team be runner up at least 2 time",
        "label": 0,
        "table_caption": "rovers cup",
        "table_text": "club#wins#last win#runners - up#last runners - up\nmohun bagan ac#14#2000 - 01#10#1987\neast bengal club#10#1994#4#1988\nhyderabad police#9#1963#1#1943\nmohammedan sporting club#6#1987#9#1991\ndempo sc#4#1986#1#1989\nbangalore muslims#3#1948#2#1953\nsalgaocar sc#3#1999#1#1985\n",
        "pandas_code": "all(df['runners - up'] >= 2)",
        "pandas_eval": "False"
    },
    {
        "id": 32127,
        "statement": "salgaocar ac 's last win be also the last win of the rover cup",
        "label": 0,
        "table_caption": "rovers cup",
        "table_text": "club#wins#last win#runners - up#last runners - up\nmohun bagan ac#14#2000 - 01#10#1987\neast bengal club#10#1994#4#1988\nhyderabad police#9#1963#1#1943\nmohammedan sporting club#6#1987#9#1991\ndempo sc#4#1986#1#1989\nbangalore muslims#3#1948#2#1953\nsalgaocar sc#3#1999#1#1985\n",
        "pandas_code": "df[df['club'] == 'salgaocar sc']['last win'].values[0] == df['last win'].max()",
        "pandas_eval": "False"
    },
    {
        "id": 32128,
        "statement": "the team with the most runner - up have 9 more than the team with the second most runner - up",
        "label": 0,
        "table_caption": "rovers cup",
        "table_text": "club#wins#last win#runners - up#last runners - up\nmohun bagan ac#14#2000 - 01#10#1987\neast bengal club#10#1994#4#1988\nhyderabad police#9#1963#1#1943\nmohammedan sporting club#6#1987#9#1991\ndempo sc#4#1986#1#1989\nbangalore muslims#3#1948#2#1953\nsalgaocar sc#3#1999#1#1985\n",
        "pandas_code": "(df['runners - up'].max() - df['runners - up'].nlargest(2).iloc[1]) == 9",
        "pandas_eval": "False"
    }
]