[
    {
        "id": 31609,
        "statement": "elementary algebra be take prior to grammar and world literature",
        "label": 1,
        "table_caption": "tagum city national high school",
        "table_text": "subjects#first year#second year#third year#fourth year\nscience#general science#biology#chemistry#physics\nmathematics#elementary algebra#intermediate algebra#geometry#advanced algebra\nenglish#grammar and philippine literature#grammar and afro - asian literature#grammar and american literature#grammar and world literature\nfilipino#pag - unawa#gramatika#panitikang pilipino#panitikang asyano\nsocial studies (ap)#philippine history and government#asian history#world history#economics\n",
        "pandas_code": "df.loc[df['subjects'] == 'mathematics', 'first year'].iloc[0] == 'elementary algebra' and df.loc[df['subjects'] == 'english', 'fourth year'].iloc[0] == 'grammar and world literature'",
        "pandas_eval": "True"
    },
    {
        "id": 31610,
        "statement": "chemistry and geometry be take in the third year",
        "label": 1,
        "table_caption": "tagum city national high school",
        "table_text": "subjects#first year#second year#third year#fourth year\nscience#general science#biology#chemistry#physics\nmathematics#elementary algebra#intermediate algebra#geometry#advanced algebra\nenglish#grammar and philippine literature#grammar and afro - asian literature#grammar and american literature#grammar and world literature\nfilipino#pag - unawa#gramatika#panitikang pilipino#panitikang asyano\nsocial studies (ap)#philippine history and government#asian history#world history#economics\n",
        "pandas_code": "all(df.loc[df['subjects'].isin(['chemistry', 'geometry']), 'third year'].isin(['chemistry', 'geometry']))",
        "pandas_eval": "True"
    },
    {
        "id": 31611,
        "statement": "english and filipino be both taught",
        "label": 1,
        "table_caption": "tagum city national high school",
        "table_text": "subjects#first year#second year#third year#fourth year\nscience#general science#biology#chemistry#physics\nmathematics#elementary algebra#intermediate algebra#geometry#advanced algebra\nenglish#grammar and philippine literature#grammar and afro - asian literature#grammar and american literature#grammar and world literature\nfilipino#pag - unawa#gramatika#panitikang pilipino#panitikang asyano\nsocial studies (ap)#philippine history and government#asian history#world history#economics\n",
        "pandas_code": "all(df[df['subjects'].isin(['english', 'filipino'])].apply(lambda x: x.notna().all(), axis=1))",
        "pandas_eval": "True"
    },
    {
        "id": 31612,
        "statement": "advanced algebra be the final mathematics subject taught",
        "label": 1,
        "table_caption": "tagum city national high school",
        "table_text": "subjects#first year#second year#third year#fourth year\nscience#general science#biology#chemistry#physics\nmathematics#elementary algebra#intermediate algebra#geometry#advanced algebra\nenglish#grammar and philippine literature#grammar and afro - asian literature#grammar and american literature#grammar and world literature\nfilipino#pag - unawa#gramatika#panitikang pilipino#panitikang asyano\nsocial studies (ap)#philippine history and government#asian history#world history#economics\n",
        "pandas_code": "df.loc[df['subjects'] == 'mathematics', 'fourth year'].values[0] == 'advanced algebra'",
        "pandas_eval": "True"
    },
    {
        "id": 31613,
        "statement": "world history be take 1 year after asian history",
        "label": 1,
        "table_caption": "tagum city national high school",
        "table_text": "subjects#first year#second year#third year#fourth year\nscience#general science#biology#chemistry#physics\nmathematics#elementary algebra#intermediate algebra#geometry#advanced algebra\nenglish#grammar and philippine literature#grammar and afro - asian literature#grammar and american literature#grammar and world literature\nfilipino#pag - unawa#gramatika#panitikang pilipino#panitikang asyano\nsocial studies (ap)#philippine history and government#asian history#world history#economics\n",
        "pandas_code": "df.loc[df['subjects'] == 'social studies (ap)', 'third year'].values[0] == 'world history' and df.loc[df['subjects'] == 'social studies (ap)', 'second year'].values[0] == 'asian history'",
        "pandas_eval": "True"
    }
]