[
    {
        "id": 32099,
        "statement": "sébastien bourdais have 6 point more than that of mario dominguea",
        "label": 1,
        "table_caption": "2003 german 500",
        "table_text": "driver#team#laps#time / retired#grid#points\nsébastien bourdais#newman / haas racing#154#1:49:22.498#1#22\nmario domínguez#herdez competition#154#+ 0.084 secs#6#16\nmichel jourdain , jr#team rahal#154#+ 0.245 secs#3#14\nbruno junqueira#newman / haas racing#154#+ 12.042 secs#2#12\noriol servià#patrick racing#154#+ 12.055 secs#7#10\ndarren manning#walker racing#154#+ 24.602 secs#5#8\npatrick carpentier#team player 's#153#+ 1 lap#17#6\njimmy vasser#american spirit team johansson#153#+ 1 lap#11#5\nrodolfo lavín#walker racing#153#+ 1 lap#8#4\nroberto moreno#herdez competition#153#+ 1 lap#12#3\nryan hunter - reay#american spirit team johansson#152#+ 2 laps#15#2\npaul tracy#team player 's#152#+ 2 laps#16#1\ntiago monteiro#fittipaldi - dingman racing#152#+ 2 laps#14#0\nmario haberfeld#mi - jack conquest racing#152#+ 2 laps#4#0\nadrian fernández#fernández racing#152#+ 2 laps#19#0\njoël camathias#dale coyne racing#152#+ 2 laps#18#0\nalex yoong#dale coyne racing#81#mechanical#13#0\nalex tagliani#rocketsports racing#28#mechanical#9#0\npatrick lemarié#pk racing#25#contact#10#0\n",
        "pandas_code": "(df.loc[df['driver'] == 'sébastien bourdais', 'points'].values[0] - df.loc[df['driver'] == 'mario domínguez', 'points'].values[0]) == 6",
        "pandas_eval": "True"
    },
    {
        "id": 32100,
        "statement": "there be 5 driver with more than 100 lap and point greater than 10",
        "label": 1,
        "table_caption": "2003 german 500",
        "table_text": "driver#team#laps#time / retired#grid#points\nsébastien bourdais#newman / haas racing#154#1:49:22.498#1#22\nmario domínguez#herdez competition#154#+ 0.084 secs#6#16\nmichel jourdain , jr#team rahal#154#+ 0.245 secs#3#14\nbruno junqueira#newman / haas racing#154#+ 12.042 secs#2#12\noriol servià#patrick racing#154#+ 12.055 secs#7#10\ndarren manning#walker racing#154#+ 24.602 secs#5#8\npatrick carpentier#team player 's#153#+ 1 lap#17#6\njimmy vasser#american spirit team johansson#153#+ 1 lap#11#5\nrodolfo lavín#walker racing#153#+ 1 lap#8#4\nroberto moreno#herdez competition#153#+ 1 lap#12#3\nryan hunter - reay#american spirit team johansson#152#+ 2 laps#15#2\npaul tracy#team player 's#152#+ 2 laps#16#1\ntiago monteiro#fittipaldi - dingman racing#152#+ 2 laps#14#0\nmario haberfeld#mi - jack conquest racing#152#+ 2 laps#4#0\nadrian fernández#fernández racing#152#+ 2 laps#19#0\njoël camathias#dale coyne racing#152#+ 2 laps#18#0\nalex yoong#dale coyne racing#81#mechanical#13#0\nalex tagliani#rocketsports racing#28#mechanical#9#0\npatrick lemarié#pk racing#25#contact#10#0\n",
        "pandas_code": "len(df[(df['laps'] > 100) & (df['points'] >= 10)]) >= 5",
        "pandas_eval": "True"
    },
    {
        "id": 32101,
        "statement": "patrick lemané be the only driver with 0 point and less than 26 lap",
        "label": 1,
        "table_caption": "2003 german 500",
        "table_text": "driver#team#laps#time / retired#grid#points\nsébastien bourdais#newman / haas racing#154#1:49:22.498#1#22\nmario domínguez#herdez competition#154#+ 0.084 secs#6#16\nmichel jourdain , jr#team rahal#154#+ 0.245 secs#3#14\nbruno junqueira#newman / haas racing#154#+ 12.042 secs#2#12\noriol servià#patrick racing#154#+ 12.055 secs#7#10\ndarren manning#walker racing#154#+ 24.602 secs#5#8\npatrick carpentier#team player 's#153#+ 1 lap#17#6\njimmy vasser#american spirit team johansson#153#+ 1 lap#11#5\nrodolfo lavín#walker racing#153#+ 1 lap#8#4\nroberto moreno#herdez competition#153#+ 1 lap#12#3\nryan hunter - reay#american spirit team johansson#152#+ 2 laps#15#2\npaul tracy#team player 's#152#+ 2 laps#16#1\ntiago monteiro#fittipaldi - dingman racing#152#+ 2 laps#14#0\nmario haberfeld#mi - jack conquest racing#152#+ 2 laps#4#0\nadrian fernández#fernández racing#152#+ 2 laps#19#0\njoël camathias#dale coyne racing#152#+ 2 laps#18#0\nalex yoong#dale coyne racing#81#mechanical#13#0\nalex tagliani#rocketsports racing#28#mechanical#9#0\npatrick lemarié#pk racing#25#contact#10#0\n",
        "pandas_code": "(df[(df['driver'] == 'patrick lemarié') & (df['points'] == 0) & (df['laps'] < 26)].shape[0] == 1) & (df[(df['points'] == 0) & (df['laps'] < 26)].shape[0] == 1)",
        "pandas_eval": "True"
    },
    {
        "id": 32102,
        "statement": "there be more driver with 154 lap than those with 153 lap",
        "label": 1,
        "table_caption": "2003 german 500",
        "table_text": "driver#team#laps#time / retired#grid#points\nsébastien bourdais#newman / haas racing#154#1:49:22.498#1#22\nmario domínguez#herdez competition#154#+ 0.084 secs#6#16\nmichel jourdain , jr#team rahal#154#+ 0.245 secs#3#14\nbruno junqueira#newman / haas racing#154#+ 12.042 secs#2#12\noriol servià#patrick racing#154#+ 12.055 secs#7#10\ndarren manning#walker racing#154#+ 24.602 secs#5#8\npatrick carpentier#team player 's#153#+ 1 lap#17#6\njimmy vasser#american spirit team johansson#153#+ 1 lap#11#5\nrodolfo lavín#walker racing#153#+ 1 lap#8#4\nroberto moreno#herdez competition#153#+ 1 lap#12#3\nryan hunter - reay#american spirit team johansson#152#+ 2 laps#15#2\npaul tracy#team player 's#152#+ 2 laps#16#1\ntiago monteiro#fittipaldi - dingman racing#152#+ 2 laps#14#0\nmario haberfeld#mi - jack conquest racing#152#+ 2 laps#4#0\nadrian fernández#fernández racing#152#+ 2 laps#19#0\njoël camathias#dale coyne racing#152#+ 2 laps#18#0\nalex yoong#dale coyne racing#81#mechanical#13#0\nalex tagliani#rocketsports racing#28#mechanical#9#0\npatrick lemarié#pk racing#25#contact#10#0\n",
        "pandas_code": "df['laps'].value_counts().get(154, 0) > df['laps'].value_counts().get(153, 0)",
        "pandas_eval": "True"
    },
    {
        "id": 32103,
        "statement": "out of the driver with 152 lap , ryan hunter - reay have the highest point",
        "label": 1,
        "table_caption": "2003 german 500",
        "table_text": "driver#team#laps#time / retired#grid#points\nsébastien bourdais#newman / haas racing#154#1:49:22.498#1#22\nmario domínguez#herdez competition#154#+ 0.084 secs#6#16\nmichel jourdain , jr#team rahal#154#+ 0.245 secs#3#14\nbruno junqueira#newman / haas racing#154#+ 12.042 secs#2#12\noriol servià#patrick racing#154#+ 12.055 secs#7#10\ndarren manning#walker racing#154#+ 24.602 secs#5#8\npatrick carpentier#team player 's#153#+ 1 lap#17#6\njimmy vasser#american spirit team johansson#153#+ 1 lap#11#5\nrodolfo lavín#walker racing#153#+ 1 lap#8#4\nroberto moreno#herdez competition#153#+ 1 lap#12#3\nryan hunter - reay#american spirit team johansson#152#+ 2 laps#15#2\npaul tracy#team player 's#152#+ 2 laps#16#1\ntiago monteiro#fittipaldi - dingman racing#152#+ 2 laps#14#0\nmario haberfeld#mi - jack conquest racing#152#+ 2 laps#4#0\nadrian fernández#fernández racing#152#+ 2 laps#19#0\njoël camathias#dale coyne racing#152#+ 2 laps#18#0\nalex yoong#dale coyne racing#81#mechanical#13#0\nalex tagliani#rocketsports racing#28#mechanical#9#0\npatrick lemarié#pk racing#25#contact#10#0\n",
        "pandas_code": "df[df['laps'] == 152]['points'].max() == df[df['driver'] == 'ryan hunter - reay']['points'].values[0]",
        "pandas_eval": "True"
    },
    {
        "id": 32104,
        "statement": "sébastien bourdais have 7 point more than that of mario dominguea",
        "label": 0,
        "table_caption": "2003 german 500",
        "table_text": "driver#team#laps#time / retired#grid#points\nsébastien bourdais#newman / haas racing#154#1:49:22.498#1#22\nmario domínguez#herdez competition#154#+ 0.084 secs#6#16\nmichel jourdain , jr#team rahal#154#+ 0.245 secs#3#14\nbruno junqueira#newman / haas racing#154#+ 12.042 secs#2#12\noriol servià#patrick racing#154#+ 12.055 secs#7#10\ndarren manning#walker racing#154#+ 24.602 secs#5#8\npatrick carpentier#team player 's#153#+ 1 lap#17#6\njimmy vasser#american spirit team johansson#153#+ 1 lap#11#5\nrodolfo lavín#walker racing#153#+ 1 lap#8#4\nroberto moreno#herdez competition#153#+ 1 lap#12#3\nryan hunter - reay#american spirit team johansson#152#+ 2 laps#15#2\npaul tracy#team player 's#152#+ 2 laps#16#1\ntiago monteiro#fittipaldi - dingman racing#152#+ 2 laps#14#0\nmario haberfeld#mi - jack conquest racing#152#+ 2 laps#4#0\nadrian fernández#fernández racing#152#+ 2 laps#19#0\njoël camathias#dale coyne racing#152#+ 2 laps#18#0\nalex yoong#dale coyne racing#81#mechanical#13#0\nalex tagliani#rocketsports racing#28#mechanical#9#0\npatrick lemarié#pk racing#25#contact#10#0\n",
        "pandas_code": "(df[df['driver'] == 'sébastien bourdais']['points'].values[0] - df[df['driver'] == 'mario domínguez']['points'].values[0]) == 7",
        "pandas_eval": "False"
    },
    {
        "id": 32105,
        "statement": "there be 7 driver with more than 100 lap and point greater than 10",
        "label": 0,
        "table_caption": "2003 german 500",
        "table_text": "driver#team#laps#time / retired#grid#points\nsébastien bourdais#newman / haas racing#154#1:49:22.498#1#22\nmario domínguez#herdez competition#154#+ 0.084 secs#6#16\nmichel jourdain , jr#team rahal#154#+ 0.245 secs#3#14\nbruno junqueira#newman / haas racing#154#+ 12.042 secs#2#12\noriol servià#patrick racing#154#+ 12.055 secs#7#10\ndarren manning#walker racing#154#+ 24.602 secs#5#8\npatrick carpentier#team player 's#153#+ 1 lap#17#6\njimmy vasser#american spirit team johansson#153#+ 1 lap#11#5\nrodolfo lavín#walker racing#153#+ 1 lap#8#4\nroberto moreno#herdez competition#153#+ 1 lap#12#3\nryan hunter - reay#american spirit team johansson#152#+ 2 laps#15#2\npaul tracy#team player 's#152#+ 2 laps#16#1\ntiago monteiro#fittipaldi - dingman racing#152#+ 2 laps#14#0\nmario haberfeld#mi - jack conquest racing#152#+ 2 laps#4#0\nadrian fernández#fernández racing#152#+ 2 laps#19#0\njoël camathias#dale coyne racing#152#+ 2 laps#18#0\nalex yoong#dale coyne racing#81#mechanical#13#0\nalex tagliani#rocketsports racing#28#mechanical#9#0\npatrick lemarié#pk racing#25#contact#10#0\n",
        "pandas_code": "(df[(df['laps'] > 100) & (df['points'] > 10)].shape[0] == 7)",
        "pandas_eval": "False"
    },
    {
        "id": 32106,
        "statement": "patrick lemané be the only driver with 0 point and less than 24 lap",
        "label": 0,
        "table_caption": "2003 german 500",
        "table_text": "driver#team#laps#time / retired#grid#points\nsébastien bourdais#newman / haas racing#154#1:49:22.498#1#22\nmario domínguez#herdez competition#154#+ 0.084 secs#6#16\nmichel jourdain , jr#team rahal#154#+ 0.245 secs#3#14\nbruno junqueira#newman / haas racing#154#+ 12.042 secs#2#12\noriol servià#patrick racing#154#+ 12.055 secs#7#10\ndarren manning#walker racing#154#+ 24.602 secs#5#8\npatrick carpentier#team player 's#153#+ 1 lap#17#6\njimmy vasser#american spirit team johansson#153#+ 1 lap#11#5\nrodolfo lavín#walker racing#153#+ 1 lap#8#4\nroberto moreno#herdez competition#153#+ 1 lap#12#3\nryan hunter - reay#american spirit team johansson#152#+ 2 laps#15#2\npaul tracy#team player 's#152#+ 2 laps#16#1\ntiago monteiro#fittipaldi - dingman racing#152#+ 2 laps#14#0\nmario haberfeld#mi - jack conquest racing#152#+ 2 laps#4#0\nadrian fernández#fernández racing#152#+ 2 laps#19#0\njoël camathias#dale coyne racing#152#+ 2 laps#18#0\nalex yoong#dale coyne racing#81#mechanical#13#0\nalex tagliani#rocketsports racing#28#mechanical#9#0\npatrick lemarié#pk racing#25#contact#10#0\n",
        "pandas_code": "(df[(df['driver'] == 'patrick lemarié') & (df['points'] == 0) & (df['laps'] < 24)].shape[0] == 1) & (df[(df['points'] == 0) & (df['laps'] < 24)].shape[0] == 1)",
        "pandas_eval": "False"
    },
    {
        "id": 32107,
        "statement": "there be more driver with 153 lap than those with 152 lap",
        "label": 0,
        "table_caption": "2003 german 500",
        "table_text": "driver#team#laps#time / retired#grid#points\nsébastien bourdais#newman / haas racing#154#1:49:22.498#1#22\nmario domínguez#herdez competition#154#+ 0.084 secs#6#16\nmichel jourdain , jr#team rahal#154#+ 0.245 secs#3#14\nbruno junqueira#newman / haas racing#154#+ 12.042 secs#2#12\noriol servià#patrick racing#154#+ 12.055 secs#7#10\ndarren manning#walker racing#154#+ 24.602 secs#5#8\npatrick carpentier#team player 's#153#+ 1 lap#17#6\njimmy vasser#american spirit team johansson#153#+ 1 lap#11#5\nrodolfo lavín#walker racing#153#+ 1 lap#8#4\nroberto moreno#herdez competition#153#+ 1 lap#12#3\nryan hunter - reay#american spirit team johansson#152#+ 2 laps#15#2\npaul tracy#team player 's#152#+ 2 laps#16#1\ntiago monteiro#fittipaldi - dingman racing#152#+ 2 laps#14#0\nmario haberfeld#mi - jack conquest racing#152#+ 2 laps#4#0\nadrian fernández#fernández racing#152#+ 2 laps#19#0\njoël camathias#dale coyne racing#152#+ 2 laps#18#0\nalex yoong#dale coyne racing#81#mechanical#13#0\nalex tagliani#rocketsports racing#28#mechanical#9#0\npatrick lemarié#pk racing#25#contact#10#0\n",
        "pandas_code": "(df['laps'] == 153).sum() > (df['laps'] == 152).sum()",
        "pandas_eval": "False"
    },
    {
        "id": 32108,
        "statement": "out of the driver with 154 lap , ryan hunter - reay have the highest point",
        "label": 0,
        "table_caption": "2003 german 500",
        "table_text": "driver#team#laps#time / retired#grid#points\nsébastien bourdais#newman / haas racing#154#1:49:22.498#1#22\nmario domínguez#herdez competition#154#+ 0.084 secs#6#16\nmichel jourdain , jr#team rahal#154#+ 0.245 secs#3#14\nbruno junqueira#newman / haas racing#154#+ 12.042 secs#2#12\noriol servià#patrick racing#154#+ 12.055 secs#7#10\ndarren manning#walker racing#154#+ 24.602 secs#5#8\npatrick carpentier#team player 's#153#+ 1 lap#17#6\njimmy vasser#american spirit team johansson#153#+ 1 lap#11#5\nrodolfo lavín#walker racing#153#+ 1 lap#8#4\nroberto moreno#herdez competition#153#+ 1 lap#12#3\nryan hunter - reay#american spirit team johansson#152#+ 2 laps#15#2\npaul tracy#team player 's#152#+ 2 laps#16#1\ntiago monteiro#fittipaldi - dingman racing#152#+ 2 laps#14#0\nmario haberfeld#mi - jack conquest racing#152#+ 2 laps#4#0\nadrian fernández#fernández racing#152#+ 2 laps#19#0\njoël camathias#dale coyne racing#152#+ 2 laps#18#0\nalex yoong#dale coyne racing#81#mechanical#13#0\nalex tagliani#rocketsports racing#28#mechanical#9#0\npatrick lemarié#pk racing#25#contact#10#0\n",
        "pandas_code": "df[df['laps'] == 154]['points'].max() == df[df['driver'] == 'ryan hunter - reay']['points'].values[0]",
        "pandas_eval": "False"
    }
]