[
    {
        "id": 30924,
        "statement": "the most number of rebound be between nicole ohlde and yelena leunchanka",
        "label": 1,
        "table_caption": "2007 - 08 euroleague women",
        "table_text": "rank#name#team#games#rebounds\n1#nicole ohlde#us valenciennes olympic#13#124\n2#jennifer fleischer#dexia w namur#10#91\n3#ann wauters#cska moscow#13#118\n4#iciss tillis#ttt riga#9#80\n5#yelena leuchanka#teo vilnius ummc ekaterinburg#14#124\n",
        "pandas_code": "df[df['name'].isin(['nicole ohlde', 'yelena leuchanka'])]['rebounds'].nunique() == 1",
        "pandas_eval": "True"
    },
    {
        "id": 30925,
        "statement": "the person with the most number of game play be yelena leunchanka",
        "label": 1,
        "table_caption": "2007 - 08 euroleague women",
        "table_text": "rank#name#team#games#rebounds\n1#nicole ohlde#us valenciennes olympic#13#124\n2#jennifer fleischer#dexia w namur#10#91\n3#ann wauters#cska moscow#13#118\n4#iciss tillis#ttt riga#9#80\n5#yelena leuchanka#teo vilnius ummc ekaterinburg#14#124\n",
        "pandas_code": "df.loc[df['games'].idxmax(), 'name'] == 'yelena leuchanka'",
        "pandas_eval": "True"
    },
    {
        "id": 30926,
        "statement": "the person with the lowest number of rebound be iciss tillis",
        "label": 1,
        "table_caption": "2007 - 08 euroleague women",
        "table_text": "rank#name#team#games#rebounds\n1#nicole ohlde#us valenciennes olympic#13#124\n2#jennifer fleischer#dexia w namur#10#91\n3#ann wauters#cska moscow#13#118\n4#iciss tillis#ttt riga#9#80\n5#yelena leuchanka#teo vilnius ummc ekaterinburg#14#124\n",
        "pandas_code": "df.loc[df['rebounds'].idxmin(), 'name'] == 'iciss tillis'",
        "pandas_eval": "True"
    },
    {
        "id": 30927,
        "statement": "the average number of game play between nicole ohlde and ann wauters be 13",
        "label": 1,
        "table_caption": "2007 - 08 euroleague women",
        "table_text": "rank#name#team#games#rebounds\n1#nicole ohlde#us valenciennes olympic#13#124\n2#jennifer fleischer#dexia w namur#10#91\n3#ann wauters#cska moscow#13#118\n4#iciss tillis#ttt riga#9#80\n5#yelena leuchanka#teo vilnius ummc ekaterinburg#14#124\n",
        "pandas_code": "(df[df['name'].isin(['nicole ohlde', 'ann wauters'])]['games'].mean() == 13)",
        "pandas_eval": "True"
    },
    {
        "id": 30928,
        "statement": "in the first 5 rank there be only 1 player from the us valenciennes olympic team",
        "label": 1,
        "table_caption": "2007 - 08 euroleague women",
        "table_text": "rank#name#team#games#rebounds\n1#nicole ohlde#us valenciennes olympic#13#124\n2#jennifer fleischer#dexia w namur#10#91\n3#ann wauters#cska moscow#13#118\n4#iciss tillis#ttt riga#9#80\n5#yelena leuchanka#teo vilnius ummc ekaterinburg#14#124\n",
        "pandas_code": "len(df[df['team'] == 'us valenciennes olympic']) == 1",
        "pandas_eval": "True"
    },
    {
        "id": 30929,
        "statement": "nicole ohlde and yelena leunchanka be tie for the fewest number of rebound",
        "label": 0,
        "table_caption": "2007 - 08 euroleague women",
        "table_text": "rank#name#team#games#rebounds\n1#nicole ohlde#us valenciennes olympic#13#124\n2#jennifer fleischer#dexia w namur#10#91\n3#ann wauters#cska moscow#13#118\n4#iciss tillis#ttt riga#9#80\n5#yelena leuchanka#teo vilnius ummc ekaterinburg#14#124\n",
        "pandas_code": "df[df['name'].isin(['nicole ohlde', 'yelena leuchanka'])]['rebounds'].nunique() != 1",
        "pandas_eval": "False"
    },
    {
        "id": 30930,
        "statement": "the person with the second most number of game play be yelena leunchanka",
        "label": 0,
        "table_caption": "2007 - 08 euroleague women",
        "table_text": "rank#name#team#games#rebounds\n1#nicole ohlde#us valenciennes olympic#13#124\n2#jennifer fleischer#dexia w namur#10#91\n3#ann wauters#cska moscow#13#118\n4#iciss tillis#ttt riga#9#80\n5#yelena leuchanka#teo vilnius ummc ekaterinburg#14#124\n",
        "pandas_code": "(df.sort_values('games', ascending=False).iloc[1]['name'] == 'yelena leuchanka')",
        "pandas_eval": "False"
    },
    {
        "id": 30931,
        "statement": "the person with the second highest number of rebound be iciss tillis",
        "label": 0,
        "table_caption": "2007 - 08 euroleague women",
        "table_text": "rank#name#team#games#rebounds\n1#nicole ohlde#us valenciennes olympic#13#124\n2#jennifer fleischer#dexia w namur#10#91\n3#ann wauters#cska moscow#13#118\n4#iciss tillis#ttt riga#9#80\n5#yelena leuchanka#teo vilnius ummc ekaterinburg#14#124\n",
        "pandas_code": "df.loc[df['rebounds'].nlargest(2).index[-1], 'name'] == 'iciss tillis'",
        "pandas_eval": "False"
    },
    {
        "id": 30932,
        "statement": "the average number of game play between nicole ohlde and ann wauters be 14",
        "label": 0,
        "table_caption": "2007 - 08 euroleague women",
        "table_text": "rank#name#team#games#rebounds\n1#nicole ohlde#us valenciennes olympic#13#124\n2#jennifer fleischer#dexia w namur#10#91\n3#ann wauters#cska moscow#13#118\n4#iciss tillis#ttt riga#9#80\n5#yelena leuchanka#teo vilnius ummc ekaterinburg#14#124\n",
        "pandas_code": "(df[df['name'].isin(['nicole ohlde', 'ann wauters'])]['games'].mean() == 14)",
        "pandas_eval": "False"
    },
    {
        "id": 30933,
        "statement": "in the first 5 rank there be 2 player from the us valenciennes olympic team",
        "label": 0,
        "table_caption": "2007 - 08 euroleague women",
        "table_text": "rank#name#team#games#rebounds\n1#nicole ohlde#us valenciennes olympic#13#124\n2#jennifer fleischer#dexia w namur#10#91\n3#ann wauters#cska moscow#13#118\n4#iciss tillis#ttt riga#9#80\n5#yelena leuchanka#teo vilnius ummc ekaterinburg#14#124\n",
        "pandas_code": "(df[df['rank'] <= 5]['team'] == 'us valenciennes olympic').sum() == 2",
        "pandas_eval": "False"
    },
    {
        "id": 61698,
        "statement": "dalma iványi who rank number 1 , play in 13 game with 74 assist",
        "label": 1,
        "table_caption": "2007 - 08 euroleague women",
        "table_text": "rank#name#team#games#assists\n1#dalma iványi#mizo pécs 2010#13#74\n2#caroline aubert#uso mondeville basket ummc ekaterinburg#16#80\n3#kathy wambe#esb lille metropole#10#48\n4#sue bird#spartak moscow region#14#65\n5#jelena skerovic#wisła can - pack kraków#12#54\n",
        "pandas_code": "(df[(df['name'] == 'dalma iványi') & (df['rank'] == 1) & (df['games'] == 13) & (df['assists'] == 74)].shape[0] == 1)",
        "pandas_eval": "True"
    },
    {
        "id": 61699,
        "statement": "sue bird play on the team spartak moscow region",
        "label": 1,
        "table_caption": "2007 - 08 euroleague women",
        "table_text": "rank#name#team#games#assists\n1#dalma iványi#mizo pécs 2010#13#74\n2#caroline aubert#uso mondeville basket ummc ekaterinburg#16#80\n3#kathy wambe#esb lille metropole#10#48\n4#sue bird#spartak moscow region#14#65\n5#jelena skerovic#wisła can - pack kraków#12#54\n",
        "pandas_code": "df[(df['name'] == 'sue bird') & (df['team'] == 'spartak moscow region')].shape[0] == 1",
        "pandas_eval": "True"
    },
    {
        "id": 61700,
        "statement": "name of caroline aubert that involve spartak moscow region team",
        "label": 0,
        "table_caption": "2007 - 08 euroleague women",
        "table_text": "rank#name#team#games#assists\n1#dalma iványi#mizo pécs 2010#13#74\n2#caroline aubert#uso mondeville basket ummc ekaterinburg#16#80\n3#kathy wambe#esb lille metropole#10#48\n4#sue bird#spartak moscow region#14#65\n5#jelena skerovic#wisła can - pack kraków#12#54\n",
        "pandas_code": "not df[(df['name'] == 'caroline aubert') & (df['team'] == 'spartak moscow region')].empty",
        "pandas_eval": "False"
    }
]