[
    {
        "id": 29285,
        "statement": "there be the same umber of contract terminate as there be mutual consent departure with 5 each",
        "label": 1,
        "table_caption": "2007 - 08 premier league",
        "table_text": "team#outgoing manager#manner of departure#date of vacancy#replaced by#date of appointment#position in table\nmanchester city#stuart pearce#contract terminated#14 may 2007#sven - göran eriksson#6 july 2007#pre - season\nchelsea#josé mourinho#mutual consent#20 september 2007#avram grant#20 september 2007#5th\nbolton wanderers#sammy lee#mutual consent#17 october 2007#gary megson#25 october 2007#19th\ntottenham hotspur#martin jol#contract terminated#25 october 2007#juande ramos#27 october 2007#18th\nwigan athletic#chris hutchings#contract terminated#5 november 2007#steve bruce#26 november 2007#18th\nbirmingham city#steve bruce#wigan purchased rights for 3 m#19 november 2007#alex mcleish#28 november 2007#15th\nderby county#billy davies#mutual consent#26 november 2007#paul jewell#28 november 2007#20th\nfulham#lawrie sanchez#contract terminated#21 december 2007#roy hodgson#30 december 2007#18th\nnewcastle united#sam allardyce#mutual consent#9 january 2008#kevin keegan#16 january 2008#11th\nchelsea#avram grant#contract terminated#24 may 2008#luiz felipe scolari#1 july 2008#post - season (2nd)\nmanchester city#sven - göran eriksson#mutual consent#2 june 2008#mark hughes#4 june 2008#post - season (9th)\nblackburn rovers#mark hughes#manchester city purchased rights for 4.6 m#4 june 2008#paul ince#22 june 2008#post - season (7th)\n",
        "pandas_code": "(df['manner of departure'].value_counts()['contract terminated'] == 5) & (df['manner of departure'].value_counts()['mutual consent'] == 5)",
        "pandas_eval": "True"
    },
    {
        "id": 29286,
        "statement": "there be 4 more date of vacancy in 2007 than there be in 2008",
        "label": 1,
        "table_caption": "2007 - 08 premier league",
        "table_text": "team#outgoing manager#manner of departure#date of vacancy#replaced by#date of appointment#position in table\nmanchester city#stuart pearce#contract terminated#14 may 2007#sven - göran eriksson#6 july 2007#pre - season\nchelsea#josé mourinho#mutual consent#20 september 2007#avram grant#20 september 2007#5th\nbolton wanderers#sammy lee#mutual consent#17 october 2007#gary megson#25 october 2007#19th\ntottenham hotspur#martin jol#contract terminated#25 october 2007#juande ramos#27 october 2007#18th\nwigan athletic#chris hutchings#contract terminated#5 november 2007#steve bruce#26 november 2007#18th\nbirmingham city#steve bruce#wigan purchased rights for 3 m#19 november 2007#alex mcleish#28 november 2007#15th\nderby county#billy davies#mutual consent#26 november 2007#paul jewell#28 november 2007#20th\nfulham#lawrie sanchez#contract terminated#21 december 2007#roy hodgson#30 december 2007#18th\nnewcastle united#sam allardyce#mutual consent#9 january 2008#kevin keegan#16 january 2008#11th\nchelsea#avram grant#contract terminated#24 may 2008#luiz felipe scolari#1 july 2008#post - season (2nd)\nmanchester city#sven - göran eriksson#mutual consent#2 june 2008#mark hughes#4 june 2008#post - season (9th)\nblackburn rovers#mark hughes#manchester city purchased rights for 4.6 m#4 june 2008#paul ince#22 june 2008#post - season (7th)\n",
        "pandas_code": "(df['date of vacancy'].str.contains('2007').sum() - df['date of vacancy'].str.contains('2008').sum()) == 4",
        "pandas_eval": "True"
    },
    {
        "id": 29287,
        "statement": "sven - göran eriksson be the only manger to be replace during the preseason",
        "label": 1,
        "table_caption": "2007 - 08 premier league",
        "table_text": "team#outgoing manager#manner of departure#date of vacancy#replaced by#date of appointment#position in table\nmanchester city#stuart pearce#contract terminated#14 may 2007#sven - göran eriksson#6 july 2007#pre - season\nchelsea#josé mourinho#mutual consent#20 september 2007#avram grant#20 september 2007#5th\nbolton wanderers#sammy lee#mutual consent#17 october 2007#gary megson#25 october 2007#19th\ntottenham hotspur#martin jol#contract terminated#25 october 2007#juande ramos#27 october 2007#18th\nwigan athletic#chris hutchings#contract terminated#5 november 2007#steve bruce#26 november 2007#18th\nbirmingham city#steve bruce#wigan purchased rights for 3 m#19 november 2007#alex mcleish#28 november 2007#15th\nderby county#billy davies#mutual consent#26 november 2007#paul jewell#28 november 2007#20th\nfulham#lawrie sanchez#contract terminated#21 december 2007#roy hodgson#30 december 2007#18th\nnewcastle united#sam allardyce#mutual consent#9 january 2008#kevin keegan#16 january 2008#11th\nchelsea#avram grant#contract terminated#24 may 2008#luiz felipe scolari#1 july 2008#post - season (2nd)\nmanchester city#sven - göran eriksson#mutual consent#2 june 2008#mark hughes#4 june 2008#post - season (9th)\nblackburn rovers#mark hughes#manchester city purchased rights for 4.6 m#4 june 2008#paul ince#22 june 2008#post - season (7th)\n",
        "pandas_code": "df[(df['replaced by'] == 'sven - göran eriksson') & (df['position in table'] == 'pre - season')].shape[0] == 1",
        "pandas_eval": "True"
    },
    {
        "id": 29288,
        "statement": "manchester city be the only team to replace their manager 2 time on the list",
        "label": 1,
        "table_caption": "2007 - 08 premier league",
        "table_text": "team#outgoing manager#manner of departure#date of vacancy#replaced by#date of appointment#position in table\nmanchester city#stuart pearce#contract terminated#14 may 2007#sven - göran eriksson#6 july 2007#pre - season\nchelsea#josé mourinho#mutual consent#20 september 2007#avram grant#20 september 2007#5th\nbolton wanderers#sammy lee#mutual consent#17 october 2007#gary megson#25 october 2007#19th\ntottenham hotspur#martin jol#contract terminated#25 october 2007#juande ramos#27 october 2007#18th\nwigan athletic#chris hutchings#contract terminated#5 november 2007#steve bruce#26 november 2007#18th\nbirmingham city#steve bruce#wigan purchased rights for 3 m#19 november 2007#alex mcleish#28 november 2007#15th\nderby county#billy davies#mutual consent#26 november 2007#paul jewell#28 november 2007#20th\nfulham#lawrie sanchez#contract terminated#21 december 2007#roy hodgson#30 december 2007#18th\nnewcastle united#sam allardyce#mutual consent#9 january 2008#kevin keegan#16 january 2008#11th\nchelsea#avram grant#contract terminated#24 may 2008#luiz felipe scolari#1 july 2008#post - season (2nd)\nmanchester city#sven - göran eriksson#mutual consent#2 june 2008#mark hughes#4 june 2008#post - season (9th)\nblackburn rovers#mark hughes#manchester city purchased rights for 4.6 m#4 june 2008#paul ince#22 june 2008#post - season (7th)\n",
        "pandas_code": "df[df['team'] == 'manchester city']['outgoing manager'].count() == 2",
        "pandas_eval": "True"
    },
    {
        "id": 29289,
        "statement": "in total there be 3 manger who be replace during the post season",
        "label": 1,
        "table_caption": "2007 - 08 premier league",
        "table_text": "team#outgoing manager#manner of departure#date of vacancy#replaced by#date of appointment#position in table\nmanchester city#stuart pearce#contract terminated#14 may 2007#sven - göran eriksson#6 july 2007#pre - season\nchelsea#josé mourinho#mutual consent#20 september 2007#avram grant#20 september 2007#5th\nbolton wanderers#sammy lee#mutual consent#17 october 2007#gary megson#25 october 2007#19th\ntottenham hotspur#martin jol#contract terminated#25 october 2007#juande ramos#27 october 2007#18th\nwigan athletic#chris hutchings#contract terminated#5 november 2007#steve bruce#26 november 2007#18th\nbirmingham city#steve bruce#wigan purchased rights for 3 m#19 november 2007#alex mcleish#28 november 2007#15th\nderby county#billy davies#mutual consent#26 november 2007#paul jewell#28 november 2007#20th\nfulham#lawrie sanchez#contract terminated#21 december 2007#roy hodgson#30 december 2007#18th\nnewcastle united#sam allardyce#mutual consent#9 january 2008#kevin keegan#16 january 2008#11th\nchelsea#avram grant#contract terminated#24 may 2008#luiz felipe scolari#1 july 2008#post - season (2nd)\nmanchester city#sven - göran eriksson#mutual consent#2 june 2008#mark hughes#4 june 2008#post - season (9th)\nblackburn rovers#mark hughes#manchester city purchased rights for 4.6 m#4 june 2008#paul ince#22 june 2008#post - season (7th)\n",
        "pandas_code": "len(df[df['position in table'].str.contains('post - season')]) == 3",
        "pandas_eval": "True"
    },
    {
        "id": 29290,
        "statement": "there be different amount of contract terminate as there be mutual consent departure with 6 termination and 4 departure",
        "label": 0,
        "table_caption": "2007 - 08 premier league",
        "table_text": "team#outgoing manager#manner of departure#date of vacancy#replaced by#date of appointment#position in table\nmanchester city#stuart pearce#contract terminated#14 may 2007#sven - göran eriksson#6 july 2007#pre - season\nchelsea#josé mourinho#mutual consent#20 september 2007#avram grant#20 september 2007#5th\nbolton wanderers#sammy lee#mutual consent#17 october 2007#gary megson#25 october 2007#19th\ntottenham hotspur#martin jol#contract terminated#25 october 2007#juande ramos#27 october 2007#18th\nwigan athletic#chris hutchings#contract terminated#5 november 2007#steve bruce#26 november 2007#18th\nbirmingham city#steve bruce#wigan purchased rights for 3 m#19 november 2007#alex mcleish#28 november 2007#15th\nderby county#billy davies#mutual consent#26 november 2007#paul jewell#28 november 2007#20th\nfulham#lawrie sanchez#contract terminated#21 december 2007#roy hodgson#30 december 2007#18th\nnewcastle united#sam allardyce#mutual consent#9 january 2008#kevin keegan#16 january 2008#11th\nchelsea#avram grant#contract terminated#24 may 2008#luiz felipe scolari#1 july 2008#post - season (2nd)\nmanchester city#sven - göran eriksson#mutual consent#2 june 2008#mark hughes#4 june 2008#post - season (9th)\nblackburn rovers#mark hughes#manchester city purchased rights for 4.6 m#4 june 2008#paul ince#22 june 2008#post - season (7th)\n",
        "pandas_code": "(df['manner of departure'].value_counts()['contract terminated'] == 6) & (df['manner of departure'].value_counts()['mutual consent'] == 4)",
        "pandas_eval": "False"
    },
    {
        "id": 29291,
        "statement": "in 2007 , there be 8 more date of vacancy than there be in 2008",
        "label": 0,
        "table_caption": "2007 - 08 premier league",
        "table_text": "team#outgoing manager#manner of departure#date of vacancy#replaced by#date of appointment#position in table\nmanchester city#stuart pearce#contract terminated#14 may 2007#sven - göran eriksson#6 july 2007#pre - season\nchelsea#josé mourinho#mutual consent#20 september 2007#avram grant#20 september 2007#5th\nbolton wanderers#sammy lee#mutual consent#17 october 2007#gary megson#25 october 2007#19th\ntottenham hotspur#martin jol#contract terminated#25 october 2007#juande ramos#27 october 2007#18th\nwigan athletic#chris hutchings#contract terminated#5 november 2007#steve bruce#26 november 2007#18th\nbirmingham city#steve bruce#wigan purchased rights for 3 m#19 november 2007#alex mcleish#28 november 2007#15th\nderby county#billy davies#mutual consent#26 november 2007#paul jewell#28 november 2007#20th\nfulham#lawrie sanchez#contract terminated#21 december 2007#roy hodgson#30 december 2007#18th\nnewcastle united#sam allardyce#mutual consent#9 january 2008#kevin keegan#16 january 2008#11th\nchelsea#avram grant#contract terminated#24 may 2008#luiz felipe scolari#1 july 2008#post - season (2nd)\nmanchester city#sven - göran eriksson#mutual consent#2 june 2008#mark hughes#4 june 2008#post - season (9th)\nblackburn rovers#mark hughes#manchester city purchased rights for 4.6 m#4 june 2008#paul ince#22 june 2008#post - season (7th)\n",
        "pandas_code": "len(df[df['date of vacancy'].str.contains('2007')]) - len(df[df['date of vacancy'].str.contains('2008')]) == 8",
        "pandas_eval": "False"
    },
    {
        "id": 29292,
        "statement": "mark hughes be the only manager to be replace prior to the postseason",
        "label": 0,
        "table_caption": "2007 - 08 premier league",
        "table_text": "team#outgoing manager#manner of departure#date of vacancy#replaced by#date of appointment#position in table\nmanchester city#stuart pearce#contract terminated#14 may 2007#sven - göran eriksson#6 july 2007#pre - season\nchelsea#josé mourinho#mutual consent#20 september 2007#avram grant#20 september 2007#5th\nbolton wanderers#sammy lee#mutual consent#17 october 2007#gary megson#25 october 2007#19th\ntottenham hotspur#martin jol#contract terminated#25 october 2007#juande ramos#27 october 2007#18th\nwigan athletic#chris hutchings#contract terminated#5 november 2007#steve bruce#26 november 2007#18th\nbirmingham city#steve bruce#wigan purchased rights for 3 m#19 november 2007#alex mcleish#28 november 2007#15th\nderby county#billy davies#mutual consent#26 november 2007#paul jewell#28 november 2007#20th\nfulham#lawrie sanchez#contract terminated#21 december 2007#roy hodgson#30 december 2007#18th\nnewcastle united#sam allardyce#mutual consent#9 january 2008#kevin keegan#16 january 2008#11th\nchelsea#avram grant#contract terminated#24 may 2008#luiz felipe scolari#1 july 2008#post - season (2nd)\nmanchester city#sven - göran eriksson#mutual consent#2 june 2008#mark hughes#4 june 2008#post - season (9th)\nblackburn rovers#mark hughes#manchester city purchased rights for 4.6 m#4 june 2008#paul ince#22 june 2008#post - season (7th)\n",
        "pandas_code": "len(df[(df['replaced by'] == 'mark hughes') & (df['position in table'].str.contains('post - season') == False)]) == 1",
        "pandas_eval": "False"
    },
    {
        "id": 29293,
        "statement": "chelsea , manchester city , and wigan athletic all replace their manager 2 time in the 2007 - 2008 season",
        "label": 0,
        "table_caption": "2007 - 08 premier league",
        "table_text": "team#outgoing manager#manner of departure#date of vacancy#replaced by#date of appointment#position in table\nmanchester city#stuart pearce#contract terminated#14 may 2007#sven - göran eriksson#6 july 2007#pre - season\nchelsea#josé mourinho#mutual consent#20 september 2007#avram grant#20 september 2007#5th\nbolton wanderers#sammy lee#mutual consent#17 october 2007#gary megson#25 october 2007#19th\ntottenham hotspur#martin jol#contract terminated#25 october 2007#juande ramos#27 october 2007#18th\nwigan athletic#chris hutchings#contract terminated#5 november 2007#steve bruce#26 november 2007#18th\nbirmingham city#steve bruce#wigan purchased rights for 3 m#19 november 2007#alex mcleish#28 november 2007#15th\nderby county#billy davies#mutual consent#26 november 2007#paul jewell#28 november 2007#20th\nfulham#lawrie sanchez#contract terminated#21 december 2007#roy hodgson#30 december 2007#18th\nnewcastle united#sam allardyce#mutual consent#9 january 2008#kevin keegan#16 january 2008#11th\nchelsea#avram grant#contract terminated#24 may 2008#luiz felipe scolari#1 july 2008#post - season (2nd)\nmanchester city#sven - göran eriksson#mutual consent#2 june 2008#mark hughes#4 june 2008#post - season (9th)\nblackburn rovers#mark hughes#manchester city purchased rights for 4.6 m#4 june 2008#paul ince#22 june 2008#post - season (7th)\n",
        "pandas_code": "df['team'].value_counts().loc[['chelsea', 'manchester city', 'wigan athletic']].eq(2).all()",
        "pandas_eval": "False"
    },
    {
        "id": 29294,
        "statement": "in total , less than 2 manager be release after preseason",
        "label": 0,
        "table_caption": "2007 - 08 premier league",
        "table_text": "team#outgoing manager#manner of departure#date of vacancy#replaced by#date of appointment#position in table\nmanchester city#stuart pearce#contract terminated#14 may 2007#sven - göran eriksson#6 july 2007#pre - season\nchelsea#josé mourinho#mutual consent#20 september 2007#avram grant#20 september 2007#5th\nbolton wanderers#sammy lee#mutual consent#17 october 2007#gary megson#25 october 2007#19th\ntottenham hotspur#martin jol#contract terminated#25 october 2007#juande ramos#27 october 2007#18th\nwigan athletic#chris hutchings#contract terminated#5 november 2007#steve bruce#26 november 2007#18th\nbirmingham city#steve bruce#wigan purchased rights for 3 m#19 november 2007#alex mcleish#28 november 2007#15th\nderby county#billy davies#mutual consent#26 november 2007#paul jewell#28 november 2007#20th\nfulham#lawrie sanchez#contract terminated#21 december 2007#roy hodgson#30 december 2007#18th\nnewcastle united#sam allardyce#mutual consent#9 january 2008#kevin keegan#16 january 2008#11th\nchelsea#avram grant#contract terminated#24 may 2008#luiz felipe scolari#1 july 2008#post - season (2nd)\nmanchester city#sven - göran eriksson#mutual consent#2 june 2008#mark hughes#4 june 2008#post - season (9th)\nblackburn rovers#mark hughes#manchester city purchased rights for 4.6 m#4 june 2008#paul ince#22 june 2008#post - season (7th)\n",
        "pandas_code": "df[df['position in table'] == 'pre - season']['manner of departure'].count() >= 2",
        "pandas_eval": "False"
    },
    {
        "id": 54382,
        "statement": "on 28 november 2007 alex mcleish fill the vacancy create when steve bruce leave on 19 november 2007",
        "label": 1,
        "table_caption": "2007 - 08 premier league",
        "table_text": "team#outgoing manager#manner of departure#date of vacancy#replaced by#date of appointment#position in table\nmanchester city#stuart pearce#contract terminated#14 may 2007#sven - göran eriksson#6 july 2007#pre - season\nchelsea#josé mourinho#mutual consent#20 september 2007#avram grant#20 september 2007#5th\nbolton wanderers#sammy lee#mutual consent#17 october 2007#gary megson#25 october 2007#19th\ntottenham hotspur#martin jol#contract terminated#25 october 2007#juande ramos#27 october 2007#18th\nwigan athletic#chris hutchings#contract terminated#5 november 2007#steve bruce#26 november 2007#18th\nbirmingham city#steve bruce#wigan purchased rights for 3 m#19 november 2007#alex mcleish#28 november 2007#15th\nderby county#billy davies#mutual consent#26 november 2007#paul jewell#28 november 2007#20th\nfulham#lawrie sanchez#contract terminated#21 december 2007#roy hodgson#30 december 2007#18th\nnewcastle united#sam allardyce#mutual consent#9 january 2008#kevin keegan#16 january 2008#11th\nchelsea#avram grant#contract terminated#24 may 2008#luiz felipe scolari#1 july 2008#post - season (2nd)\nmanchester city#sven - göran eriksson#mutual consent#2 june 2008#mark hughes#4 june 2008#post - season (9th)\n",
        "pandas_code": "df[(df['date of vacancy'] == '19 november 2007') & (df['replaced by'] == 'alex mcleish') & (df['date of appointment'] == '28 november 2007')].shape[0] == 1",
        "pandas_eval": "True"
    },
    {
        "id": 54383,
        "statement": "when the date of vacancy be december 21 , 2007 , then the next appointment date will be december 30 , 2007",
        "label": 1,
        "table_caption": "2007 - 08 premier league",
        "table_text": "team#outgoing manager#manner of departure#date of vacancy#replaced by#date of appointment#position in table\nmanchester city#stuart pearce#contract terminated#14 may 2007#sven - göran eriksson#6 july 2007#pre - season\nchelsea#josé mourinho#mutual consent#20 september 2007#avram grant#20 september 2007#5th\nbolton wanderers#sammy lee#mutual consent#17 october 2007#gary megson#25 october 2007#19th\ntottenham hotspur#martin jol#contract terminated#25 october 2007#juande ramos#27 october 2007#18th\nwigan athletic#chris hutchings#contract terminated#5 november 2007#steve bruce#26 november 2007#18th\nbirmingham city#steve bruce#wigan purchased rights for 3 m#19 november 2007#alex mcleish#28 november 2007#15th\nderby county#billy davies#mutual consent#26 november 2007#paul jewell#28 november 2007#20th\nfulham#lawrie sanchez#contract terminated#21 december 2007#roy hodgson#30 december 2007#18th\nnewcastle united#sam allardyce#mutual consent#9 january 2008#kevin keegan#16 january 2008#11th\nchelsea#avram grant#contract terminated#24 may 2008#luiz felipe scolari#1 july 2008#post - season (2nd)\nmanchester city#sven - göran eriksson#mutual consent#2 june 2008#mark hughes#4 june 2008#post - season (9th)\n",
        "pandas_code": "df[df['date of vacancy'] == '21 december 2007']['date of appointment'].iloc[0] == '30 december 2007'",
        "pandas_eval": "True"
    },
    {
        "id": 54384,
        "statement": "manchester city bring in mark hughes on june 4 , 2008",
        "label": 1,
        "table_caption": "2007 - 08 premier league",
        "table_text": "team#outgoing manager#manner of departure#date of vacancy#replaced by#date of appointment#position in table\nmanchester city#stuart pearce#contract terminated#14 may 2007#sven - göran eriksson#6 july 2007#pre - season\nchelsea#josé mourinho#mutual consent#20 september 2007#avram grant#20 september 2007#5th\nbolton wanderers#sammy lee#mutual consent#17 october 2007#gary megson#25 october 2007#19th\ntottenham hotspur#martin jol#contract terminated#25 october 2007#juande ramos#27 october 2007#18th\nwigan athletic#chris hutchings#contract terminated#5 november 2007#steve bruce#26 november 2007#18th\nbirmingham city#steve bruce#wigan purchased rights for 3 m#19 november 2007#alex mcleish#28 november 2007#15th\nderby county#billy davies#mutual consent#26 november 2007#paul jewell#28 november 2007#20th\nfulham#lawrie sanchez#contract terminated#21 december 2007#roy hodgson#30 december 2007#18th\nnewcastle united#sam allardyce#mutual consent#9 january 2008#kevin keegan#16 january 2008#11th\nchelsea#avram grant#contract terminated#24 may 2008#luiz felipe scolari#1 july 2008#post - season (2nd)\nmanchester city#sven - göran eriksson#mutual consent#2 june 2008#mark hughes#4 june 2008#post - season (9th)\n",
        "pandas_code": "df[(df['team'] == 'manchester city') & (df['replaced by'] == 'mark hughes') & (df['date of appointment'] == '4 june 2008')].shape[0] == 1",
        "pandas_eval": "True"
    },
    {
        "id": 54385,
        "statement": "the date of vacancy when the date of appointment be 28 november 2007 and the outgoing manager be replace by alex mcleish be 19 november 2007",
        "label": 1,
        "table_caption": "2007 - 08 premier league",
        "table_text": "team#outgoing manager#manner of departure#date of vacancy#replaced by#date of appointment#position in table\nmanchester city#stuart pearce#contract terminated#14 may 2007#sven - göran eriksson#6 july 2007#pre - season\nchelsea#josé mourinho#mutual consent#20 september 2007#avram grant#20 september 2007#5th\nbolton wanderers#sammy lee#mutual consent#17 october 2007#gary megson#25 october 2007#19th\ntottenham hotspur#martin jol#contract terminated#25 october 2007#juande ramos#27 october 2007#18th\nwigan athletic#chris hutchings#contract terminated#5 november 2007#steve bruce#26 november 2007#18th\nbirmingham city#steve bruce#wigan purchased rights for 3 m#19 november 2007#alex mcleish#28 november 2007#15th\nderby county#billy davies#mutual consent#26 november 2007#paul jewell#28 november 2007#20th\nfulham#lawrie sanchez#contract terminated#21 december 2007#roy hodgson#30 december 2007#18th\nnewcastle united#sam allardyce#mutual consent#9 january 2008#kevin keegan#16 january 2008#11th\nchelsea#avram grant#contract terminated#24 may 2008#luiz felipe scolari#1 july 2008#post - season (2nd)\nmanchester city#sven - göran eriksson#mutual consent#2 june 2008#mark hughes#4 june 2008#post - season (9th)\n",
        "pandas_code": "df[(df['date of appointment'] == '28 november 2007') & (df['replaced by'] == 'alex mcleish')]['date of vacancy'].iloc[0] == '19 november 2007'",
        "pandas_eval": "True"
    },
    {
        "id": 54386,
        "statement": "lawrie sanchez vacate his position on 21 december 2007 , and be replace on 30 december 2007",
        "label": 1,
        "table_caption": "2007 - 08 premier league",
        "table_text": "team#outgoing manager#manner of departure#date of vacancy#replaced by#date of appointment#position in table\nmanchester city#stuart pearce#contract terminated#14 may 2007#sven - göran eriksson#6 july 2007#pre - season\nchelsea#josé mourinho#mutual consent#20 september 2007#avram grant#20 september 2007#5th\nbolton wanderers#sammy lee#mutual consent#17 october 2007#gary megson#25 october 2007#19th\ntottenham hotspur#martin jol#contract terminated#25 october 2007#juande ramos#27 october 2007#18th\nwigan athletic#chris hutchings#contract terminated#5 november 2007#steve bruce#26 november 2007#18th\nbirmingham city#steve bruce#wigan purchased rights for 3 m#19 november 2007#alex mcleish#28 november 2007#15th\nderby county#billy davies#mutual consent#26 november 2007#paul jewell#28 november 2007#20th\nfulham#lawrie sanchez#contract terminated#21 december 2007#roy hodgson#30 december 2007#18th\nnewcastle united#sam allardyce#mutual consent#9 january 2008#kevin keegan#16 january 2008#11th\nchelsea#avram grant#contract terminated#24 may 2008#luiz felipe scolari#1 july 2008#post - season (2nd)\nmanchester city#sven - göran eriksson#mutual consent#2 june 2008#mark hughes#4 june 2008#post - season (9th)\n",
        "pandas_code": "df[(df['outgoing manager'] == 'lawrie sanchez') & (df['date of vacancy'] == '21 december 2007') & (df['date of appointment'] == '30 december 2007')].shape[0] == 1",
        "pandas_eval": "True"
    },
    {
        "id": 54387,
        "statement": "wigan athletic replace their manager chris hutchings with steve bruce",
        "label": 1,
        "table_caption": "2007 - 08 premier league",
        "table_text": "team#outgoing manager#manner of departure#date of vacancy#replaced by#date of appointment#position in table\nmanchester city#stuart pearce#contract terminated#14 may 2007#sven - göran eriksson#6 july 2007#pre - season\nchelsea#josé mourinho#mutual consent#20 september 2007#avram grant#20 september 2007#5th\nbolton wanderers#sammy lee#mutual consent#17 october 2007#gary megson#25 october 2007#19th\ntottenham hotspur#martin jol#contract terminated#25 october 2007#juande ramos#27 october 2007#18th\nwigan athletic#chris hutchings#contract terminated#5 november 2007#steve bruce#26 november 2007#18th\nbirmingham city#steve bruce#wigan purchased rights for 3 m#19 november 2007#alex mcleish#28 november 2007#15th\nderby county#billy davies#mutual consent#26 november 2007#paul jewell#28 november 2007#20th\nfulham#lawrie sanchez#contract terminated#21 december 2007#roy hodgson#30 december 2007#18th\nnewcastle united#sam allardyce#mutual consent#9 january 2008#kevin keegan#16 january 2008#11th\nchelsea#avram grant#contract terminated#24 may 2008#luiz felipe scolari#1 july 2008#post - season (2nd)\nmanchester city#sven - göran eriksson#mutual consent#2 june 2008#mark hughes#4 june 2008#post - season (9th)\n",
        "pandas_code": "df[(df['team'] == 'wigan athletic') & (df['outgoing manager'] == 'chris hutchings') & (df['replaced by'] == 'steve bruce')].shape[0] == 1",
        "pandas_eval": "True"
    },
    {
        "id": 54388,
        "statement": "roy hodgson replace the previous manager on 30 december 2007",
        "label": 1,
        "table_caption": "2007 - 08 premier league",
        "table_text": "team#outgoing manager#manner of departure#date of vacancy#replaced by#date of appointment#position in table\nmanchester city#stuart pearce#contract terminated#14 may 2007#sven - göran eriksson#6 july 2007#pre - season\nchelsea#josé mourinho#mutual consent#20 september 2007#avram grant#20 september 2007#5th\nbolton wanderers#sammy lee#mutual consent#17 october 2007#gary megson#25 october 2007#19th\ntottenham hotspur#martin jol#contract terminated#25 october 2007#juande ramos#27 october 2007#18th\nwigan athletic#chris hutchings#contract terminated#5 november 2007#steve bruce#26 november 2007#18th\nbirmingham city#steve bruce#wigan purchased rights for 3 m#19 november 2007#alex mcleish#28 november 2007#15th\nderby county#billy davies#mutual consent#26 november 2007#paul jewell#28 november 2007#20th\nfulham#lawrie sanchez#contract terminated#21 december 2007#roy hodgson#30 december 2007#18th\nnewcastle united#sam allardyce#mutual consent#9 january 2008#kevin keegan#16 january 2008#11th\nchelsea#avram grant#contract terminated#24 may 2008#luiz felipe scolari#1 july 2008#post - season (2nd)\nmanchester city#sven - göran eriksson#mutual consent#2 june 2008#mark hughes#4 june 2008#post - season (9th)\n",
        "pandas_code": "df[(df['replaced by'] == 'roy hodgson') & (df['date of appointment'] == '30 december 2007')].shape[0] == 1",
        "pandas_eval": "True"
    },
    {
        "id": 54389,
        "statement": "manchester city bring on a new manager in the pre - season , sven - göran eriksson",
        "label": 1,
        "table_caption": "2007 - 08 premier league",
        "table_text": "team#outgoing manager#manner of departure#date of vacancy#replaced by#date of appointment#position in table\nmanchester city#stuart pearce#contract terminated#14 may 2007#sven - göran eriksson#6 july 2007#pre - season\nchelsea#josé mourinho#mutual consent#20 september 2007#avram grant#20 september 2007#5th\nbolton wanderers#sammy lee#mutual consent#17 october 2007#gary megson#25 october 2007#19th\ntottenham hotspur#martin jol#contract terminated#25 october 2007#juande ramos#27 october 2007#18th\nwigan athletic#chris hutchings#contract terminated#5 november 2007#steve bruce#26 november 2007#18th\nbirmingham city#steve bruce#wigan purchased rights for 3 m#19 november 2007#alex mcleish#28 november 2007#15th\nderby county#billy davies#mutual consent#26 november 2007#paul jewell#28 november 2007#20th\nfulham#lawrie sanchez#contract terminated#21 december 2007#roy hodgson#30 december 2007#18th\nnewcastle united#sam allardyce#mutual consent#9 january 2008#kevin keegan#16 january 2008#11th\nchelsea#avram grant#contract terminated#24 may 2008#luiz felipe scolari#1 july 2008#post - season (2nd)\nmanchester city#sven - göran eriksson#mutual consent#2 june 2008#mark hughes#4 june 2008#post - season (9th)\n",
        "pandas_code": "df[(df['team'] == 'manchester city') & (df['position in table'] == 'pre - season') & (df['replaced by'] == 'sven - göran eriksson')].shape[0] == 1",
        "pandas_eval": "True"
    },
    {
        "id": 54390,
        "statement": "chris hutchings of fulham be replace by alex mcleish on 19 november 2007 when date of appointment be 28 november 2007",
        "label": 0,
        "table_caption": "2007 - 08 premier league",
        "table_text": "team#outgoing manager#manner of departure#date of vacancy#replaced by#date of appointment#position in table\nmanchester city#stuart pearce#contract terminated#14 may 2007#sven - göran eriksson#6 july 2007#pre - season\nchelsea#josé mourinho#mutual consent#20 september 2007#avram grant#20 september 2007#5th\nbolton wanderers#sammy lee#mutual consent#17 october 2007#gary megson#25 october 2007#19th\ntottenham hotspur#martin jol#contract terminated#25 october 2007#juande ramos#27 october 2007#18th\nwigan athletic#chris hutchings#contract terminated#5 november 2007#steve bruce#26 november 2007#18th\nbirmingham city#steve bruce#wigan purchased rights for 3 m#19 november 2007#alex mcleish#28 november 2007#15th\nderby county#billy davies#mutual consent#26 november 2007#paul jewell#28 november 2007#20th\nfulham#lawrie sanchez#contract terminated#21 december 2007#roy hodgson#30 december 2007#18th\nnewcastle united#sam allardyce#mutual consent#9 january 2008#kevin keegan#16 january 2008#11th\nchelsea#avram grant#contract terminated#24 may 2008#luiz felipe scolari#1 july 2008#post - season (2nd)\nmanchester city#sven - göran eriksson#mutual consent#2 june 2008#mark hughes#4 june 2008#post - season (9th)\n",
        "pandas_code": "((df['outgoing manager'] == 'chris hutchings') & (df['team'] == 'fulham') & (df['replaced by'] == 'alex mcleish') & (df['date of vacancy'] == '19 november 2007') & (df['date of appointment'] == '28 november 2007')).any()",
        "pandas_eval": "False"
    },
    {
        "id": 54391,
        "statement": "paul jewell be appoint on 30 december , 2007 for steve bruce whose be terminated on 21 december , 2007",
        "label": 0,
        "table_caption": "2007 - 08 premier league",
        "table_text": "team#outgoing manager#manner of departure#date of vacancy#replaced by#date of appointment#position in table\nmanchester city#stuart pearce#contract terminated#14 may 2007#sven - göran eriksson#6 july 2007#pre - season\nchelsea#josé mourinho#mutual consent#20 september 2007#avram grant#20 september 2007#5th\nbolton wanderers#sammy lee#mutual consent#17 october 2007#gary megson#25 october 2007#19th\ntottenham hotspur#martin jol#contract terminated#25 october 2007#juande ramos#27 october 2007#18th\nwigan athletic#chris hutchings#contract terminated#5 november 2007#steve bruce#26 november 2007#18th\nbirmingham city#steve bruce#wigan purchased rights for 3 m#19 november 2007#alex mcleish#28 november 2007#15th\nderby county#billy davies#mutual consent#26 november 2007#paul jewell#28 november 2007#20th\nfulham#lawrie sanchez#contract terminated#21 december 2007#roy hodgson#30 december 2007#18th\nnewcastle united#sam allardyce#mutual consent#9 january 2008#kevin keegan#16 january 2008#11th\nchelsea#avram grant#contract terminated#24 may 2008#luiz felipe scolari#1 july 2008#post - season (2nd)\nmanchester city#sven - göran eriksson#mutual consent#2 june 2008#mark hughes#4 june 2008#post - season (9th)\n",
        "pandas_code": "df[(df['replaced by'] == 'paul jewell') & (df['date of appointment'] == '30 december 2007') & (df['outgoing manager'] == 'steve bruce') & (df['date of vacancy'] == '21 december 2007') & (df['manner of departure'] == 'contract terminated')].shape[0] == 1",
        "pandas_eval": "False"
    },
    {
        "id": 54392,
        "statement": "when the team be manchester city with josé mourinho as manager , the date of vacancy be 2 june , 2008",
        "label": 0,
        "table_caption": "2007 - 08 premier league",
        "table_text": "team#outgoing manager#manner of departure#date of vacancy#replaced by#date of appointment#position in table\nmanchester city#stuart pearce#contract terminated#14 may 2007#sven - göran eriksson#6 july 2007#pre - season\nchelsea#josé mourinho#mutual consent#20 september 2007#avram grant#20 september 2007#5th\nbolton wanderers#sammy lee#mutual consent#17 october 2007#gary megson#25 october 2007#19th\ntottenham hotspur#martin jol#contract terminated#25 october 2007#juande ramos#27 october 2007#18th\nwigan athletic#chris hutchings#contract terminated#5 november 2007#steve bruce#26 november 2007#18th\nbirmingham city#steve bruce#wigan purchased rights for 3 m#19 november 2007#alex mcleish#28 november 2007#15th\nderby county#billy davies#mutual consent#26 november 2007#paul jewell#28 november 2007#20th\nfulham#lawrie sanchez#contract terminated#21 december 2007#roy hodgson#30 december 2007#18th\nnewcastle united#sam allardyce#mutual consent#9 january 2008#kevin keegan#16 january 2008#11th\nchelsea#avram grant#contract terminated#24 may 2008#luiz felipe scolari#1 july 2008#post - season (2nd)\nmanchester city#sven - göran eriksson#mutual consent#2 june 2008#mark hughes#4 june 2008#post - season (9th)\n",
        "pandas_code": "((df['team'] == 'manchester city') & (df['outgoing manager'] == 'josé mourinho') & (df['date of vacancy'] == '2 june 2008')).any()",
        "pandas_eval": "False"
    },
    {
        "id": 54393,
        "statement": "when the position in table be pre - season , sven - göran eriksson replaces sammy lee",
        "label": 0,
        "table_caption": "2007 - 08 premier league",
        "table_text": "team#outgoing manager#manner of departure#date of vacancy#replaced by#date of appointment#position in table\nmanchester city#stuart pearce#contract terminated#14 may 2007#sven - göran eriksson#6 july 2007#pre - season\nchelsea#josé mourinho#mutual consent#20 september 2007#avram grant#20 september 2007#5th\nbolton wanderers#sammy lee#mutual consent#17 october 2007#gary megson#25 october 2007#19th\ntottenham hotspur#martin jol#contract terminated#25 october 2007#juande ramos#27 october 2007#18th\nwigan athletic#chris hutchings#contract terminated#5 november 2007#steve bruce#26 november 2007#18th\nbirmingham city#steve bruce#wigan purchased rights for 3 m#19 november 2007#alex mcleish#28 november 2007#15th\nderby county#billy davies#mutual consent#26 november 2007#paul jewell#28 november 2007#20th\nfulham#lawrie sanchez#contract terminated#21 december 2007#roy hodgson#30 december 2007#18th\nnewcastle united#sam allardyce#mutual consent#9 january 2008#kevin keegan#16 january 2008#11th\nchelsea#avram grant#contract terminated#24 may 2008#luiz felipe scolari#1 july 2008#post - season (2nd)\nmanchester city#sven - göran eriksson#mutual consent#2 june 2008#mark hughes#4 june 2008#post - season (9th)\n",
        "pandas_code": "df[(df['position in table'] == 'pre - season') & (df['replaced by'] == 'sven - göran eriksson') & (df['outgoing manager'] == 'sammy lee')].empty == False",
        "pandas_eval": "False"
    },
    {
        "id": 54394,
        "statement": "for team tottenham hotspur , outgo manager martin jol be replace by alex mcleish on 28 november 2007",
        "label": 0,
        "table_caption": "2007 - 08 premier league",
        "table_text": "team#outgoing manager#manner of departure#date of vacancy#replaced by#date of appointment#position in table\nmanchester city#stuart pearce#contract terminated#14 may 2007#sven - göran eriksson#6 july 2007#pre - season\nchelsea#josé mourinho#mutual consent#20 september 2007#avram grant#20 september 2007#5th\nbolton wanderers#sammy lee#mutual consent#17 october 2007#gary megson#25 october 2007#19th\ntottenham hotspur#martin jol#contract terminated#25 october 2007#juande ramos#27 october 2007#18th\nwigan athletic#chris hutchings#contract terminated#5 november 2007#steve bruce#26 november 2007#18th\nbirmingham city#steve bruce#wigan purchased rights for 3 m#19 november 2007#alex mcleish#28 november 2007#15th\nderby county#billy davies#mutual consent#26 november 2007#paul jewell#28 november 2007#20th\nfulham#lawrie sanchez#contract terminated#21 december 2007#roy hodgson#30 december 2007#18th\nnewcastle united#sam allardyce#mutual consent#9 january 2008#kevin keegan#16 january 2008#11th\nchelsea#avram grant#contract terminated#24 may 2008#luiz felipe scolari#1 july 2008#post - season (2nd)\nmanchester city#sven - göran eriksson#mutual consent#2 june 2008#mark hughes#4 june 2008#post - season (9th)\n",
        "pandas_code": "((df['team'] == 'tottenham hotspur') & (df['outgoing manager'] == 'martin jol') & (df['replaced by'] == 'alex mcleish') & (df['date of appointment'] == '28 november 2007')).any()",
        "pandas_eval": "False"
    },
    {
        "id": 54395,
        "statement": "kevin keegan replace lawrie sanchez for team fulham",
        "label": 0,
        "table_caption": "2007 - 08 premier league",
        "table_text": "team#outgoing manager#manner of departure#date of vacancy#replaced by#date of appointment#position in table\nmanchester city#stuart pearce#contract terminated#14 may 2007#sven - göran eriksson#6 july 2007#pre - season\nchelsea#josé mourinho#mutual consent#20 september 2007#avram grant#20 september 2007#5th\nbolton wanderers#sammy lee#mutual consent#17 october 2007#gary megson#25 october 2007#19th\ntottenham hotspur#martin jol#contract terminated#25 october 2007#juande ramos#27 october 2007#18th\nwigan athletic#chris hutchings#contract terminated#5 november 2007#steve bruce#26 november 2007#18th\nbirmingham city#steve bruce#wigan purchased rights for 3 m#19 november 2007#alex mcleish#28 november 2007#15th\nderby county#billy davies#mutual consent#26 november 2007#paul jewell#28 november 2007#20th\nfulham#lawrie sanchez#contract terminated#21 december 2007#roy hodgson#30 december 2007#18th\nnewcastle united#sam allardyce#mutual consent#9 january 2008#kevin keegan#16 january 2008#11th\nchelsea#avram grant#contract terminated#24 may 2008#luiz felipe scolari#1 july 2008#post - season (2nd)\nmanchester city#sven - göran eriksson#mutual consent#2 june 2008#mark hughes#4 june 2008#post - season (9th)\n",
        "pandas_code": "df[(df['team'] == 'fulham') & (df['outgoing manager'] == 'lawrie sanchez') & (df['replaced by'] == 'kevin keegan')].shape[0] > 0",
        "pandas_eval": "False"
    },
    {
        "id": 54396,
        "statement": "billy davies leave derby county by mutual consent and be replace by luiz felipe scolari in 2007",
        "label": 0,
        "table_caption": "2007 - 08 premier league",
        "table_text": "team#outgoing manager#manner of departure#date of vacancy#replaced by#date of appointment#position in table\nmanchester city#stuart pearce#contract terminated#14 may 2007#sven - göran eriksson#6 july 2007#pre - season\nchelsea#josé mourinho#mutual consent#20 september 2007#avram grant#20 september 2007#5th\nbolton wanderers#sammy lee#mutual consent#17 october 2007#gary megson#25 october 2007#19th\ntottenham hotspur#martin jol#contract terminated#25 october 2007#juande ramos#27 october 2007#18th\nwigan athletic#chris hutchings#contract terminated#5 november 2007#steve bruce#26 november 2007#18th\nbirmingham city#steve bruce#wigan purchased rights for 3 m#19 november 2007#alex mcleish#28 november 2007#15th\nderby county#billy davies#mutual consent#26 november 2007#paul jewell#28 november 2007#20th\nfulham#lawrie sanchez#contract terminated#21 december 2007#roy hodgson#30 december 2007#18th\nnewcastle united#sam allardyce#mutual consent#9 january 2008#kevin keegan#16 january 2008#11th\nchelsea#avram grant#contract terminated#24 may 2008#luiz felipe scolari#1 july 2008#post - season (2nd)\nmanchester city#sven - göran eriksson#mutual consent#2 june 2008#mark hughes#4 june 2008#post - season (9th)\n",
        "pandas_code": "((df['outgoing manager'] == 'billy davies') & (df['team'] == 'derby county') & (df['manner of departure'] == 'mutual consent') & (df['replaced by'] == 'luiz felipe scolari') & (df['date of vacancy'].str.contains('2007'))).any()",
        "pandas_eval": "False"
    },
    {
        "id": 54397,
        "statement": "the date of vacancy when the date of appointment be 28 november 2007 and the outgoing manager be replace by steve bruce be 19 november 2007",
        "label": 0,
        "table_caption": "2007 - 08 premier league",
        "table_text": "team#outgoing manager#manner of departure#date of vacancy#replaced by#date of appointment#position in table\nmanchester city#stuart pearce#contract terminated#14 may 2007#sven - göran eriksson#6 july 2007#pre - season\nchelsea#josé mourinho#mutual consent#20 september 2007#avram grant#20 september 2007#5th\nbolton wanderers#sammy lee#mutual consent#17 october 2007#gary megson#25 october 2007#19th\ntottenham hotspur#martin jol#contract terminated#25 october 2007#juande ramos#27 october 2007#18th\nwigan athletic#chris hutchings#contract terminated#5 november 2007#steve bruce#26 november 2007#18th\nbirmingham city#steve bruce#wigan purchased rights for 3 m#19 november 2007#alex mcleish#28 november 2007#15th\nderby county#billy davies#mutual consent#26 november 2007#paul jewell#28 november 2007#20th\nfulham#lawrie sanchez#contract terminated#21 december 2007#roy hodgson#30 december 2007#18th\nnewcastle united#sam allardyce#mutual consent#9 january 2008#kevin keegan#16 january 2008#11th\nchelsea#avram grant#contract terminated#24 may 2008#luiz felipe scolari#1 july 2008#post - season (2nd)\nmanchester city#sven - göran eriksson#mutual consent#2 june 2008#mark hughes#4 june 2008#post - season (9th)\n",
        "pandas_code": "df[(df['date of appointment'] == '28 november 2007') & (df['replaced by'] == 'steve bruce')]['date of vacancy'].eq('19 november 2007').any()",
        "pandas_eval": "False"
    },
    {
        "id": 54398,
        "statement": "when the date of vacancy be 21 december 2007 , the date of appointment be 30 december 2008",
        "label": 0,
        "table_caption": "2007 - 08 premier league",
        "table_text": "team#outgoing manager#manner of departure#date of vacancy#replaced by#date of appointment#position in table\nmanchester city#stuart pearce#contract terminated#14 may 2007#sven - göran eriksson#6 july 2007#pre - season\nchelsea#josé mourinho#mutual consent#20 september 2007#avram grant#20 september 2007#5th\nbolton wanderers#sammy lee#mutual consent#17 october 2007#gary megson#25 october 2007#19th\ntottenham hotspur#martin jol#contract terminated#25 october 2007#juande ramos#27 october 2007#18th\nwigan athletic#chris hutchings#contract terminated#5 november 2007#steve bruce#26 november 2007#18th\nbirmingham city#steve bruce#wigan purchased rights for 3 m#19 november 2007#alex mcleish#28 november 2007#15th\nderby county#billy davies#mutual consent#26 november 2007#paul jewell#28 november 2007#20th\nfulham#lawrie sanchez#contract terminated#21 december 2007#roy hodgson#30 december 2007#18th\nnewcastle united#sam allardyce#mutual consent#9 january 2008#kevin keegan#16 january 2008#11th\nchelsea#avram grant#contract terminated#24 may 2008#luiz felipe scolari#1 july 2008#post - season (2nd)\nmanchester city#sven - göran eriksson#mutual consent#2 june 2008#mark hughes#4 june 2008#post - season (9th)\n",
        "pandas_code": "df[(df['date of vacancy'] == '21 december 2007') & (df['date of appointment'] == '30 december 2007')].empty",
        "pandas_eval": "False"
    },
    {
        "id": 54399,
        "statement": "when the team be wigan athletic , the replacement be chris hutchings",
        "label": 0,
        "table_caption": "2007 - 08 premier league",
        "table_text": "team#outgoing manager#manner of departure#date of vacancy#replaced by#date of appointment#position in table\nmanchester city#stuart pearce#contract terminated#14 may 2007#sven - göran eriksson#6 july 2007#pre - season\nchelsea#josé mourinho#mutual consent#20 september 2007#avram grant#20 september 2007#5th\nbolton wanderers#sammy lee#mutual consent#17 october 2007#gary megson#25 october 2007#19th\ntottenham hotspur#martin jol#contract terminated#25 october 2007#juande ramos#27 october 2007#18th\nwigan athletic#chris hutchings#contract terminated#5 november 2007#steve bruce#26 november 2007#18th\nbirmingham city#steve bruce#wigan purchased rights for 3 m#19 november 2007#alex mcleish#28 november 2007#15th\nderby county#billy davies#mutual consent#26 november 2007#paul jewell#28 november 2007#20th\nfulham#lawrie sanchez#contract terminated#21 december 2007#roy hodgson#30 december 2007#18th\nnewcastle united#sam allardyce#mutual consent#9 january 2008#kevin keegan#16 january 2008#11th\nchelsea#avram grant#contract terminated#24 may 2008#luiz felipe scolari#1 july 2008#post - season (2nd)\nmanchester city#sven - göran eriksson#mutual consent#2 june 2008#mark hughes#4 june 2008#post - season (9th)\n",
        "pandas_code": "df[(df['team'] == 'wigan athletic') & (df['replaced by'] == 'steve bruce')].empty",
        "pandas_eval": "False"
    },
    {
        "id": 54400,
        "statement": "when the team be newcastle united and the manager be replace by luiz felipe scolari , the date of vacancy be 2 june 2008",
        "label": 0,
        "table_caption": "2007 - 08 premier league",
        "table_text": "team#outgoing manager#manner of departure#date of vacancy#replaced by#date of appointment#position in table\nmanchester city#stuart pearce#contract terminated#14 may 2007#sven - göran eriksson#6 july 2007#pre - season\nchelsea#josé mourinho#mutual consent#20 september 2007#avram grant#20 september 2007#5th\nbolton wanderers#sammy lee#mutual consent#17 october 2007#gary megson#25 october 2007#19th\ntottenham hotspur#martin jol#contract terminated#25 october 2007#juande ramos#27 october 2007#18th\nwigan athletic#chris hutchings#contract terminated#5 november 2007#steve bruce#26 november 2007#18th\nbirmingham city#steve bruce#wigan purchased rights for 3 m#19 november 2007#alex mcleish#28 november 2007#15th\nderby county#billy davies#mutual consent#26 november 2007#paul jewell#28 november 2007#20th\nfulham#lawrie sanchez#contract terminated#21 december 2007#roy hodgson#30 december 2007#18th\nnewcastle united#sam allardyce#mutual consent#9 january 2008#kevin keegan#16 january 2008#11th\nchelsea#avram grant#contract terminated#24 may 2008#luiz felipe scolari#1 july 2008#post - season (2nd)\nmanchester city#sven - göran eriksson#mutual consent#2 june 2008#mark hughes#4 june 2008#post - season (9th)\n",
        "pandas_code": "((df['team'] == 'newcastle united') & (df['replaced by'] == 'luiz felipe scolari') & (df['date of vacancy'] == '2 june 2008')).any()",
        "pandas_eval": "False"
    },
    {
        "id": 54401,
        "statement": "when the manager be replace by roy sven - göran eriksson , the date of appointment be 4 june 2008",
        "label": 0,
        "table_caption": "2007 - 08 premier league",
        "table_text": "team#outgoing manager#manner of departure#date of vacancy#replaced by#date of appointment#position in table\nmanchester city#stuart pearce#contract terminated#14 may 2007#sven - göran eriksson#6 july 2007#pre - season\nchelsea#josé mourinho#mutual consent#20 september 2007#avram grant#20 september 2007#5th\nbolton wanderers#sammy lee#mutual consent#17 october 2007#gary megson#25 october 2007#19th\ntottenham hotspur#martin jol#contract terminated#25 october 2007#juande ramos#27 october 2007#18th\nwigan athletic#chris hutchings#contract terminated#5 november 2007#steve bruce#26 november 2007#18th\nbirmingham city#steve bruce#wigan purchased rights for 3 m#19 november 2007#alex mcleish#28 november 2007#15th\nderby county#billy davies#mutual consent#26 november 2007#paul jewell#28 november 2007#20th\nfulham#lawrie sanchez#contract terminated#21 december 2007#roy hodgson#30 december 2007#18th\nnewcastle united#sam allardyce#mutual consent#9 january 2008#kevin keegan#16 january 2008#11th\nchelsea#avram grant#contract terminated#24 may 2008#luiz felipe scolari#1 july 2008#post - season (2nd)\nmanchester city#sven - göran eriksson#mutual consent#2 june 2008#mark hughes#4 june 2008#post - season (9th)\n",
        "pandas_code": "((df['replaced by'] == 'sven - göran eriksson') & (df['date of appointment'] == '4 june 2008')).any()",
        "pandas_eval": "False"
    },
    {
        "id": 54402,
        "statement": "when the position in table be pre - season , the replacement manager be luiz felipe scolari",
        "label": 0,
        "table_caption": "2007 - 08 premier league",
        "table_text": "team#outgoing manager#manner of departure#date of vacancy#replaced by#date of appointment#position in table\nmanchester city#stuart pearce#contract terminated#14 may 2007#sven - göran eriksson#6 july 2007#pre - season\nchelsea#josé mourinho#mutual consent#20 september 2007#avram grant#20 september 2007#5th\nbolton wanderers#sammy lee#mutual consent#17 october 2007#gary megson#25 october 2007#19th\ntottenham hotspur#martin jol#contract terminated#25 october 2007#juande ramos#27 october 2007#18th\nwigan athletic#chris hutchings#contract terminated#5 november 2007#steve bruce#26 november 2007#18th\nbirmingham city#steve bruce#wigan purchased rights for 3 m#19 november 2007#alex mcleish#28 november 2007#15th\nderby county#billy davies#mutual consent#26 november 2007#paul jewell#28 november 2007#20th\nfulham#lawrie sanchez#contract terminated#21 december 2007#roy hodgson#30 december 2007#18th\nnewcastle united#sam allardyce#mutual consent#9 january 2008#kevin keegan#16 january 2008#11th\nchelsea#avram grant#contract terminated#24 may 2008#luiz felipe scolari#1 july 2008#post - season (2nd)\nmanchester city#sven - göran eriksson#mutual consent#2 june 2008#mark hughes#4 june 2008#post - season (9th)\n",
        "pandas_code": "not df[(df['position in table'] == 'pre - season') & (df['replaced by'] == 'luiz felipe scolari')].empty",
        "pandas_eval": "False"
    }
]