[
    {
        "id": 31909,
        "statement": "toronto fc be the team for julius james and pat phelan",
        "label": 1,
        "table_caption": "2008 mls superdraft",
        "table_text": "pick#mls team#player#position#affiliation\n1#kansas city wizards#chance myers#d#ucla ventura county fusion\n2#fc dallas#brek shea#m#generation adidas\n3#real salt lake#tony beltran#d#ucla los angeles storm\n4#los angeles galaxy#sean franklin#d#cal state northridge san fernando valley quakes\n5#colorado rapids#ciaran o'brien#m#uc santa barbara tacoma tide\n6#columbus crew#andy iro#d#uc santa barbara\n7#chicago fire#patrick nyarko#f#virginia tech\n8#fc dallas#josh lambo#gk#generation adidas\n9#toronto fc#julius james#d#connecticut\n10#toronto fc#pat phelan#m#wake forest\n11#kansas city wizards#roger espinoza#m#ohio state\n12#chicago fire#dominic cervi#gk#tulsa\n13#new england revolution#rob valentino#d#san francisco san jose frogs\n14#real salt lake#david horst#d#old dominion hampton roads piranhas\n",
        "pandas_code": "all(df[df['mls team'] == 'toronto fc']['player'].isin(['julius james', 'pat phelan']))",
        "pandas_eval": "True"
    },
    {
        "id": 31910,
        "statement": "chance myers be not pick 3 , tony beltran be",
        "label": 1,
        "table_caption": "2008 mls superdraft",
        "table_text": "pick#mls team#player#position#affiliation\n1#kansas city wizards#chance myers#d#ucla ventura county fusion\n2#fc dallas#brek shea#m#generation adidas\n3#real salt lake#tony beltran#d#ucla los angeles storm\n4#los angeles galaxy#sean franklin#d#cal state northridge san fernando valley quakes\n5#colorado rapids#ciaran o'brien#m#uc santa barbara tacoma tide\n6#columbus crew#andy iro#d#uc santa barbara\n7#chicago fire#patrick nyarko#f#virginia tech\n8#fc dallas#josh lambo#gk#generation adidas\n9#toronto fc#julius james#d#connecticut\n10#toronto fc#pat phelan#m#wake forest\n11#kansas city wizards#roger espinoza#m#ohio state\n12#chicago fire#dominic cervi#gk#tulsa\n13#new england revolution#rob valentino#d#san francisco san jose frogs\n14#real salt lake#david horst#d#old dominion hampton roads piranhas\n",
        "pandas_code": "(df[df['player'] == 'chance myers']['pick'].values[0] != 3) & (df[df['player'] == 'tony beltran']['pick'].values[0] == 3)",
        "pandas_eval": "True"
    },
    {
        "id": 31911,
        "statement": "andy iro be associate with the uc santa barbara , but he be not pick 13 - rob valentino be",
        "label": 1,
        "table_caption": "2008 mls superdraft",
        "table_text": "pick#mls team#player#position#affiliation\n1#kansas city wizards#chance myers#d#ucla ventura county fusion\n2#fc dallas#brek shea#m#generation adidas\n3#real salt lake#tony beltran#d#ucla los angeles storm\n4#los angeles galaxy#sean franklin#d#cal state northridge san fernando valley quakes\n5#colorado rapids#ciaran o'brien#m#uc santa barbara tacoma tide\n6#columbus crew#andy iro#d#uc santa barbara\n7#chicago fire#patrick nyarko#f#virginia tech\n8#fc dallas#josh lambo#gk#generation adidas\n9#toronto fc#julius james#d#connecticut\n10#toronto fc#pat phelan#m#wake forest\n11#kansas city wizards#roger espinoza#m#ohio state\n12#chicago fire#dominic cervi#gk#tulsa\n13#new england revolution#rob valentino#d#san francisco san jose frogs\n14#real salt lake#david horst#d#old dominion hampton roads piranhas\n",
        "pandas_code": "(df[df['player'] == 'andy iro']['affiliation'].iloc[0] == 'uc santa barbara') & (df[df['player'] == 'andy iro']['pick'].iloc[0] != 13) & (df[df['player'] == 'rob valentino']['pick'].iloc[0] == 13)",
        "pandas_eval": "True"
    },
    {
        "id": 31912,
        "statement": "patrick nyarko be the only player in position f",
        "label": 1,
        "table_caption": "2008 mls superdraft",
        "table_text": "pick#mls team#player#position#affiliation\n1#kansas city wizards#chance myers#d#ucla ventura county fusion\n2#fc dallas#brek shea#m#generation adidas\n3#real salt lake#tony beltran#d#ucla los angeles storm\n4#los angeles galaxy#sean franklin#d#cal state northridge san fernando valley quakes\n5#colorado rapids#ciaran o'brien#m#uc santa barbara tacoma tide\n6#columbus crew#andy iro#d#uc santa barbara\n7#chicago fire#patrick nyarko#f#virginia tech\n8#fc dallas#josh lambo#gk#generation adidas\n9#toronto fc#julius james#d#connecticut\n10#toronto fc#pat phelan#m#wake forest\n11#kansas city wizards#roger espinoza#m#ohio state\n12#chicago fire#dominic cervi#gk#tulsa\n13#new england revolution#rob valentino#d#san francisco san jose frogs\n14#real salt lake#david horst#d#old dominion hampton roads piranhas\n",
        "pandas_code": "(df[df['position'] == 'f']['player'].nunique() == 1) and (df[df['position'] == 'f']['player'].iloc[0] == 'patrick nyarko')",
        "pandas_eval": "True"
    },
    {
        "id": 31913,
        "statement": "chance myers be the first pick and david hurst be the 14th",
        "label": 1,
        "table_caption": "2008 mls superdraft",
        "table_text": "pick#mls team#player#position#affiliation\n1#kansas city wizards#chance myers#d#ucla ventura county fusion\n2#fc dallas#brek shea#m#generation adidas\n3#real salt lake#tony beltran#d#ucla los angeles storm\n4#los angeles galaxy#sean franklin#d#cal state northridge san fernando valley quakes\n5#colorado rapids#ciaran o'brien#m#uc santa barbara tacoma tide\n6#columbus crew#andy iro#d#uc santa barbara\n7#chicago fire#patrick nyarko#f#virginia tech\n8#fc dallas#josh lambo#gk#generation adidas\n9#toronto fc#julius james#d#connecticut\n10#toronto fc#pat phelan#m#wake forest\n11#kansas city wizards#roger espinoza#m#ohio state\n12#chicago fire#dominic cervi#gk#tulsa\n13#new england revolution#rob valentino#d#san francisco san jose frogs\n14#real salt lake#david horst#d#old dominion hampton roads piranhas\n",
        "pandas_code": "(df.loc[df['pick'] == 1, 'player'].iloc[0] == 'chance myers') & (df.loc[df['pick'] == 14, 'player'].iloc[0] == 'david horst')",
        "pandas_eval": "True"
    },
    {
        "id": 31914,
        "statement": "julius james and pat phelan be draft by the kansas city wizard",
        "label": 0,
        "table_caption": "2008 mls superdraft",
        "table_text": "pick#mls team#player#position#affiliation\n1#kansas city wizards#chance myers#d#ucla ventura county fusion\n2#fc dallas#brek shea#m#generation adidas\n3#real salt lake#tony beltran#d#ucla los angeles storm\n4#los angeles galaxy#sean franklin#d#cal state northridge san fernando valley quakes\n5#colorado rapids#ciaran o'brien#m#uc santa barbara tacoma tide\n6#columbus crew#andy iro#d#uc santa barbara\n7#chicago fire#patrick nyarko#f#virginia tech\n8#fc dallas#josh lambo#gk#generation adidas\n9#toronto fc#julius james#d#connecticut\n10#toronto fc#pat phelan#m#wake forest\n11#kansas city wizards#roger espinoza#m#ohio state\n12#chicago fire#dominic cervi#gk#tulsa\n13#new england revolution#rob valentino#d#san francisco san jose frogs\n14#real salt lake#david horst#d#old dominion hampton roads piranhas\n",
        "pandas_code": "((df['player'] == 'julius james') & (df['mls team'] == 'kansas city wizards')).any() and ((df['player'] == 'pat phelan') & (df['mls team'] == 'kansas city wizards')).any()",
        "pandas_eval": "False"
    },
    {
        "id": 31915,
        "statement": "chance myers be picked third in the draft , behind tony beltran",
        "label": 0,
        "table_caption": "2008 mls superdraft",
        "table_text": "pick#mls team#player#position#affiliation\n1#kansas city wizards#chance myers#d#ucla ventura county fusion\n2#fc dallas#brek shea#m#generation adidas\n3#real salt lake#tony beltran#d#ucla los angeles storm\n4#los angeles galaxy#sean franklin#d#cal state northridge san fernando valley quakes\n5#colorado rapids#ciaran o'brien#m#uc santa barbara tacoma tide\n6#columbus crew#andy iro#d#uc santa barbara\n7#chicago fire#patrick nyarko#f#virginia tech\n8#fc dallas#josh lambo#gk#generation adidas\n9#toronto fc#julius james#d#connecticut\n10#toronto fc#pat phelan#m#wake forest\n11#kansas city wizards#roger espinoza#m#ohio state\n12#chicago fire#dominic cervi#gk#tulsa\n13#new england revolution#rob valentino#d#san francisco san jose frogs\n14#real salt lake#david horst#d#old dominion hampton roads piranhas\n",
        "pandas_code": "df.loc[df['player'] == 'chance myers', 'pick'].values[0] == 3 and df.loc[df['player'] == 'tony beltran', 'pick'].values[0] < 3",
        "pandas_eval": "False"
    },
    {
        "id": 31916,
        "statement": "andy iro from uc santa barbara be pick number 13",
        "label": 0,
        "table_caption": "2008 mls superdraft",
        "table_text": "pick#mls team#player#position#affiliation\n1#kansas city wizards#chance myers#d#ucla ventura county fusion\n2#fc dallas#brek shea#m#generation adidas\n3#real salt lake#tony beltran#d#ucla los angeles storm\n4#los angeles galaxy#sean franklin#d#cal state northridge san fernando valley quakes\n5#colorado rapids#ciaran o'brien#m#uc santa barbara tacoma tide\n6#columbus crew#andy iro#d#uc santa barbara\n7#chicago fire#patrick nyarko#f#virginia tech\n8#fc dallas#josh lambo#gk#generation adidas\n9#toronto fc#julius james#d#connecticut\n10#toronto fc#pat phelan#m#wake forest\n11#kansas city wizards#roger espinoza#m#ohio state\n12#chicago fire#dominic cervi#gk#tulsa\n13#new england revolution#rob valentino#d#san francisco san jose frogs\n14#real salt lake#david horst#d#old dominion hampton roads piranhas\n",
        "pandas_code": "df[(df['player'] == 'andy iro') & (df['affiliation'] == 'uc santa barbara') & (df['pick'] == 13)].any().any()",
        "pandas_eval": "False"
    },
    {
        "id": 31917,
        "statement": "patrick nyarko be 1 of 4 position f player in the top 14 pick of the ml draft",
        "label": 0,
        "table_caption": "2008 mls superdraft",
        "table_text": "pick#mls team#player#position#affiliation\n1#kansas city wizards#chance myers#d#ucla ventura county fusion\n2#fc dallas#brek shea#m#generation adidas\n3#real salt lake#tony beltran#d#ucla los angeles storm\n4#los angeles galaxy#sean franklin#d#cal state northridge san fernando valley quakes\n5#colorado rapids#ciaran o'brien#m#uc santa barbara tacoma tide\n6#columbus crew#andy iro#d#uc santa barbara\n7#chicago fire#patrick nyarko#f#virginia tech\n8#fc dallas#josh lambo#gk#generation adidas\n9#toronto fc#julius james#d#connecticut\n10#toronto fc#pat phelan#m#wake forest\n11#kansas city wizards#roger espinoza#m#ohio state\n12#chicago fire#dominic cervi#gk#tulsa\n13#new england revolution#rob valentino#d#san francisco san jose frogs\n14#real salt lake#david horst#d#old dominion hampton roads piranhas\n",
        "pandas_code": "len(df[(df['position'] == 'f') & (df['pick'] <= 14)]) == 4",
        "pandas_eval": "False"
    },
    {
        "id": 31918,
        "statement": "the first 2 draft pick be david hurst and chance myers",
        "label": 0,
        "table_caption": "2008 mls superdraft",
        "table_text": "pick#mls team#player#position#affiliation\n1#kansas city wizards#chance myers#d#ucla ventura county fusion\n2#fc dallas#brek shea#m#generation adidas\n3#real salt lake#tony beltran#d#ucla los angeles storm\n4#los angeles galaxy#sean franklin#d#cal state northridge san fernando valley quakes\n5#colorado rapids#ciaran o'brien#m#uc santa barbara tacoma tide\n6#columbus crew#andy iro#d#uc santa barbara\n7#chicago fire#patrick nyarko#f#virginia tech\n8#fc dallas#josh lambo#gk#generation adidas\n9#toronto fc#julius james#d#connecticut\n10#toronto fc#pat phelan#m#wake forest\n11#kansas city wizards#roger espinoza#m#ohio state\n12#chicago fire#dominic cervi#gk#tulsa\n13#new england revolution#rob valentino#d#san francisco san jose frogs\n14#real salt lake#david horst#d#old dominion hampton roads piranhas\n",
        "pandas_code": "(df.loc[0, 'player'] == 'chance myers') & (df.loc[1, 'player'] == 'david hurst')",
        "pandas_eval": "False"
    },
    {
        "id": 60966,
        "statement": "pick number 45 play position d",
        "label": 1,
        "table_caption": "2008 mls superdraft",
        "table_text": "pick#mls team#player#position#affiliation\n43#chivas usa#keith savage#m#west florida central florida kraze\n44#new york red bulls#david roth#m#northwestern chicago fire premier\n45#fc dallas#jamil roberts#d#santa clara\n46#los angeles galaxy#brandon mcdonald#m#san francisco san jose frogs\n47#colorado rapids#brian grazier#m#saint louis\n48#columbus crew#steven lenhart#f#azusa pacific southern california seahorses\n49#colorado rapids#scott campbell#m#north carolina\n50#fc dallas#ben nason#m#virginia tech\n51#los angeles galaxy#matt hatzke#d#santa clara\n52#dc united#tony schmitz#m#creighton\n53#kansas city wizards#rauwshan mckenzie#d#michigan state chicago fire premier\n54#chicago fire#austin washington#d#gonzaga spokane spiders\n55#new england revolution#spencer wadsworth#f#duke\n56#houston dynamo#jeremy barlow#m#virginia\n",
        "pandas_code": "df[df['pick'] == 45]['position'].values[0] == 'd'",
        "pandas_eval": "True"
    }
]