[
    {
        "id": 30328,
        "statement": "between 2006 and 2007 , simone improve her year end ranking by 60 place",
        "label": 1,
        "table_caption": "simone bolelli",
        "table_text": "tournament#2006#2007#2008#2009#2010#2011#2012\ngrand slam tournaments#grand slam tournaments#grand slam tournaments#grand slam tournaments#grand slam tournaments#grand slam tournaments#grand slam tournaments#grand slam tournaments\naustralian open#a#a#2r#2r#1r#q2#q3\nfrench open#a#2r#3r#2r#1r#2r#1r\nwimbledon#a#2r#3r#2r#a#3r#1r\nus open#a#2r#1r#1r#a#a#a\nwin - loss#0 - 0#3 - 3#5 - 4#3 - 4#0 - 2#3 - 2#0 - 2\natp world tour masters 1000#atp world tour masters 1000#atp world tour masters 1000#atp world tour masters 1000#atp world tour masters 1000#atp world tour masters 1000#atp world tour masters 1000#atp world tour masters 1000\nindian wells masters#a#a#1r#1r#a#a#a\nmiami masters#a#3r#3r#1r#a#q2#1r\nmonte carlo masters#a#a#2r#3r#1r#q2#1r\nrome masters#1r#1r#3r#1r#2r#1r#q1\nmadrid masters#a#a#2r#2r#a#a#a\ncanada masters#a#a#1r#a#a#a#a\ncincinnati masters#a#a#2r#1r#a#a#a\nshanghai masters#nms#nms#nms#a#a#a#a\nparis masters#a#a#2r#a#a#a#a\nhamburg masters#a#1r#2r#not masters series#not masters series#not masters series#not masters series\nwin - loss#0 - 1#2 - 3#9 - 9#3 - 6#1 - 2#0 - 1#0 - 2\ncareer statistics#career statistics#career statistics#career statistics#career statistics#career statistics#career statistics#career statistics\ntitles - finals#0 - 0#0 - 0#0 - 1#0 - 0#0 - 0#0 - 0#0 - 0\nyear - end ranking#127#67#41#93#107#134#84\n",
        "pandas_code": "(int(df.loc[df['tournament'] == 'year - end ranking', '2006'].iloc[0]) - int(df.loc[df['tournament'] == 'year - end ranking', '2007'].iloc[0])) == 60",
        "pandas_eval": "True"
    },
    {
        "id": 30332,
        "statement": "simone bolelli win a single title between 2006 and 2012",
        "label": 0,
        "table_caption": "simone bolelli",
        "table_text": "tournament#2006#2007#2008#2009#2010#2011#2012\ngrand slam tournaments#grand slam tournaments#grand slam tournaments#grand slam tournaments#grand slam tournaments#grand slam tournaments#grand slam tournaments#grand slam tournaments\naustralian open#a#a#2r#2r#1r#q2#q3\nfrench open#a#2r#3r#2r#1r#2r#1r\nwimbledon#a#2r#3r#2r#a#3r#1r\nus open#a#2r#1r#1r#a#a#a\nwin - loss#0 - 0#3 - 3#5 - 4#3 - 4#0 - 2#3 - 2#0 - 2\natp world tour masters 1000#atp world tour masters 1000#atp world tour masters 1000#atp world tour masters 1000#atp world tour masters 1000#atp world tour masters 1000#atp world tour masters 1000#atp world tour masters 1000\nindian wells masters#a#a#1r#1r#a#a#a\nmiami masters#a#3r#3r#1r#a#q2#1r\nmonte carlo masters#a#a#2r#3r#1r#q2#1r\nrome masters#1r#1r#3r#1r#2r#1r#q1\nmadrid masters#a#a#2r#2r#a#a#a\ncanada masters#a#a#1r#a#a#a#a\ncincinnati masters#a#a#2r#1r#a#a#a\nshanghai masters#nms#nms#nms#a#a#a#a\nparis masters#a#a#2r#a#a#a#a\nhamburg masters#a#1r#2r#not masters series#not masters series#not masters series#not masters series\nwin - loss#0 - 1#2 - 3#9 - 9#3 - 6#1 - 2#0 - 1#0 - 2\ncareer statistics#career statistics#career statistics#career statistics#career statistics#career statistics#career statistics#career statistics\ntitles - finals#0 - 0#0 - 0#0 - 1#0 - 0#0 - 0#0 - 0#0 - 0\nyear - end ranking#127#67#41#93#107#134#84\n",
        "pandas_code": "df[df['tournament'] == 'titles - finals'].iloc[:, 1:].apply(lambda x: x.str.contains('1 -').any()).any()",
        "pandas_eval": "False"
    },
    {
        "id": 30333,
        "statement": "between 2006 and 2007 , simone improve her year end ranking by more than 60 place",
        "label": 0,
        "table_caption": "simone bolelli",
        "table_text": "tournament#2006#2007#2008#2009#2010#2011#2012\ngrand slam tournaments#grand slam tournaments#grand slam tournaments#grand slam tournaments#grand slam tournaments#grand slam tournaments#grand slam tournaments#grand slam tournaments\naustralian open#a#a#2r#2r#1r#q2#q3\nfrench open#a#2r#3r#2r#1r#2r#1r\nwimbledon#a#2r#3r#2r#a#3r#1r\nus open#a#2r#1r#1r#a#a#a\nwin - loss#0 - 0#3 - 3#5 - 4#3 - 4#0 - 2#3 - 2#0 - 2\natp world tour masters 1000#atp world tour masters 1000#atp world tour masters 1000#atp world tour masters 1000#atp world tour masters 1000#atp world tour masters 1000#atp world tour masters 1000#atp world tour masters 1000\nindian wells masters#a#a#1r#1r#a#a#a\nmiami masters#a#3r#3r#1r#a#q2#1r\nmonte carlo masters#a#a#2r#3r#1r#q2#1r\nrome masters#1r#1r#3r#1r#2r#1r#q1\nmadrid masters#a#a#2r#2r#a#a#a\ncanada masters#a#a#1r#a#a#a#a\ncincinnati masters#a#a#2r#1r#a#a#a\nshanghai masters#nms#nms#nms#a#a#a#a\nparis masters#a#a#2r#a#a#a#a\nhamburg masters#a#1r#2r#not masters series#not masters series#not masters series#not masters series\nwin - loss#0 - 1#2 - 3#9 - 9#3 - 6#1 - 2#0 - 1#0 - 2\ncareer statistics#career statistics#career statistics#career statistics#career statistics#career statistics#career statistics#career statistics\ntitles - finals#0 - 0#0 - 0#0 - 1#0 - 0#0 - 0#0 - 0#0 - 0\nyear - end ranking#127#67#41#93#107#134#84\n",
        "pandas_code": "(int(df[df['tournament'] == 'year - end ranking']['2007'].values[0]) - int(df[df['tournament'] == 'year - end ranking']['2006'].values[0])) > 60",
        "pandas_eval": "False"
    },
    {
        "id": 30334,
        "statement": "2008 , simone have her best year end ranking and her second highest number of win",
        "label": 0,
        "table_caption": "simone bolelli",
        "table_text": "tournament#2006#2007#2008#2009#2010#2011#2012\ngrand slam tournaments#grand slam tournaments#grand slam tournaments#grand slam tournaments#grand slam tournaments#grand slam tournaments#grand slam tournaments#grand slam tournaments\naustralian open#a#a#2r#2r#1r#q2#q3\nfrench open#a#2r#3r#2r#1r#2r#1r\nwimbledon#a#2r#3r#2r#a#3r#1r\nus open#a#2r#1r#1r#a#a#a\nwin - loss#0 - 0#3 - 3#5 - 4#3 - 4#0 - 2#3 - 2#0 - 2\natp world tour masters 1000#atp world tour masters 1000#atp world tour masters 1000#atp world tour masters 1000#atp world tour masters 1000#atp world tour masters 1000#atp world tour masters 1000#atp world tour masters 1000\nindian wells masters#a#a#1r#1r#a#a#a\nmiami masters#a#3r#3r#1r#a#q2#1r\nmonte carlo masters#a#a#2r#3r#1r#q2#1r\nrome masters#1r#1r#3r#1r#2r#1r#q1\nmadrid masters#a#a#2r#2r#a#a#a\ncanada masters#a#a#1r#a#a#a#a\ncincinnati masters#a#a#2r#1r#a#a#a\nshanghai masters#nms#nms#nms#a#a#a#a\nparis masters#a#a#2r#a#a#a#a\nhamburg masters#a#1r#2r#not masters series#not masters series#not masters series#not masters series\nwin - loss#0 - 1#2 - 3#9 - 9#3 - 6#1 - 2#0 - 1#0 - 2\ncareer statistics#career statistics#career statistics#career statistics#career statistics#career statistics#career statistics#career statistics\ntitles - finals#0 - 0#0 - 0#0 - 1#0 - 0#0 - 0#0 - 0#0 - 0\nyear - end ranking#127#67#41#93#107#134#84\n",
        "pandas_code": "(df.loc[df['tournament'] == 'year - end ranking', '2008'].values[0] == '41') and (df.loc[df['tournament'] == 'win - loss', '2008'].values[0] == '9 - 9')",
        "pandas_eval": "False"
    },
    {
        "id": 30335,
        "statement": "in 2006 , simone win 1 game in grand slam tournament and world tour master game",
        "label": 0,
        "table_caption": "simone bolelli",
        "table_text": "tournament#2006#2007#2008#2009#2010#2011#2012\ngrand slam tournaments#grand slam tournaments#grand slam tournaments#grand slam tournaments#grand slam tournaments#grand slam tournaments#grand slam tournaments#grand slam tournaments\naustralian open#a#a#2r#2r#1r#q2#q3\nfrench open#a#2r#3r#2r#1r#2r#1r\nwimbledon#a#2r#3r#2r#a#3r#1r\nus open#a#2r#1r#1r#a#a#a\nwin - loss#0 - 0#3 - 3#5 - 4#3 - 4#0 - 2#3 - 2#0 - 2\natp world tour masters 1000#atp world tour masters 1000#atp world tour masters 1000#atp world tour masters 1000#atp world tour masters 1000#atp world tour masters 1000#atp world tour masters 1000#atp world tour masters 1000\nindian wells masters#a#a#1r#1r#a#a#a\nmiami masters#a#3r#3r#1r#a#q2#1r\nmonte carlo masters#a#a#2r#3r#1r#q2#1r\nrome masters#1r#1r#3r#1r#2r#1r#q1\nmadrid masters#a#a#2r#2r#a#a#a\ncanada masters#a#a#1r#a#a#a#a\ncincinnati masters#a#a#2r#1r#a#a#a\nshanghai masters#nms#nms#nms#a#a#a#a\nparis masters#a#a#2r#a#a#a#a\nhamburg masters#a#1r#2r#not masters series#not masters series#not masters series#not masters series\nwin - loss#0 - 1#2 - 3#9 - 9#3 - 6#1 - 2#0 - 1#0 - 2\ncareer statistics#career statistics#career statistics#career statistics#career statistics#career statistics#career statistics#career statistics\ntitles - finals#0 - 0#0 - 0#0 - 1#0 - 0#0 - 0#0 - 0#0 - 0\nyear - end ranking#127#67#41#93#107#134#84\n",
        "pandas_code": "(df.loc[df['tournament'] == 'grand slam tournaments', '2006'].values[0] == '0 - 0') & (df.loc[df['tournament'] == 'atp world tour masters 1000', '2006'].values[0] == '0 - 1')",
        "pandas_eval": "False"
    },
    {
        "id": 39752,
        "statement": "only 2 of the 10 match list be not play on a clay court",
        "label": 1,
        "table_caption": "simone bolelli",
        "table_text": "date#tournament#surface#opponent#score\n17 may 2004#verona#clay#alex vittur#6 - 1 , 7 - 6\n5 july 2004#bologna#clay#mattia livraghi#6 - 2 , 6 - 3\n3 july 2006#biella#clay#ivo minář#7 - 5 , 3 - 6 , 7 - 6\n28 august 2006#como#clay#federico luzzi#4 - 6 , 6 - 3 , 6 - 2\n30 april 2007#tunis#clay#andrei pavel#4 - 6 , 7 - 6 , 6 - 2\n5 november 2007#bratislava#hard (i)#alejandro falla#4 - 6 , 7 - 6 , 6 - 1\n28 june 2010#turin#clay#potito starace#7 - 6 , 6 - 2\n2 may 2011#rome#clay#eduardo schwank#2 - 6 , 6 - 1 , 6 - 3\n3 march 2012#florianópolis#clay#blaž kavčič#6 - 4 , 6 - 3\n22 july 2012#recanati#hard#fabrice martin#6 - 3 , 6 - 2\n",
        "pandas_code": "(df['surface'] != 'clay').sum() == 2",
        "pandas_eval": "True"
    },
    {
        "id": 39753,
        "statement": "only 2 match be play outside of europe and they occur in tunisia and brazil",
        "label": 1,
        "table_caption": "simone bolelli",
        "table_text": "date#tournament#surface#opponent#score\n17 may 2004#verona#clay#alex vittur#6 - 1 , 7 - 6\n5 july 2004#bologna#clay#mattia livraghi#6 - 2 , 6 - 3\n3 july 2006#biella#clay#ivo minář#7 - 5 , 3 - 6 , 7 - 6\n28 august 2006#como#clay#federico luzzi#4 - 6 , 6 - 3 , 6 - 2\n30 april 2007#tunis#clay#andrei pavel#4 - 6 , 7 - 6 , 6 - 2\n5 november 2007#bratislava#hard (i)#alejandro falla#4 - 6 , 7 - 6 , 6 - 1\n28 june 2010#turin#clay#potito starace#7 - 6 , 6 - 2\n2 may 2011#rome#clay#eduardo schwank#2 - 6 , 6 - 1 , 6 - 3\n3 march 2012#florianópolis#clay#blaž kavčič#6 - 4 , 6 - 3\n22 july 2012#recanati#hard#fabrice martin#6 - 3 , 6 - 2\n",
        "pandas_code": "(df[df['tournament'].isin(['tunis', 'florianópolis'])].shape[0] == 2) & (df[~df['tournament'].isin(['tunis', 'florianópolis'])].shape[0] == 8)",
        "pandas_eval": "True"
    },
    {
        "id": 39754,
        "statement": "july be the most common month for tournament with 3",
        "label": 1,
        "table_caption": "simone bolelli",
        "table_text": "date#tournament#surface#opponent#score\n17 may 2004#verona#clay#alex vittur#6 - 1 , 7 - 6\n5 july 2004#bologna#clay#mattia livraghi#6 - 2 , 6 - 3\n3 july 2006#biella#clay#ivo minář#7 - 5 , 3 - 6 , 7 - 6\n28 august 2006#como#clay#federico luzzi#4 - 6 , 6 - 3 , 6 - 2\n30 april 2007#tunis#clay#andrei pavel#4 - 6 , 7 - 6 , 6 - 2\n5 november 2007#bratislava#hard (i)#alejandro falla#4 - 6 , 7 - 6 , 6 - 1\n28 june 2010#turin#clay#potito starace#7 - 6 , 6 - 2\n2 may 2011#rome#clay#eduardo schwank#2 - 6 , 6 - 1 , 6 - 3\n3 march 2012#florianópolis#clay#blaž kavčič#6 - 4 , 6 - 3\n22 july 2012#recanati#hard#fabrice martin#6 - 3 , 6 - 2\n",
        "pandas_code": "(df['date'].str.contains('july').sum() == 3)",
        "pandas_eval": "True"
    },
    {
        "id": 39755,
        "statement": "the latest tournament in the calendar year occur in bratislava in november",
        "label": 1,
        "table_caption": "simone bolelli",
        "table_text": "date#tournament#surface#opponent#score\n17 may 2004#verona#clay#alex vittur#6 - 1 , 7 - 6\n5 july 2004#bologna#clay#mattia livraghi#6 - 2 , 6 - 3\n3 july 2006#biella#clay#ivo minář#7 - 5 , 3 - 6 , 7 - 6\n28 august 2006#como#clay#federico luzzi#4 - 6 , 6 - 3 , 6 - 2\n30 april 2007#tunis#clay#andrei pavel#4 - 6 , 7 - 6 , 6 - 2\n5 november 2007#bratislava#hard (i)#alejandro falla#4 - 6 , 7 - 6 , 6 - 1\n28 june 2010#turin#clay#potito starace#7 - 6 , 6 - 2\n2 may 2011#rome#clay#eduardo schwank#2 - 6 , 6 - 1 , 6 - 3\n3 march 2012#florianópolis#clay#blaž kavčič#6 - 4 , 6 - 3\n22 july 2012#recanati#hard#fabrice martin#6 - 3 , 6 - 2\n",
        "pandas_code": "df[df['date'].str.contains('november') & df['tournament'].str.contains('bratislava')].sort_values('date', ascending=False).iloc[0]['date'].split()[2] == '2007'",
        "pandas_eval": "True"
    },
    {
        "id": 39756,
        "statement": "italy be the most common location for tournament for bolelli with 7 of the 10 be play there",
        "label": 1,
        "table_caption": "simone bolelli",
        "table_text": "date#tournament#surface#opponent#score\n17 may 2004#verona#clay#alex vittur#6 - 1 , 7 - 6\n5 july 2004#bologna#clay#mattia livraghi#6 - 2 , 6 - 3\n3 july 2006#biella#clay#ivo minář#7 - 5 , 3 - 6 , 7 - 6\n28 august 2006#como#clay#federico luzzi#4 - 6 , 6 - 3 , 6 - 2\n30 april 2007#tunis#clay#andrei pavel#4 - 6 , 7 - 6 , 6 - 2\n5 november 2007#bratislava#hard (i)#alejandro falla#4 - 6 , 7 - 6 , 6 - 1\n28 june 2010#turin#clay#potito starace#7 - 6 , 6 - 2\n2 may 2011#rome#clay#eduardo schwank#2 - 6 , 6 - 1 , 6 - 3\n3 march 2012#florianópolis#clay#blaž kavčič#6 - 4 , 6 - 3\n22 july 2012#recanati#hard#fabrice martin#6 - 3 , 6 - 2\n",
        "pandas_code": "df[df['tournament'].str.contains('verona|bologna|biella|como|turin|rome|recanati', case=False)].shape[0] == 7",
        "pandas_eval": "True"
    },
    {
        "id": 39757,
        "statement": "only 3 of the 10 match list be play on a clay court",
        "label": 0,
        "table_caption": "simone bolelli",
        "table_text": "date#tournament#surface#opponent#score\n17 may 2004#verona#clay#alex vittur#6 - 1 , 7 - 6\n5 july 2004#bologna#clay#mattia livraghi#6 - 2 , 6 - 3\n3 july 2006#biella#clay#ivo minář#7 - 5 , 3 - 6 , 7 - 6\n28 august 2006#como#clay#federico luzzi#4 - 6 , 6 - 3 , 6 - 2\n30 april 2007#tunis#clay#andrei pavel#4 - 6 , 7 - 6 , 6 - 2\n5 november 2007#bratislava#hard (i)#alejandro falla#4 - 6 , 7 - 6 , 6 - 1\n28 june 2010#turin#clay#potito starace#7 - 6 , 6 - 2\n2 may 2011#rome#clay#eduardo schwank#2 - 6 , 6 - 1 , 6 - 3\n3 march 2012#florianópolis#clay#blaž kavčič#6 - 4 , 6 - 3\n22 july 2012#recanati#hard#fabrice martin#6 - 3 , 6 - 2\n",
        "pandas_code": "df[df['surface'] == 'clay'].shape[0] == 3",
        "pandas_eval": "False"
    },
    {
        "id": 39758,
        "statement": "only 2 match be play inside europe and they occur in verona and rome",
        "label": 0,
        "table_caption": "simone bolelli",
        "table_text": "date#tournament#surface#opponent#score\n17 may 2004#verona#clay#alex vittur#6 - 1 , 7 - 6\n5 july 2004#bologna#clay#mattia livraghi#6 - 2 , 6 - 3\n3 july 2006#biella#clay#ivo minář#7 - 5 , 3 - 6 , 7 - 6\n28 august 2006#como#clay#federico luzzi#4 - 6 , 6 - 3 , 6 - 2\n30 april 2007#tunis#clay#andrei pavel#4 - 6 , 7 - 6 , 6 - 2\n5 november 2007#bratislava#hard (i)#alejandro falla#4 - 6 , 7 - 6 , 6 - 1\n28 june 2010#turin#clay#potito starace#7 - 6 , 6 - 2\n2 may 2011#rome#clay#eduardo schwank#2 - 6 , 6 - 1 , 6 - 3\n3 march 2012#florianópolis#clay#blaž kavčič#6 - 4 , 6 - 3\n22 july 2012#recanati#hard#fabrice martin#6 - 3 , 6 - 2\n",
        "pandas_code": "(df[df['tournament'].isin(['verona', 'rome'])].shape[0] == 2) & (df[~df['tournament'].isin(['verona', 'rome'])].shape[0] == 0)",
        "pandas_eval": "False"
    },
    {
        "id": 39759,
        "statement": "july be the most common month for tournament with 3",
        "label": 0,
        "table_caption": "simone bolelli",
        "table_text": "date#tournament#surface#opponent#score\n17 may 2004#verona#clay#alex vittur#6 - 1 , 7 - 6\n5 july 2004#bologna#clay#mattia livraghi#6 - 2 , 6 - 3\n3 july 2006#biella#clay#ivo minář#7 - 5 , 3 - 6 , 7 - 6\n28 august 2006#como#clay#federico luzzi#4 - 6 , 6 - 3 , 6 - 2\n30 april 2007#tunis#clay#andrei pavel#4 - 6 , 7 - 6 , 6 - 2\n5 november 2007#bratislava#hard (i)#alejandro falla#4 - 6 , 7 - 6 , 6 - 1\n28 june 2010#turin#clay#potito starace#7 - 6 , 6 - 2\n2 may 2011#rome#clay#eduardo schwank#2 - 6 , 6 - 1 , 6 - 3\n3 march 2012#florianópolis#clay#blaž kavčič#6 - 4 , 6 - 3\n22 july 2012#recanati#hard#fabrice martin#6 - 3 , 6 - 2\n",
        "pandas_code": "(df['date'].str.contains('july').sum() == 2)",
        "pandas_eval": "False"
    },
    {
        "id": 39760,
        "statement": "the earliest tournament in the calendar year occur in bratislava in november",
        "label": 0,
        "table_caption": "simone bolelli",
        "table_text": "date#tournament#surface#opponent#score\n17 may 2004#verona#clay#alex vittur#6 - 1 , 7 - 6\n5 july 2004#bologna#clay#mattia livraghi#6 - 2 , 6 - 3\n3 july 2006#biella#clay#ivo minář#7 - 5 , 3 - 6 , 7 - 6\n28 august 2006#como#clay#federico luzzi#4 - 6 , 6 - 3 , 6 - 2\n30 april 2007#tunis#clay#andrei pavel#4 - 6 , 7 - 6 , 6 - 2\n5 november 2007#bratislava#hard (i)#alejandro falla#4 - 6 , 7 - 6 , 6 - 1\n28 june 2010#turin#clay#potito starace#7 - 6 , 6 - 2\n2 may 2011#rome#clay#eduardo schwank#2 - 6 , 6 - 1 , 6 - 3\n3 march 2012#florianópolis#clay#blaž kavčič#6 - 4 , 6 - 3\n22 july 2012#recanati#hard#fabrice martin#6 - 3 , 6 - 2\n",
        "pandas_code": "df['date'].min() == '5 november 2007' and df[df['date'] == df['date'].min()]['tournament'].values[0] == 'bratislava'",
        "pandas_eval": "False"
    },
    {
        "id": 39761,
        "statement": "italy be the least common location for tournament for bolelli with 3 of the 10 be play there",
        "label": 0,
        "table_caption": "simone bolelli",
        "table_text": "date#tournament#surface#opponent#score\n17 may 2004#verona#clay#alex vittur#6 - 1 , 7 - 6\n5 july 2004#bologna#clay#mattia livraghi#6 - 2 , 6 - 3\n3 july 2006#biella#clay#ivo minář#7 - 5 , 3 - 6 , 7 - 6\n28 august 2006#como#clay#federico luzzi#4 - 6 , 6 - 3 , 6 - 2\n30 april 2007#tunis#clay#andrei pavel#4 - 6 , 7 - 6 , 6 - 2\n5 november 2007#bratislava#hard (i)#alejandro falla#4 - 6 , 7 - 6 , 6 - 1\n28 june 2010#turin#clay#potito starace#7 - 6 , 6 - 2\n2 may 2011#rome#clay#eduardo schwank#2 - 6 , 6 - 1 , 6 - 3\n3 march 2012#florianópolis#clay#blaž kavčič#6 - 4 , 6 - 3\n22 july 2012#recanati#hard#fabrice martin#6 - 3 , 6 - 2\n",
        "pandas_code": "df['tournament'].str.contains('verona|bologna|biella|como|turin|rome|recanati').sum() == 3",
        "pandas_eval": "False"
    }
]