[
    {
        "id": 31172,
        "statement": "the longest tenured artist to sell 75 - 79 million record be aretha franklin",
        "label": 1,
        "table_caption": "list of best - selling music artists",
        "table_text": "artist#country of origin#period active#release - year of first charted record#genre#claimed sales\nthe black eyed peas#united states#1995 - present#1998#hip - hop / r&b / dance#76 million\njourney#united states#1973 - present#1975#rock / soft rock#75 million\nbeyoncé#united states#2003 - present#2003#r&b / pop#75 million\nkenny g#united states#1982 - present#1984#smooth jazz#75 million\nalabama#united states#1972 - present#1980#country / pop rock#75 million\nenya#ireland#1982 - present#1987#new age / celtic#75 million\ngreen day#united states#1987 - present#1994#punk rock / alternative rock#75 million\ntupac shakur#united states#1988 - 1996#1991#hip hop#75 million\nnirvana#united states#1987 - 1994#1989#grunge / alternative rock#75 million\nspice girls#united kingdom#1996 - 2000 2007 - 2008#1996#pop / dance - pop#75 million\nandrea bocelli#italy#1994 - present#1994#pop / classical / opera#75 million\nbob marley#jamaica#1962 - 1981#1975#reggae#75 million\nmötley crüe#united states#1981 - present#1983#glam metal#75 million\ndepeche mode#united kingdom#1980 - present#1981#synth rock / electronic#75 million\naretha franklin#united states#1956 - present#1961#soul / jazz / blues / r&b#75 million\nscorpions#germany#1969 - present#1978#hard rock#75 million\n",
        "pandas_code": "df.loc[df['claimed sales'].str.contains('75 million'), 'period active'].apply(lambda x: 2023 - int(x.split(' - ')[0].split(' ')[-1]) if 'present' in x else int(x.split(' - ')[1].split(' ')[0]) - int(x.split(' - ')[0].split(' ')[-1])).idxmax() == df[df['artist'] == 'aretha franklin'].index[0]",
        "pandas_eval": "True"
    },
    {
        "id": 31173,
        "statement": "among artist sell between 75 and 79 milliam record , beyone time release the most recent debut record",
        "label": 1,
        "table_caption": "list of best - selling music artists",
        "table_text": "artist#country of origin#period active#release - year of first charted record#genre#claimed sales\nthe black eyed peas#united states#1995 - present#1998#hip - hop / r&b / dance#76 million\njourney#united states#1973 - present#1975#rock / soft rock#75 million\nbeyoncé#united states#2003 - present#2003#r&b / pop#75 million\nkenny g#united states#1982 - present#1984#smooth jazz#75 million\nalabama#united states#1972 - present#1980#country / pop rock#75 million\nenya#ireland#1982 - present#1987#new age / celtic#75 million\ngreen day#united states#1987 - present#1994#punk rock / alternative rock#75 million\ntupac shakur#united states#1988 - 1996#1991#hip hop#75 million\nnirvana#united states#1987 - 1994#1989#grunge / alternative rock#75 million\nspice girls#united kingdom#1996 - 2000 2007 - 2008#1996#pop / dance - pop#75 million\nandrea bocelli#italy#1994 - present#1994#pop / classical / opera#75 million\nbob marley#jamaica#1962 - 1981#1975#reggae#75 million\nmötley crüe#united states#1981 - present#1983#glam metal#75 million\ndepeche mode#united kingdom#1980 - present#1981#synth rock / electronic#75 million\naretha franklin#united states#1956 - present#1961#soul / jazz / blues / r&b#75 million\nscorpions#germany#1969 - present#1978#hard rock#75 million\n",
        "pandas_code": "df[(df['claimed sales'].str.extract('(\\d+)')[0].astype(int).between(75, 79)) & (df['artist'] == 'beyoncé')]['release - year of first charted record'].max() == df['release - year of first charted record'].max()",
        "pandas_eval": "True"
    },
    {
        "id": 31174,
        "statement": "the black eyed pea have sell 1 million more record than journey",
        "label": 1,
        "table_caption": "list of best - selling music artists",
        "table_text": "artist#country of origin#period active#release - year of first charted record#genre#claimed sales\nthe black eyed peas#united states#1995 - present#1998#hip - hop / r&b / dance#76 million\njourney#united states#1973 - present#1975#rock / soft rock#75 million\nbeyoncé#united states#2003 - present#2003#r&b / pop#75 million\nkenny g#united states#1982 - present#1984#smooth jazz#75 million\nalabama#united states#1972 - present#1980#country / pop rock#75 million\nenya#ireland#1982 - present#1987#new age / celtic#75 million\ngreen day#united states#1987 - present#1994#punk rock / alternative rock#75 million\ntupac shakur#united states#1988 - 1996#1991#hip hop#75 million\nnirvana#united states#1987 - 1994#1989#grunge / alternative rock#75 million\nspice girls#united kingdom#1996 - 2000 2007 - 2008#1996#pop / dance - pop#75 million\nandrea bocelli#italy#1994 - present#1994#pop / classical / opera#75 million\nbob marley#jamaica#1962 - 1981#1975#reggae#75 million\nmötley crüe#united states#1981 - present#1983#glam metal#75 million\ndepeche mode#united kingdom#1980 - present#1981#synth rock / electronic#75 million\naretha franklin#united states#1956 - present#1961#soul / jazz / blues / r&b#75 million\nscorpions#germany#1969 - present#1978#hard rock#75 million\n",
        "pandas_code": "int(df[df['artist'] == 'the black eyed peas']['claimed sales'].str.replace(' million', '').iloc[0]) == int(df[df['artist'] == 'journey']['claimed sales'].str.replace(' million', '').iloc[0]) + 1",
        "pandas_eval": "True"
    },
    {
        "id": 31175,
        "statement": "enya be the only artist from ireland to sell between 75 and 79 million record",
        "label": 1,
        "table_caption": "list of best - selling music artists",
        "table_text": "artist#country of origin#period active#release - year of first charted record#genre#claimed sales\nthe black eyed peas#united states#1995 - present#1998#hip - hop / r&b / dance#76 million\njourney#united states#1973 - present#1975#rock / soft rock#75 million\nbeyoncé#united states#2003 - present#2003#r&b / pop#75 million\nkenny g#united states#1982 - present#1984#smooth jazz#75 million\nalabama#united states#1972 - present#1980#country / pop rock#75 million\nenya#ireland#1982 - present#1987#new age / celtic#75 million\ngreen day#united states#1987 - present#1994#punk rock / alternative rock#75 million\ntupac shakur#united states#1988 - 1996#1991#hip hop#75 million\nnirvana#united states#1987 - 1994#1989#grunge / alternative rock#75 million\nspice girls#united kingdom#1996 - 2000 2007 - 2008#1996#pop / dance - pop#75 million\nandrea bocelli#italy#1994 - present#1994#pop / classical / opera#75 million\nbob marley#jamaica#1962 - 1981#1975#reggae#75 million\nmötley crüe#united states#1981 - present#1983#glam metal#75 million\ndepeche mode#united kingdom#1980 - present#1981#synth rock / electronic#75 million\naretha franklin#united states#1956 - present#1961#soul / jazz / blues / r&b#75 million\nscorpions#germany#1969 - present#1978#hard rock#75 million\n",
        "pandas_code": "(df[(df['artist'] == 'enya') & (df['country of origin'] == 'ireland') & (df['claimed sales'] == '75 million')].shape[0] == 1) & (df[(df['country of origin'] == 'ireland') & (df['claimed sales'] != '75 million')].shape[0] == 0)",
        "pandas_eval": "True"
    },
    {
        "id": 31177,
        "statement": "the longest tenured artist to sell 75 - 79 million record be mötley crüe",
        "label": 0,
        "table_caption": "list of best - selling music artists",
        "table_text": "artist#country of origin#period active#release - year of first charted record#genre#claimed sales\nthe black eyed peas#united states#1995 - present#1998#hip - hop / r&b / dance#76 million\njourney#united states#1973 - present#1975#rock / soft rock#75 million\nbeyoncé#united states#2003 - present#2003#r&b / pop#75 million\nkenny g#united states#1982 - present#1984#smooth jazz#75 million\nalabama#united states#1972 - present#1980#country / pop rock#75 million\nenya#ireland#1982 - present#1987#new age / celtic#75 million\ngreen day#united states#1987 - present#1994#punk rock / alternative rock#75 million\ntupac shakur#united states#1988 - 1996#1991#hip hop#75 million\nnirvana#united states#1987 - 1994#1989#grunge / alternative rock#75 million\nspice girls#united kingdom#1996 - 2000 2007 - 2008#1996#pop / dance - pop#75 million\nandrea bocelli#italy#1994 - present#1994#pop / classical / opera#75 million\nbob marley#jamaica#1962 - 1981#1975#reggae#75 million\nmötley crüe#united states#1981 - present#1983#glam metal#75 million\ndepeche mode#united kingdom#1980 - present#1981#synth rock / electronic#75 million\naretha franklin#united states#1956 - present#1961#soul / jazz / blues / r&b#75 million\nscorpions#germany#1969 - present#1978#hard rock#75 million\n",
        "pandas_code": "df[(df['claimed sales'].str.contains('75 million')) & (df['period active'].str.split(' - ').apply(lambda x: int(x[1].split()[0]) - int(x[0]) if x[1].split()[0].isdigit() else 0) == max(df['period active'].str.split(' - ').apply(lambda x: int(x[1].split()[0]) - int(x[0]) if x[1].split()[0].isdigit() else 0)))]['artist'].iloc[0] == 'mötley crüe'",
        "pandas_eval": "False"
    },
    {
        "id": 31178,
        "statement": "among artist sell between 75 and 79 milliam record , alabama release the most recent debut record",
        "label": 0,
        "table_caption": "list of best - selling music artists",
        "table_text": "artist#country of origin#period active#release - year of first charted record#genre#claimed sales\nthe black eyed peas#united states#1995 - present#1998#hip - hop / r&b / dance#76 million\njourney#united states#1973 - present#1975#rock / soft rock#75 million\nbeyoncé#united states#2003 - present#2003#r&b / pop#75 million\nkenny g#united states#1982 - present#1984#smooth jazz#75 million\nalabama#united states#1972 - present#1980#country / pop rock#75 million\nenya#ireland#1982 - present#1987#new age / celtic#75 million\ngreen day#united states#1987 - present#1994#punk rock / alternative rock#75 million\ntupac shakur#united states#1988 - 1996#1991#hip hop#75 million\nnirvana#united states#1987 - 1994#1989#grunge / alternative rock#75 million\nspice girls#united kingdom#1996 - 2000 2007 - 2008#1996#pop / dance - pop#75 million\nandrea bocelli#italy#1994 - present#1994#pop / classical / opera#75 million\nbob marley#jamaica#1962 - 1981#1975#reggae#75 million\nmötley crüe#united states#1981 - present#1983#glam metal#75 million\ndepeche mode#united kingdom#1980 - present#1981#synth rock / electronic#75 million\naretha franklin#united states#1956 - present#1961#soul / jazz / blues / r&b#75 million\nscorpions#germany#1969 - present#1978#hard rock#75 million\n",
        "pandas_code": "df[(df['claimed sales'].str.contains('75 million')) & (df['artist'] == 'alabama')]['release - year of first charted record'].max() == df[df['claimed sales'].str.contains('75 million')]['release - year of first charted record'].max()",
        "pandas_eval": "False"
    },
    {
        "id": 31179,
        "statement": "the black eyed pea have sell 3 million more record than journey",
        "label": 0,
        "table_caption": "list of best - selling music artists",
        "table_text": "artist#country of origin#period active#release - year of first charted record#genre#claimed sales\nthe black eyed peas#united states#1995 - present#1998#hip - hop / r&b / dance#76 million\njourney#united states#1973 - present#1975#rock / soft rock#75 million\nbeyoncé#united states#2003 - present#2003#r&b / pop#75 million\nkenny g#united states#1982 - present#1984#smooth jazz#75 million\nalabama#united states#1972 - present#1980#country / pop rock#75 million\nenya#ireland#1982 - present#1987#new age / celtic#75 million\ngreen day#united states#1987 - present#1994#punk rock / alternative rock#75 million\ntupac shakur#united states#1988 - 1996#1991#hip hop#75 million\nnirvana#united states#1987 - 1994#1989#grunge / alternative rock#75 million\nspice girls#united kingdom#1996 - 2000 2007 - 2008#1996#pop / dance - pop#75 million\nandrea bocelli#italy#1994 - present#1994#pop / classical / opera#75 million\nbob marley#jamaica#1962 - 1981#1975#reggae#75 million\nmötley crüe#united states#1981 - present#1983#glam metal#75 million\ndepeche mode#united kingdom#1980 - present#1981#synth rock / electronic#75 million\naretha franklin#united states#1956 - present#1961#soul / jazz / blues / r&b#75 million\nscorpions#germany#1969 - present#1978#hard rock#75 million\n",
        "pandas_code": "(df[df['artist'] == 'the black eyed peas']['claimed sales'].str.replace(' million', '').astype(float) - df[df['artist'] == 'journey']['claimed sales'].str.replace(' million', '').astype(float)).values[0] == 3",
        "pandas_eval": "False"
    },
    {
        "id": 31180,
        "statement": "green day be the only artist from ireland to sell between 75 and 79 million record",
        "label": 0,
        "table_caption": "list of best - selling music artists",
        "table_text": "artist#country of origin#period active#release - year of first charted record#genre#claimed sales\nthe black eyed peas#united states#1995 - present#1998#hip - hop / r&b / dance#76 million\njourney#united states#1973 - present#1975#rock / soft rock#75 million\nbeyoncé#united states#2003 - present#2003#r&b / pop#75 million\nkenny g#united states#1982 - present#1984#smooth jazz#75 million\nalabama#united states#1972 - present#1980#country / pop rock#75 million\nenya#ireland#1982 - present#1987#new age / celtic#75 million\ngreen day#united states#1987 - present#1994#punk rock / alternative rock#75 million\ntupac shakur#united states#1988 - 1996#1991#hip hop#75 million\nnirvana#united states#1987 - 1994#1989#grunge / alternative rock#75 million\nspice girls#united kingdom#1996 - 2000 2007 - 2008#1996#pop / dance - pop#75 million\nandrea bocelli#italy#1994 - present#1994#pop / classical / opera#75 million\nbob marley#jamaica#1962 - 1981#1975#reggae#75 million\nmötley crüe#united states#1981 - present#1983#glam metal#75 million\ndepeche mode#united kingdom#1980 - present#1981#synth rock / electronic#75 million\naretha franklin#united states#1956 - present#1961#soul / jazz / blues / r&b#75 million\nscorpions#germany#1969 - present#1978#hard rock#75 million\n",
        "pandas_code": "((df['artist'] == 'green day') & (df['country of origin'] == 'ireland') & (df['claimed sales'] == '75 million')).any() and not ((df['artist'] != 'green day') & (df['country of origin'] == 'ireland') & (df['claimed sales'] == '75 million')).any()",
        "pandas_eval": "False"
    },
    {
        "id": 31181,
        "statement": "bob marley have the shortest period active of all artist sell 75 - 79 million record",
        "label": 0,
        "table_caption": "list of best - selling music artists",
        "table_text": "artist#country of origin#period active#release - year of first charted record#genre#claimed sales\nthe black eyed peas#united states#1995 - present#1998#hip - hop / r&b / dance#76 million\njourney#united states#1973 - present#1975#rock / soft rock#75 million\nbeyoncé#united states#2003 - present#2003#r&b / pop#75 million\nkenny g#united states#1982 - present#1984#smooth jazz#75 million\nalabama#united states#1972 - present#1980#country / pop rock#75 million\nenya#ireland#1982 - present#1987#new age / celtic#75 million\ngreen day#united states#1987 - present#1994#punk rock / alternative rock#75 million\ntupac shakur#united states#1988 - 1996#1991#hip hop#75 million\nnirvana#united states#1987 - 1994#1989#grunge / alternative rock#75 million\nspice girls#united kingdom#1996 - 2000 2007 - 2008#1996#pop / dance - pop#75 million\nandrea bocelli#italy#1994 - present#1994#pop / classical / opera#75 million\nbob marley#jamaica#1962 - 1981#1975#reggae#75 million\nmötley crüe#united states#1981 - present#1983#glam metal#75 million\ndepeche mode#united kingdom#1980 - present#1981#synth rock / electronic#75 million\naretha franklin#united states#1956 - present#1961#soul / jazz / blues / r&b#75 million\nscorpions#germany#1969 - present#1978#hard rock#75 million\n",
        "pandas_code": "df[(df['artist'] == 'bob marley') & (df['claimed sales'] == '75 million') & (df['period active'] == df[df['claimed sales'] == '75 million']['period active'].min())].shape[0] == 1",
        "pandas_eval": "False"
    },
    {
        "id": 65050,
        "statement": "the genre of led zeppelin 's music be either hard rock or heavy metal",
        "label": 1,
        "table_caption": "list of best - selling music artists",
        "table_text": "artist#country of origin#period active#release - year of first charted record#genre#claimed sales\nthe beatles#united kingdom#1960 - 1970#1962#rock / pop#600 million\nelvis presley#united states#1954 - 1977#1954#rock and roll / pop / country#600 million 500 million\nmichael jackson#united states#1964 - 2009#1971#pop / rock / dance / r&b#400 million 350 million 300 million\nmadonna#united states#1979 - present#1982#pop / rock / dance#300 million 275 million\nelton john#united kingdom#1964 - present#1969#pop / rock#300 million 250 million\nled zeppelin#united kingdom#1968 - 1980#1969#hard rock / heavy metal#300 million 200 million\npink floyd#united kingdom#1965 - 1996#1967#progressive rock#250 million 200 million\n",
        "pandas_code": "df[df['artist'] == 'led zeppelin']['genre'].str.contains('hard rock|heavy metal').any()",
        "pandas_eval": "True"
    },
    {
        "id": 65051,
        "statement": "led zeppelin 's genre be hard rock / heavy metal and have be claim to have sale in excess of 600 million",
        "label": 0,
        "table_caption": "list of best - selling music artists",
        "table_text": "artist#country of origin#period active#release - year of first charted record#genre#claimed sales\nthe beatles#united kingdom#1960 - 1970#1962#rock / pop#600 million\nelvis presley#united states#1954 - 1977#1954#rock and roll / pop / country#600 million 500 million\nmichael jackson#united states#1964 - 2009#1971#pop / rock / dance / r&b#400 million 350 million 300 million\nmadonna#united states#1979 - present#1982#pop / rock / dance#300 million 275 million\nelton john#united kingdom#1964 - present#1969#pop / rock#300 million 250 million\nled zeppelin#united kingdom#1968 - 1980#1969#hard rock / heavy metal#300 million 200 million\npink floyd#united kingdom#1965 - 1996#1967#progressive rock#250 million 200 million\n",
        "pandas_code": "((df['artist'] == 'led zeppelin') & (df['genre'] == 'hard rock / heavy metal') & (df['claimed sales'].str.contains('600 million'))).any()",
        "pandas_eval": "False"
    },
    {
        "id": 87182,
        "statement": "prince make funk , r&b pop , soul and rock music",
        "label": 1,
        "table_caption": "list of best - selling music artists",
        "table_text": "artist#country of origin#period active#release - year of first charted record#genre#claimed sales\nmetallica#united states#1981 - present#1983#heavy metal / thrash metal#110 million\ntaylor swift#united states#2006 - present#2006#country / country pop / pop / pop - rock#101 million\neminem#united states#1996 - present#1999#hip hop#100 million\nbritney spears#united states#1998 - present#1998#pop / dance / dance - pop#100 million\nrod stewart#united kingdom#1964 - present#1969#rock / pop#100 million\nbon jovi#united states#1983 - present#1983#hard rock / glam metal#100 million\nfleetwood mac#united kingdom united states#1967 - present#1968#rock / pop#100 million\nbackstreet boys#united states#1993 - present#1995#pop#100 million\nguns n' roses#united states#1985 - present#1987#hard rock / heavy metal#100 million\nprince#united states#1976 - present#1978#funk / r&b / pop / soul / rock#100 million\nkenny rogers#united states#1958 - present#1975#country / pop#100 million\npaul mccartney#united kingdom#1960 - present#1970#rock#100 million\njanet jackson#united states#1982 - present#1982#r&b / pop#100 million\nchicago#united states#1967 - present#1969#rock / pop#100 million\nthe carpenters#united states#1969 - 1983#1969#pop#100 million\nbob dylan#united states#1959 - present#1963#folk / rock#100 million\ngeorge michael#united kingdom#1981 - present#1984#pop#100 million\nbryan adams#canada#1979 - present#1979#rock#100 million\ndef leppard#united kingdom#1977 - present#1979#hard rock / heavy metal#100 million\ncher#united states#1964 - present#1965#pop / rock / dance / folk#100 million\nlionel richie#united states#1968 - present#1981#pop / r&b#100 million\nolivia newton - john#australia#1966 - present#1966#pop#100 million\nlinda ronstadt#united states#1967 - present#1968#rock / folk / country#100 million\nstevie wonder#united states#1961 - present#1962#funk / r&b / soul#100 million\ntina turner#united states#1955 - present#1975#rock / pop#100 million\nthe beach boys#united states#1961 - present#1962#rock / pop / surf rock#100 million\nkiss#united states#1972 - present#1974#hard rock / heavy metal#100 million\nthe who#united kingdom#1964 - present#1965#rock / hard rock#100 million\njohnny hallyday#france#1957 - 2007#1960#rock / pop#100 million\nbarry white#united states#1972 - 2003#1973#r&b / soul#100 million\n",
        "pandas_code": "df[df['artist'] == 'prince']['genre'].str.contains('funk|r&b|pop|soul|rock').all()",
        "pandas_eval": "True"
    },
    {
        "id": 87183,
        "statement": "linda ronstadt first make the chart for rock / folk / country music in 1968",
        "label": 1,
        "table_caption": "list of best - selling music artists",
        "table_text": "artist#country of origin#period active#release - year of first charted record#genre#claimed sales\nmetallica#united states#1981 - present#1983#heavy metal / thrash metal#110 million\ntaylor swift#united states#2006 - present#2006#country / country pop / pop / pop - rock#101 million\neminem#united states#1996 - present#1999#hip hop#100 million\nbritney spears#united states#1998 - present#1998#pop / dance / dance - pop#100 million\nrod stewart#united kingdom#1964 - present#1969#rock / pop#100 million\nbon jovi#united states#1983 - present#1983#hard rock / glam metal#100 million\nfleetwood mac#united kingdom united states#1967 - present#1968#rock / pop#100 million\nbackstreet boys#united states#1993 - present#1995#pop#100 million\nguns n' roses#united states#1985 - present#1987#hard rock / heavy metal#100 million\nprince#united states#1976 - present#1978#funk / r&b / pop / soul / rock#100 million\nkenny rogers#united states#1958 - present#1975#country / pop#100 million\npaul mccartney#united kingdom#1960 - present#1970#rock#100 million\njanet jackson#united states#1982 - present#1982#r&b / pop#100 million\nchicago#united states#1967 - present#1969#rock / pop#100 million\nthe carpenters#united states#1969 - 1983#1969#pop#100 million\nbob dylan#united states#1959 - present#1963#folk / rock#100 million\ngeorge michael#united kingdom#1981 - present#1984#pop#100 million\nbryan adams#canada#1979 - present#1979#rock#100 million\ndef leppard#united kingdom#1977 - present#1979#hard rock / heavy metal#100 million\ncher#united states#1964 - present#1965#pop / rock / dance / folk#100 million\nlionel richie#united states#1968 - present#1981#pop / r&b#100 million\nolivia newton - john#australia#1966 - present#1966#pop#100 million\nlinda ronstadt#united states#1967 - present#1968#rock / folk / country#100 million\nstevie wonder#united states#1961 - present#1962#funk / r&b / soul#100 million\ntina turner#united states#1955 - present#1975#rock / pop#100 million\nthe beach boys#united states#1961 - present#1962#rock / pop / surf rock#100 million\nkiss#united states#1972 - present#1974#hard rock / heavy metal#100 million\nthe who#united kingdom#1964 - present#1965#rock / hard rock#100 million\njohnny hallyday#france#1957 - 2007#1960#rock / pop#100 million\nbarry white#united states#1972 - 2003#1973#r&b / soul#100 million\n",
        "pandas_code": "df[(df['artist'] == 'linda ronstadt') & (df['genre'] == 'rock / folk / country') & (df['release - year of first charted record'] == 1968)].any().any()",
        "pandas_eval": "True"
    },
    {
        "id": 87184,
        "statement": "the music genre play by paul mccartney be funk / r&b / pop / soul / rock",
        "label": 0,
        "table_caption": "list of best - selling music artists",
        "table_text": "artist#country of origin#period active#release - year of first charted record#genre#claimed sales\nmetallica#united states#1981 - present#1983#heavy metal / thrash metal#110 million\ntaylor swift#united states#2006 - present#2006#country / country pop / pop / pop - rock#101 million\neminem#united states#1996 - present#1999#hip hop#100 million\nbritney spears#united states#1998 - present#1998#pop / dance / dance - pop#100 million\nrod stewart#united kingdom#1964 - present#1969#rock / pop#100 million\nbon jovi#united states#1983 - present#1983#hard rock / glam metal#100 million\nfleetwood mac#united kingdom united states#1967 - present#1968#rock / pop#100 million\nbackstreet boys#united states#1993 - present#1995#pop#100 million\nguns n' roses#united states#1985 - present#1987#hard rock / heavy metal#100 million\nprince#united states#1976 - present#1978#funk / r&b / pop / soul / rock#100 million\nkenny rogers#united states#1958 - present#1975#country / pop#100 million\npaul mccartney#united kingdom#1960 - present#1970#rock#100 million\njanet jackson#united states#1982 - present#1982#r&b / pop#100 million\nchicago#united states#1967 - present#1969#rock / pop#100 million\nthe carpenters#united states#1969 - 1983#1969#pop#100 million\nbob dylan#united states#1959 - present#1963#folk / rock#100 million\ngeorge michael#united kingdom#1981 - present#1984#pop#100 million\nbryan adams#canada#1979 - present#1979#rock#100 million\ndef leppard#united kingdom#1977 - present#1979#hard rock / heavy metal#100 million\ncher#united states#1964 - present#1965#pop / rock / dance / folk#100 million\nlionel richie#united states#1968 - present#1981#pop / r&b#100 million\nolivia newton - john#australia#1966 - present#1966#pop#100 million\nlinda ronstadt#united states#1967 - present#1968#rock / folk / country#100 million\nstevie wonder#united states#1961 - present#1962#funk / r&b / soul#100 million\ntina turner#united states#1955 - present#1975#rock / pop#100 million\nthe beach boys#united states#1961 - present#1962#rock / pop / surf rock#100 million\nkiss#united states#1972 - present#1974#hard rock / heavy metal#100 million\nthe who#united kingdom#1964 - present#1965#rock / hard rock#100 million\njohnny hallyday#france#1957 - 2007#1960#rock / pop#100 million\nbarry white#united states#1972 - 2003#1973#r&b / soul#100 million\n",
        "pandas_code": "df[df['artist'] == 'paul mccartney']['genre'].values[0] == 'funk / r&b / pop / soul / rock'",
        "pandas_eval": "False"
    },
    {
        "id": 87185,
        "statement": "the genre of music that chart in 1962 & 1966 be rock / folk / country",
        "label": 0,
        "table_caption": "list of best - selling music artists",
        "table_text": "artist#country of origin#period active#release - year of first charted record#genre#claimed sales\nmetallica#united states#1981 - present#1983#heavy metal / thrash metal#110 million\ntaylor swift#united states#2006 - present#2006#country / country pop / pop / pop - rock#101 million\neminem#united states#1996 - present#1999#hip hop#100 million\nbritney spears#united states#1998 - present#1998#pop / dance / dance - pop#100 million\nrod stewart#united kingdom#1964 - present#1969#rock / pop#100 million\nbon jovi#united states#1983 - present#1983#hard rock / glam metal#100 million\nfleetwood mac#united kingdom united states#1967 - present#1968#rock / pop#100 million\nbackstreet boys#united states#1993 - present#1995#pop#100 million\nguns n' roses#united states#1985 - present#1987#hard rock / heavy metal#100 million\nprince#united states#1976 - present#1978#funk / r&b / pop / soul / rock#100 million\nkenny rogers#united states#1958 - present#1975#country / pop#100 million\npaul mccartney#united kingdom#1960 - present#1970#rock#100 million\njanet jackson#united states#1982 - present#1982#r&b / pop#100 million\nchicago#united states#1967 - present#1969#rock / pop#100 million\nthe carpenters#united states#1969 - 1983#1969#pop#100 million\nbob dylan#united states#1959 - present#1963#folk / rock#100 million\ngeorge michael#united kingdom#1981 - present#1984#pop#100 million\nbryan adams#canada#1979 - present#1979#rock#100 million\ndef leppard#united kingdom#1977 - present#1979#hard rock / heavy metal#100 million\ncher#united states#1964 - present#1965#pop / rock / dance / folk#100 million\nlionel richie#united states#1968 - present#1981#pop / r&b#100 million\nolivia newton - john#australia#1966 - present#1966#pop#100 million\nlinda ronstadt#united states#1967 - present#1968#rock / folk / country#100 million\nstevie wonder#united states#1961 - present#1962#funk / r&b / soul#100 million\ntina turner#united states#1955 - present#1975#rock / pop#100 million\nthe beach boys#united states#1961 - present#1962#rock / pop / surf rock#100 million\nkiss#united states#1972 - present#1974#hard rock / heavy metal#100 million\nthe who#united kingdom#1964 - present#1965#rock / hard rock#100 million\njohnny hallyday#france#1957 - 2007#1960#rock / pop#100 million\nbarry white#united states#1972 - 2003#1973#r&b / soul#100 million\n",
        "pandas_code": "df[(df['release - year of first charted record'].isin([1962, 1966])) & (df['genre'] == 'rock / folk / country')].shape[0] > 0",
        "pandas_eval": "False"
    },
    {
        "id": 91856,
        "statement": "the rock / pop rock / hard rock genre have a release - year of first chart record in 1988",
        "label": 1,
        "table_caption": "list of best - selling music artists",
        "table_text": "artist#country of origin#period active#release - year of first charted record#genre#claimed sales\nsantana#united states#1966 - present#1969#rock#90 million\ngloria estefan#united states#1977 - present#1984#latin / dance / pop#90 million\nrem#united states#1980 - 2011#1983#alternative rock#85 million\nshania twain#canada#1993 - present#1993#country pop#80 million\nb'z#japan#1988 - present#1988#rock / pop rock / hard rock#80 million\nvan halen#united states#1978 - present#1978#hard rock / heavy metal#80 million\nlady gaga#united states#2005 - present#2008#pop / dance / electronic / rock#80 million\nred hot chili peppers#united states#1983 - present#1987#funk rock / alternative rock#80 million\nforeigner#united states#1976 - present#1977#rock / hard rock#80 million\nthe doors#united states#1965 - 1973#1967#rock#80 million\nreba mcentire#united states#1975 - present#1987#country / country pop#80 million\nmeat loaf#united states#1968 - present#1977#hard rock#80 million\nbarry manilow#united states#1973 - present#1973#pop / soft rock#80 million\ntom petty#united states#1976 - present#1977#rock#80 million\nnew kids on the block#united states#1984 - present#1986#teen pop#80 million\n",
        "pandas_code": "df[(df['genre'] == 'rock / pop rock / hard rock') & (df['release - year of first charted record'] == 1988)].shape[0] > 0",
        "pandas_eval": "True"
    }
]