[
    {
        "id": 33078,
        "statement": "the target market be always desktops , the architecture be always 16 - bit , the source model be always close source , and when the name be window 3.0 the release date be 1990 - 05 - 22",
        "label": 1,
        "table_caption": "comparison of microsoft windows versions",
        "table_text": "name#release date#latest version#status support#source model#architecture#target market\nwindows 1.0#1985 - 11 - 20#1.04 (1987 - 04 - 08)#unsupported (2001 - 12 - 31)#closed source#16 - bit#desktops\nwindows 2.0#1987 - 12 - 09#2.03 (1987 - 12 - 09)#unsupported (2001 - 12 - 31)#closed source#16 - bit#desktops\nwindows 2.1x#1988 - 05 - 27#2.11 (1989 - 03 - 13)#unsupported (2001 - 12 - 31)#closed source#16 - bit#desktops\nwindows 3.0#1990 - 05 - 22#3.0a with multimedia extensions (1991 - 10 - 20)#unsupported (2001 - 12 - 31)#closed source#16 - bit#desktops\nwindows 3.1x#1992 - 04 - 06#3.11 (1993 - 12 - 31)#unsupported (2001 - 12 - 31)#closed source#16 - bit#desktops\n",
        "pandas_code": "(df['target market'].eq('desktops').all() and df['architecture'].eq('16 - bit').all() and df['source model'].eq('closed source').all() and df.loc[df['name'].eq('windows 3.0'), 'release date'].eq('1990 - 05 - 22').all())",
        "pandas_eval": "True"
    },
    {
        "id": 33079,
        "statement": "when the release date be 1987 - 12 - 09 the name be window 2.0 with a latest version of 2.03 (1987 - 12 - 09) with a status support of unsupported (2001 - 12 - 31)",
        "label": 1,
        "table_caption": "comparison of microsoft windows versions",
        "table_text": "name#release date#latest version#status support#source model#architecture#target market\nwindows 1.0#1985 - 11 - 20#1.04 (1987 - 04 - 08)#unsupported (2001 - 12 - 31)#closed source#16 - bit#desktops\nwindows 2.0#1987 - 12 - 09#2.03 (1987 - 12 - 09)#unsupported (2001 - 12 - 31)#closed source#16 - bit#desktops\nwindows 2.1x#1988 - 05 - 27#2.11 (1989 - 03 - 13)#unsupported (2001 - 12 - 31)#closed source#16 - bit#desktops\nwindows 3.0#1990 - 05 - 22#3.0a with multimedia extensions (1991 - 10 - 20)#unsupported (2001 - 12 - 31)#closed source#16 - bit#desktops\nwindows 3.1x#1992 - 04 - 06#3.11 (1993 - 12 - 31)#unsupported (2001 - 12 - 31)#closed source#16 - bit#desktops\n",
        "pandas_code": "df[(df['release date'] == '1987 - 12 - 09') & (df['name'] == 'windows 2.0') & (df['latest version'] == '2.03 (1987 - 12 - 09)') & (df['status support'] == 'unsupported (2001 - 12 - 31)')].shape[0] == 1",
        "pandas_eval": "True"
    },
    {
        "id": 33080,
        "statement": "when the latest version be 3.11 (1993 - 12 - 31) the release date be 1992 - 04 - 06 and when the latest version be 3.0a with multimedia extension (1991 - 10 - 20) the release date be 1990 - 05 - 22",
        "label": 1,
        "table_caption": "comparison of microsoft windows versions",
        "table_text": "name#release date#latest version#status support#source model#architecture#target market\nwindows 1.0#1985 - 11 - 20#1.04 (1987 - 04 - 08)#unsupported (2001 - 12 - 31)#closed source#16 - bit#desktops\nwindows 2.0#1987 - 12 - 09#2.03 (1987 - 12 - 09)#unsupported (2001 - 12 - 31)#closed source#16 - bit#desktops\nwindows 2.1x#1988 - 05 - 27#2.11 (1989 - 03 - 13)#unsupported (2001 - 12 - 31)#closed source#16 - bit#desktops\nwindows 3.0#1990 - 05 - 22#3.0a with multimedia extensions (1991 - 10 - 20)#unsupported (2001 - 12 - 31)#closed source#16 - bit#desktops\nwindows 3.1x#1992 - 04 - 06#3.11 (1993 - 12 - 31)#unsupported (2001 - 12 - 31)#closed source#16 - bit#desktops\n",
        "pandas_code": "((df['latest version'] == '3.11 (1993 - 12 - 31)') & (df['release date'] == '1992 - 04 - 06')).any() & ((df['latest version'] == '3.0a with multimedia extensions (1991 - 10 - 20)') & (df['release date'] == '1990 - 05 - 22')).any()",
        "pandas_eval": "True"
    },
    {
        "id": 33081,
        "statement": "the earliest release date be 1985 - 11 - 20 and the latest release date be 1992 - 04 - 06 with the name of window 1.0 and window 3.1x",
        "label": 1,
        "table_caption": "comparison of microsoft windows versions",
        "table_text": "name#release date#latest version#status support#source model#architecture#target market\nwindows 1.0#1985 - 11 - 20#1.04 (1987 - 04 - 08)#unsupported (2001 - 12 - 31)#closed source#16 - bit#desktops\nwindows 2.0#1987 - 12 - 09#2.03 (1987 - 12 - 09)#unsupported (2001 - 12 - 31)#closed source#16 - bit#desktops\nwindows 2.1x#1988 - 05 - 27#2.11 (1989 - 03 - 13)#unsupported (2001 - 12 - 31)#closed source#16 - bit#desktops\nwindows 3.0#1990 - 05 - 22#3.0a with multimedia extensions (1991 - 10 - 20)#unsupported (2001 - 12 - 31)#closed source#16 - bit#desktops\nwindows 3.1x#1992 - 04 - 06#3.11 (1993 - 12 - 31)#unsupported (2001 - 12 - 31)#closed source#16 - bit#desktops\n",
        "pandas_code": "(df['release date'].min() == '1985 - 11 - 20') & (df['release date'].max() == '1992 - 04 - 06') & (set(['windows 1.0', 'windows 3.1x']).issubset(df['name']))",
        "pandas_eval": "True"
    },
    {
        "id": 33082,
        "statement": "when the source model be close source with release date 1990 - 05 - 22 the status support be unsupported (2001 - 12 - 31) with a name of window 3.0",
        "label": 1,
        "table_caption": "comparison of microsoft windows versions",
        "table_text": "name#release date#latest version#status support#source model#architecture#target market\nwindows 1.0#1985 - 11 - 20#1.04 (1987 - 04 - 08)#unsupported (2001 - 12 - 31)#closed source#16 - bit#desktops\nwindows 2.0#1987 - 12 - 09#2.03 (1987 - 12 - 09)#unsupported (2001 - 12 - 31)#closed source#16 - bit#desktops\nwindows 2.1x#1988 - 05 - 27#2.11 (1989 - 03 - 13)#unsupported (2001 - 12 - 31)#closed source#16 - bit#desktops\nwindows 3.0#1990 - 05 - 22#3.0a with multimedia extensions (1991 - 10 - 20)#unsupported (2001 - 12 - 31)#closed source#16 - bit#desktops\nwindows 3.1x#1992 - 04 - 06#3.11 (1993 - 12 - 31)#unsupported (2001 - 12 - 31)#closed source#16 - bit#desktops\n",
        "pandas_code": "((df['source model'] == 'closed source') & (df['release date'] == '1990 - 05 - 22') & (df['status support'] == 'unsupported (2001 - 12 - 31)') & (df['name'] == 'windows 3.0')).any()",
        "pandas_eval": "True"
    },
    {
        "id": 33083,
        "statement": "the target market be desktops only half of the time , the architecture be never 16 - bit , the source model be always open source , and when the name be window 3.0 the release date be 1992 - 04 - 06",
        "label": 0,
        "table_caption": "comparison of microsoft windows versions",
        "table_text": "name#release date#latest version#status support#source model#architecture#target market\nwindows 1.0#1985 - 11 - 20#1.04 (1987 - 04 - 08)#unsupported (2001 - 12 - 31)#closed source#16 - bit#desktops\nwindows 2.0#1987 - 12 - 09#2.03 (1987 - 12 - 09)#unsupported (2001 - 12 - 31)#closed source#16 - bit#desktops\nwindows 2.1x#1988 - 05 - 27#2.11 (1989 - 03 - 13)#unsupported (2001 - 12 - 31)#closed source#16 - bit#desktops\nwindows 3.0#1990 - 05 - 22#3.0a with multimedia extensions (1991 - 10 - 20)#unsupported (2001 - 12 - 31)#closed source#16 - bit#desktops\nwindows 3.1x#1992 - 04 - 06#3.11 (1993 - 12 - 31)#unsupported (2001 - 12 - 31)#closed source#16 - bit#desktops\n",
        "pandas_code": "(df['target market'].value_counts(normalize=True)['desktops'] == 0.5) & (df['architecture'].eq('16 - bit').any() == False) & (df['source model'].eq('open source').all()) & (df.loc[df['name'] == 'windows 3.0', 'release date'].eq('1992 - 04 - 06').any())",
        "pandas_eval": "False"
    },
    {
        "id": 33084,
        "statement": "when the release date be 1990 - 05 - 22 the name be window 2.0 with a latest version of 2.03 (1987 - 12 - 09) with a status support of unsupported (2001 - 12 - 31)",
        "label": 0,
        "table_caption": "comparison of microsoft windows versions",
        "table_text": "name#release date#latest version#status support#source model#architecture#target market\nwindows 1.0#1985 - 11 - 20#1.04 (1987 - 04 - 08)#unsupported (2001 - 12 - 31)#closed source#16 - bit#desktops\nwindows 2.0#1987 - 12 - 09#2.03 (1987 - 12 - 09)#unsupported (2001 - 12 - 31)#closed source#16 - bit#desktops\nwindows 2.1x#1988 - 05 - 27#2.11 (1989 - 03 - 13)#unsupported (2001 - 12 - 31)#closed source#16 - bit#desktops\nwindows 3.0#1990 - 05 - 22#3.0a with multimedia extensions (1991 - 10 - 20)#unsupported (2001 - 12 - 31)#closed source#16 - bit#desktops\nwindows 3.1x#1992 - 04 - 06#3.11 (1993 - 12 - 31)#unsupported (2001 - 12 - 31)#closed source#16 - bit#desktops\n",
        "pandas_code": "((df['release date'] == '1990 - 05 - 22') & (df['name'] == 'windows 2.0') & (df['latest version'] == '2.03 (1987 - 12 - 09)') & (df['status support'] == 'unsupported (2001 - 12 - 31)')).any()",
        "pandas_eval": "False"
    },
    {
        "id": 33085,
        "statement": "when the latest version be 2.11 (1989 - 03 - 13) the release date be 1992 - 04 - 06 and when the latest version be 3.11 (1993 - 12 - 31) the release date be 1990 - 05 - 22",
        "label": 0,
        "table_caption": "comparison of microsoft windows versions",
        "table_text": "name#release date#latest version#status support#source model#architecture#target market\nwindows 1.0#1985 - 11 - 20#1.04 (1987 - 04 - 08)#unsupported (2001 - 12 - 31)#closed source#16 - bit#desktops\nwindows 2.0#1987 - 12 - 09#2.03 (1987 - 12 - 09)#unsupported (2001 - 12 - 31)#closed source#16 - bit#desktops\nwindows 2.1x#1988 - 05 - 27#2.11 (1989 - 03 - 13)#unsupported (2001 - 12 - 31)#closed source#16 - bit#desktops\nwindows 3.0#1990 - 05 - 22#3.0a with multimedia extensions (1991 - 10 - 20)#unsupported (2001 - 12 - 31)#closed source#16 - bit#desktops\nwindows 3.1x#1992 - 04 - 06#3.11 (1993 - 12 - 31)#unsupported (2001 - 12 - 31)#closed source#16 - bit#desktops\n",
        "pandas_code": "((df['latest version'] == '2.11 (1989 - 03 - 13)') & (df['release date'] == '1992 - 04 - 06')).any() & ((df['latest version'] == '3.11 (1993 - 12 - 31)') & (df['release date'] == '1990 - 05 - 22')).any()",
        "pandas_eval": "False"
    },
    {
        "id": 33086,
        "statement": "the latest release date be 1985 - 11 - 20 and the earliest release date be 1992 - 04 - 06 with the name of window 2.0 and window 2.1x",
        "label": 0,
        "table_caption": "comparison of microsoft windows versions",
        "table_text": "name#release date#latest version#status support#source model#architecture#target market\nwindows 1.0#1985 - 11 - 20#1.04 (1987 - 04 - 08)#unsupported (2001 - 12 - 31)#closed source#16 - bit#desktops\nwindows 2.0#1987 - 12 - 09#2.03 (1987 - 12 - 09)#unsupported (2001 - 12 - 31)#closed source#16 - bit#desktops\nwindows 2.1x#1988 - 05 - 27#2.11 (1989 - 03 - 13)#unsupported (2001 - 12 - 31)#closed source#16 - bit#desktops\nwindows 3.0#1990 - 05 - 22#3.0a with multimedia extensions (1991 - 10 - 20)#unsupported (2001 - 12 - 31)#closed source#16 - bit#desktops\nwindows 3.1x#1992 - 04 - 06#3.11 (1993 - 12 - 31)#unsupported (2001 - 12 - 31)#closed source#16 - bit#desktops\n",
        "pandas_code": "(df['release date'].max() == '1985 - 11 - 20') & (df['release date'].min() == '1992 - 04 - 06') & (df['name'].isin(['windows 2.0', 'windows 2.1x']).all())",
        "pandas_eval": "False"
    },
    {
        "id": 33087,
        "statement": "when the source model be open source with release date 1990 - 05 - 22 the status support be unsupported (2001 - 12 - 31) with a name of window 2.0",
        "label": 0,
        "table_caption": "comparison of microsoft windows versions",
        "table_text": "name#release date#latest version#status support#source model#architecture#target market\nwindows 1.0#1985 - 11 - 20#1.04 (1987 - 04 - 08)#unsupported (2001 - 12 - 31)#closed source#16 - bit#desktops\nwindows 2.0#1987 - 12 - 09#2.03 (1987 - 12 - 09)#unsupported (2001 - 12 - 31)#closed source#16 - bit#desktops\nwindows 2.1x#1988 - 05 - 27#2.11 (1989 - 03 - 13)#unsupported (2001 - 12 - 31)#closed source#16 - bit#desktops\nwindows 3.0#1990 - 05 - 22#3.0a with multimedia extensions (1991 - 10 - 20)#unsupported (2001 - 12 - 31)#closed source#16 - bit#desktops\nwindows 3.1x#1992 - 04 - 06#3.11 (1993 - 12 - 31)#unsupported (2001 - 12 - 31)#closed source#16 - bit#desktops\n",
        "pandas_code": "((df['source model'] == 'open source') & (df['release date'] == '1990 - 05 - 22') & (df['status support'] == 'unsupported (2001 - 12 - 31)') & (df['name'] == 'window 2.0')).any()",
        "pandas_eval": "False"
    },
    {
        "id": 33321,
        "statement": "window nt 4.0 be the first version to have usb support",
        "label": 1,
        "table_caption": "comparison of microsoft windows versions",
        "table_text": "name#architecture#usb support#lfn support#apis\nwindows nt 3.1#32 - bit#no#yes ( ntfs and hpfs volumes only)#win32 , os / 2 , posix\nwindows nt 3.5#32 - bit#no#yes (except on cdfs volumes)#win32 , os / 2 , posix\nwindows nt 3.51#32 - bit#no#yes (except on cdfs volumes)#win32 , os / 2 , posix\nwindows nt 4.0#32 - bit#yes (if the ion usb update is installed)#yes#win32 , os / 2 , posix\nwindows 2000#32 / 64 - bit#yes (usb 2.0 with update or sp4)#yes#win32 , os / 2 , posix\nwindows xp#32 / 64 - bit#yes (usb 2.0 with update or sp1 + )#yes#win32 , net\nwindows server 2003#32 / 64 - bit#yes (usb 2.0)#yes#win32\nwindows fundamentals for legacy pcs#32 - bit#yes#yes#win32\nwindows vista#32 / 64 - bit#yes (usb 2.0)#yes#win32 , net , posix (only enterprise and ultimate)\nwindows server 2008#32 / 64 - bit#yes (usb 2.0)#yes#win32\nwindows home server#32 - bit#yes (usb 2.0)#yes#win32\nwindows 7#32 / 64 - bit#yes (usb 2.0)#yes#win32 , net\nwindows server 2008 r2#64 - bit#yes (usb 2.0)#yes#win32 , net\nwindows home server 2011#64 - bit#yes (usb 2.0)#yes#win32\nwindows server 2012#64 - bit#yes (usb 3.0)#yes#win32 , net , winrt\nwindows 8#32 / 64 - bit#yes (usb 3.0)#yes#win32 , net , winrt\n",
        "pandas_code": "df.loc[df['name'] == 'windows nt 4.0', 'usb support'].iloc[0] == 'yes (if the ion usb update is installed)'",
        "pandas_eval": "True"
    },
    {
        "id": 33322,
        "statement": "window 8 be 1 of 2 version that winrt as an apis",
        "label": 1,
        "table_caption": "comparison of microsoft windows versions",
        "table_text": "name#architecture#usb support#lfn support#apis\nwindows nt 3.1#32 - bit#no#yes ( ntfs and hpfs volumes only)#win32 , os / 2 , posix\nwindows nt 3.5#32 - bit#no#yes (except on cdfs volumes)#win32 , os / 2 , posix\nwindows nt 3.51#32 - bit#no#yes (except on cdfs volumes)#win32 , os / 2 , posix\nwindows nt 4.0#32 - bit#yes (if the ion usb update is installed)#yes#win32 , os / 2 , posix\nwindows 2000#32 / 64 - bit#yes (usb 2.0 with update or sp4)#yes#win32 , os / 2 , posix\nwindows xp#32 / 64 - bit#yes (usb 2.0 with update or sp1 + )#yes#win32 , net\nwindows server 2003#32 / 64 - bit#yes (usb 2.0)#yes#win32\nwindows fundamentals for legacy pcs#32 - bit#yes#yes#win32\nwindows vista#32 / 64 - bit#yes (usb 2.0)#yes#win32 , net , posix (only enterprise and ultimate)\nwindows server 2008#32 / 64 - bit#yes (usb 2.0)#yes#win32\nwindows home server#32 - bit#yes (usb 2.0)#yes#win32\nwindows 7#32 / 64 - bit#yes (usb 2.0)#yes#win32 , net\nwindows server 2008 r2#64 - bit#yes (usb 2.0)#yes#win32 , net\nwindows home server 2011#64 - bit#yes (usb 2.0)#yes#win32\nwindows server 2012#64 - bit#yes (usb 3.0)#yes#win32 , net , winrt\nwindows 8#32 / 64 - bit#yes (usb 3.0)#yes#win32 , net , winrt\n",
        "pandas_code": "len(df[(df['name'] == 'windows 8') & (df['apis'].str.contains('winrt'))]) == 1",
        "pandas_eval": "True"
    },
    {
        "id": 33323,
        "statement": "a total of 10 version have 64 - bit architecture",
        "label": 1,
        "table_caption": "comparison of microsoft windows versions",
        "table_text": "name#architecture#usb support#lfn support#apis\nwindows nt 3.1#32 - bit#no#yes ( ntfs and hpfs volumes only)#win32 , os / 2 , posix\nwindows nt 3.5#32 - bit#no#yes (except on cdfs volumes)#win32 , os / 2 , posix\nwindows nt 3.51#32 - bit#no#yes (except on cdfs volumes)#win32 , os / 2 , posix\nwindows nt 4.0#32 - bit#yes (if the ion usb update is installed)#yes#win32 , os / 2 , posix\nwindows 2000#32 / 64 - bit#yes (usb 2.0 with update or sp4)#yes#win32 , os / 2 , posix\nwindows xp#32 / 64 - bit#yes (usb 2.0 with update or sp1 + )#yes#win32 , net\nwindows server 2003#32 / 64 - bit#yes (usb 2.0)#yes#win32\nwindows fundamentals for legacy pcs#32 - bit#yes#yes#win32\nwindows vista#32 / 64 - bit#yes (usb 2.0)#yes#win32 , net , posix (only enterprise and ultimate)\nwindows server 2008#32 / 64 - bit#yes (usb 2.0)#yes#win32\nwindows home server#32 - bit#yes (usb 2.0)#yes#win32\nwindows 7#32 / 64 - bit#yes (usb 2.0)#yes#win32 , net\nwindows server 2008 r2#64 - bit#yes (usb 2.0)#yes#win32 , net\nwindows home server 2011#64 - bit#yes (usb 2.0)#yes#win32\nwindows server 2012#64 - bit#yes (usb 3.0)#yes#win32 , net , winrt\nwindows 8#32 / 64 - bit#yes (usb 3.0)#yes#win32 , net , winrt\n",
        "pandas_code": "df[df['architecture'].str.contains('64 - bit')].shape[0] == 10",
        "pandas_eval": "True"
    },
    {
        "id": 33324,
        "statement": "window home server 2011 do not have net as an apis",
        "label": 1,
        "table_caption": "comparison of microsoft windows versions",
        "table_text": "name#architecture#usb support#lfn support#apis\nwindows nt 3.1#32 - bit#no#yes ( ntfs and hpfs volumes only)#win32 , os / 2 , posix\nwindows nt 3.5#32 - bit#no#yes (except on cdfs volumes)#win32 , os / 2 , posix\nwindows nt 3.51#32 - bit#no#yes (except on cdfs volumes)#win32 , os / 2 , posix\nwindows nt 4.0#32 - bit#yes (if the ion usb update is installed)#yes#win32 , os / 2 , posix\nwindows 2000#32 / 64 - bit#yes (usb 2.0 with update or sp4)#yes#win32 , os / 2 , posix\nwindows xp#32 / 64 - bit#yes (usb 2.0 with update or sp1 + )#yes#win32 , net\nwindows server 2003#32 / 64 - bit#yes (usb 2.0)#yes#win32\nwindows fundamentals for legacy pcs#32 - bit#yes#yes#win32\nwindows vista#32 / 64 - bit#yes (usb 2.0)#yes#win32 , net , posix (only enterprise and ultimate)\nwindows server 2008#32 / 64 - bit#yes (usb 2.0)#yes#win32\nwindows home server#32 - bit#yes (usb 2.0)#yes#win32\nwindows 7#32 / 64 - bit#yes (usb 2.0)#yes#win32 , net\nwindows server 2008 r2#64 - bit#yes (usb 2.0)#yes#win32 , net\nwindows home server 2011#64 - bit#yes (usb 2.0)#yes#win32\nwindows server 2012#64 - bit#yes (usb 3.0)#yes#win32 , net , winrt\nwindows 8#32 / 64 - bit#yes (usb 3.0)#yes#win32 , net , winrt\n",
        "pandas_code": "not any('net' in api for api in df[df['name'] == 'windows home server 2011']['apis'])",
        "pandas_eval": "True"
    },
    {
        "id": 33325,
        "statement": "all version with lfn support have win32 as an apis",
        "label": 1,
        "table_caption": "comparison of microsoft windows versions",
        "table_text": "name#architecture#usb support#lfn support#apis\nwindows nt 3.1#32 - bit#no#yes ( ntfs and hpfs volumes only)#win32 , os / 2 , posix\nwindows nt 3.5#32 - bit#no#yes (except on cdfs volumes)#win32 , os / 2 , posix\nwindows nt 3.51#32 - bit#no#yes (except on cdfs volumes)#win32 , os / 2 , posix\nwindows nt 4.0#32 - bit#yes (if the ion usb update is installed)#yes#win32 , os / 2 , posix\nwindows 2000#32 / 64 - bit#yes (usb 2.0 with update or sp4)#yes#win32 , os / 2 , posix\nwindows xp#32 / 64 - bit#yes (usb 2.0 with update or sp1 + )#yes#win32 , net\nwindows server 2003#32 / 64 - bit#yes (usb 2.0)#yes#win32\nwindows fundamentals for legacy pcs#32 - bit#yes#yes#win32\nwindows vista#32 / 64 - bit#yes (usb 2.0)#yes#win32 , net , posix (only enterprise and ultimate)\nwindows server 2008#32 / 64 - bit#yes (usb 2.0)#yes#win32\nwindows home server#32 - bit#yes (usb 2.0)#yes#win32\nwindows 7#32 / 64 - bit#yes (usb 2.0)#yes#win32 , net\nwindows server 2008 r2#64 - bit#yes (usb 2.0)#yes#win32 , net\nwindows home server 2011#64 - bit#yes (usb 2.0)#yes#win32\nwindows server 2012#64 - bit#yes (usb 3.0)#yes#win32 , net , winrt\nwindows 8#32 / 64 - bit#yes (usb 3.0)#yes#win32 , net , winrt\n",
        "pandas_code": "all(df[df['lfn support'] == 'yes']['apis'].apply(lambda x: 'win32' in x))",
        "pandas_eval": "True"
    },
    {
        "id": 33326,
        "statement": "window nt 3.5 be the first version to have usb support",
        "label": 0,
        "table_caption": "comparison of microsoft windows versions",
        "table_text": "name#architecture#usb support#lfn support#apis\nwindows nt 3.1#32 - bit#no#yes ( ntfs and hpfs volumes only)#win32 , os / 2 , posix\nwindows nt 3.5#32 - bit#no#yes (except on cdfs volumes)#win32 , os / 2 , posix\nwindows nt 3.51#32 - bit#no#yes (except on cdfs volumes)#win32 , os / 2 , posix\nwindows nt 4.0#32 - bit#yes (if the ion usb update is installed)#yes#win32 , os / 2 , posix\nwindows 2000#32 / 64 - bit#yes (usb 2.0 with update or sp4)#yes#win32 , os / 2 , posix\nwindows xp#32 / 64 - bit#yes (usb 2.0 with update or sp1 + )#yes#win32 , net\nwindows server 2003#32 / 64 - bit#yes (usb 2.0)#yes#win32\nwindows fundamentals for legacy pcs#32 - bit#yes#yes#win32\nwindows vista#32 / 64 - bit#yes (usb 2.0)#yes#win32 , net , posix (only enterprise and ultimate)\nwindows server 2008#32 / 64 - bit#yes (usb 2.0)#yes#win32\nwindows home server#32 - bit#yes (usb 2.0)#yes#win32\nwindows 7#32 / 64 - bit#yes (usb 2.0)#yes#win32 , net\nwindows server 2008 r2#64 - bit#yes (usb 2.0)#yes#win32 , net\nwindows home server 2011#64 - bit#yes (usb 2.0)#yes#win32\nwindows server 2012#64 - bit#yes (usb 3.0)#yes#win32 , net , winrt\nwindows 8#32 / 64 - bit#yes (usb 3.0)#yes#win32 , net , winrt\n",
        "pandas_code": "df.loc[df['usb support'] != 'no', 'name'].iloc[0] == 'windows nt 3.5'",
        "pandas_eval": "False"
    },
    {
        "id": 33327,
        "statement": "window 8 be 1 of 2 version that net as an apis",
        "label": 0,
        "table_caption": "comparison of microsoft windows versions",
        "table_text": "name#architecture#usb support#lfn support#apis\nwindows nt 3.1#32 - bit#no#yes ( ntfs and hpfs volumes only)#win32 , os / 2 , posix\nwindows nt 3.5#32 - bit#no#yes (except on cdfs volumes)#win32 , os / 2 , posix\nwindows nt 3.51#32 - bit#no#yes (except on cdfs volumes)#win32 , os / 2 , posix\nwindows nt 4.0#32 - bit#yes (if the ion usb update is installed)#yes#win32 , os / 2 , posix\nwindows 2000#32 / 64 - bit#yes (usb 2.0 with update or sp4)#yes#win32 , os / 2 , posix\nwindows xp#32 / 64 - bit#yes (usb 2.0 with update or sp1 + )#yes#win32 , net\nwindows server 2003#32 / 64 - bit#yes (usb 2.0)#yes#win32\nwindows fundamentals for legacy pcs#32 - bit#yes#yes#win32\nwindows vista#32 / 64 - bit#yes (usb 2.0)#yes#win32 , net , posix (only enterprise and ultimate)\nwindows server 2008#32 / 64 - bit#yes (usb 2.0)#yes#win32\nwindows home server#32 - bit#yes (usb 2.0)#yes#win32\nwindows 7#32 / 64 - bit#yes (usb 2.0)#yes#win32 , net\nwindows server 2008 r2#64 - bit#yes (usb 2.0)#yes#win32 , net\nwindows home server 2011#64 - bit#yes (usb 2.0)#yes#win32\nwindows server 2012#64 - bit#yes (usb 3.0)#yes#win32 , net , winrt\nwindows 8#32 / 64 - bit#yes (usb 3.0)#yes#win32 , net , winrt\n",
        "pandas_code": "len(df[df['apis'].str.contains('net')]) == 2 and 'windows 8' in df[df['apis'].str.contains('net')]['name'].values",
        "pandas_eval": "False"
    },
    {
        "id": 33328,
        "statement": "a total of 5 version have 64 - bit architecture",
        "label": 0,
        "table_caption": "comparison of microsoft windows versions",
        "table_text": "name#architecture#usb support#lfn support#apis\nwindows nt 3.1#32 - bit#no#yes ( ntfs and hpfs volumes only)#win32 , os / 2 , posix\nwindows nt 3.5#32 - bit#no#yes (except on cdfs volumes)#win32 , os / 2 , posix\nwindows nt 3.51#32 - bit#no#yes (except on cdfs volumes)#win32 , os / 2 , posix\nwindows nt 4.0#32 - bit#yes (if the ion usb update is installed)#yes#win32 , os / 2 , posix\nwindows 2000#32 / 64 - bit#yes (usb 2.0 with update or sp4)#yes#win32 , os / 2 , posix\nwindows xp#32 / 64 - bit#yes (usb 2.0 with update or sp1 + )#yes#win32 , net\nwindows server 2003#32 / 64 - bit#yes (usb 2.0)#yes#win32\nwindows fundamentals for legacy pcs#32 - bit#yes#yes#win32\nwindows vista#32 / 64 - bit#yes (usb 2.0)#yes#win32 , net , posix (only enterprise and ultimate)\nwindows server 2008#32 / 64 - bit#yes (usb 2.0)#yes#win32\nwindows home server#32 - bit#yes (usb 2.0)#yes#win32\nwindows 7#32 / 64 - bit#yes (usb 2.0)#yes#win32 , net\nwindows server 2008 r2#64 - bit#yes (usb 2.0)#yes#win32 , net\nwindows home server 2011#64 - bit#yes (usb 2.0)#yes#win32\nwindows server 2012#64 - bit#yes (usb 3.0)#yes#win32 , net , winrt\nwindows 8#32 / 64 - bit#yes (usb 3.0)#yes#win32 , net , winrt\n",
        "pandas_code": "(df['architecture'] == '64 - bit').sum() == 5",
        "pandas_eval": "False"
    },
    {
        "id": 33329,
        "statement": "window home server 2011 do not have win32 as an apis",
        "label": 0,
        "table_caption": "comparison of microsoft windows versions",
        "table_text": "name#architecture#usb support#lfn support#apis\nwindows nt 3.1#32 - bit#no#yes ( ntfs and hpfs volumes only)#win32 , os / 2 , posix\nwindows nt 3.5#32 - bit#no#yes (except on cdfs volumes)#win32 , os / 2 , posix\nwindows nt 3.51#32 - bit#no#yes (except on cdfs volumes)#win32 , os / 2 , posix\nwindows nt 4.0#32 - bit#yes (if the ion usb update is installed)#yes#win32 , os / 2 , posix\nwindows 2000#32 / 64 - bit#yes (usb 2.0 with update or sp4)#yes#win32 , os / 2 , posix\nwindows xp#32 / 64 - bit#yes (usb 2.0 with update or sp1 + )#yes#win32 , net\nwindows server 2003#32 / 64 - bit#yes (usb 2.0)#yes#win32\nwindows fundamentals for legacy pcs#32 - bit#yes#yes#win32\nwindows vista#32 / 64 - bit#yes (usb 2.0)#yes#win32 , net , posix (only enterprise and ultimate)\nwindows server 2008#32 / 64 - bit#yes (usb 2.0)#yes#win32\nwindows home server#32 - bit#yes (usb 2.0)#yes#win32\nwindows 7#32 / 64 - bit#yes (usb 2.0)#yes#win32 , net\nwindows server 2008 r2#64 - bit#yes (usb 2.0)#yes#win32 , net\nwindows home server 2011#64 - bit#yes (usb 2.0)#yes#win32\nwindows server 2012#64 - bit#yes (usb 3.0)#yes#win32 , net , winrt\nwindows 8#32 / 64 - bit#yes (usb 3.0)#yes#win32 , net , winrt\n",
        "pandas_code": "not any('win32' in api for api in df[df['name'] == 'windows home server 2011']['apis'])",
        "pandas_eval": "False"
    },
    {
        "id": 33330,
        "statement": "all version with lfn support have winrt as an apis",
        "label": 0,
        "table_caption": "comparison of microsoft windows versions",
        "table_text": "name#architecture#usb support#lfn support#apis\nwindows nt 3.1#32 - bit#no#yes ( ntfs and hpfs volumes only)#win32 , os / 2 , posix\nwindows nt 3.5#32 - bit#no#yes (except on cdfs volumes)#win32 , os / 2 , posix\nwindows nt 3.51#32 - bit#no#yes (except on cdfs volumes)#win32 , os / 2 , posix\nwindows nt 4.0#32 - bit#yes (if the ion usb update is installed)#yes#win32 , os / 2 , posix\nwindows 2000#32 / 64 - bit#yes (usb 2.0 with update or sp4)#yes#win32 , os / 2 , posix\nwindows xp#32 / 64 - bit#yes (usb 2.0 with update or sp1 + )#yes#win32 , net\nwindows server 2003#32 / 64 - bit#yes (usb 2.0)#yes#win32\nwindows fundamentals for legacy pcs#32 - bit#yes#yes#win32\nwindows vista#32 / 64 - bit#yes (usb 2.0)#yes#win32 , net , posix (only enterprise and ultimate)\nwindows server 2008#32 / 64 - bit#yes (usb 2.0)#yes#win32\nwindows home server#32 - bit#yes (usb 2.0)#yes#win32\nwindows 7#32 / 64 - bit#yes (usb 2.0)#yes#win32 , net\nwindows server 2008 r2#64 - bit#yes (usb 2.0)#yes#win32 , net\nwindows home server 2011#64 - bit#yes (usb 2.0)#yes#win32\nwindows server 2012#64 - bit#yes (usb 3.0)#yes#win32 , net , winrt\nwindows 8#32 / 64 - bit#yes (usb 3.0)#yes#win32 , net , winrt\n",
        "pandas_code": "all(df[df['lfn support'] == 'yes']['apis'].str.contains('winrt'))",
        "pandas_eval": "False"
    }
]