[
    {
        "id": 32634,
        "statement": "ludwig i augustus do not succeed otto i",
        "label": 1,
        "table_caption": "king of bavaria",
        "table_text": "name#title#start term#end term#house\nmaximilian i joseph of bavaria#elector of the palatinate king of bavaria#1799#1825#wittelsbach\nludwig i augustus#king of bavaria#1825#1848#wittelsbach\nmaximilian ii#king of bavaria#1848#1864#wittelsbach\nludwig ii#king of bavaria#1864#1886#wittelsbach\notto i#king of bavaria#1886#1913#wittelsbach\nprince regent luitpold#prince regent of bavaria#1886#1912#wittelsbach\nludwig iii#prince regent of bavaria king of bavaria#1913#1918#wittelsbach\ncrown prince rupprecht#crown prince of bavaria#1913#1955#wittelsbach\n",
        "pandas_code": "df.loc[df['name'] == 'ludwig i augustus', 'start term'].values[0] != df.loc[df['name'] == 'otto i', 'end term'].values[0]",
        "pandas_eval": "True"
    },
    {
        "id": 32635,
        "statement": "maximilian i joseph rule more than 4 time as long as ludwig iii",
        "label": 1,
        "table_caption": "king of bavaria",
        "table_text": "name#title#start term#end term#house\nmaximilian i joseph of bavaria#elector of the palatinate king of bavaria#1799#1825#wittelsbach\nludwig i augustus#king of bavaria#1825#1848#wittelsbach\nmaximilian ii#king of bavaria#1848#1864#wittelsbach\nludwig ii#king of bavaria#1864#1886#wittelsbach\notto i#king of bavaria#1886#1913#wittelsbach\nprince regent luitpold#prince regent of bavaria#1886#1912#wittelsbach\nludwig iii#prince regent of bavaria king of bavaria#1913#1918#wittelsbach\ncrown prince rupprecht#crown prince of bavaria#1913#1955#wittelsbach\n",
        "pandas_code": "(df[df['name'] == 'maximilian i joseph of bavaria']['end term'].values[0] - df[df['name'] == 'maximilian i joseph of bavaria']['start term'].values[0]) > 4 * (df[df['name'] == 'ludwig iii']['end term'].values[0] - df[df['name'] == 'ludwig iii']['start term'].values[0])",
        "pandas_eval": "True"
    },
    {
        "id": 32636,
        "statement": "maximilian ii rule later than ludwig i augustus but earlier than prince regent luitpold",
        "label": 1,
        "table_caption": "king of bavaria",
        "table_text": "name#title#start term#end term#house\nmaximilian i joseph of bavaria#elector of the palatinate king of bavaria#1799#1825#wittelsbach\nludwig i augustus#king of bavaria#1825#1848#wittelsbach\nmaximilian ii#king of bavaria#1848#1864#wittelsbach\nludwig ii#king of bavaria#1864#1886#wittelsbach\notto i#king of bavaria#1886#1913#wittelsbach\nprince regent luitpold#prince regent of bavaria#1886#1912#wittelsbach\nludwig iii#prince regent of bavaria king of bavaria#1913#1918#wittelsbach\ncrown prince rupprecht#crown prince of bavaria#1913#1955#wittelsbach\n",
        "pandas_code": "(df[df['name'] == 'maximilian ii']['start term'].values[0] > df[df['name'] == 'ludwig i augustus']['start term'].values[0]) & (df[df['name'] == 'maximilian ii']['start term'].values[0] < df[df['name'] == 'prince regent luitpold']['start term'].values[0])",
        "pandas_eval": "True"
    },
    {
        "id": 32637,
        "statement": "ludwig i augustus 's reign end more than 15 year before ludwig ii 's reign begin",
        "label": 1,
        "table_caption": "king of bavaria",
        "table_text": "name#title#start term#end term#house\nmaximilian i joseph of bavaria#elector of the palatinate king of bavaria#1799#1825#wittelsbach\nludwig i augustus#king of bavaria#1825#1848#wittelsbach\nmaximilian ii#king of bavaria#1848#1864#wittelsbach\nludwig ii#king of bavaria#1864#1886#wittelsbach\notto i#king of bavaria#1886#1913#wittelsbach\nprince regent luitpold#prince regent of bavaria#1886#1912#wittelsbach\nludwig iii#prince regent of bavaria king of bavaria#1913#1918#wittelsbach\ncrown prince rupprecht#crown prince of bavaria#1913#1955#wittelsbach\n",
        "pandas_code": "(df[df['name'] == 'ludwig i augustus']['end term'].values[0] + 15) < df[df['name'] == 'ludwig ii']['start term'].values[0]",
        "pandas_eval": "True"
    },
    {
        "id": 32638,
        "statement": "ludwig iii be not the last ruler of bavaria",
        "label": 1,
        "table_caption": "king of bavaria",
        "table_text": "name#title#start term#end term#house\nmaximilian i joseph of bavaria#elector of the palatinate king of bavaria#1799#1825#wittelsbach\nludwig i augustus#king of bavaria#1825#1848#wittelsbach\nmaximilian ii#king of bavaria#1848#1864#wittelsbach\nludwig ii#king of bavaria#1864#1886#wittelsbach\notto i#king of bavaria#1886#1913#wittelsbach\nprince regent luitpold#prince regent of bavaria#1886#1912#wittelsbach\nludwig iii#prince regent of bavaria king of bavaria#1913#1918#wittelsbach\ncrown prince rupprecht#crown prince of bavaria#1913#1955#wittelsbach\n",
        "pandas_code": "df[df['name'] == 'ludwig iii']['end term'].values[0] != df['end term'].max()",
        "pandas_eval": "True"
    },
    {
        "id": 32639,
        "statement": "ludwig i augustus succeed otto i",
        "label": 0,
        "table_caption": "king of bavaria",
        "table_text": "name#title#start term#end term#house\nmaximilian i joseph of bavaria#elector of the palatinate king of bavaria#1799#1825#wittelsbach\nludwig i augustus#king of bavaria#1825#1848#wittelsbach\nmaximilian ii#king of bavaria#1848#1864#wittelsbach\nludwig ii#king of bavaria#1864#1886#wittelsbach\notto i#king of bavaria#1886#1913#wittelsbach\nprince regent luitpold#prince regent of bavaria#1886#1912#wittelsbach\nludwig iii#prince regent of bavaria king of bavaria#1913#1918#wittelsbach\ncrown prince rupprecht#crown prince of bavaria#1913#1955#wittelsbach\n",
        "pandas_code": "df.loc[df['name'] == 'ludwig i augustus', 'start term'].values[0] == df.loc[df['name'] == 'otto i', 'end term'].values[0]",
        "pandas_eval": "False"
    },
    {
        "id": 32640,
        "statement": "maximilian i joseph rule less than 4 time as long as ludwig iii",
        "label": 0,
        "table_caption": "king of bavaria",
        "table_text": "name#title#start term#end term#house\nmaximilian i joseph of bavaria#elector of the palatinate king of bavaria#1799#1825#wittelsbach\nludwig i augustus#king of bavaria#1825#1848#wittelsbach\nmaximilian ii#king of bavaria#1848#1864#wittelsbach\nludwig ii#king of bavaria#1864#1886#wittelsbach\notto i#king of bavaria#1886#1913#wittelsbach\nprince regent luitpold#prince regent of bavaria#1886#1912#wittelsbach\nludwig iii#prince regent of bavaria king of bavaria#1913#1918#wittelsbach\ncrown prince rupprecht#crown prince of bavaria#1913#1955#wittelsbach\n",
        "pandas_code": "(df[df['name'] == 'maximilian i joseph of bavaria']['end term'].values[0] - df[df['name'] == 'maximilian i joseph of bavaria']['start term'].values[0]) < 4 * (df[df['name'] == 'ludwig iii']['end term'].values[0] - df[df['name'] == 'ludwig iii']['start term'].values[0])",
        "pandas_eval": "False"
    },
    {
        "id": 32641,
        "statement": "maximilian ii rule earlier than ludwig i augustus but earlier than prince regent luitpold",
        "label": 0,
        "table_caption": "king of bavaria",
        "table_text": "name#title#start term#end term#house\nmaximilian i joseph of bavaria#elector of the palatinate king of bavaria#1799#1825#wittelsbach\nludwig i augustus#king of bavaria#1825#1848#wittelsbach\nmaximilian ii#king of bavaria#1848#1864#wittelsbach\nludwig ii#king of bavaria#1864#1886#wittelsbach\notto i#king of bavaria#1886#1913#wittelsbach\nprince regent luitpold#prince regent of bavaria#1886#1912#wittelsbach\nludwig iii#prince regent of bavaria king of bavaria#1913#1918#wittelsbach\ncrown prince rupprecht#crown prince of bavaria#1913#1955#wittelsbach\n",
        "pandas_code": "(df[df['name'] == 'maximilian ii']['start term'].values[0] < df[df['name'] == 'ludwig i augustus']['start term'].values[0]) & (df[df['name'] == 'maximilian ii']['start term'].values[0] < df[df['name'] == 'prince regent luitpold']['start term'].values[0])",
        "pandas_eval": "False"
    },
    {
        "id": 32642,
        "statement": "ludwig i augustus 's reign end less than 15 year before ludwig ii 's reign begin",
        "label": 0,
        "table_caption": "king of bavaria",
        "table_text": "name#title#start term#end term#house\nmaximilian i joseph of bavaria#elector of the palatinate king of bavaria#1799#1825#wittelsbach\nludwig i augustus#king of bavaria#1825#1848#wittelsbach\nmaximilian ii#king of bavaria#1848#1864#wittelsbach\nludwig ii#king of bavaria#1864#1886#wittelsbach\notto i#king of bavaria#1886#1913#wittelsbach\nprince regent luitpold#prince regent of bavaria#1886#1912#wittelsbach\nludwig iii#prince regent of bavaria king of bavaria#1913#1918#wittelsbach\ncrown prince rupprecht#crown prince of bavaria#1913#1955#wittelsbach\n",
        "pandas_code": "(df[df['name'] == 'ludwig i augustus']['end term'].values[0] + 15) > df[df['name'] == 'ludwig ii']['start term'].values[0]",
        "pandas_eval": "False"
    },
    {
        "id": 32643,
        "statement": "ludwig iii be the last ruler of bavaria",
        "label": 0,
        "table_caption": "king of bavaria",
        "table_text": "name#title#start term#end term#house\nmaximilian i joseph of bavaria#elector of the palatinate king of bavaria#1799#1825#wittelsbach\nludwig i augustus#king of bavaria#1825#1848#wittelsbach\nmaximilian ii#king of bavaria#1848#1864#wittelsbach\nludwig ii#king of bavaria#1864#1886#wittelsbach\notto i#king of bavaria#1886#1913#wittelsbach\nprince regent luitpold#prince regent of bavaria#1886#1912#wittelsbach\nludwig iii#prince regent of bavaria king of bavaria#1913#1918#wittelsbach\ncrown prince rupprecht#crown prince of bavaria#1913#1955#wittelsbach\n",
        "pandas_code": "df.loc[df['name'] == 'ludwig iii', 'end term'].values[0] == df['end term'].max()",
        "pandas_eval": "False"
    }
]