[
    {
        "id": 34042,
        "statement": "2 competition last for 5 round , 1 with 4 , and 2 in 3 round",
        "label": 1,
        "table_caption": "satoshi honma",
        "table_text": "res#record#opponent#method#event#round#time#location\ndraw#4 - 6 - 3#ken orihashi#decision (unanimous)#zst - battle hazard 01#1#5:00#tokyo , japan\nloss#4 - 6 - 2#ron waterman#decision (unanimous)#ufc 25#3#5:00#yoyogi , japan\nloss#4 - 5 - 2#francisco bueno#tko (strikes)#pride 5#1#4:59#nagoya , japan\nwin#4 - 4 - 2#naoki sano#tko (strikes)#pride 4#1#9:25#tokyo , japan\nloss#3 - 4 - 2#rene rooze#tko (referee stoppage)#k - 1 hercules#1#2:48#nagoya , japan\ndraw#3 - 3 - 2#kenji kawaguchi#draw#shooto - shooto#5#3:00#tokyo , japan\nloss#3 - 3 - 1#manabu yamada#submission (armbar)#shooto - shooto#3#n / a#tokyo , japan\nloss#3 - 2 - 1#kenji kawaguchi#decision#shooto - shooto#5#3:00#osaka , japan\nwin#3 - 1 - 1#manabu yamada#submission (armbar)#shooto - shooto#4#n / a#tokyo , japan\nwin#2 - 1 - 1#yoshimasa ishikawa#submission (armbar)#shooto - shooto#2#n / a#tokyo , japan\ndraw#1 - 1 - 1#takashi tojo#draw#shooto - shooto#1#n / a#tokyo , japan\nloss#1 - 1#kazuhiro kusayanagi#submission (triangle choke)#shooto - shooto#1#1:17#tokyo , japan\nwin#1 - 0#yutaka fuji#submission (armbar)#shooto - shooto#2#2:36#tokyo , japan\n",
        "pandas_code": "((df['round'] == 5).sum() == 2) & ((df['round'] == 4).sum() == 1) & ((df['round'] == 3).sum() == 2)",
        "pandas_eval": "True"
    },
    {
        "id": 34043,
        "statement": "all the event be hold in japan , more in tokyo",
        "label": 1,
        "table_caption": "satoshi honma",
        "table_text": "res#record#opponent#method#event#round#time#location\ndraw#4 - 6 - 3#ken orihashi#decision (unanimous)#zst - battle hazard 01#1#5:00#tokyo , japan\nloss#4 - 6 - 2#ron waterman#decision (unanimous)#ufc 25#3#5:00#yoyogi , japan\nloss#4 - 5 - 2#francisco bueno#tko (strikes)#pride 5#1#4:59#nagoya , japan\nwin#4 - 4 - 2#naoki sano#tko (strikes)#pride 4#1#9:25#tokyo , japan\nloss#3 - 4 - 2#rene rooze#tko (referee stoppage)#k - 1 hercules#1#2:48#nagoya , japan\ndraw#3 - 3 - 2#kenji kawaguchi#draw#shooto - shooto#5#3:00#tokyo , japan\nloss#3 - 3 - 1#manabu yamada#submission (armbar)#shooto - shooto#3#n / a#tokyo , japan\nloss#3 - 2 - 1#kenji kawaguchi#decision#shooto - shooto#5#3:00#osaka , japan\nwin#3 - 1 - 1#manabu yamada#submission (armbar)#shooto - shooto#4#n / a#tokyo , japan\nwin#2 - 1 - 1#yoshimasa ishikawa#submission (armbar)#shooto - shooto#2#n / a#tokyo , japan\ndraw#1 - 1 - 1#takashi tojo#draw#shooto - shooto#1#n / a#tokyo , japan\nloss#1 - 1#kazuhiro kusayanagi#submission (triangle choke)#shooto - shooto#1#1:17#tokyo , japan\nwin#1 - 0#yutaka fuji#submission (armbar)#shooto - shooto#2#2:36#tokyo , japan\n",
        "pandas_code": "all(df['location'].str.contains('japan')) and df['location'].str.contains('tokyo').sum() > len(df) / 2",
        "pandas_eval": "True"
    },
    {
        "id": 34044,
        "statement": "the chart show that 8 of the 13 event be shooto - shooto",
        "label": 1,
        "table_caption": "satoshi honma",
        "table_text": "res#record#opponent#method#event#round#time#location\ndraw#4 - 6 - 3#ken orihashi#decision (unanimous)#zst - battle hazard 01#1#5:00#tokyo , japan\nloss#4 - 6 - 2#ron waterman#decision (unanimous)#ufc 25#3#5:00#yoyogi , japan\nloss#4 - 5 - 2#francisco bueno#tko (strikes)#pride 5#1#4:59#nagoya , japan\nwin#4 - 4 - 2#naoki sano#tko (strikes)#pride 4#1#9:25#tokyo , japan\nloss#3 - 4 - 2#rene rooze#tko (referee stoppage)#k - 1 hercules#1#2:48#nagoya , japan\ndraw#3 - 3 - 2#kenji kawaguchi#draw#shooto - shooto#5#3:00#tokyo , japan\nloss#3 - 3 - 1#manabu yamada#submission (armbar)#shooto - shooto#3#n / a#tokyo , japan\nloss#3 - 2 - 1#kenji kawaguchi#decision#shooto - shooto#5#3:00#osaka , japan\nwin#3 - 1 - 1#manabu yamada#submission (armbar)#shooto - shooto#4#n / a#tokyo , japan\nwin#2 - 1 - 1#yoshimasa ishikawa#submission (armbar)#shooto - shooto#2#n / a#tokyo , japan\ndraw#1 - 1 - 1#takashi tojo#draw#shooto - shooto#1#n / a#tokyo , japan\nloss#1 - 1#kazuhiro kusayanagi#submission (triangle choke)#shooto - shooto#1#1:17#tokyo , japan\nwin#1 - 0#yutaka fuji#submission (armbar)#shooto - shooto#2#2:36#tokyo , japan\n",
        "pandas_code": "(df['event'].value_counts()['shooto - shooto'] == 8)",
        "pandas_eval": "True"
    },
    {
        "id": 34045,
        "statement": "the result of the competition have 3 draw , 6 loss , and 4 win",
        "label": 1,
        "table_caption": "satoshi honma",
        "table_text": "res#record#opponent#method#event#round#time#location\ndraw#4 - 6 - 3#ken orihashi#decision (unanimous)#zst - battle hazard 01#1#5:00#tokyo , japan\nloss#4 - 6 - 2#ron waterman#decision (unanimous)#ufc 25#3#5:00#yoyogi , japan\nloss#4 - 5 - 2#francisco bueno#tko (strikes)#pride 5#1#4:59#nagoya , japan\nwin#4 - 4 - 2#naoki sano#tko (strikes)#pride 4#1#9:25#tokyo , japan\nloss#3 - 4 - 2#rene rooze#tko (referee stoppage)#k - 1 hercules#1#2:48#nagoya , japan\ndraw#3 - 3 - 2#kenji kawaguchi#draw#shooto - shooto#5#3:00#tokyo , japan\nloss#3 - 3 - 1#manabu yamada#submission (armbar)#shooto - shooto#3#n / a#tokyo , japan\nloss#3 - 2 - 1#kenji kawaguchi#decision#shooto - shooto#5#3:00#osaka , japan\nwin#3 - 1 - 1#manabu yamada#submission (armbar)#shooto - shooto#4#n / a#tokyo , japan\nwin#2 - 1 - 1#yoshimasa ishikawa#submission (armbar)#shooto - shooto#2#n / a#tokyo , japan\ndraw#1 - 1 - 1#takashi tojo#draw#shooto - shooto#1#n / a#tokyo , japan\nloss#1 - 1#kazuhiro kusayanagi#submission (triangle choke)#shooto - shooto#1#1:17#tokyo , japan\nwin#1 - 0#yutaka fuji#submission (armbar)#shooto - shooto#2#2:36#tokyo , japan\n",
        "pandas_code": "(df['res'].value_counts().sort_index() == pd.Series({'draw': 3, 'loss': 6, 'win': 4}).sort_index()).all()",
        "pandas_eval": "True"
    },
    {
        "id": 34046,
        "statement": "the highest record be 4 - 6 - 3 , with ken orihashi as the opponent",
        "label": 1,
        "table_caption": "satoshi honma",
        "table_text": "res#record#opponent#method#event#round#time#location\ndraw#4 - 6 - 3#ken orihashi#decision (unanimous)#zst - battle hazard 01#1#5:00#tokyo , japan\nloss#4 - 6 - 2#ron waterman#decision (unanimous)#ufc 25#3#5:00#yoyogi , japan\nloss#4 - 5 - 2#francisco bueno#tko (strikes)#pride 5#1#4:59#nagoya , japan\nwin#4 - 4 - 2#naoki sano#tko (strikes)#pride 4#1#9:25#tokyo , japan\nloss#3 - 4 - 2#rene rooze#tko (referee stoppage)#k - 1 hercules#1#2:48#nagoya , japan\ndraw#3 - 3 - 2#kenji kawaguchi#draw#shooto - shooto#5#3:00#tokyo , japan\nloss#3 - 3 - 1#manabu yamada#submission (armbar)#shooto - shooto#3#n / a#tokyo , japan\nloss#3 - 2 - 1#kenji kawaguchi#decision#shooto - shooto#5#3:00#osaka , japan\nwin#3 - 1 - 1#manabu yamada#submission (armbar)#shooto - shooto#4#n / a#tokyo , japan\nwin#2 - 1 - 1#yoshimasa ishikawa#submission (armbar)#shooto - shooto#2#n / a#tokyo , japan\ndraw#1 - 1 - 1#takashi tojo#draw#shooto - shooto#1#n / a#tokyo , japan\nloss#1 - 1#kazuhiro kusayanagi#submission (triangle choke)#shooto - shooto#1#1:17#tokyo , japan\nwin#1 - 0#yutaka fuji#submission (armbar)#shooto - shooto#2#2:36#tokyo , japan\n",
        "pandas_code": "df[(df['record'] == '4 - 6 - 3') & (df['opponent'] == 'ken orihashi')].shape[0] == 1",
        "pandas_eval": "True"
    },
    {
        "id": 34047,
        "statement": "2 competition last for 5 round , 1 with 4 , 2 in 3 round and 2 in 1 round",
        "label": 0,
        "table_caption": "satoshi honma",
        "table_text": "res#record#opponent#method#event#round#time#location\ndraw#4 - 6 - 3#ken orihashi#decision (unanimous)#zst - battle hazard 01#1#5:00#tokyo , japan\nloss#4 - 6 - 2#ron waterman#decision (unanimous)#ufc 25#3#5:00#yoyogi , japan\nloss#4 - 5 - 2#francisco bueno#tko (strikes)#pride 5#1#4:59#nagoya , japan\nwin#4 - 4 - 2#naoki sano#tko (strikes)#pride 4#1#9:25#tokyo , japan\nloss#3 - 4 - 2#rene rooze#tko (referee stoppage)#k - 1 hercules#1#2:48#nagoya , japan\ndraw#3 - 3 - 2#kenji kawaguchi#draw#shooto - shooto#5#3:00#tokyo , japan\nloss#3 - 3 - 1#manabu yamada#submission (armbar)#shooto - shooto#3#n / a#tokyo , japan\nloss#3 - 2 - 1#kenji kawaguchi#decision#shooto - shooto#5#3:00#osaka , japan\nwin#3 - 1 - 1#manabu yamada#submission (armbar)#shooto - shooto#4#n / a#tokyo , japan\nwin#2 - 1 - 1#yoshimasa ishikawa#submission (armbar)#shooto - shooto#2#n / a#tokyo , japan\ndraw#1 - 1 - 1#takashi tojo#draw#shooto - shooto#1#n / a#tokyo , japan\nloss#1 - 1#kazuhiro kusayanagi#submission (triangle choke)#shooto - shooto#1#1:17#tokyo , japan\nwin#1 - 0#yutaka fuji#submission (armbar)#shooto - shooto#2#2:36#tokyo , japan\n",
        "pandas_code": "df['round'].value_counts().to_dict() == {5: 2, 4: 1, 3: 2, 1: 2}",
        "pandas_eval": "False"
    },
    {
        "id": 34048,
        "statement": "all the event be hold in japan , more in yoyogi than in tokyo",
        "label": 0,
        "table_caption": "satoshi honma",
        "table_text": "res#record#opponent#method#event#round#time#location\ndraw#4 - 6 - 3#ken orihashi#decision (unanimous)#zst - battle hazard 01#1#5:00#tokyo , japan\nloss#4 - 6 - 2#ron waterman#decision (unanimous)#ufc 25#3#5:00#yoyogi , japan\nloss#4 - 5 - 2#francisco bueno#tko (strikes)#pride 5#1#4:59#nagoya , japan\nwin#4 - 4 - 2#naoki sano#tko (strikes)#pride 4#1#9:25#tokyo , japan\nloss#3 - 4 - 2#rene rooze#tko (referee stoppage)#k - 1 hercules#1#2:48#nagoya , japan\ndraw#3 - 3 - 2#kenji kawaguchi#draw#shooto - shooto#5#3:00#tokyo , japan\nloss#3 - 3 - 1#manabu yamada#submission (armbar)#shooto - shooto#3#n / a#tokyo , japan\nloss#3 - 2 - 1#kenji kawaguchi#decision#shooto - shooto#5#3:00#osaka , japan\nwin#3 - 1 - 1#manabu yamada#submission (armbar)#shooto - shooto#4#n / a#tokyo , japan\nwin#2 - 1 - 1#yoshimasa ishikawa#submission (armbar)#shooto - shooto#2#n / a#tokyo , japan\ndraw#1 - 1 - 1#takashi tojo#draw#shooto - shooto#1#n / a#tokyo , japan\nloss#1 - 1#kazuhiro kusayanagi#submission (triangle choke)#shooto - shooto#1#1:17#tokyo , japan\nwin#1 - 0#yutaka fuji#submission (armbar)#shooto - shooto#2#2:36#tokyo , japan\n",
        "pandas_code": "(df['location'].str.contains('japan').all()) and (df[df['location'].str.contains('yoyogi')].shape[0] > df[df['location'].str.contains('tokyo')].shape[0])",
        "pandas_eval": "False"
    },
    {
        "id": 34049,
        "statement": "the chart show that 8 of the 13 event be shooto - shooto and 3 be k - 1 hercules",
        "label": 0,
        "table_caption": "satoshi honma",
        "table_text": "res#record#opponent#method#event#round#time#location\ndraw#4 - 6 - 3#ken orihashi#decision (unanimous)#zst - battle hazard 01#1#5:00#tokyo , japan\nloss#4 - 6 - 2#ron waterman#decision (unanimous)#ufc 25#3#5:00#yoyogi , japan\nloss#4 - 5 - 2#francisco bueno#tko (strikes)#pride 5#1#4:59#nagoya , japan\nwin#4 - 4 - 2#naoki sano#tko (strikes)#pride 4#1#9:25#tokyo , japan\nloss#3 - 4 - 2#rene rooze#tko (referee stoppage)#k - 1 hercules#1#2:48#nagoya , japan\ndraw#3 - 3 - 2#kenji kawaguchi#draw#shooto - shooto#5#3:00#tokyo , japan\nloss#3 - 3 - 1#manabu yamada#submission (armbar)#shooto - shooto#3#n / a#tokyo , japan\nloss#3 - 2 - 1#kenji kawaguchi#decision#shooto - shooto#5#3:00#osaka , japan\nwin#3 - 1 - 1#manabu yamada#submission (armbar)#shooto - shooto#4#n / a#tokyo , japan\nwin#2 - 1 - 1#yoshimasa ishikawa#submission (armbar)#shooto - shooto#2#n / a#tokyo , japan\ndraw#1 - 1 - 1#takashi tojo#draw#shooto - shooto#1#n / a#tokyo , japan\nloss#1 - 1#kazuhiro kusayanagi#submission (triangle choke)#shooto - shooto#1#1:17#tokyo , japan\nwin#1 - 0#yutaka fuji#submission (armbar)#shooto - shooto#2#2:36#tokyo , japan\n",
        "pandas_code": "(df['event'].value_counts().get('shooto - shooto', 0) == 8) & (df['event'].value_counts().get('k - 1 hercules', 0) == 3)",
        "pandas_eval": "False"
    },
    {
        "id": 34050,
        "statement": "the result of the competition have 3 draw , 6 loss , and 4 win , all by decision (unanimous) method",
        "label": 0,
        "table_caption": "satoshi honma",
        "table_text": "res#record#opponent#method#event#round#time#location\ndraw#4 - 6 - 3#ken orihashi#decision (unanimous)#zst - battle hazard 01#1#5:00#tokyo , japan\nloss#4 - 6 - 2#ron waterman#decision (unanimous)#ufc 25#3#5:00#yoyogi , japan\nloss#4 - 5 - 2#francisco bueno#tko (strikes)#pride 5#1#4:59#nagoya , japan\nwin#4 - 4 - 2#naoki sano#tko (strikes)#pride 4#1#9:25#tokyo , japan\nloss#3 - 4 - 2#rene rooze#tko (referee stoppage)#k - 1 hercules#1#2:48#nagoya , japan\ndraw#3 - 3 - 2#kenji kawaguchi#draw#shooto - shooto#5#3:00#tokyo , japan\nloss#3 - 3 - 1#manabu yamada#submission (armbar)#shooto - shooto#3#n / a#tokyo , japan\nloss#3 - 2 - 1#kenji kawaguchi#decision#shooto - shooto#5#3:00#osaka , japan\nwin#3 - 1 - 1#manabu yamada#submission (armbar)#shooto - shooto#4#n / a#tokyo , japan\nwin#2 - 1 - 1#yoshimasa ishikawa#submission (armbar)#shooto - shooto#2#n / a#tokyo , japan\ndraw#1 - 1 - 1#takashi tojo#draw#shooto - shooto#1#n / a#tokyo , japan\nloss#1 - 1#kazuhiro kusayanagi#submission (triangle choke)#shooto - shooto#1#1:17#tokyo , japan\nwin#1 - 0#yutaka fuji#submission (armbar)#shooto - shooto#2#2:36#tokyo , japan\n",
        "pandas_code": "(df['res'].value_counts().to_dict() == {'draw': 3, 'loss': 6, 'win': 4}) & (df['method'].eq('decision (unanimous)').all())",
        "pandas_eval": "False"
    },
    {
        "id": 34051,
        "statement": "the highest record be 4 - 6 - 3 , with ken orihashi as the opponent in the ufc 25 event",
        "label": 0,
        "table_caption": "satoshi honma",
        "table_text": "res#record#opponent#method#event#round#time#location\ndraw#4 - 6 - 3#ken orihashi#decision (unanimous)#zst - battle hazard 01#1#5:00#tokyo , japan\nloss#4 - 6 - 2#ron waterman#decision (unanimous)#ufc 25#3#5:00#yoyogi , japan\nloss#4 - 5 - 2#francisco bueno#tko (strikes)#pride 5#1#4:59#nagoya , japan\nwin#4 - 4 - 2#naoki sano#tko (strikes)#pride 4#1#9:25#tokyo , japan\nloss#3 - 4 - 2#rene rooze#tko (referee stoppage)#k - 1 hercules#1#2:48#nagoya , japan\ndraw#3 - 3 - 2#kenji kawaguchi#draw#shooto - shooto#5#3:00#tokyo , japan\nloss#3 - 3 - 1#manabu yamada#submission (armbar)#shooto - shooto#3#n / a#tokyo , japan\nloss#3 - 2 - 1#kenji kawaguchi#decision#shooto - shooto#5#3:00#osaka , japan\nwin#3 - 1 - 1#manabu yamada#submission (armbar)#shooto - shooto#4#n / a#tokyo , japan\nwin#2 - 1 - 1#yoshimasa ishikawa#submission (armbar)#shooto - shooto#2#n / a#tokyo , japan\ndraw#1 - 1 - 1#takashi tojo#draw#shooto - shooto#1#n / a#tokyo , japan\nloss#1 - 1#kazuhiro kusayanagi#submission (triangle choke)#shooto - shooto#1#1:17#tokyo , japan\nwin#1 - 0#yutaka fuji#submission (armbar)#shooto - shooto#2#2:36#tokyo , japan\n",
        "pandas_code": "df[(df['record'] == '4 - 6 - 3') & (df['opponent'] == 'ken orihashi') & (df['event'] == 'ufc 25')].shape[0] == 1",
        "pandas_eval": "False"
    }
]