[
    {
        "id": 34592,
        "statement": "the highest point in the canton of geneva be les arales and it be ranked 26 in elevation",
        "label": 1,
        "table_caption": "list of swiss cantons by elevation",
        "table_text": "rank#canton#highest point#highest elevation#lowest point#lowest elevation\n1#valais#monte rosa (dufourspitze)#-#lake geneva#-\n2#berne#finsteraarhorn#-#aar river , solothurn border#-\n3#graubünden#piz bernina#-#moesa river , ticino border#-\n4#uri#dammastock#-#lake lucerne#-\n5#glarus#tödi#-#linth river , st gallen border#-\n6#ticino#rheinwaldhorn#-#lake maggiore#-\n7#st gallen#ringelspitz#-#lake constance#-\n8#obwalden#titlis#-#lake lucerne#-\n9#vaud#diablerets#-#lake geneva#-\n10#nidwalden#rotstöckli#-#lake lucerne#-\n11#schwyz#bös fulen#-#lake zurich#-\n12#appenzell ausserrhoden#säntis#-#lutzenberg#-\n12#appenzell innerrhoden#säntis#-#appenzell ausserrhoden and st gallen border#-\n14#fribourg#vanil noir#-#lake neuchtel#-\n15#lucerne#brienzer rothorn#-#reuss river , zug and aargau border#-\n16#zug#wildspitz#-#reuss river , zurich border#-\n17#neuchtel#chasseral ouest#-#lake biel#-\n18#solothurn#hasenmatt#-#birs , basel - land border#-\n19#jura#mont raimeux#-#allaine river , national border#-\n20#zurich#schnebelhorn#-#rhine river , national border#-\n21#basel - country#hinteri egg#-#birs river , basel - stadt border#-\n22#thurgau#hohgrat (groot)#-#thur river , zurich border#-\n23#schaffhausen#hagen (randen)#-#rhine river , zurich border#-\n24#aargau#geissfluegrat#-#rhine river , national border#-\n25#basel - city#st chrischona#-#rhine river , national border#-\n26#geneva#les arales#-#rhone river , national border#-\n",
        "pandas_code": "df[(df['canton'] == 'geneva') & (df['highest point'] == 'les arales') & (df['rank'] == 26)].shape[0] == 1",
        "pandas_eval": "True"
    },
    {
        "id": 34593,
        "statement": "the highest point in the canton schaffhausen be hagen (randen) and be rank 23 in elevation",
        "label": 1,
        "table_caption": "list of swiss cantons by elevation",
        "table_text": "rank#canton#highest point#highest elevation#lowest point#lowest elevation\n1#valais#monte rosa (dufourspitze)#-#lake geneva#-\n2#berne#finsteraarhorn#-#aar river , solothurn border#-\n3#graubünden#piz bernina#-#moesa river , ticino border#-\n4#uri#dammastock#-#lake lucerne#-\n5#glarus#tödi#-#linth river , st gallen border#-\n6#ticino#rheinwaldhorn#-#lake maggiore#-\n7#st gallen#ringelspitz#-#lake constance#-\n8#obwalden#titlis#-#lake lucerne#-\n9#vaud#diablerets#-#lake geneva#-\n10#nidwalden#rotstöckli#-#lake lucerne#-\n11#schwyz#bös fulen#-#lake zurich#-\n12#appenzell ausserrhoden#säntis#-#lutzenberg#-\n12#appenzell innerrhoden#säntis#-#appenzell ausserrhoden and st gallen border#-\n14#fribourg#vanil noir#-#lake neuchtel#-\n15#lucerne#brienzer rothorn#-#reuss river , zug and aargau border#-\n16#zug#wildspitz#-#reuss river , zurich border#-\n17#neuchtel#chasseral ouest#-#lake biel#-\n18#solothurn#hasenmatt#-#birs , basel - land border#-\n19#jura#mont raimeux#-#allaine river , national border#-\n20#zurich#schnebelhorn#-#rhine river , national border#-\n21#basel - country#hinteri egg#-#birs river , basel - stadt border#-\n22#thurgau#hohgrat (groot)#-#thur river , zurich border#-\n23#schaffhausen#hagen (randen)#-#rhine river , zurich border#-\n24#aargau#geissfluegrat#-#rhine river , national border#-\n25#basel - city#st chrischona#-#rhine river , national border#-\n26#geneva#les arales#-#rhone river , national border#-\n",
        "pandas_code": "(df.loc[df['canton'] == 'schaffhausen', 'highest point'].values[0] == 'hagen (randen)') & (df.loc[df['canton'] == 'schaffhausen', 'rank'].values[0] == 23)",
        "pandas_eval": "True"
    },
    {
        "id": 34594,
        "statement": "the highest point in the canton of aargau be geissfluegrat , but it be not as high in elevation as mont raimeux in jura",
        "label": 1,
        "table_caption": "list of swiss cantons by elevation",
        "table_text": "rank#canton#highest point#highest elevation#lowest point#lowest elevation\n1#valais#monte rosa (dufourspitze)#-#lake geneva#-\n2#berne#finsteraarhorn#-#aar river , solothurn border#-\n3#graubünden#piz bernina#-#moesa river , ticino border#-\n4#uri#dammastock#-#lake lucerne#-\n5#glarus#tödi#-#linth river , st gallen border#-\n6#ticino#rheinwaldhorn#-#lake maggiore#-\n7#st gallen#ringelspitz#-#lake constance#-\n8#obwalden#titlis#-#lake lucerne#-\n9#vaud#diablerets#-#lake geneva#-\n10#nidwalden#rotstöckli#-#lake lucerne#-\n11#schwyz#bös fulen#-#lake zurich#-\n12#appenzell ausserrhoden#säntis#-#lutzenberg#-\n12#appenzell innerrhoden#säntis#-#appenzell ausserrhoden and st gallen border#-\n14#fribourg#vanil noir#-#lake neuchtel#-\n15#lucerne#brienzer rothorn#-#reuss river , zug and aargau border#-\n16#zug#wildspitz#-#reuss river , zurich border#-\n17#neuchtel#chasseral ouest#-#lake biel#-\n18#solothurn#hasenmatt#-#birs , basel - land border#-\n19#jura#mont raimeux#-#allaine river , national border#-\n20#zurich#schnebelhorn#-#rhine river , national border#-\n21#basel - country#hinteri egg#-#birs river , basel - stadt border#-\n22#thurgau#hohgrat (groot)#-#thur river , zurich border#-\n23#schaffhausen#hagen (randen)#-#rhine river , zurich border#-\n24#aargau#geissfluegrat#-#rhine river , national border#-\n25#basel - city#st chrischona#-#rhine river , national border#-\n26#geneva#les arales#-#rhone river , national border#-\n",
        "pandas_code": "(df[df['canton'] == 'aargau']['highest point'].values[0] == 'geissfluegrat') & (df[df['canton'] == 'jura']['highest point'].values[0] == 'mont raimeux')",
        "pandas_eval": "True"
    },
    {
        "id": 34595,
        "statement": "the highest point in the canton thurgau be hohgrat (groot) be not as high as the schnebelhorn in the canton of zurich",
        "label": 1,
        "table_caption": "list of swiss cantons by elevation",
        "table_text": "rank#canton#highest point#highest elevation#lowest point#lowest elevation\n1#valais#monte rosa (dufourspitze)#-#lake geneva#-\n2#berne#finsteraarhorn#-#aar river , solothurn border#-\n3#graubünden#piz bernina#-#moesa river , ticino border#-\n4#uri#dammastock#-#lake lucerne#-\n5#glarus#tödi#-#linth river , st gallen border#-\n6#ticino#rheinwaldhorn#-#lake maggiore#-\n7#st gallen#ringelspitz#-#lake constance#-\n8#obwalden#titlis#-#lake lucerne#-\n9#vaud#diablerets#-#lake geneva#-\n10#nidwalden#rotstöckli#-#lake lucerne#-\n11#schwyz#bös fulen#-#lake zurich#-\n12#appenzell ausserrhoden#säntis#-#lutzenberg#-\n12#appenzell innerrhoden#säntis#-#appenzell ausserrhoden and st gallen border#-\n14#fribourg#vanil noir#-#lake neuchtel#-\n15#lucerne#brienzer rothorn#-#reuss river , zug and aargau border#-\n16#zug#wildspitz#-#reuss river , zurich border#-\n17#neuchtel#chasseral ouest#-#lake biel#-\n18#solothurn#hasenmatt#-#birs , basel - land border#-\n19#jura#mont raimeux#-#allaine river , national border#-\n20#zurich#schnebelhorn#-#rhine river , national border#-\n21#basel - country#hinteri egg#-#birs river , basel - stadt border#-\n22#thurgau#hohgrat (groot)#-#thur river , zurich border#-\n23#schaffhausen#hagen (randen)#-#rhine river , zurich border#-\n24#aargau#geissfluegrat#-#rhine river , national border#-\n25#basel - city#st chrischona#-#rhine river , national border#-\n26#geneva#les arales#-#rhone river , national border#-\n",
        "pandas_code": "(df[df['canton'] == 'thurgau']['highest point'].values[0] == 'hohgrat (groot)') and (df[df['canton'] == 'zurich']['highest point'].values[0] == 'schnebelhorn')",
        "pandas_eval": "True"
    },
    {
        "id": 34597,
        "statement": "le arales be the lowest point of the canton of geneva and be rank 14 in elevation",
        "label": 0,
        "table_caption": "list of swiss cantons by elevation",
        "table_text": "rank#canton#highest point#highest elevation#lowest point#lowest elevation\n1#valais#monte rosa (dufourspitze)#-#lake geneva#-\n2#berne#finsteraarhorn#-#aar river , solothurn border#-\n3#graubünden#piz bernina#-#moesa river , ticino border#-\n4#uri#dammastock#-#lake lucerne#-\n5#glarus#tödi#-#linth river , st gallen border#-\n6#ticino#rheinwaldhorn#-#lake maggiore#-\n7#st gallen#ringelspitz#-#lake constance#-\n8#obwalden#titlis#-#lake lucerne#-\n9#vaud#diablerets#-#lake geneva#-\n10#nidwalden#rotstöckli#-#lake lucerne#-\n11#schwyz#bös fulen#-#lake zurich#-\n12#appenzell ausserrhoden#säntis#-#lutzenberg#-\n12#appenzell innerrhoden#säntis#-#appenzell ausserrhoden and st gallen border#-\n14#fribourg#vanil noir#-#lake neuchtel#-\n15#lucerne#brienzer rothorn#-#reuss river , zug and aargau border#-\n16#zug#wildspitz#-#reuss river , zurich border#-\n17#neuchtel#chasseral ouest#-#lake biel#-\n18#solothurn#hasenmatt#-#birs , basel - land border#-\n19#jura#mont raimeux#-#allaine river , national border#-\n20#zurich#schnebelhorn#-#rhine river , national border#-\n21#basel - country#hinteri egg#-#birs river , basel - stadt border#-\n22#thurgau#hohgrat (groot)#-#thur river , zurich border#-\n23#schaffhausen#hagen (randen)#-#rhine river , zurich border#-\n24#aargau#geissfluegrat#-#rhine river , national border#-\n25#basel - city#st chrischona#-#rhine river , national border#-\n26#geneva#les arales#-#rhone river , national border#-\n",
        "pandas_code": "(df[df['canton'] == 'geneva']['lowest point'].values[0] == 'les arales') and (df[df['canton'] == 'geneva']['rank'].values[0] == 14)",
        "pandas_eval": "False"
    },
    {
        "id": 34598,
        "statement": "hagen (randen) be the lowest point in the canton uri and be rank 26 in elevation",
        "label": 0,
        "table_caption": "list of swiss cantons by elevation",
        "table_text": "rank#canton#highest point#highest elevation#lowest point#lowest elevation\n1#valais#monte rosa (dufourspitze)#-#lake geneva#-\n2#berne#finsteraarhorn#-#aar river , solothurn border#-\n3#graubünden#piz bernina#-#moesa river , ticino border#-\n4#uri#dammastock#-#lake lucerne#-\n5#glarus#tödi#-#linth river , st gallen border#-\n6#ticino#rheinwaldhorn#-#lake maggiore#-\n7#st gallen#ringelspitz#-#lake constance#-\n8#obwalden#titlis#-#lake lucerne#-\n9#vaud#diablerets#-#lake geneva#-\n10#nidwalden#rotstöckli#-#lake lucerne#-\n11#schwyz#bös fulen#-#lake zurich#-\n12#appenzell ausserrhoden#säntis#-#lutzenberg#-\n12#appenzell innerrhoden#säntis#-#appenzell ausserrhoden and st gallen border#-\n14#fribourg#vanil noir#-#lake neuchtel#-\n15#lucerne#brienzer rothorn#-#reuss river , zug and aargau border#-\n16#zug#wildspitz#-#reuss river , zurich border#-\n17#neuchtel#chasseral ouest#-#lake biel#-\n18#solothurn#hasenmatt#-#birs , basel - land border#-\n19#jura#mont raimeux#-#allaine river , national border#-\n20#zurich#schnebelhorn#-#rhine river , national border#-\n21#basel - country#hinteri egg#-#birs river , basel - stadt border#-\n22#thurgau#hohgrat (groot)#-#thur river , zurich border#-\n23#schaffhausen#hagen (randen)#-#rhine river , zurich border#-\n24#aargau#geissfluegrat#-#rhine river , national border#-\n25#basel - city#st chrischona#-#rhine river , national border#-\n26#geneva#les arales#-#rhone river , national border#-\n",
        "pandas_code": "((df['lowest point'] == 'hagen (randen)') & (df['canton'] == 'uri') & (df['rank'] == 26)).any()",
        "pandas_eval": "False"
    },
    {
        "id": 34599,
        "statement": "the elevation in mont raimeux in jura be the highest and giessfluegrat in the canton of aargau be the lowest",
        "label": 0,
        "table_caption": "list of swiss cantons by elevation",
        "table_text": "rank#canton#highest point#highest elevation#lowest point#lowest elevation\n1#valais#monte rosa (dufourspitze)#-#lake geneva#-\n2#berne#finsteraarhorn#-#aar river , solothurn border#-\n3#graubünden#piz bernina#-#moesa river , ticino border#-\n4#uri#dammastock#-#lake lucerne#-\n5#glarus#tödi#-#linth river , st gallen border#-\n6#ticino#rheinwaldhorn#-#lake maggiore#-\n7#st gallen#ringelspitz#-#lake constance#-\n8#obwalden#titlis#-#lake lucerne#-\n9#vaud#diablerets#-#lake geneva#-\n10#nidwalden#rotstöckli#-#lake lucerne#-\n11#schwyz#bös fulen#-#lake zurich#-\n12#appenzell ausserrhoden#säntis#-#lutzenberg#-\n12#appenzell innerrhoden#säntis#-#appenzell ausserrhoden and st gallen border#-\n14#fribourg#vanil noir#-#lake neuchtel#-\n15#lucerne#brienzer rothorn#-#reuss river , zug and aargau border#-\n16#zug#wildspitz#-#reuss river , zurich border#-\n17#neuchtel#chasseral ouest#-#lake biel#-\n18#solothurn#hasenmatt#-#birs , basel - land border#-\n19#jura#mont raimeux#-#allaine river , national border#-\n20#zurich#schnebelhorn#-#rhine river , national border#-\n21#basel - country#hinteri egg#-#birs river , basel - stadt border#-\n22#thurgau#hohgrat (groot)#-#thur river , zurich border#-\n23#schaffhausen#hagen (randen)#-#rhine river , zurich border#-\n24#aargau#geissfluegrat#-#rhine river , national border#-\n25#basel - city#st chrischona#-#rhine river , national border#-\n26#geneva#les arales#-#rhone river , national border#-\n",
        "pandas_code": "(df.loc[df['canton'] == 'jura', 'highest point'].values[0] == 'mont raimeux') & (df.loc[df['canton'] == 'aargau', 'lowest point'].values[0] == 'geissfluegrat')",
        "pandas_eval": "False"
    },
    {
        "id": 34600,
        "statement": "the highest point in the canton of schnebelhorn in the canton of zurich be 4 time smaller that the highest point in hohgrat (groot) in the canton thurgau",
        "label": 0,
        "table_caption": "list of swiss cantons by elevation",
        "table_text": "rank#canton#highest point#highest elevation#lowest point#lowest elevation\n1#valais#monte rosa (dufourspitze)#-#lake geneva#-\n2#berne#finsteraarhorn#-#aar river , solothurn border#-\n3#graubünden#piz bernina#-#moesa river , ticino border#-\n4#uri#dammastock#-#lake lucerne#-\n5#glarus#tödi#-#linth river , st gallen border#-\n6#ticino#rheinwaldhorn#-#lake maggiore#-\n7#st gallen#ringelspitz#-#lake constance#-\n8#obwalden#titlis#-#lake lucerne#-\n9#vaud#diablerets#-#lake geneva#-\n10#nidwalden#rotstöckli#-#lake lucerne#-\n11#schwyz#bös fulen#-#lake zurich#-\n12#appenzell ausserrhoden#säntis#-#lutzenberg#-\n12#appenzell innerrhoden#säntis#-#appenzell ausserrhoden and st gallen border#-\n14#fribourg#vanil noir#-#lake neuchtel#-\n15#lucerne#brienzer rothorn#-#reuss river , zug and aargau border#-\n16#zug#wildspitz#-#reuss river , zurich border#-\n17#neuchtel#chasseral ouest#-#lake biel#-\n18#solothurn#hasenmatt#-#birs , basel - land border#-\n19#jura#mont raimeux#-#allaine river , national border#-\n20#zurich#schnebelhorn#-#rhine river , national border#-\n21#basel - country#hinteri egg#-#birs river , basel - stadt border#-\n22#thurgau#hohgrat (groot)#-#thur river , zurich border#-\n23#schaffhausen#hagen (randen)#-#rhine river , zurich border#-\n24#aargau#geissfluegrat#-#rhine river , national border#-\n25#basel - city#st chrischona#-#rhine river , national border#-\n26#geneva#les arales#-#rhone river , national border#-\n",
        "pandas_code": "False",
        "pandas_eval": "False"
    },
    {
        "id": 34601,
        "statement": "the highest point in the canton basel - city , scaffhausen and aargau be the same for all 3 : lake biel",
        "label": 0,
        "table_caption": "list of swiss cantons by elevation",
        "table_text": "rank#canton#highest point#highest elevation#lowest point#lowest elevation\n1#valais#monte rosa (dufourspitze)#-#lake geneva#-\n2#berne#finsteraarhorn#-#aar river , solothurn border#-\n3#graubünden#piz bernina#-#moesa river , ticino border#-\n4#uri#dammastock#-#lake lucerne#-\n5#glarus#tödi#-#linth river , st gallen border#-\n6#ticino#rheinwaldhorn#-#lake maggiore#-\n7#st gallen#ringelspitz#-#lake constance#-\n8#obwalden#titlis#-#lake lucerne#-\n9#vaud#diablerets#-#lake geneva#-\n10#nidwalden#rotstöckli#-#lake lucerne#-\n11#schwyz#bös fulen#-#lake zurich#-\n12#appenzell ausserrhoden#säntis#-#lutzenberg#-\n12#appenzell innerrhoden#säntis#-#appenzell ausserrhoden and st gallen border#-\n14#fribourg#vanil noir#-#lake neuchtel#-\n15#lucerne#brienzer rothorn#-#reuss river , zug and aargau border#-\n16#zug#wildspitz#-#reuss river , zurich border#-\n17#neuchtel#chasseral ouest#-#lake biel#-\n18#solothurn#hasenmatt#-#birs , basel - land border#-\n19#jura#mont raimeux#-#allaine river , national border#-\n20#zurich#schnebelhorn#-#rhine river , national border#-\n21#basel - country#hinteri egg#-#birs river , basel - stadt border#-\n22#thurgau#hohgrat (groot)#-#thur river , zurich border#-\n23#schaffhausen#hagen (randen)#-#rhine river , zurich border#-\n24#aargau#geissfluegrat#-#rhine river , national border#-\n25#basel - city#st chrischona#-#rhine river , national border#-\n26#geneva#les arales#-#rhone river , national border#-\n",
        "pandas_code": "all(df[df['canton'].isin(['basel - city', 'schaffhausen', 'aargau'])]['lowest point'] == 'lake biel')",
        "pandas_eval": "False"
    }
]