[
    {
        "id": 33048,
        "statement": "3 of the 5 frequency be above 100 mhz",
        "label": 1,
        "table_caption": "wluj",
        "table_text": "call sign#frequency mhz#city of license#erp w#class#fcc info\nw261cq#100.1#decatur , illinois#99#d#fcc\nw228bb#93.5#jacksonville , illinois#120#d#fcc\nw228bg#93.5#beardstown , illinois#27#d#fcc\nw284bt#104.7#bloomington , illinois#38#d#fcc\nw261af#100.1#lincoln , illinois#55#d#fcc\n",
        "pandas_code": "(df['frequency mhz'] > 100).sum() == 3",
        "pandas_eval": "True"
    },
    {
        "id": 33049,
        "statement": "all of the call sign have illinois license",
        "label": 1,
        "table_caption": "wluj",
        "table_text": "call sign#frequency mhz#city of license#erp w#class#fcc info\nw261cq#100.1#decatur , illinois#99#d#fcc\nw228bb#93.5#jacksonville , illinois#120#d#fcc\nw228bg#93.5#beardstown , illinois#27#d#fcc\nw284bt#104.7#bloomington , illinois#38#d#fcc\nw261af#100.1#lincoln , illinois#55#d#fcc\n",
        "pandas_code": "all(df['city of license'].str.contains('illinois'))",
        "pandas_eval": "True"
    },
    {
        "id": 33050,
        "statement": "w228bb be the only call sign with an erp w above 100",
        "label": 1,
        "table_caption": "wluj",
        "table_text": "call sign#frequency mhz#city of license#erp w#class#fcc info\nw261cq#100.1#decatur , illinois#99#d#fcc\nw228bb#93.5#jacksonville , illinois#120#d#fcc\nw228bg#93.5#beardstown , illinois#27#d#fcc\nw284bt#104.7#bloomington , illinois#38#d#fcc\nw261af#100.1#lincoln , illinois#55#d#fcc\n",
        "pandas_code": "(df[df['call sign'] == 'w228bb']['erp w'].values[0] > 100) and (df[df['erp w'] > 100].shape[0] == 1)",
        "pandas_eval": "True"
    },
    {
        "id": 33051,
        "statement": "w228bb and w228bg both have frequency of 93.5 mhz",
        "label": 1,
        "table_caption": "wluj",
        "table_text": "call sign#frequency mhz#city of license#erp w#class#fcc info\nw261cq#100.1#decatur , illinois#99#d#fcc\nw228bb#93.5#jacksonville , illinois#120#d#fcc\nw228bg#93.5#beardstown , illinois#27#d#fcc\nw284bt#104.7#bloomington , illinois#38#d#fcc\nw261af#100.1#lincoln , illinois#55#d#fcc\n",
        "pandas_code": "df[df['call sign'].isin(['w228bb', 'w228bg'])]['frequency mhz'].eq(93.5).all()",
        "pandas_eval": "True"
    },
    {
        "id": 33052,
        "statement": "the highest frequency belongs to w284bt",
        "label": 1,
        "table_caption": "wluj",
        "table_text": "call sign#frequency mhz#city of license#erp w#class#fcc info\nw261cq#100.1#decatur , illinois#99#d#fcc\nw228bb#93.5#jacksonville , illinois#120#d#fcc\nw228bg#93.5#beardstown , illinois#27#d#fcc\nw284bt#104.7#bloomington , illinois#38#d#fcc\nw261af#100.1#lincoln , illinois#55#d#fcc\n",
        "pandas_code": "df.loc[df['frequency mhz'].idxmax(), 'call sign'] == 'w284bt'",
        "pandas_eval": "True"
    },
    {
        "id": 33053,
        "statement": "3 of the 5 frequency be below 100 mhz",
        "label": 0,
        "table_caption": "wluj",
        "table_text": "call sign#frequency mhz#city of license#erp w#class#fcc info\nw261cq#100.1#decatur , illinois#99#d#fcc\nw228bb#93.5#jacksonville , illinois#120#d#fcc\nw228bg#93.5#beardstown , illinois#27#d#fcc\nw284bt#104.7#bloomington , illinois#38#d#fcc\nw261af#100.1#lincoln , illinois#55#d#fcc\n",
        "pandas_code": "(df['frequency mhz'] < 100).sum() == 3",
        "pandas_eval": "False"
    },
    {
        "id": 33054,
        "statement": "none of the call sign have illinois license",
        "label": 0,
        "table_caption": "wluj",
        "table_text": "call sign#frequency mhz#city of license#erp w#class#fcc info\nw261cq#100.1#decatur , illinois#99#d#fcc\nw228bb#93.5#jacksonville , illinois#120#d#fcc\nw228bg#93.5#beardstown , illinois#27#d#fcc\nw284bt#104.7#bloomington , illinois#38#d#fcc\nw261af#100.1#lincoln , illinois#55#d#fcc\n",
        "pandas_code": "all(~df['city of license'].str.contains('illinois'))",
        "pandas_eval": "False"
    },
    {
        "id": 33055,
        "statement": "all of the call sign have an erp w above 100",
        "label": 0,
        "table_caption": "wluj",
        "table_text": "call sign#frequency mhz#city of license#erp w#class#fcc info\nw261cq#100.1#decatur , illinois#99#d#fcc\nw228bb#93.5#jacksonville , illinois#120#d#fcc\nw228bg#93.5#beardstown , illinois#27#d#fcc\nw284bt#104.7#bloomington , illinois#38#d#fcc\nw261af#100.1#lincoln , illinois#55#d#fcc\n",
        "pandas_code": "all(df['erp w'] > 100)",
        "pandas_eval": "False"
    },
    {
        "id": 33056,
        "statement": "w228bb and w228bg both have frequency of 100 mhz",
        "label": 0,
        "table_caption": "wluj",
        "table_text": "call sign#frequency mhz#city of license#erp w#class#fcc info\nw261cq#100.1#decatur , illinois#99#d#fcc\nw228bb#93.5#jacksonville , illinois#120#d#fcc\nw228bg#93.5#beardstown , illinois#27#d#fcc\nw284bt#104.7#bloomington , illinois#38#d#fcc\nw261af#100.1#lincoln , illinois#55#d#fcc\n",
        "pandas_code": "df[df['call sign'].isin(['w228bb', 'w228bg'])]['frequency mhz'].eq(100).all()",
        "pandas_eval": "False"
    },
    {
        "id": 33057,
        "statement": "the highest frequency belongs to w261cq",
        "label": 0,
        "table_caption": "wluj",
        "table_text": "call sign#frequency mhz#city of license#erp w#class#fcc info\nw261cq#100.1#decatur , illinois#99#d#fcc\nw228bb#93.5#jacksonville , illinois#120#d#fcc\nw228bg#93.5#beardstown , illinois#27#d#fcc\nw284bt#104.7#bloomington , illinois#38#d#fcc\nw261af#100.1#lincoln , illinois#55#d#fcc\n",
        "pandas_code": "df.loc[df['frequency mhz'].idxmax(), 'call sign'] == 'w261cq'",
        "pandas_eval": "False"
    }
]