[
    {
        "id": 34257,
        "statement": "in season 5 of step by step , joel zwick direct 8 out of 20 - three episode",
        "label": 1,
        "table_caption": "list of step by step episodes",
        "table_text": "no in series#no in season#title#directed by#written by#original air date#production code\n94#1#little sister dont'cha#joel zwick#brian bird & john wierick#september 22 , 1995#457152\n95#2#three girls and a baby#joel zwick#julia newton#september 29 , 1995#457151\n96#3#party animal#patrick duffy#bob rosenfarb#october 13 , 1995#457154\n97#4#midnight caller#patrick duffy#larry kase & joel ronkin#october 20 , 1995#457153\n98#5#maid to order#patrick duffy#howard adler & robert griffard#october 27 , 1995#457155\n99#6#don't ask#joel zwick#casey maxwell clair#november 3 , 1995#457156\n100#7#hello , mister chips#patrick duffy#bob rosenfarb#november 10 , 1995#457160\n101#8#roadie#patrick duffy#larry kase & joel ronkin#november 17 , 1995#457161\n102#9#the wall#patrick duffy#julia newton#november 24 , 1995#457159\n103#10#baby come back#joel ronkin#cary okmin#december 1 , 1995#457158\n104#11#the fight before christmas#joel zwick#howard adler & robert griffard#december 15 , 1995#457162\n105#12#what 's wrong with this picture#joel zwick#brian bird & john wierick#january 5 , 1996#457163\n106#13#beautiful ladies of wrestling#patrick duffy#casey maxwell clair#january 12 , 1996#457164\n107#14#torn between two mothers#joel zwick#howard adler & robert griffard#january 26 , 1996#457157\n108#15#snow bunnies#patrick duffy#bob rosenfarb#february 2 , 1996#457168\n109#16#secret admirer#patrick duffy#julia newton#february 9 , 1996#457166\n110#17#forever young#joel zwick#brian bird & john wierick#february 16 , 1996#457167\n111#18#guess who 's coming to dinner#patrick duffy#cary okmin#february 23 , 1996#457169\n112#19#do the right thing#joel zwick#meredith siler#march 8 , 1996#457165\n113#20#the bodyguard formerly known as prince#patrick duffy#larry kase & joel ronkin#march 15 , 1996#457170\n114#21#major pain#patrick duffy#bob rosenfarb#april 26 , 1996#457171\n115#22#we 're going to disney world (part 1)#richard correll#brian bird & john wierick#may 3 , 1996#457173\n116#23#we 're going to disney world (part 2)#richard correll#casey maxwell clair#may 10 , 1996#457174\n",
        "pandas_code": "(df['no in season'].between(1, 20) & (df['directed by'] == 'joel zwick')).sum() == 8",
        "pandas_eval": "True"
    },
    {
        "id": 34260,
        "statement": "the episode secret admirer air 1 episode before forever young",
        "label": 1,
        "table_caption": "list of step by step episodes",
        "table_text": "no in series#no in season#title#directed by#written by#original air date#production code\n94#1#little sister dont'cha#joel zwick#brian bird & john wierick#september 22 , 1995#457152\n95#2#three girls and a baby#joel zwick#julia newton#september 29 , 1995#457151\n96#3#party animal#patrick duffy#bob rosenfarb#october 13 , 1995#457154\n97#4#midnight caller#patrick duffy#larry kase & joel ronkin#october 20 , 1995#457153\n98#5#maid to order#patrick duffy#howard adler & robert griffard#october 27 , 1995#457155\n99#6#don't ask#joel zwick#casey maxwell clair#november 3 , 1995#457156\n100#7#hello , mister chips#patrick duffy#bob rosenfarb#november 10 , 1995#457160\n101#8#roadie#patrick duffy#larry kase & joel ronkin#november 17 , 1995#457161\n102#9#the wall#patrick duffy#julia newton#november 24 , 1995#457159\n103#10#baby come back#joel ronkin#cary okmin#december 1 , 1995#457158\n104#11#the fight before christmas#joel zwick#howard adler & robert griffard#december 15 , 1995#457162\n105#12#what 's wrong with this picture#joel zwick#brian bird & john wierick#january 5 , 1996#457163\n106#13#beautiful ladies of wrestling#patrick duffy#casey maxwell clair#january 12 , 1996#457164\n107#14#torn between two mothers#joel zwick#howard adler & robert griffard#january 26 , 1996#457157\n108#15#snow bunnies#patrick duffy#bob rosenfarb#february 2 , 1996#457168\n109#16#secret admirer#patrick duffy#julia newton#february 9 , 1996#457166\n110#17#forever young#joel zwick#brian bird & john wierick#february 16 , 1996#457167\n111#18#guess who 's coming to dinner#patrick duffy#cary okmin#february 23 , 1996#457169\n112#19#do the right thing#joel zwick#meredith siler#march 8 , 1996#457165\n113#20#the bodyguard formerly known as prince#patrick duffy#larry kase & joel ronkin#march 15 , 1996#457170\n114#21#major pain#patrick duffy#bob rosenfarb#april 26 , 1996#457171\n115#22#we 're going to disney world (part 1)#richard correll#brian bird & john wierick#may 3 , 1996#457173\n116#23#we 're going to disney world (part 2)#richard correll#casey maxwell clair#may 10 , 1996#457174\n",
        "pandas_code": "df[df['title'] == 'secret admirer'].index[0] + 1 == df[df['title'] == 'forever young'].index[0]",
        "pandas_eval": "True"
    },
    {
        "id": 34261,
        "statement": "julia newton write three episode , which be two more episode than what meredith siler write",
        "label": 1,
        "table_caption": "list of step by step episodes",
        "table_text": "no in series#no in season#title#directed by#written by#original air date#production code\n94#1#little sister dont'cha#joel zwick#brian bird & john wierick#september 22 , 1995#457152\n95#2#three girls and a baby#joel zwick#julia newton#september 29 , 1995#457151\n96#3#party animal#patrick duffy#bob rosenfarb#october 13 , 1995#457154\n97#4#midnight caller#patrick duffy#larry kase & joel ronkin#october 20 , 1995#457153\n98#5#maid to order#patrick duffy#howard adler & robert griffard#october 27 , 1995#457155\n99#6#don't ask#joel zwick#casey maxwell clair#november 3 , 1995#457156\n100#7#hello , mister chips#patrick duffy#bob rosenfarb#november 10 , 1995#457160\n101#8#roadie#patrick duffy#larry kase & joel ronkin#november 17 , 1995#457161\n102#9#the wall#patrick duffy#julia newton#november 24 , 1995#457159\n103#10#baby come back#joel ronkin#cary okmin#december 1 , 1995#457158\n104#11#the fight before christmas#joel zwick#howard adler & robert griffard#december 15 , 1995#457162\n105#12#what 's wrong with this picture#joel zwick#brian bird & john wierick#january 5 , 1996#457163\n106#13#beautiful ladies of wrestling#patrick duffy#casey maxwell clair#january 12 , 1996#457164\n107#14#torn between two mothers#joel zwick#howard adler & robert griffard#january 26 , 1996#457157\n108#15#snow bunnies#patrick duffy#bob rosenfarb#february 2 , 1996#457168\n109#16#secret admirer#patrick duffy#julia newton#february 9 , 1996#457166\n110#17#forever young#joel zwick#brian bird & john wierick#february 16 , 1996#457167\n111#18#guess who 's coming to dinner#patrick duffy#cary okmin#february 23 , 1996#457169\n112#19#do the right thing#joel zwick#meredith siler#march 8 , 1996#457165\n113#20#the bodyguard formerly known as prince#patrick duffy#larry kase & joel ronkin#march 15 , 1996#457170\n114#21#major pain#patrick duffy#bob rosenfarb#april 26 , 1996#457171\n115#22#we 're going to disney world (part 1)#richard correll#brian bird & john wierick#may 3 , 1996#457173\n116#23#we 're going to disney world (part 2)#richard correll#casey maxwell clair#may 10 , 1996#457174\n",
        "pandas_code": "(df['written by'].value_counts()['julia newton'] == df['written by'].value_counts()['meredith siler'] + 2)",
        "pandas_eval": "True"
    },
    {
        "id": 34262,
        "statement": "in season 5 of step by step , bob rosenfarb direct 8 out of 20 - three episode",
        "label": 0,
        "table_caption": "list of step by step episodes",
        "table_text": "no in series#no in season#title#directed by#written by#original air date#production code\n94#1#little sister dont'cha#joel zwick#brian bird & john wierick#september 22 , 1995#457152\n95#2#three girls and a baby#joel zwick#julia newton#september 29 , 1995#457151\n96#3#party animal#patrick duffy#bob rosenfarb#october 13 , 1995#457154\n97#4#midnight caller#patrick duffy#larry kase & joel ronkin#october 20 , 1995#457153\n98#5#maid to order#patrick duffy#howard adler & robert griffard#october 27 , 1995#457155\n99#6#don't ask#joel zwick#casey maxwell clair#november 3 , 1995#457156\n100#7#hello , mister chips#patrick duffy#bob rosenfarb#november 10 , 1995#457160\n101#8#roadie#patrick duffy#larry kase & joel ronkin#november 17 , 1995#457161\n102#9#the wall#patrick duffy#julia newton#november 24 , 1995#457159\n103#10#baby come back#joel ronkin#cary okmin#december 1 , 1995#457158\n104#11#the fight before christmas#joel zwick#howard adler & robert griffard#december 15 , 1995#457162\n105#12#what 's wrong with this picture#joel zwick#brian bird & john wierick#january 5 , 1996#457163\n106#13#beautiful ladies of wrestling#patrick duffy#casey maxwell clair#january 12 , 1996#457164\n107#14#torn between two mothers#joel zwick#howard adler & robert griffard#january 26 , 1996#457157\n108#15#snow bunnies#patrick duffy#bob rosenfarb#february 2 , 1996#457168\n109#16#secret admirer#patrick duffy#julia newton#february 9 , 1996#457166\n110#17#forever young#joel zwick#brian bird & john wierick#february 16 , 1996#457167\n111#18#guess who 's coming to dinner#patrick duffy#cary okmin#february 23 , 1996#457169\n112#19#do the right thing#joel zwick#meredith siler#march 8 , 1996#457165\n113#20#the bodyguard formerly known as prince#patrick duffy#larry kase & joel ronkin#march 15 , 1996#457170\n114#21#major pain#patrick duffy#bob rosenfarb#april 26 , 1996#457171\n115#22#we 're going to disney world (part 1)#richard correll#brian bird & john wierick#may 3 , 1996#457173\n116#23#we 're going to disney world (part 2)#richard correll#casey maxwell clair#may 10 , 1996#457174\n",
        "pandas_code": "len(df[(df['no in season'] <= 20) & (df['directed by'] == 'bob rosenfarb')]) == 3",
        "pandas_eval": "False"
    },
    {
        "id": 34263,
        "statement": "all 20 - three episode in season 5 of step by step originally air between february 23 , 1996 and may 3 , 1996",
        "label": 0,
        "table_caption": "list of step by step episodes",
        "table_text": "no in series#no in season#title#directed by#written by#original air date#production code\n94#1#little sister dont'cha#joel zwick#brian bird & john wierick#september 22 , 1995#457152\n95#2#three girls and a baby#joel zwick#julia newton#september 29 , 1995#457151\n96#3#party animal#patrick duffy#bob rosenfarb#october 13 , 1995#457154\n97#4#midnight caller#patrick duffy#larry kase & joel ronkin#october 20 , 1995#457153\n98#5#maid to order#patrick duffy#howard adler & robert griffard#october 27 , 1995#457155\n99#6#don't ask#joel zwick#casey maxwell clair#november 3 , 1995#457156\n100#7#hello , mister chips#patrick duffy#bob rosenfarb#november 10 , 1995#457160\n101#8#roadie#patrick duffy#larry kase & joel ronkin#november 17 , 1995#457161\n102#9#the wall#patrick duffy#julia newton#november 24 , 1995#457159\n103#10#baby come back#joel ronkin#cary okmin#december 1 , 1995#457158\n104#11#the fight before christmas#joel zwick#howard adler & robert griffard#december 15 , 1995#457162\n105#12#what 's wrong with this picture#joel zwick#brian bird & john wierick#january 5 , 1996#457163\n106#13#beautiful ladies of wrestling#patrick duffy#casey maxwell clair#january 12 , 1996#457164\n107#14#torn between two mothers#joel zwick#howard adler & robert griffard#january 26 , 1996#457157\n108#15#snow bunnies#patrick duffy#bob rosenfarb#february 2 , 1996#457168\n109#16#secret admirer#patrick duffy#julia newton#february 9 , 1996#457166\n110#17#forever young#joel zwick#brian bird & john wierick#february 16 , 1996#457167\n111#18#guess who 's coming to dinner#patrick duffy#cary okmin#february 23 , 1996#457169\n112#19#do the right thing#joel zwick#meredith siler#march 8 , 1996#457165\n113#20#the bodyguard formerly known as prince#patrick duffy#larry kase & joel ronkin#march 15 , 1996#457170\n114#21#major pain#patrick duffy#bob rosenfarb#april 26 , 1996#457171\n115#22#we 're going to disney world (part 1)#richard correll#brian bird & john wierick#may 3 , 1996#457173\n116#23#we 're going to disney world (part 2)#richard correll#casey maxwell clair#may 10 , 1996#457174\n",
        "pandas_code": "((df['no in season'] >= 20) & (df['original air date'] >= 'february 23 , 1996') & (df['original air date'] <= 'may 3 , 1996')).all()",
        "pandas_eval": "False"
    },
    {
        "id": 34264,
        "statement": "there be three episode that originally air in october , 1995 , all direct by joel zwick",
        "label": 0,
        "table_caption": "list of step by step episodes",
        "table_text": "no in series#no in season#title#directed by#written by#original air date#production code\n94#1#little sister dont'cha#joel zwick#brian bird & john wierick#september 22 , 1995#457152\n95#2#three girls and a baby#joel zwick#julia newton#september 29 , 1995#457151\n96#3#party animal#patrick duffy#bob rosenfarb#october 13 , 1995#457154\n97#4#midnight caller#patrick duffy#larry kase & joel ronkin#october 20 , 1995#457153\n98#5#maid to order#patrick duffy#howard adler & robert griffard#october 27 , 1995#457155\n99#6#don't ask#joel zwick#casey maxwell clair#november 3 , 1995#457156\n100#7#hello , mister chips#patrick duffy#bob rosenfarb#november 10 , 1995#457160\n101#8#roadie#patrick duffy#larry kase & joel ronkin#november 17 , 1995#457161\n102#9#the wall#patrick duffy#julia newton#november 24 , 1995#457159\n103#10#baby come back#joel ronkin#cary okmin#december 1 , 1995#457158\n104#11#the fight before christmas#joel zwick#howard adler & robert griffard#december 15 , 1995#457162\n105#12#what 's wrong with this picture#joel zwick#brian bird & john wierick#january 5 , 1996#457163\n106#13#beautiful ladies of wrestling#patrick duffy#casey maxwell clair#january 12 , 1996#457164\n107#14#torn between two mothers#joel zwick#howard adler & robert griffard#january 26 , 1996#457157\n108#15#snow bunnies#patrick duffy#bob rosenfarb#february 2 , 1996#457168\n109#16#secret admirer#patrick duffy#julia newton#february 9 , 1996#457166\n110#17#forever young#joel zwick#brian bird & john wierick#february 16 , 1996#457167\n111#18#guess who 's coming to dinner#patrick duffy#cary okmin#february 23 , 1996#457169\n112#19#do the right thing#joel zwick#meredith siler#march 8 , 1996#457165\n113#20#the bodyguard formerly known as prince#patrick duffy#larry kase & joel ronkin#march 15 , 1996#457170\n114#21#major pain#patrick duffy#bob rosenfarb#april 26 , 1996#457171\n115#22#we 're going to disney world (part 1)#richard correll#brian bird & john wierick#may 3 , 1996#457173\n116#23#we 're going to disney world (part 2)#richard correll#casey maxwell clair#may 10 , 1996#457174\n",
        "pandas_code": "len(df[(df['original air date'].str.contains('october , 1995')) & (df['directed by'] == 'joel zwick')]) == 3",
        "pandas_eval": "False"
    },
    {
        "id": 34265,
        "statement": "the episode secret admirer air 1 episode before snow bunnies",
        "label": 0,
        "table_caption": "list of step by step episodes",
        "table_text": "no in series#no in season#title#directed by#written by#original air date#production code\n94#1#little sister dont'cha#joel zwick#brian bird & john wierick#september 22 , 1995#457152\n95#2#three girls and a baby#joel zwick#julia newton#september 29 , 1995#457151\n96#3#party animal#patrick duffy#bob rosenfarb#october 13 , 1995#457154\n97#4#midnight caller#patrick duffy#larry kase & joel ronkin#october 20 , 1995#457153\n98#5#maid to order#patrick duffy#howard adler & robert griffard#october 27 , 1995#457155\n99#6#don't ask#joel zwick#casey maxwell clair#november 3 , 1995#457156\n100#7#hello , mister chips#patrick duffy#bob rosenfarb#november 10 , 1995#457160\n101#8#roadie#patrick duffy#larry kase & joel ronkin#november 17 , 1995#457161\n102#9#the wall#patrick duffy#julia newton#november 24 , 1995#457159\n103#10#baby come back#joel ronkin#cary okmin#december 1 , 1995#457158\n104#11#the fight before christmas#joel zwick#howard adler & robert griffard#december 15 , 1995#457162\n105#12#what 's wrong with this picture#joel zwick#brian bird & john wierick#january 5 , 1996#457163\n106#13#beautiful ladies of wrestling#patrick duffy#casey maxwell clair#january 12 , 1996#457164\n107#14#torn between two mothers#joel zwick#howard adler & robert griffard#january 26 , 1996#457157\n108#15#snow bunnies#patrick duffy#bob rosenfarb#february 2 , 1996#457168\n109#16#secret admirer#patrick duffy#julia newton#february 9 , 1996#457166\n110#17#forever young#joel zwick#brian bird & john wierick#february 16 , 1996#457167\n111#18#guess who 's coming to dinner#patrick duffy#cary okmin#february 23 , 1996#457169\n112#19#do the right thing#joel zwick#meredith siler#march 8 , 1996#457165\n113#20#the bodyguard formerly known as prince#patrick duffy#larry kase & joel ronkin#march 15 , 1996#457170\n114#21#major pain#patrick duffy#bob rosenfarb#april 26 , 1996#457171\n115#22#we 're going to disney world (part 1)#richard correll#brian bird & john wierick#may 3 , 1996#457173\n116#23#we 're going to disney world (part 2)#richard correll#casey maxwell clair#may 10 , 1996#457174\n",
        "pandas_code": "df.loc[df['title'] == 'secret admirer', 'no in series'].values[0] + 1 == df.loc[df['title'] == 'snow bunnies', 'no in series'].values[0]",
        "pandas_eval": "False"
    },
    {
        "id": 34266,
        "statement": "julia newton write 5 episode , which be 4 more episode than what meredith siler write",
        "label": 0,
        "table_caption": "list of step by step episodes",
        "table_text": "no in series#no in season#title#directed by#written by#original air date#production code\n94#1#little sister dont'cha#joel zwick#brian bird & john wierick#september 22 , 1995#457152\n95#2#three girls and a baby#joel zwick#julia newton#september 29 , 1995#457151\n96#3#party animal#patrick duffy#bob rosenfarb#october 13 , 1995#457154\n97#4#midnight caller#patrick duffy#larry kase & joel ronkin#october 20 , 1995#457153\n98#5#maid to order#patrick duffy#howard adler & robert griffard#october 27 , 1995#457155\n99#6#don't ask#joel zwick#casey maxwell clair#november 3 , 1995#457156\n100#7#hello , mister chips#patrick duffy#bob rosenfarb#november 10 , 1995#457160\n101#8#roadie#patrick duffy#larry kase & joel ronkin#november 17 , 1995#457161\n102#9#the wall#patrick duffy#julia newton#november 24 , 1995#457159\n103#10#baby come back#joel ronkin#cary okmin#december 1 , 1995#457158\n104#11#the fight before christmas#joel zwick#howard adler & robert griffard#december 15 , 1995#457162\n105#12#what 's wrong with this picture#joel zwick#brian bird & john wierick#january 5 , 1996#457163\n106#13#beautiful ladies of wrestling#patrick duffy#casey maxwell clair#january 12 , 1996#457164\n107#14#torn between two mothers#joel zwick#howard adler & robert griffard#january 26 , 1996#457157\n108#15#snow bunnies#patrick duffy#bob rosenfarb#february 2 , 1996#457168\n109#16#secret admirer#patrick duffy#julia newton#february 9 , 1996#457166\n110#17#forever young#joel zwick#brian bird & john wierick#february 16 , 1996#457167\n111#18#guess who 's coming to dinner#patrick duffy#cary okmin#february 23 , 1996#457169\n112#19#do the right thing#joel zwick#meredith siler#march 8 , 1996#457165\n113#20#the bodyguard formerly known as prince#patrick duffy#larry kase & joel ronkin#march 15 , 1996#457170\n114#21#major pain#patrick duffy#bob rosenfarb#april 26 , 1996#457171\n115#22#we 're going to disney world (part 1)#richard correll#brian bird & john wierick#may 3 , 1996#457173\n116#23#we 're going to disney world (part 2)#richard correll#casey maxwell clair#may 10 , 1996#457174\n",
        "pandas_code": "(df['written by'].value_counts()['julia newton'] == 5) & (df['written by'].value_counts()['meredith siler'] == 1)",
        "pandas_eval": "False"
    }
]