[
    {
        "id": 29360,
        "statement": "amani toomer have the highest average yard per reception",
        "label": 1,
        "table_caption": "jack clancy",
        "table_text": "#player#rec#yards#average#s touchdown#long#year#games#rec after 10th game#yards after 10th game\n1#braylon edwards#97#1330#13.7#15#69#2004#12#76#1049\n2#mario manningham#72#1174#16.4#12#97#2007#12#62#1062\n3#marquise walker#86#1143#13.3#11#47#2001#12#66#883\n4#braylon edwards#85#1138#13.4#14#64#2003#13#59#789\n5#david terrell#67#1130#16.9#14#57#2000#12#58#895\n6#amani toomer#54#1096#20.3#6#65#1994#12#46#938\n",
        "pandas_code": "df.loc[df['player'] == 'amani toomer', 'average'].values[0] == df['average'].max()",
        "pandas_eval": "True"
    },
    {
        "id": 29361,
        "statement": "the average total receiving yard per player be 1168.5",
        "label": 1,
        "table_caption": "jack clancy",
        "table_text": "#player#rec#yards#average#s touchdown#long#year#games#rec after 10th game#yards after 10th game\n1#braylon edwards#97#1330#13.7#15#69#2004#12#76#1049\n2#mario manningham#72#1174#16.4#12#97#2007#12#62#1062\n3#marquise walker#86#1143#13.3#11#47#2001#12#66#883\n4#braylon edwards#85#1138#13.4#14#64#2003#13#59#789\n5#david terrell#67#1130#16.9#14#57#2000#12#58#895\n6#amani toomer#54#1096#20.3#6#65#1994#12#46#938\n",
        "pandas_code": "df['yards'].mean() == 1168.5",
        "pandas_eval": "True"
    },
    {
        "id": 29362,
        "statement": "braylon edward have 4 more touchdown than marquise walker",
        "label": 1,
        "table_caption": "jack clancy",
        "table_text": "#player#rec#yards#average#s touchdown#long#year#games#rec after 10th game#yards after 10th game\n1#braylon edwards#97#1330#13.7#15#69#2004#12#76#1049\n2#mario manningham#72#1174#16.4#12#97#2007#12#62#1062\n3#marquise walker#86#1143#13.3#11#47#2001#12#66#883\n4#braylon edwards#85#1138#13.4#14#64#2003#13#59#789\n5#david terrell#67#1130#16.9#14#57#2000#12#58#895\n6#amani toomer#54#1096#20.3#6#65#1994#12#46#938\n",
        "pandas_code": "(df[df['player'] == 'braylon edwards']['s touchdown'].sum() - df[df['player'] == 'marquise walker']['s touchdown'].sum()) == 18",
        "pandas_eval": "True"
    },
    {
        "id": 29363,
        "statement": "mario manningham have a higher long reception than david terrell",
        "label": 1,
        "table_caption": "jack clancy",
        "table_text": "#player#rec#yards#average#s touchdown#long#year#games#rec after 10th game#yards after 10th game\n1#braylon edwards#97#1330#13.7#15#69#2004#12#76#1049\n2#mario manningham#72#1174#16.4#12#97#2007#12#62#1062\n3#marquise walker#86#1143#13.3#11#47#2001#12#66#883\n4#braylon edwards#85#1138#13.4#14#64#2003#13#59#789\n5#david terrell#67#1130#16.9#14#57#2000#12#58#895\n6#amani toomer#54#1096#20.3#6#65#1994#12#46#938\n",
        "pandas_code": "df[df['player'] == 'mario manningham']['long'].values[0] > df[df['player'] == 'david terrell']['long'].values[0]",
        "pandas_eval": "True"
    },
    {
        "id": 29364,
        "statement": "3 player have an average yard per reception above 15",
        "label": 1,
        "table_caption": "jack clancy",
        "table_text": "#player#rec#yards#average#s touchdown#long#year#games#rec after 10th game#yards after 10th game\n1#braylon edwards#97#1330#13.7#15#69#2004#12#76#1049\n2#mario manningham#72#1174#16.4#12#97#2007#12#62#1062\n3#marquise walker#86#1143#13.3#11#47#2001#12#66#883\n4#braylon edwards#85#1138#13.4#14#64#2003#13#59#789\n5#david terrell#67#1130#16.9#14#57#2000#12#58#895\n6#amani toomer#54#1096#20.3#6#65#1994#12#46#938\n",
        "pandas_code": "(df['average'] > 15).sum() == 3",
        "pandas_eval": "True"
    },
    {
        "id": 77572,
        "statement": "2 of the opponent be illinois and minnesota",
        "label": 1,
        "table_caption": "jack clancy",
        "table_text": "player#rec#yards#average#s touchdown#year#opponent\njack clancy#10#197#19.7#0#1966#oregon state\ntai streets#6#192#32#1#1998#minnesota\nbraylon edwards#11#189#17.2#3#2004#michigan state\nderrick alexander#7#188#26.9#2#1993#illinois\njim smith#5#184#36.8#1#1975#purdue\njack clancy#11#179#16.3#1#1966#illinois\njack clancy#10#166#16.6#2#1966#minnesota\n",
        "pandas_code": "len(df[df['opponent'].isin(['illinois', 'minnesota'])]) >= 2",
        "pandas_eval": "True"
    },
    {
        "id": 77573,
        "statement": "jack clancy score more touchdown against minnesota than oregon state in 1966",
        "label": 1,
        "table_caption": "jack clancy",
        "table_text": "player#rec#yards#average#s touchdown#year#opponent\njack clancy#10#197#19.7#0#1966#oregon state\ntai streets#6#192#32#1#1998#minnesota\nbraylon edwards#11#189#17.2#3#2004#michigan state\nderrick alexander#7#188#26.9#2#1993#illinois\njim smith#5#184#36.8#1#1975#purdue\njack clancy#11#179#16.3#1#1966#illinois\njack clancy#10#166#16.6#2#1966#minnesota\n",
        "pandas_code": "(df[(df['player'] == 'jack clancy') & (df['year'] == 1966) & (df['opponent'] == 'minnesota')]['s touchdown'].sum() > df[(df['player'] == 'jack clancy') & (df['year'] == 1966) & (df['opponent'] == 'oregon state')]['s touchdown'].sum())",
        "pandas_eval": "True"
    },
    {
        "id": 77574,
        "statement": "tai street have a record of 10 , with an average smaller than 32 and a touchdown smaller than 3 , and an opponent of oregon state",
        "label": 0,
        "table_caption": "jack clancy",
        "table_text": "player#rec#yards#average#s touchdown#year#opponent\njack clancy#10#197#19.7#0#1966#oregon state\ntai streets#6#192#32#1#1998#minnesota\nbraylon edwards#11#189#17.2#3#2004#michigan state\nderrick alexander#7#188#26.9#2#1993#illinois\njim smith#5#184#36.8#1#1975#purdue\njack clancy#11#179#16.3#1#1966#illinois\njack clancy#10#166#16.6#2#1966#minnesota\n",
        "pandas_code": "((df['player'] == 'tai streets') & (df['rec'] == 10) & (df['average'] < 32) & (df['s touchdown'] < 3) & (df['opponent'] == 'oregon state')).any()",
        "pandas_eval": "False"
    }
]