[
    {
        "id": 32421,
        "statement": "william beckett be a guest vocalist on 2 different fall out boy album",
        "label": 1,
        "table_caption": "william beckett (singer)",
        "table_text": "year#song#work done#artist (s)#album\n2005#sophomore slump or comeback of the year#guest vocals#fall out boy#from under the cork tree\n2006#7 weeks#guest vocals#gym class heroes#as cruel as school children\n2006#bring it (snakes on a plane)#guest vocals#cobra starship#while the city sleeps , we rule the streets\n2006#there 's a class for this#guest vocals#cute is what we aim for#the same old blood rush with a new touch\n2008#what a catch , donnie#guest vocals#fall out boy#folie ã  deux\n2008#hold on (remix)#guest vocals and remixing#good charlotte#greatest remixes\n2011#for the love of a daughter#writing#demi lovato#unbroken\n",
        "pandas_code": "(df[(df['artist (s)'] == 'fall out boy') & (df['work done'] == 'guest vocals')]['album'].nunique() == 2)",
        "pandas_eval": "True"
    },
    {
        "id": 32422,
        "statement": "in 2006 , william beckett be the guest vocalist for 3 different band : gym class hero , cobra starship , and cute it what we aim for",
        "label": 1,
        "table_caption": "william beckett (singer)",
        "table_text": "year#song#work done#artist (s)#album\n2005#sophomore slump or comeback of the year#guest vocals#fall out boy#from under the cork tree\n2006#7 weeks#guest vocals#gym class heroes#as cruel as school children\n2006#bring it (snakes on a plane)#guest vocals#cobra starship#while the city sleeps , we rule the streets\n2006#there 's a class for this#guest vocals#cute is what we aim for#the same old blood rush with a new touch\n2008#what a catch , donnie#guest vocals#fall out boy#folie ã  deux\n2008#hold on (remix)#guest vocals and remixing#good charlotte#greatest remixes\n2011#for the love of a daughter#writing#demi lovato#unbroken\n",
        "pandas_code": "df[(df['year'] == 2006) & (df['work done'] == 'guest vocals') & (df['artist (s)'].isin(['gym class heroes', 'cobra starship', 'cute is what we aim for']))].shape[0] == 3",
        "pandas_eval": "True"
    },
    {
        "id": 32423,
        "statement": "in 2008 , wiliam beckett be a guest vocalist for 2 different band",
        "label": 1,
        "table_caption": "william beckett (singer)",
        "table_text": "year#song#work done#artist (s)#album\n2005#sophomore slump or comeback of the year#guest vocals#fall out boy#from under the cork tree\n2006#7 weeks#guest vocals#gym class heroes#as cruel as school children\n2006#bring it (snakes on a plane)#guest vocals#cobra starship#while the city sleeps , we rule the streets\n2006#there 's a class for this#guest vocals#cute is what we aim for#the same old blood rush with a new touch\n2008#what a catch , donnie#guest vocals#fall out boy#folie ã  deux\n2008#hold on (remix)#guest vocals and remixing#good charlotte#greatest remixes\n2011#for the love of a daughter#writing#demi lovato#unbroken\n",
        "pandas_code": "len(df[(df['year'] == 2008) & (df['work done'].str.contains('guest vocals'))]['artist (s)'].unique()) == 2",
        "pandas_eval": "True"
    },
    {
        "id": 32424,
        "statement": "between the year of 2005 and 2011 william beckett only guest writing 1 song for another artist , demi lovato",
        "label": 1,
        "table_caption": "william beckett (singer)",
        "table_text": "year#song#work done#artist (s)#album\n2005#sophomore slump or comeback of the year#guest vocals#fall out boy#from under the cork tree\n2006#7 weeks#guest vocals#gym class heroes#as cruel as school children\n2006#bring it (snakes on a plane)#guest vocals#cobra starship#while the city sleeps , we rule the streets\n2006#there 's a class for this#guest vocals#cute is what we aim for#the same old blood rush with a new touch\n2008#what a catch , donnie#guest vocals#fall out boy#folie ã  deux\n2008#hold on (remix)#guest vocals and remixing#good charlotte#greatest remixes\n2011#for the love of a daughter#writing#demi lovato#unbroken\n",
        "pandas_code": "((df['year'].between(2005, 2011)) & (df['work done'] == 'writing') & (df['artist (s)'] == 'demi lovato')).sum() == 1",
        "pandas_eval": "True"
    },
    {
        "id": 32425,
        "statement": "over the course of 13 year , william beckett be a guest vocalist on 6 different album",
        "label": 0,
        "table_caption": "william beckett (singer)",
        "table_text": "year#song#work done#artist (s)#album\n2005#sophomore slump or comeback of the year#guest vocals#fall out boy#from under the cork tree\n2006#7 weeks#guest vocals#gym class heroes#as cruel as school children\n2006#bring it (snakes on a plane)#guest vocals#cobra starship#while the city sleeps , we rule the streets\n2006#there 's a class for this#guest vocals#cute is what we aim for#the same old blood rush with a new touch\n2008#what a catch , donnie#guest vocals#fall out boy#folie ã  deux\n2008#hold on (remix)#guest vocals and remixing#good charlotte#greatest remixes\n2011#for the love of a daughter#writing#demi lovato#unbroken\n",
        "pandas_code": "len(df[df['work done'].str.contains('guest vocals')]['album'].unique()) == 5",
        "pandas_eval": "False"
    },
    {
        "id": 32426,
        "statement": "cobra starship be a guest vocalist on 2 different fall out boy album",
        "label": 0,
        "table_caption": "william beckett (singer)",
        "table_text": "year#song#work done#artist (s)#album\n2005#sophomore slump or comeback of the year#guest vocals#fall out boy#from under the cork tree\n2006#7 weeks#guest vocals#gym class heroes#as cruel as school children\n2006#bring it (snakes on a plane)#guest vocals#cobra starship#while the city sleeps , we rule the streets\n2006#there 's a class for this#guest vocals#cute is what we aim for#the same old blood rush with a new touch\n2008#what a catch , donnie#guest vocals#fall out boy#folie ã  deux\n2008#hold on (remix)#guest vocals and remixing#good charlotte#greatest remixes\n2011#for the love of a daughter#writing#demi lovato#unbroken\n",
        "pandas_code": "((df['artist (s)'] == 'cobra starship') & (df['work done'] == 'guest vocals')).sum() == 2",
        "pandas_eval": "False"
    },
    {
        "id": 32427,
        "statement": "in 2006 , cobra starship be the guest vocalist for 3 different band : gym class hero , cobra starship , and cute it what we aim for",
        "label": 0,
        "table_caption": "william beckett (singer)",
        "table_text": "year#song#work done#artist (s)#album\n2005#sophomore slump or comeback of the year#guest vocals#fall out boy#from under the cork tree\n2006#7 weeks#guest vocals#gym class heroes#as cruel as school children\n2006#bring it (snakes on a plane)#guest vocals#cobra starship#while the city sleeps , we rule the streets\n2006#there 's a class for this#guest vocals#cute is what we aim for#the same old blood rush with a new touch\n2008#what a catch , donnie#guest vocals#fall out boy#folie ã  deux\n2008#hold on (remix)#guest vocals and remixing#good charlotte#greatest remixes\n2011#for the love of a daughter#writing#demi lovato#unbroken\n",
        "pandas_code": "(df[(df['year'] == 2006) & (df['artist (s)'] == 'cobra starship') & (df['work done'] == 'guest vocals')].shape[0] == 3)",
        "pandas_eval": "False"
    },
    {
        "id": 32428,
        "statement": "in 2011 , wiliam beckett be a guest vocalist for 2 different band",
        "label": 0,
        "table_caption": "william beckett (singer)",
        "table_text": "year#song#work done#artist (s)#album\n2005#sophomore slump or comeback of the year#guest vocals#fall out boy#from under the cork tree\n2006#7 weeks#guest vocals#gym class heroes#as cruel as school children\n2006#bring it (snakes on a plane)#guest vocals#cobra starship#while the city sleeps , we rule the streets\n2006#there 's a class for this#guest vocals#cute is what we aim for#the same old blood rush with a new touch\n2008#what a catch , donnie#guest vocals#fall out boy#folie ã  deux\n2008#hold on (remix)#guest vocals and remixing#good charlotte#greatest remixes\n2011#for the love of a daughter#writing#demi lovato#unbroken\n",
        "pandas_code": "df[(df['year'] == 2011) & (df['work done'] == 'guest vocals')]['artist (s)'].nunique() == 2",
        "pandas_eval": "False"
    },
    {
        "id": 32429,
        "statement": "between the year of 2005 and 2011 william beckett guest writing 2 song for another artist , demi lovato",
        "label": 0,
        "table_caption": "william beckett (singer)",
        "table_text": "year#song#work done#artist (s)#album\n2005#sophomore slump or comeback of the year#guest vocals#fall out boy#from under the cork tree\n2006#7 weeks#guest vocals#gym class heroes#as cruel as school children\n2006#bring it (snakes on a plane)#guest vocals#cobra starship#while the city sleeps , we rule the streets\n2006#there 's a class for this#guest vocals#cute is what we aim for#the same old blood rush with a new touch\n2008#what a catch , donnie#guest vocals#fall out boy#folie ã  deux\n2008#hold on (remix)#guest vocals and remixing#good charlotte#greatest remixes\n2011#for the love of a daughter#writing#demi lovato#unbroken\n",
        "pandas_code": "((df['year'] >= 2005) & (df['year'] <= 2011) & (df['work done'] == 'writing') & (df['artist (s)'] == 'demi lovato')).sum() == 2",
        "pandas_eval": "False"
    }
]